{"type": "FeatureCollection", "features": [{"type": "Feature", "geometry": {"type": "Polygon", "coordinates": [[[114.849583, 38.53481], [114.850446, 38.534534], [114.852467, 38.533966], [114.853156, 38.533665], [114.853586, 38.534035], [114.854317, 38.533499], [114.85479, 38.533064], [114.855822, 38.53226], [114.856338, 38.531892], [114.855993, 38.531488], [114.85565, 38.531052], [114.855091, 38.530514], [114.855736, 38.529944], [114.85651, 38.529173], [114.857542, 38.528302], [114.858187, 38.527967], [114.858488, 38.52582], [114.858488, 38.525014], [114.85866, 38.524276], [114.859821, 38.524177], [114.861068, 38.524178], [114.862099, 38.52408], [114.862615, 38.52398], [114.863476, 38.52388], [114.863347, 38.523209], [114.862572, 38.523376], [114.862186, 38.522838], [114.862186, 38.522367], [114.863604, 38.522134], [114.865496, 38.521701], [114.866313, 38.5215], [114.867086, 38.521367], [114.867473, 38.521234], [114.867644, 38.521872], [114.86773, 38.523114], [114.868289, 38.522779], [114.869063, 38.522478], [114.87018, 38.521875], [114.871341, 38.521608], [114.874005, 38.520671], [114.875853, 38.520371], [114.876799, 38.520304], [114.877142, 38.520204], [114.878603, 38.52007], [114.87929, 38.51987], [114.880192, 38.519669], [114.880193, 38.518998], [114.880063, 38.518326], [114.880493, 38.51836], [114.88118, 38.517824], [114.881311, 38.517287], [114.880882, 38.515507], [114.881654, 38.515306], [114.882556, 38.514837], [114.88363, 38.51457], [114.885563, 38.513832], [114.886121, 38.513664], [114.886593, 38.513497], [114.887496, 38.513296], [114.888354, 38.513129], [114.889213, 38.512994], [114.89033, 38.512593], [114.891145, 38.511888], [114.891489, 38.511452], [114.891918, 38.510646], [114.892262, 38.51031], [114.892734, 38.509807], [114.893078, 38.509203], [114.893378, 38.508632], [114.893292, 38.508195], [114.892305, 38.503965], [114.892649, 38.503797], [114.895954, 38.503194], [114.895869, 38.502152], [114.895526, 38.500943], [114.89836, 38.500743], [114.900119, 38.500642], [114.90072, 38.500542], [114.90102, 38.501583], [114.901492, 38.501247], [114.902007, 38.502048], [114.902522, 38.501981], [114.905783, 38.501308], [114.906942, 38.500939], [114.907328, 38.500704], [114.907929, 38.5002], [114.908357, 38.502417], [114.912134, 38.501742], [114.913272, 38.501573], [114.913228, 38.501173], [114.914813, 38.50238], [114.916141, 38.503135], [114.918842, 38.504493], [114.923043, 38.506721], [114.926621, 38.50853], [114.931269, 38.510942], [114.931097, 38.509902], [114.930777, 38.508291], [114.931013, 38.508155], [114.931248, 38.508155], [114.932083, 38.508054], [114.932725, 38.508002], [114.935531, 38.507612], [114.936495, 38.507492], [114.940222, 38.507118], [114.940414, 38.508041], [114.941913, 38.507787], [114.94172, 38.507048], [114.943497, 38.506776], [114.944075, 38.509243], [114.944845, 38.509174], [114.94508, 38.510265], [114.947712, 38.509991], [114.948013, 38.511249], [114.947841, 38.511284], [114.948226, 38.512559], [114.948376, 38.513397], [114.949017, 38.513312], [114.949232, 38.5141], [114.947947, 38.514372], [114.948311, 38.515865], [114.948632, 38.517375], [114.949082, 38.520144], [114.947754, 38.520214], [114.948011, 38.521422], [114.948674, 38.524023], [114.949209, 38.523904], [114.949509, 38.525112], [114.949316, 38.525264], [114.948952, 38.525449], [114.947753, 38.525955], [114.94709, 38.526409], [114.945849, 38.527099], [114.946683, 38.529699], [114.946212, 38.529768], [114.945356, 38.529989], [114.945271, 38.52967], [114.944372, 38.529839], [114.944693, 38.531064], [114.945014, 38.531029], [114.945292, 38.531936], [114.945528, 38.532237], [114.946019, 38.532152], [114.947347, 38.531814], [114.949207, 38.537652], [114.948908, 38.537971], [114.947903, 38.53856], [114.946896, 38.539099], [114.944884, 38.539808], [114.944735, 38.539523], [114.944393, 38.538567], [114.943172, 38.538853], [114.943749, 38.540212], [114.942508, 38.540701], [114.941331, 38.541055], [114.94118, 38.541139], [114.941096, 38.540501], [114.940945, 38.539848], [114.938505, 38.540087], [114.938098, 38.540094], [114.93684, 38.540273], [114.936883, 38.540575], [114.937076, 38.54123], [114.937262, 38.541959], [114.937397, 38.542303], [114.937483, 38.542454], [114.935849, 38.543126], [114.93662, 38.544938], [114.937005, 38.546178], [114.936149, 38.546398], [114.935164, 38.546618], [114.935742, 38.548529], [114.937562, 38.548173], [114.938075, 38.549901], [114.939617, 38.549479], [114.940602, 38.549276], [114.941062, 38.550676], [114.93982, 38.551316], [114.940119, 38.552691], [114.940676, 38.553462], [114.94196, 38.552822], [114.942987, 38.555639], [114.944442, 38.559326], [114.947995, 38.558514], [114.948808, 38.560961], [114.949492, 38.56408], [114.949759, 38.566235], [114.947191, 38.567012], [114.946121, 38.567316], [114.943638, 38.567857], [114.942996, 38.56816], [114.940768, 38.568466], [114.938414, 38.568873], [114.93807, 38.567766], [114.936443, 38.567735], [114.9367, 38.56901], [114.935715, 38.569179], [114.934902, 38.569247], [114.934345, 38.569483], [114.934088, 38.568443], [114.93306, 38.568646], [114.932503, 38.568848], [114.932118, 38.567708], [114.930147, 38.568146], [114.92312, 38.570133], [114.923848, 38.571608], [114.922091, 38.572214], [114.924319, 38.577075], [114.925645, 38.57949], [114.926074, 38.580899], [114.92316, 38.582913], [114.920073, 38.585532], [114.916, 38.588922], [114.91326, 38.591537], [114.910686, 38.593249], [114.908455, 38.595831], [114.907298, 38.596871], [114.903737, 38.602035], [114.902321, 38.604013], [114.900904, 38.605421], [114.897554, 38.608338], [114.893519, 38.611287], [114.890127, 38.613498], [114.887593, 38.615743], [114.88609, 38.61792], [114.884329, 38.620366], [114.882697, 38.623046], [114.881257, 38.624972], [114.877067, 38.622346], [114.872635, 38.61983], [114.869508, 38.616387], [114.87092, 38.615094], [114.873683, 38.610493], [114.874325, 38.608302], [114.873185, 38.601905], [114.87113, 38.602305], [114.869534, 38.601017], [114.868689, 38.599205], [114.868023, 38.59778], [114.867698, 38.594141], [114.868054, 38.592936], [114.872574, 38.590825], [114.875499, 38.590071], [114.88281, 38.588182], [114.882549, 38.587711], [114.878631, 38.580648], [114.87248, 38.572887], [114.872352, 38.572798], [114.868144, 38.569876], [114.865386, 38.570023], [114.864704, 38.570529], [114.863611, 38.56738], [114.857356, 38.566945], [114.856487, 38.564166], [114.8552, 38.564168], [114.853886, 38.563285], [114.853496, 38.561562], [114.854906, 38.560503], [114.857087, 38.559122], [114.861371, 38.558934], [114.8623, 38.557], [114.861812, 38.556053], [114.858239, 38.556817], [114.857622, 38.556383], [114.856834, 38.552956], [114.857697, 38.549551], [114.857307, 38.544508], [114.857346, 38.544038], [114.857311, 38.543951], [114.857015, 38.543885], [114.855608, 38.543891], [114.854316, 38.541277], [114.856311, 38.540902], [114.855874, 38.538767], [114.855384, 38.536376], [114.854298, 38.536304], [114.851195, 38.535828], [114.849583, 38.53481]]]}, "properties": {"display_name": "长安路街道, 定州市, 保定市, 河北省, 中国", "type": "administrative", "osm_type": "relation", "osm_id": 9803806, "class": null, "keyword": "subdistrict"}}, {"type": "Feature", "geometry": {"type": "Polygon", "coordinates": [[[115.291207, 38.426842], [115.291505, 38.425686], [115.291559, 38.423879], [115.292699, 38.427666], [115.294027, 38.427647], [115.295419, 38.42788], [115.29634, 38.427829], [115.296832, 38.428447], [115.297217, 38.428819], [115.297839, 38.428781], [115.298052, 38.428834], [115.29863, 38.428749], [115.299445, 38.428496], [115.301436, 38.428391], [115.302143, 38.428407], [115.302464, 38.42807], [115.302871, 38.427985], [115.30377, 38.428219], [115.303569, 38.427167], [115.303159, 38.425031], [115.304802, 38.424734], [115.305792, 38.424573], [115.305288, 38.422839], [115.305255, 38.422784], [115.31427, 38.421517], [115.315075, 38.421382], [115.314851, 38.420534], [115.314494, 38.419314], [115.314318, 38.419133], [115.314142, 38.418363], [115.314911, 38.41823], [115.314551, 38.41605], [115.3173, 38.415574], [115.317637, 38.417091], [115.319699, 38.416763], [115.319876, 38.417608], [115.322708, 38.417184], [115.323245, 38.418874], [115.323406, 38.419605], [115.323548, 38.420103], [115.332557, 38.418783], [115.333129, 38.418674], [115.333562, 38.418709], [115.33743, 38.41969], [115.337682, 38.419737], [115.337944, 38.419833], [115.338093, 38.419866], [115.342069, 38.421526], [115.34289, 38.427853], [115.343387, 38.428929], [115.344511, 38.431978], [115.346234, 38.432563], [115.348731, 38.433031], [115.353236, 38.430711], [115.354094, 38.430305], [115.352501, 38.42295], [115.351388, 38.418976], [115.35081, 38.417312], [115.354258, 38.416768], [115.352545, 38.413004], [115.35897, 38.412019], [115.357068, 38.405833], [115.376269, 38.403688], [115.37768, 38.407906], [115.38094, 38.407114], [115.383683, 38.411045], [115.38544, 38.418878], [115.387626, 38.422979], [115.390914, 38.425389], [115.390953, 38.427217], [115.390985, 38.42891], [115.392435, 38.431773], [115.396467, 38.436729], [115.39514, 38.439224], [115.390095, 38.43912], [115.387308, 38.442032], [115.387971, 38.445151], [115.387042, 38.447542], [115.383192, 38.44879], [115.381599, 38.451077], [115.382263, 38.454092], [115.389299, 38.458977], [115.391688, 38.463863], [115.391157, 38.46906], [115.385449, 38.474984], [115.380537, 38.475711], [115.37775, 38.476231], [115.376555, 38.484232], [115.372041, 38.487558], [115.369333, 38.486907], [115.366094, 38.489527], [115.366061, 38.489158], [115.365162, 38.488118], [115.364497, 38.48632], [115.363641, 38.485549], [115.362313, 38.484476], [115.362013, 38.482596], [115.361649, 38.481017], [115.362399, 38.480344], [115.362999, 38.480092], [115.364477, 38.479956], [115.365569, 38.479971], [115.366576, 38.479936], [115.366983, 38.479818], [115.36739, 38.479515], [115.367476, 38.477248], [115.367284, 38.473468], [115.366984, 38.470427], [115.366813, 38.469353], [115.366106, 38.469052], [115.364007, 38.469021], [115.361201, 38.469042], [115.358589, 38.468391], [115.35679, 38.468175], [115.354305, 38.468062], [115.353856, 38.467391], [115.353535, 38.465492], [115.353257, 38.46514], [115.352422, 38.465175], [115.351242, 38.465345], [115.348181, 38.463956], [115.345783, 38.463742], [115.342357, 38.464], [115.337348, 38.464514], [115.331632, 38.465213], [115.328506, 38.465891], [115.325189, 38.466586], [115.323283, 38.467161], [115.322791, 38.471344], [115.322834, 38.473881], [115.322426, 38.474806], [115.321634, 38.475277], [115.32065, 38.475531], [115.319997, 38.474782], [115.319158, 38.474579], [115.318574, 38.474174], [115.318595, 38.472595], [115.318638, 38.472007], [115.319216, 38.469755], [115.319259, 38.469167], [115.319195, 38.46853], [115.319067, 38.468362], [115.318339, 38.46796], [115.317567, 38.467894], [115.314955, 38.468118], [115.313671, 38.468489], [115.313285, 38.469465], [115.313157, 38.469717], [115.312857, 38.469666], [115.310695, 38.468998], [115.309154, 38.468665], [115.306499, 38.468721], [115.306123, 38.467723], [115.30623, 38.46507], [115.308201, 38.464444], [115.307986, 38.463319], [115.306445, 38.461878], [115.304968, 38.459243], [115.30362, 38.457228], [115.302399, 38.454527], [115.302121, 38.452108], [115.301736, 38.4509], [115.300451, 38.449574], [115.299681, 38.448685], [115.299081, 38.44788], [115.298031, 38.447241], [115.296383, 38.446185], [115.294819, 38.446103], [115.295103, 38.443829], [115.296752, 38.441189], [115.298936, 38.438766], [115.299879, 38.437587], [115.299301, 38.436596], [115.297973, 38.435775], [115.295597, 38.430534], [115.29489, 38.428854], [115.291464, 38.429128], [115.291207, 38.426842]]]}, "properties": {"display_name": "药都街道, 安国市, 保定市, 河北省, 中国", "type": "administrative", "osm_type": "relation", "osm_id": 9804492, "class": null, "keyword": "subdistrict"}}, {"type": "Feature", "geometry": {"type": "Polygon", "coordinates": [[[115.268486, 38.392863], [115.268872, 38.392174], [115.272644, 38.390068], [115.272602, 38.38768], [115.274681, 38.386871], [115.278431, 38.386397], [115.279888, 38.385504], [115.279782, 38.382846], [115.278967, 38.38251], [115.277039, 38.382176], [115.275453, 38.381253], [115.275881, 38.379889], [115.274682, 38.378259], [115.274447, 38.376796], [115.274533, 38.375519], [115.27599, 38.372741], [115.275755, 38.372204], [115.275433, 38.370504], [115.275755, 38.369949], [115.277426, 38.369762], [115.277683, 38.368299], [115.278176, 38.36717], [115.27854, 38.367036], [115.27949, 38.366426], [115.283733, 38.365916], [115.285382, 38.366066], [115.285771, 38.367034], [115.286645, 38.36921], [115.290694, 38.369255], [115.293501, 38.370816], [115.294742, 38.372698], [115.29697, 38.372123], [115.299496, 38.372405], [115.300825, 38.371527], [115.305171, 38.370612], [115.307911, 38.368924], [115.309496, 38.369092], [115.310161, 38.367323], [115.311316, 38.366261], [115.313586, 38.365617], [115.313693, 38.36417], [115.31425, 38.363008], [115.316155, 38.362315], [115.319581, 38.361954], [115.32054, 38.361904], [115.323044, 38.361883], [115.325463, 38.363645], [115.327668, 38.367661], [115.327925, 38.368182], [115.328931, 38.370855], [115.331393, 38.370227], [115.332163, 38.370495], [115.333126, 38.374026], [115.334325, 38.373804], [115.334624, 38.373904], [115.337172, 38.374925], [115.338884, 38.374804], [115.343315, 38.374847], [115.343894, 38.375115], [115.344857, 38.377502], [115.345712, 38.378307], [115.34702, 38.377884], [115.348968, 38.378807], [115.350531, 38.38057], [115.353122, 38.380364], [115.35445, 38.380983], [115.358625, 38.378942], [115.361624, 38.381124], [115.363488, 38.382366], [115.36383, 38.384098], [115.362566, 38.38516], [115.362717, 38.38573], [115.365263, 38.391411], [115.371346, 38.398802], [115.38015, 38.403249], [115.376269, 38.403688], [115.357068, 38.405833], [115.35897, 38.412019], [115.352545, 38.413004], [115.354258, 38.416768], [115.35081, 38.417312], [115.351388, 38.418976], [115.352501, 38.42295], [115.354094, 38.430305], [115.353236, 38.430711], [115.348731, 38.433031], [115.346234, 38.432563], [115.344511, 38.431978], [115.343387, 38.428929], [115.34289, 38.427853], [115.342069, 38.421526], [115.338093, 38.419866], [115.337944, 38.419833], [115.337682, 38.419737], [115.33743, 38.41969], [115.333562, 38.418709], [115.333129, 38.418674], [115.332557, 38.418783], [115.323548, 38.420103], [115.323406, 38.419605], [115.323245, 38.418874], [115.322708, 38.417184], [115.319876, 38.417608], [115.319699, 38.416763], [115.317637, 38.417091], [115.3173, 38.415574], [115.314551, 38.41605], [115.314911, 38.41823], [115.314142, 38.418363], [115.314318, 38.419133], [115.314494, 38.419314], [115.314851, 38.420534], [115.315075, 38.421382], [115.31427, 38.421517], [115.305255, 38.422784], [115.305288, 38.422839], [115.305792, 38.424573], [115.304802, 38.424734], [115.303159, 38.425031], [115.303569, 38.427167], [115.30377, 38.428219], [115.302871, 38.427985], [115.302464, 38.42807], [115.302143, 38.428407], [115.301436, 38.428391], [115.299445, 38.428496], [115.29863, 38.428749], [115.298052, 38.428834], [115.297839, 38.428781], [115.297217, 38.428819], [115.296832, 38.428447], [115.29634, 38.427829], [115.295419, 38.42788], [115.294027, 38.427647], [115.292699, 38.427666], [115.291559, 38.423879], [115.291165, 38.421346], [115.290351, 38.420363], [115.290008, 38.419532], [115.289644, 38.418817], [115.288713, 38.415724], [115.288242, 38.413446], [115.287375, 38.412714], [115.285672, 38.412531], [115.282801, 38.412779], [115.282072, 38.411921], [115.282126, 38.410711], [115.283551, 38.40997], [115.283411, 38.409264], [115.28264, 38.408423], [115.282373, 38.407473], [115.281858, 38.405784], [115.276801, 38.40626], [115.276159, 38.403537], [115.275708, 38.403705], [115.27513, 38.401116], [115.273288, 38.397637], [115.271422, 38.395486], [115.269365, 38.394478], [115.268486, 38.392863]]]}, "properties": {"display_name": "祁州路街道, 安国市, 保定市, 河北省, 中国", "type": "administrative", "osm_type": "relation", "osm_id": 9804491, "class": null, "keyword": "subdistrict"}}, {"type": "Feature", "geometry": {"type": "Polygon", "coordinates": [[[114.9131, 38.499995], [114.91443, 38.499809], [114.914023, 38.497106], [114.915948, 38.496906], [114.921093, 38.496096], [114.920493, 38.494216], [114.920236, 38.491865], [114.920279, 38.490152], [114.927222, 38.489205], [114.925853, 38.481817], [114.925553, 38.479936], [114.92791, 38.479699], [114.930995, 38.479359], [114.933908, 38.479019], [114.932923, 38.475426], [114.938213, 38.474527], [114.939195, 38.478027], [114.939752, 38.477958], [114.939965, 38.478664], [114.940436, 38.478512], [114.941379, 38.478174], [114.941678, 38.478174], [114.941914, 38.479198], [114.942042, 38.480223], [114.942256, 38.481246], [114.942769, 38.481195], [114.943326, 38.483629], [114.943626, 38.485308], [114.944931, 38.486231], [114.94538, 38.486515], [114.946151, 38.486933], [114.945959, 38.485859], [114.947157, 38.485655], [114.947392, 38.486881], [114.947948, 38.486829], [114.948163, 38.48787], [114.947349, 38.487957], [114.947799, 38.489803], [114.947948, 38.490188], [114.947991, 38.490659], [114.948205, 38.490692], [114.948419, 38.491145], [114.948441, 38.49138], [114.948633, 38.491648], [114.948761, 38.492689], [114.951607, 38.492448], [114.953855, 38.492375], [114.954753, 38.492625], [114.955887, 38.49306], [114.958476, 38.493978], [114.960037, 38.494578], [114.95993, 38.493873], [114.960337, 38.493771], [114.960186, 38.492932], [114.960637, 38.49288], [114.960829, 38.493484], [114.96115, 38.493432], [114.961214, 38.493768], [114.961513, 38.4937], [114.961684, 38.494405], [114.961898, 38.494404], [114.961962, 38.494572], [114.96224, 38.494538], [114.962347, 38.495109], [114.962711, 38.49504], [114.962946, 38.495762], [114.964592, 38.496362], [114.966475, 38.497196], [114.96703, 38.500234], [114.965704, 38.500422], [114.965769, 38.500641], [114.966047, 38.501966], [114.965469, 38.501632], [114.965789, 38.502722], [114.966859, 38.502585], [114.966965, 38.503508], [114.966623, 38.503576], [114.96673, 38.504398], [114.966601, 38.504517], [114.966709, 38.504818], [114.967179, 38.504817], [114.9675, 38.506277], [114.967114, 38.506328], [114.967179, 38.506798], [114.967308, 38.506881], [114.967479, 38.506948], [114.967607, 38.507233], [114.967628, 38.507368], [114.967778, 38.507316], [114.968078, 38.507315], [114.968463, 38.507264], [114.968655, 38.507969], [114.969039, 38.507951], [114.969146, 38.508101], [114.969211, 38.508387], [114.969767, 38.508335], [114.969809, 38.508536], [114.969809, 38.508822], [114.969767, 38.509041], [114.969531, 38.509158], [114.969446, 38.509309], [114.969381, 38.509495], [114.969189, 38.509495], [114.969082, 38.509512], [114.969403, 38.510485], [114.971092, 38.510162], [114.971991, 38.509974], [114.972675, 38.509872], [114.975519, 38.50926], [114.977828, 38.508631], [114.979517, 38.508124], [114.98035, 38.507936], [114.98052, 38.509547], [114.980179, 38.509616], [114.979709, 38.509684], [114.978854, 38.509888], [114.97864, 38.509906], [114.978554, 38.510476], [114.978511, 38.510997], [114.978468, 38.51234], [114.978275, 38.514473], [114.978212, 38.515984], [114.978212, 38.516337], [114.97834, 38.516587], [114.978297, 38.517444], [114.978232, 38.517865], [114.978062, 38.518385], [114.977741, 38.518688], [114.977271, 38.519042], [114.977036, 38.519648], [114.976736, 38.520118], [114.97665, 38.520437], [114.976629, 38.520941], [114.97665, 38.521041], [114.976928, 38.521007], [114.97742, 38.521022], [114.97742, 38.521325], [114.977506, 38.52166], [114.977698, 38.522197], [114.977313, 38.522399], [114.976608, 38.52262], [114.977013, 38.523357], [114.977291, 38.523961], [114.97742, 38.524515], [114.977783, 38.525722], [114.977847, 38.526175], [114.97727, 38.526328], [114.977783, 38.527501], [114.980711, 38.527023], [114.981203, 38.528851], [114.980796, 38.528987], [114.981223, 38.530512], [114.981437, 38.53115], [114.981609, 38.531988], [114.981736, 38.532994], [114.981821, 38.534387], [114.982591, 38.534335], [114.982612, 38.534686], [114.982549, 38.535525], [114.984643, 38.536056], [114.986481, 38.536572], [114.989389, 38.537317], [114.990693, 38.537699], [114.991527, 38.538082], [114.992189, 38.538516], [114.992702, 38.538917], [114.992855, 38.539061], [114.993245, 38.539471], [114.993433, 38.539695], [114.993663, 38.540014], [114.993763, 38.540157], [114.993866, 38.540336], [114.993946, 38.5405], [114.99402, 38.540656], [114.994151, 38.540958], [114.994351, 38.541446], [114.995372, 38.544144], [114.996334, 38.547128], [114.996206, 38.547363], [114.995586, 38.547616], [114.995672, 38.547851], [114.995843, 38.548169], [114.996612, 38.549911], [114.997402, 38.551804], [114.998342, 38.553798], [114.999026, 38.555172], [114.999731, 38.555085], [115.000266, 38.556092], [115.001697, 38.559693], [115.002424, 38.561437], [115.002936, 38.56318], [115.003577, 38.564939], [115.004218, 38.566397], [115.004816, 38.56814], [115.005927, 38.571106], [115.006526, 38.572847], [115.006782, 38.573685], [115.006504, 38.57377], [115.00614, 38.573821], [115.005627, 38.573924], [115.005093, 38.574143], [115.004816, 38.574312], [115.004709, 38.574664], [115.004709, 38.575134], [115.004836, 38.575604], [115.005243, 38.576054], [115.005713, 38.576506], [115.006888, 38.577945], [115.007273, 38.578556], [115.001417, 38.579244], [114.997442, 38.579457], [114.9918, 38.58038], [114.986239, 38.580733], [114.983118, 38.580976], [114.980682, 38.581051], [114.980511, 38.581285], [114.978159, 38.58146], [114.976577, 38.581498], [114.975979, 38.581164], [114.972901, 38.580804], [114.969565, 38.580746], [114.967128, 38.580651], [114.965587, 38.580219], [114.964047, 38.579854], [114.96255, 38.579556], [114.961438, 38.579223], [114.959641, 38.579194], [114.95763, 38.579098], [114.956176, 38.579336], [114.953823, 38.579342], [114.951812, 38.57948], [114.951341, 38.579615], [114.950443, 38.57851], [114.948817, 38.576703], [114.950186, 38.574251], [114.951684, 38.572202], [114.954765, 38.567835], [114.955749, 38.56743], [114.95729, 38.567326], [114.958231, 38.567324], [114.958102, 38.566955], [114.957718, 38.566754], [114.956135, 38.566154], [114.955322, 38.565955], [114.954252, 38.565823], [114.953182, 38.565658], [114.951899, 38.565794], [114.950658, 38.565998], [114.949759, 38.566235], [114.949492, 38.56408], [114.948808, 38.560961], [114.947995, 38.558514], [114.944442, 38.559326], [114.942987, 38.555639], [114.94196, 38.552822], [114.940676, 38.553462], [114.940119, 38.552691], [114.93982, 38.551316], [114.941062, 38.550676], [114.940602, 38.549276], [114.939617, 38.549479], [114.938075, 38.549901], [114.937562, 38.548173], [114.935742, 38.548529], [114.935164, 38.546618], [114.936149, 38.546398], [114.937005, 38.546178], [114.93662, 38.544938], [114.935849, 38.543126], [114.937483, 38.542454], [114.937397, 38.542303], [114.937262, 38.541959], [114.937076, 38.54123], [114.936883, 38.540575], [114.93684, 38.540273], [114.938098, 38.540094], [114.938505, 38.540087], [114.940945, 38.539848], [114.941096, 38.540501], [114.94118, 38.541139], [114.941331, 38.541055], [114.942508, 38.540701], [114.943749, 38.540212], [114.943172, 38.538853], [114.944393, 38.538567], [114.944735, 38.539523], [114.944884, 38.539808], [114.946896, 38.539099], [114.947903, 38.53856], [114.948908, 38.537971], [114.949207, 38.537652], [114.947347, 38.531814], [114.946019, 38.532152], [114.945528, 38.532237], [114.945292, 38.531936], [114.945014, 38.531029], [114.944693, 38.531064], [114.944372, 38.529839], [114.945271, 38.52967], [114.945356, 38.529989], [114.946212, 38.529768], [114.946683, 38.529699], [114.945849, 38.527099], [114.94709, 38.526409], [114.947753, 38.525955], [114.948952, 38.525449], [114.949316, 38.525264], [114.949509, 38.525112], [114.949209, 38.523904], [114.948674, 38.524023], [114.948011, 38.521422], [114.947754, 38.520214], [114.949082, 38.520144], [114.948632, 38.517375], [114.948311, 38.515865], [114.947947, 38.514372], [114.949232, 38.5141], [114.949017, 38.513312], [114.948376, 38.513397], [114.948226, 38.512559], [114.947841, 38.511284], [114.948013, 38.511249], [114.947712, 38.509991], [114.94508, 38.510265], [114.944845, 38.509174], [114.944075, 38.509243], [114.943497, 38.506776], [114.94172, 38.507048], [114.941913, 38.507787], [114.940414, 38.508041], [114.940222, 38.507118], [114.936495, 38.507492], [114.935531, 38.507612], [114.932725, 38.508002], [114.932083, 38.508054], [114.931248, 38.508155], [114.931013, 38.508155], [114.930777, 38.508291], [114.931097, 38.509902], [114.931269, 38.510942], [114.926621, 38.50853], [114.923043, 38.506721], [114.918842, 38.504493], [114.916141, 38.503135], [114.914813, 38.50238], [114.913228, 38.501173], [114.9131, 38.499995]]]}, "properties": {"display_name": "西城区街道, 定州市, 保定市, 河北省, 中国", "type": "administrative", "osm_type": "relation", "osm_id": 9803807, "class": null, "keyword": "subdistrict"}}, {"type": "Feature", "geometry": {"type": "Polygon", "coordinates": [[[115.732962, 38.693555], [115.733461, 38.693207], [115.733719, 38.690327], [115.734234, 38.689725], [115.734962, 38.689724], [115.735499, 38.692419], [115.735971, 38.692536], [115.736979, 38.691062], [115.736915, 38.690074], [115.7364, 38.688886], [115.736786, 38.688417], [115.738867, 38.688483], [115.739232, 38.687193], [115.742536, 38.687109], [115.743074, 38.686793], [115.743181, 38.684885], [115.746893, 38.684767], [115.747173, 38.682423], [115.748273, 38.682116], [115.749234, 38.678814], [115.749095, 38.677274], [115.748709, 38.677265], [115.748698, 38.675933], [115.748289, 38.675943], [115.748257, 38.674981], [115.747077, 38.674135], [115.74653, 38.6735], [115.745811, 38.672352], [115.745693, 38.671648], [115.746015, 38.670904], [115.746991, 38.6701], [115.747002, 38.66943], [115.746831, 38.669028], [115.745768, 38.668667], [115.744929, 38.668411], [115.745272, 38.667238], [115.747612, 38.667255], [115.74832, 38.66697], [115.748599, 38.666685], [115.748749, 38.665714], [115.749329, 38.665496], [115.749737, 38.665512], [115.749973, 38.665311], [115.749545, 38.660614], [115.748969, 38.654581], [115.742381, 38.641123], [115.740837, 38.6368], [115.741289, 38.634518], [115.74178, 38.634045], [115.74582, 38.633223], [115.749841, 38.632996], [115.752708, 38.63294], [115.755241, 38.635054], [115.756862, 38.637944], [115.75728, 38.638129], [115.757882, 38.638254], [115.759138, 38.638061], [115.759492, 38.638856], [115.760222, 38.640742], [115.761059, 38.64122], [115.761725, 38.641236], [115.763185, 38.640793], [115.764248, 38.640149], [115.764796, 38.640199], [115.765967, 38.64051], [115.766418, 38.64098], [115.766997, 38.6417], [115.767235, 38.641818], [115.767492, 38.642387], [115.767888, 38.64382], [115.767931, 38.645922], [115.767758, 38.648627], [115.767715, 38.648861], [115.767349, 38.649094], [115.763772, 38.649419], [115.764255, 38.651714], [115.764126, 38.651823], [115.762782, 38.652397], [115.765532, 38.655698], [115.767336, 38.656637], [115.768573, 38.658322], [115.773288, 38.65982], [115.77595, 38.660539], [115.776704, 38.663185], [115.777444, 38.665166], [115.777833, 38.66575], [115.778671, 38.666806], [115.779487, 38.667511], [115.780755, 38.66788], [115.782368, 38.667916], [115.784626, 38.668404], [115.784926, 38.667655], [115.785196, 38.66763], [115.785658, 38.667681], [115.785862, 38.667807], [115.785872, 38.668351], [115.785754, 38.668435], [115.785399, 38.668467], [115.785442, 38.669406], [115.785668, 38.669414], [115.785668, 38.669498], [115.785474, 38.669548], [115.785421, 38.67], [115.784801, 38.669914], [115.784639, 38.670381], [115.784257, 38.671352], [115.784305, 38.671537], [115.784434, 38.67165], [115.784891, 38.671805], [115.786003, 38.672243], [115.78644, 38.672742], [115.787867, 38.673197], [115.789931, 38.673936], [115.792511, 38.674408], [115.797477, 38.673091], [115.799327, 38.672843], [115.800854, 38.672527], [115.802317, 38.672496], [115.803242, 38.672832], [115.804404, 38.673135], [115.805522, 38.67302], [115.806227, 38.672399], [115.807368, 38.671548], [115.809239, 38.67135], [115.810424, 38.671754], [115.811757, 38.672577], [115.813134, 38.672562], [115.813737, 38.673016], [115.814102, 38.674089], [115.81436, 38.674508], [115.814038, 38.675143], [115.813629, 38.675645], [115.813586, 38.67608], [115.813736, 38.676398], [115.814102, 38.676584], [115.814554, 38.676567], [115.815285, 38.676385], [115.817307, 38.675251], [115.820622, 38.67298], [115.822436, 38.671959], [115.822899, 38.672278], [115.824192, 38.676048], [115.825664, 38.678847], [115.827443, 38.680492], [115.828561, 38.682886], [115.831027, 38.683332], [115.836077, 38.685024], [115.836635, 38.688882], [115.840109, 38.688955], [115.841685, 38.693874], [115.841115, 38.693923], [115.841199, 38.698107], [115.840155, 38.698145], [115.840155, 38.700547], [115.837193, 38.703803], [115.831341, 38.704663], [115.829577, 38.701952], [115.828136, 38.697614], [115.821595, 38.699524], [115.809893, 38.701207], [115.795743, 38.703172], [115.791141, 38.7054], [115.791139, 38.710423], [115.790106, 38.716882], [115.785805, 38.718081], [115.774026, 38.717467], [115.767219, 38.717756], [115.765135, 38.717973], [115.764276, 38.714374], [115.761914, 38.714289], [115.761399, 38.711009], [115.760561, 38.710757], [115.758392, 38.711627], [115.755128, 38.70863], [115.752059, 38.708647], [115.75148, 38.706187], [115.751028, 38.705935], [115.748925, 38.706639], [115.747937, 38.706421], [115.747295, 38.703863], [115.743861, 38.705504], [115.738089, 38.708636], [115.737403, 38.705473], [115.73485, 38.705526], [115.73517, 38.699244], [115.732962, 38.693555]]]}, "properties": {"display_name": "锦华街道, 高阳县, 保定市, 河北省, 071500, 中国", "type": "administrative", "osm_type": "relation", "osm_id": 9804586, "class": null, "keyword": "subdistrict"}}, {"type": "Feature", "geometry": {"type": "Polygon", "coordinates": [[[114.938213, 38.474527], [114.939903, 38.474239], [114.940203, 38.475087], [114.940674, 38.474985], [114.940803, 38.475791], [114.941916, 38.475621], [114.943329, 38.475518], [114.943885, 38.475416], [114.943971, 38.475953], [114.944185, 38.476826], [114.944442, 38.478136], [114.944913, 38.478135], [114.945897, 38.478167], [114.947823, 38.477961], [114.948721, 38.477792], [114.949621, 38.477689], [114.950519, 38.477486], [114.950092, 38.475135], [114.949707, 38.4748], [114.950006, 38.474597], [114.951332, 38.474461], [114.951504, 38.474729], [114.953173, 38.474558], [114.955483, 38.474216], [114.956767, 38.473542], [114.957408, 38.47317], [114.957408, 38.47233], [114.957494, 38.47186], [114.957666, 38.47139], [114.958393, 38.470514], [114.95882, 38.470244], [114.95912, 38.47011], [114.959591, 38.469974], [114.959591, 38.469806], [114.960061, 38.469704], [114.960061, 38.469401], [114.961002, 38.469265], [114.960789, 38.468426], [114.960446, 38.466512], [114.96173, 38.466408], [114.962757, 38.466237], [114.964553, 38.466065], [114.964684, 38.466501], [114.966181, 38.466397], [114.966309, 38.466933], [114.967549, 38.466863], [114.968619, 38.46686], [114.972082, 38.466616], [114.972424, 38.467724], [114.972595, 38.468966], [114.974006, 38.468861], [114.974989, 38.468826], [114.975631, 38.468924], [114.976571, 38.468821], [114.976785, 38.469727], [114.975972, 38.469931], [114.976272, 38.470434], [114.977213, 38.470801], [114.977726, 38.470934], [114.977939, 38.471673], [114.978025, 38.471908], [114.978324, 38.472243], [114.978537, 38.472511], [114.97888, 38.472644], [114.979093, 38.472678], [114.979222, 38.472979], [114.979563, 38.474355], [114.981957, 38.47408], [114.982171, 38.475087], [114.985805, 38.474573], [114.986147, 38.474236], [114.98666, 38.474166], [114.986917, 38.47477], [114.986959, 38.475073], [114.98743, 38.475004], [114.987557, 38.474601], [114.988669, 38.474396], [114.989011, 38.474361], [114.989139, 38.474966], [114.989823, 38.474829], [114.989823, 38.474225], [114.990763, 38.474154], [114.990849, 38.472643], [114.992987, 38.472502], [114.993285, 38.472367], [114.993328, 38.471594], [114.993543, 38.471022], [114.994354, 38.470986], [114.994739, 38.471555], [114.99585, 38.471284], [114.996149, 38.471081], [114.996106, 38.470476], [114.996406, 38.469972], [114.996534, 38.469635], [114.996535, 38.469366], [114.996192, 38.469132], [114.996022, 38.468965], [114.995722, 38.468496], [114.994312, 38.468769], [114.993927, 38.467358], [114.99367, 38.466519], [114.993372, 38.466319], [114.993114, 38.465447], [114.992858, 38.464137], [114.992431, 38.462829], [114.992431, 38.462291], [114.992474, 38.461853], [114.991961, 38.458898], [114.990935, 38.459037], [114.990508, 38.458634], [114.990166, 38.4584], [114.989867, 38.457023], [114.989696, 38.455915], [114.990414, 38.455949], [114.990713, 38.455948], [114.990884, 38.456217], [114.991354, 38.45625], [114.99191, 38.456718], [114.993705, 38.456477], [114.995543, 38.456371], [114.999304, 38.455922], [115.003963, 38.455472], [115.007682, 38.455057], [115.00999, 38.454882], [115.012127, 38.454607], [115.012215, 38.45538], [115.013625, 38.455241], [115.013796, 38.456283], [115.019182, 38.45583], [115.023158, 38.455348], [115.023159, 38.450274], [115.025168, 38.450235], [115.026024, 38.450333], [115.027349, 38.450397], [115.027478, 38.451303], [115.029743, 38.450928], [115.030727, 38.450825], [115.030984, 38.451126], [115.032267, 38.451055], [115.032309, 38.450652], [115.034577, 38.450479], [115.035773, 38.450441], [115.035947, 38.451113], [115.035989, 38.451886], [115.036247, 38.452356], [115.038342, 38.452115], [115.03877, 38.452081], [115.038685, 38.451577], [115.039241, 38.451576], [115.040695, 38.451504], [115.041636, 38.451402], [115.041636, 38.450965], [115.043732, 38.450892], [115.046942, 38.450583], [115.047498, 38.450481], [115.047425, 38.451785], [115.047446, 38.452743], [115.047554, 38.453347], [115.047339, 38.453415], [115.046676, 38.453517], [115.046719, 38.454609], [115.045285, 38.454847], [115.043681, 38.45517], [115.044301, 38.456933], [115.044557, 38.45821], [115.045563, 38.458207], [115.045777, 38.459668], [115.048558, 38.459359], [115.047316, 38.461293], [115.047488, 38.4623], [115.047872, 38.462351], [115.048001, 38.463106], [115.047552, 38.463157], [115.047702, 38.463964], [115.048044, 38.463946], [115.048108, 38.464635], [115.048365, 38.465827], [115.048493, 38.466314], [115.047894, 38.4665], [115.048042, 38.467508], [115.047444, 38.467643], [115.047444, 38.467794], [115.046074, 38.467915], [115.044256, 38.46802], [115.044106, 38.468087], [115.043443, 38.468106], [115.042994, 38.46809], [115.042887, 38.467922], [115.041882, 38.467957], [115.041882, 38.468159], [115.041774, 38.468177], [115.041475, 38.468462], [115.041197, 38.467052], [115.041369, 38.466918], [115.041326, 38.466817], [115.041218, 38.466666], [115.040299, 38.466735], [115.040107, 38.466131], [115.039508, 38.466199], [115.039657, 38.46714], [115.038952, 38.46726], [115.038652, 38.465815], [115.03831, 38.465917], [115.038011, 38.466086], [115.038075, 38.466489], [115.037989, 38.466657], [115.037561, 38.466675], [115.03754, 38.467162], [115.037988, 38.470436], [115.038095, 38.470587], [115.038373, 38.470889], [115.03863, 38.471225], [115.037111, 38.472622], [115.037219, 38.473412], [115.037518, 38.473394], [115.037624, 38.474234], [115.036256, 38.474455], [115.036491, 38.476134], [115.036619, 38.477209], [115.036747, 38.477411], [115.036983, 38.478788], [115.037303, 38.480854], [115.038843, 38.480698], [115.039443, 38.48073], [115.039528, 38.481083], [115.040212, 38.480981], [115.040212, 38.481166], [115.040298, 38.481601], [115.040426, 38.482055], [115.040576, 38.482441], [115.040811, 38.482793], [115.041196, 38.483044], [115.041624, 38.483261], [115.041774, 38.483412], [115.042222, 38.484284], [115.042351, 38.484233], [115.042736, 38.484216], [115.042971, 38.48435], [115.043142, 38.485054], [115.043206, 38.485726], [115.043163, 38.486264], [115.044383, 38.48616], [115.044404, 38.485858], [115.045345, 38.485688], [115.046672, 38.485668], [115.046779, 38.486189], [115.04894, 38.485881], [115.049025, 38.485629], [115.051379, 38.485154], [115.0517, 38.486146], [115.052192, 38.486111], [115.052342, 38.486632], [115.052898, 38.486547], [115.05324, 38.487856], [115.051849, 38.488245], [115.050908, 38.488466], [115.049602, 38.488719], [115.049089, 38.488855], [115.049132, 38.489241], [115.048875, 38.489528], [115.048704, 38.489628], [115.047805, 38.489765], [115.048126, 38.491007], [115.04757, 38.491142], [115.046586, 38.491312], [115.046629, 38.491461], [115.046842, 38.49178], [115.047099, 38.492065], [115.047249, 38.492199], [115.047462, 38.492333], [115.047934, 38.492382], [115.04804, 38.492584], [115.048126, 38.492953], [115.046907, 38.493207], [115.046991, 38.493425], [115.048211, 38.493305], [115.048318, 38.493557], [115.048468, 38.494178], [115.047334, 38.494382], [115.047762, 38.495724], [115.049323, 38.49552], [115.049409, 38.495906], [115.049473, 38.496392], [115.049388, 38.496828], [115.049259, 38.496997], [115.049195, 38.497115], [115.049345, 38.497635], [115.049515, 38.498592], [115.046413, 38.499403], [115.046541, 38.499755], [115.046712, 38.500444], [115.045835, 38.50058], [115.04607, 38.501536], [115.046262, 38.50214], [115.046178, 38.502224], [115.045364, 38.50231], [115.044701, 38.502413], [115.045054, 38.503864], [115.045224, 38.504333], [115.045224, 38.504702], [115.044925, 38.505073], [115.044711, 38.50514], [115.044155, 38.505074], [115.04163, 38.505147], [115.040689, 38.505317], [115.039192, 38.505388], [115.038466, 38.505323], [115.038722, 38.506094], [115.039106, 38.507604], [115.039337, 38.508732], [115.038364, 38.508904], [115.036867, 38.509192], [115.037102, 38.510434], [115.035476, 38.51074], [115.034899, 38.508475], [115.034108, 38.508561], [115.033787, 38.507018], [115.033552, 38.505441], [115.034964, 38.50527], [115.036033, 38.505367], [115.035926, 38.504713], [115.035734, 38.504764], [115.035348, 38.503019], [115.035135, 38.50302], [115.033831, 38.503375], [115.033232, 38.503443], [115.032334, 38.503682], [115.031991, 38.503447], [115.031756, 38.503347], [115.031649, 38.503146], [115.031413, 38.502256], [115.0309, 38.500092], [115.030324, 38.497961], [115.029661, 38.498131], [115.028442, 38.498352], [115.027053, 38.498508], [115.025833, 38.498746], [115.024914, 38.4989], [115.023973, 38.499087], [115.023097, 38.499308], [115.022199, 38.498118], [115.021793, 38.49879], [115.02113, 38.499766], [115.020831, 38.499985], [115.02021, 38.50071], [115.019377, 38.501518], [115.019142, 38.501871], [115.018286, 38.502058], [115.014888, 38.502622], [115.013007, 38.50298], [115.012088, 38.503083], [115.008476, 38.503766], [115.006702, 38.504057], [115.005376, 38.504363], [115.004478, 38.5045], [115.00279, 38.504824], [115.003131, 38.506451], [115.003281, 38.506971], [115.001977, 38.50721], [115.001315, 38.507296], [115.00187, 38.508839], [115.001999, 38.50914], [115.001742, 38.509208], [115.001165, 38.509395], [115.000566, 38.509699], [115.000716, 38.510101], [114.999198, 38.510459], [114.998664, 38.510645], [114.9983, 38.510746], [114.998536, 38.511333], [114.998728, 38.511719], [114.999198, 38.511583], [114.999412, 38.511986], [114.999543, 38.512442], [114.998966, 38.512528], [114.998773, 38.512532], [114.998576, 38.512571], [114.998233, 38.512681], [114.997695, 38.512825], [114.997176, 38.513015], [114.995915, 38.513422], [114.995503, 38.513528], [114.995394, 38.513543], [114.994773, 38.513745], [114.994688, 38.513494], [114.994218, 38.51363], [114.994282, 38.513831], [114.994068, 38.513965], [114.993449, 38.514169], [114.993257, 38.513767], [114.99285, 38.513936], [114.991803, 38.514291], [114.991162, 38.514478], [114.990285, 38.5148], [114.989345, 38.515104], [114.988276, 38.515578], [114.987592, 38.515782], [114.987272, 38.5159], [114.987272, 38.516236], [114.987336, 38.516605], [114.986652, 38.516774], [114.985455, 38.517013], [114.983489, 38.517438], [114.982249, 38.517627], [114.981789, 38.517662], [114.981511, 38.51592], [114.98071, 38.51607], [114.97834, 38.516587], [114.978212, 38.516337], [114.978212, 38.515984], [114.978275, 38.514473], [114.978468, 38.51234], [114.978511, 38.510997], [114.978554, 38.510476], [114.97864, 38.509906], [114.978854, 38.509888], [114.979709, 38.509684], [114.980179, 38.509616], [114.98052, 38.509547], [114.98035, 38.507936], [114.979517, 38.508124], [114.977828, 38.508631], [114.975519, 38.50926], [114.972675, 38.509872], [114.971991, 38.509974], [114.971092, 38.510162], [114.969403, 38.510485], [114.969082, 38.509512], [114.969189, 38.509495], [114.969381, 38.509495], [114.969446, 38.509309], [114.969531, 38.509158], [114.969767, 38.509041], [114.969809, 38.508822], [114.969809, 38.508536], [114.969767, 38.508335], [114.969211, 38.508387], [114.969146, 38.508101], [114.969039, 38.507951], [114.968655, 38.507969], [114.968463, 38.507264], [114.968078, 38.507315], [114.967778, 38.507316], [114.967628, 38.507368], [114.967607, 38.507233], [114.967479, 38.506948], [114.967308, 38.506881], [114.967179, 38.506798], [114.967114, 38.506328], [114.9675, 38.506277], [114.967179, 38.504817], [114.966709, 38.504818], [114.966601, 38.504517], [114.96673, 38.504398], [114.966623, 38.503576], [114.966965, 38.503508], [114.966859, 38.502585], [114.965789, 38.502722], [114.965469, 38.501632], [114.966047, 38.501966], [114.965769, 38.500641], [114.965704, 38.500422], [114.96703, 38.500234], [114.966475, 38.497196], [114.964592, 38.496362], [114.962946, 38.495762], [114.962711, 38.49504], [114.962347, 38.495109], [114.96224, 38.494538], [114.961962, 38.494572], [114.961898, 38.494404], [114.961684, 38.494405], [114.961513, 38.4937], [114.961214, 38.493768], [114.96115, 38.493432], [114.960829, 38.493484], [114.960637, 38.49288], [114.960186, 38.492932], [114.960337, 38.493771], [114.95993, 38.493873], [114.960037, 38.494578], [114.958476, 38.493978], [114.955887, 38.49306], [114.954753, 38.492625], [114.953855, 38.492375], [114.951607, 38.492448], [114.948761, 38.492689], [114.948633, 38.491648], [114.948441, 38.49138], [114.948419, 38.491145], [114.948205, 38.490692], [114.947991, 38.490659], [114.947948, 38.490188], [114.947799, 38.489803], [114.947349, 38.487957], [114.948163, 38.48787], [114.947948, 38.486829], [114.947392, 38.486881], [114.947157, 38.485655], [114.945959, 38.485859], [114.946151, 38.486933], [114.94538, 38.486515], [114.944931, 38.486231], [114.943626, 38.485308], [114.943326, 38.483629], [114.942769, 38.481195], [114.942256, 38.481246], [114.942042, 38.480223], [114.941914, 38.479198], [114.941678, 38.478174], [114.941379, 38.478174], [114.940436, 38.478512], [114.939965, 38.478664], [114.939752, 38.477958], [114.939195, 38.478027], [114.938213, 38.474527]]]}, "properties": {"display_name": "南城区街道, 定州市, 保定市, 河北省, 中国", "type": "administrative", "osm_type": "relation", "osm_id": 9803804, "class": null, "keyword": "subdistrict"}}, {"type": "Feature", "geometry": {"type": "Polygon", "coordinates": [[[115.96594, 39.46301], [115.966176, 39.462644], [115.966262, 39.462362], [115.96624, 39.460938], [115.967524, 39.460902], [115.967503, 39.46062], [115.968679, 39.460683], [115.968765, 39.460402], [115.968786, 39.460269], [115.970519, 39.460281], [115.971202, 39.46026], [115.971288, 39.458422], [115.971225, 39.456253], [115.971159, 39.455028], [115.971074, 39.454416], [115.968936, 39.454485], [115.968958, 39.453707], [115.973284, 39.453596], [115.97354, 39.451972], [115.97645, 39.451931], [115.979872, 39.451755], [115.979701, 39.450199], [115.980249, 39.450071], [115.984869, 39.449825], [115.987778, 39.449618], [115.989061, 39.448587], [115.989927, 39.447784], [115.989841, 39.443975], [115.996001, 39.443459], [115.996514, 39.444386], [115.997326, 39.446735], [115.998651, 39.446598], [115.999299, 39.448652], [116.001653, 39.448512], [116.004989, 39.44953], [116.007769, 39.451443], [116.009864, 39.453258], [116.010634, 39.45468], [116.010932, 39.457197], [116.010975, 39.457959], [116.020637, 39.456768], [116.021107, 39.461602], [116.021278, 39.464185], [116.025907, 39.463677], [116.029013, 39.463106], [116.029825, 39.46635], [116.030156, 39.467488], [116.027063, 39.46789], [116.028304, 39.47358], [116.022785, 39.474076], [116.020218, 39.474265], [116.016731, 39.474292], [116.01688, 39.477718], [116.015236, 39.477941], [116.015151, 39.474298], [116.009399, 39.474261], [116.005764, 39.474488], [116.002748, 39.474845], [116.003509, 39.478237], [116.00462, 39.483863], [116.005922, 39.490612], [116.006841, 39.494781], [116.011782, 39.495329], [116.017577, 39.495805], [116.017664, 39.493901], [116.017831, 39.491417], [116.0195, 39.491379], [116.019533, 39.491737], [116.019533, 39.492365], [116.020111, 39.49248], [116.021793, 39.492585], [116.023148, 39.492488], [116.023212, 39.49171], [116.024217, 39.49169], [116.025371, 39.492084], [116.026804, 39.492428], [116.02772, 39.492679], [116.028318, 39.492744], [116.028275, 39.493969], [116.028383, 39.49526], [116.029153, 39.495222], [116.029367, 39.495006], [116.030458, 39.494904], [116.031763, 39.494868], [116.032918, 39.494584], [116.033454, 39.494433], [116.03416, 39.4942], [116.035294, 39.494015], [116.036492, 39.493714], [116.038418, 39.493311], [116.038631, 39.494982], [116.038696, 39.495645], [116.038821, 39.497736], [116.044, 39.498385], [116.049481, 39.498969], [116.051656, 39.499291], [116.051569, 39.503264], [116.051569, 39.51339], [116.056873, 39.528591], [116.053361, 39.530581], [116.045825, 39.531326], [116.038377, 39.531872], [116.029732, 39.532821], [116.021347, 39.53172], [116.016214, 39.531139], [116.010824, 39.530956], [116.008304, 39.531379], [116.007534, 39.531183], [116.007855, 39.527923], [116.005802, 39.527962], [116.005759, 39.527433], [116.004519, 39.527569], [116.004517, 39.527089], [116.004389, 39.524773], [116.004817, 39.524623], [116.007148, 39.524252], [116.00702, 39.522219], [116.006743, 39.519455], [116.009865, 39.51847], [116.009908, 39.517378], [116.009673, 39.514548], [116.006401, 39.514673], [116.006359, 39.513035], [116.004456, 39.512924], [116.004158, 39.510953], [116.00234, 39.510956], [116.002533, 39.509515], [116.002939, 39.508819], [116.00234, 39.508821], [116.002191, 39.508506], [116.002256, 39.508273], [116.002276, 39.508024], [116.003025, 39.508005], [116.003131, 39.50726], [116.002319, 39.507213], [116.002344, 39.505571], [116.002516, 39.502095], [116.000784, 39.502034], [115.998604, 39.502058], [115.998582, 39.501462], [115.994381, 39.501751], [115.993836, 39.500654], [115.989156, 39.494168], [115.995721, 39.494959], [115.995785, 39.494147], [115.997069, 39.494242], [115.997711, 39.494191], [115.997711, 39.492965], [115.99739, 39.49295], [115.997347, 39.492322], [115.994481, 39.491635], [115.989868, 39.490702], [115.989462, 39.488369], [115.987217, 39.488608], [115.987035, 39.487489], [115.986704, 39.485446], [115.986616, 39.484733], [115.986512, 39.48389], [115.981742, 39.48402], [115.979894, 39.481365], [115.976428, 39.476908], [115.967658, 39.465241], [115.96594, 39.46301]]]}, "properties": {"display_name": "清凉寺街道, 涿州市, 保定市, 河北省, 中国", "type": "administrative", "osm_type": "relation", "osm_id": 9796515, "class": null, "keyword": "subdistrict"}}, {"type": "Feature", "geometry": {"type": "Polygon", "coordinates": [[[114.976608, 38.52262], [114.977313, 38.522399], [114.977698, 38.522197], [114.977506, 38.52166], [114.97742, 38.521325], [114.97742, 38.521022], [114.976928, 38.521007], [114.97665, 38.521041], [114.976629, 38.520941], [114.97665, 38.520437], [114.976736, 38.520118], [114.977036, 38.519648], [114.977271, 38.519042], [114.977741, 38.518688], [114.978062, 38.518385], [114.978232, 38.517865], [114.978297, 38.517444], [114.97834, 38.516587], [114.98071, 38.51607], [114.981511, 38.51592], [114.981789, 38.517662], [114.982249, 38.517627], [114.983489, 38.517438], [114.985455, 38.517013], [114.986652, 38.516774], [114.987336, 38.516605], [114.987272, 38.516236], [114.987272, 38.5159], [114.987592, 38.515782], [114.988276, 38.515578], [114.989345, 38.515104], [114.990285, 38.5148], [114.991162, 38.514478], [114.991803, 38.514291], [114.99285, 38.513936], [114.993257, 38.513767], [114.993449, 38.514169], [114.994068, 38.513965], [114.994282, 38.513831], [114.994218, 38.51363], [114.994688, 38.513494], [114.994773, 38.513745], [114.995394, 38.513543], [114.995503, 38.513528], [114.995915, 38.513422], [114.997176, 38.513015], [114.997695, 38.512825], [114.998233, 38.512681], [114.998576, 38.512571], [114.998773, 38.512532], [114.998966, 38.512528], [114.999543, 38.512442], [114.999412, 38.511986], [114.999198, 38.511583], [114.998728, 38.511719], [114.998536, 38.511333], [114.9983, 38.510746], [114.998664, 38.510645], [114.999198, 38.510459], [115.000716, 38.510101], [115.000566, 38.509699], [115.001165, 38.509395], [115.001742, 38.509208], [115.001999, 38.50914], [115.00187, 38.508839], [115.001315, 38.507296], [115.001977, 38.50721], [115.003281, 38.506971], [115.003131, 38.506451], [115.00279, 38.504824], [115.004478, 38.5045], [115.005376, 38.504363], [115.006702, 38.504057], [115.008476, 38.503766], [115.012088, 38.503083], [115.013007, 38.50298], [115.014888, 38.502622], [115.018286, 38.502058], [115.019142, 38.501871], [115.019377, 38.501518], [115.02021, 38.50071], [115.020831, 38.499985], [115.02113, 38.499766], [115.021793, 38.49879], [115.022199, 38.498118], [115.023097, 38.499308], [115.023973, 38.499087], [115.024914, 38.4989], [115.025833, 38.498746], [115.027053, 38.498508], [115.028442, 38.498352], [115.029661, 38.498131], [115.030324, 38.497961], [115.0309, 38.500092], [115.031413, 38.502256], [115.031649, 38.503146], [115.031756, 38.503347], [115.031991, 38.503447], [115.032334, 38.503682], [115.033232, 38.503443], [115.033831, 38.503375], [115.035135, 38.50302], [115.035348, 38.503019], [115.035734, 38.504764], [115.035926, 38.504713], [115.036033, 38.505367], [115.034964, 38.50527], [115.033552, 38.505441], [115.033787, 38.507018], [115.034108, 38.508561], [115.034899, 38.508475], [115.035476, 38.51074], [115.037102, 38.510434], [115.036867, 38.509192], [115.038364, 38.508904], [115.039337, 38.508732], [115.039748, 38.510625], [115.040005, 38.511564], [115.04056, 38.511429], [115.041245, 38.511326], [115.041374, 38.511662], [115.041673, 38.511761], [115.042143, 38.51176], [115.042443, 38.511793], [115.042871, 38.51196], [115.042999, 38.512464], [115.043298, 38.513235], [115.043812, 38.513234], [115.044026, 38.51367], [115.044667, 38.513568], [115.045052, 38.515078], [115.045608, 38.515143], [115.045908, 38.516083], [115.04642, 38.51618], [115.046913, 38.517555], [115.047019, 38.51779], [115.048453, 38.518577], [115.04886, 38.518576], [115.049009, 38.519246], [115.049715, 38.519279], [115.050657, 38.51926], [115.05117, 38.521054], [115.051405, 38.522078], [115.053052, 38.52785], [115.053737, 38.527849], [115.054507, 38.528938], [115.055149, 38.530296], [115.055342, 38.531051], [115.056273, 38.534415], [115.056486, 38.535521], [115.054046, 38.536064], [115.052163, 38.536335], [115.052591, 38.537912], [115.04814, 38.538961], [115.044802, 38.539908], [115.045444, 38.54192], [115.04998, 38.541474], [115.050408, 38.54248], [115.047968, 38.543022], [115.048045, 38.54352], [115.043724, 38.544033], [115.040045, 38.544679], [115.038077, 38.544315], [115.03581, 38.543448], [115.032857, 38.544026], [115.029692, 38.544873], [115.029522, 38.546082], [115.030847, 38.550038], [115.030034, 38.550845], [115.028195, 38.553165], [115.026014, 38.554782], [115.023705, 38.556365], [115.022508, 38.558113], [115.022036, 38.559658], [115.021694, 38.561035], [115.021865, 38.563349], [115.02366, 38.565658], [115.024943, 38.567601], [115.031015, 38.567416], [115.031314, 38.569126], [115.031612, 38.570467], [115.031998, 38.573418], [115.032339, 38.575799], [115.026737, 38.575948], [115.027079, 38.578093], [115.024685, 38.578571], [115.024762, 38.579859], [115.022967, 38.580031], [115.023031, 38.580988], [115.022155, 38.58104], [115.022155, 38.581962], [115.01882, 38.582224], [115.018778, 38.584271], [115.012365, 38.584541], [115.012279, 38.585716], [115.012004, 38.585665], [115.011491, 38.585633], [115.011204, 38.58552], [115.010777, 38.585017], [115.010179, 38.583979], [115.00988, 38.58341], [115.009067, 38.583044], [115.008554, 38.582509], [115.008512, 38.581604], [115.008342, 38.580498], [115.007529, 38.580466], [115.007273, 38.578556], [115.006888, 38.577945], [115.005713, 38.576506], [115.005243, 38.576054], [115.004836, 38.575604], [115.004709, 38.575134], [115.004709, 38.574664], [115.004816, 38.574312], [115.005093, 38.574143], [115.005627, 38.573924], [115.00614, 38.573821], [115.006504, 38.57377], [115.006782, 38.573685], [115.006526, 38.572847], [115.005927, 38.571106], [115.004816, 38.56814], [115.004218, 38.566397], [115.003577, 38.564939], [115.002936, 38.56318], [115.002424, 38.561437], [115.001697, 38.559693], [115.000266, 38.556092], [114.999731, 38.555085], [114.999026, 38.555172], [114.998342, 38.553798], [114.997402, 38.551804], [114.996612, 38.549911], [114.995843, 38.548169], [114.995672, 38.547851], [114.995586, 38.547616], [114.996206, 38.547363], [114.996334, 38.547128], [114.995372, 38.544144], [114.994351, 38.541446], [114.994151, 38.540958], [114.99402, 38.540656], [114.993946, 38.5405], [114.993866, 38.540336], [114.993763, 38.540157], [114.993663, 38.540014], [114.993433, 38.539695], [114.993245, 38.539471], [114.992855, 38.539061], [114.992702, 38.538917], [114.992189, 38.538516], [114.991527, 38.538082], [114.990693, 38.537699], [114.989389, 38.537317], [114.986481, 38.536572], [114.984643, 38.536056], [114.982549, 38.535525], [114.982612, 38.534686], [114.982591, 38.534335], [114.981821, 38.534387], [114.981736, 38.532994], [114.981609, 38.531988], [114.981437, 38.53115], [114.981223, 38.530512], [114.980796, 38.528987], [114.981203, 38.528851], [114.980711, 38.527023], [114.977783, 38.527501], [114.97727, 38.526328], [114.977847, 38.526175], [114.977783, 38.525722], [114.97742, 38.524515], [114.977291, 38.523961], [114.977013, 38.523357], [114.976608, 38.52262]]]}, "properties": {"display_name": "北城区街道, 定州市, 保定市, 河北省, 中国", "type": "administrative", "osm_type": "relation", "osm_id": 9803805, "class": null, "keyword": "subdistrict"}}, {"type": "Feature", "geometry": {"type": "MultiPolygon", "coordinates": [[[[115.784132, 39.336218], [115.785494, 39.336066], [115.7854, 39.333013], [115.786152, 39.332285], [115.785641, 39.327721], [115.788695, 39.326042], [115.788598, 39.322501], [115.794831, 39.322275], [115.794441, 39.31896], [115.797071, 39.317981], [115.797558, 39.311727], [115.799505, 39.307281], [115.804764, 39.304267], [115.809536, 39.304267], [115.809634, 39.299971], [115.812361, 39.298992], [115.816354, 39.299595], [115.817035, 39.302383], [115.820249, 39.303363], [115.82356, 39.302383], [115.826092, 39.300348], [115.833494, 39.301177], [115.837, 39.304342], [115.842801, 39.302939], [115.842746, 39.301102], [115.844499, 39.301403], [115.844894, 39.304783], [115.851637, 39.304182], [115.856529, 39.305022], [115.864019, 39.304933], [115.864182, 39.307316], [115.868782, 39.307153], [115.868993, 39.305601], [115.874495, 39.304933], [115.875533, 39.30514], [115.875411, 39.306862], [115.87403, 39.308077], [115.872051, 39.31], [115.871234, 39.310762], [115.869815, 39.312087], [115.869084, 39.312468], [115.868815, 39.312472], [115.868793, 39.311575], [115.867137, 39.31169], [115.86718, 39.31257], [115.865384, 39.312725], [115.862956, 39.312979], [115.862924, 39.311943], [115.860891, 39.311923], [115.860859, 39.311782], [115.857783, 39.311785], [115.857858, 39.313511], [115.855745, 39.313713], [115.854111, 39.313868], [115.852412, 39.314073], [115.850583, 39.314261], [115.848679, 39.314433], [115.84785, 39.314481], [115.847592, 39.314356], [115.846861, 39.313915], [115.845203, 39.313158], [115.843321, 39.312258], [115.841395, 39.312628], [115.841674, 39.313748], [115.841018, 39.314452], [115.840669, 39.316076], [115.844316, 39.319953], [115.845015, 39.320676], [115.847166, 39.322954], [115.845779, 39.323268], [115.845456, 39.323574], [115.845574, 39.323707], [115.845197, 39.323838], [115.845401, 39.324403], [115.845735, 39.324329], [115.846661, 39.325965], [115.847962, 39.32576], [115.848449, 39.325815], [115.848912, 39.326894], [115.849244, 39.327607], [115.849535, 39.328173], [115.849976, 39.328637], [115.850536, 39.329225], [115.851471, 39.330064], [115.852708, 39.331193], [115.852891, 39.331294], [115.853072, 39.331327], [115.853223, 39.331368], [115.854234, 39.331942], [115.855008, 39.332259], [115.855986, 39.33265], [115.855094, 39.333254], [115.855446, 39.334188], [115.854801, 39.334478], [115.854833, 39.334552], [115.854822, 39.335034], [115.853682, 39.335232], [115.854357, 39.337843], [115.854456, 39.338228], [115.852528, 39.338529], [115.852533, 39.339259], [115.854394, 39.339332], [115.854389, 39.339412], [115.854215, 39.342921], [115.855409, 39.342965], [115.856064, 39.342665], [115.856171, 39.341149], [115.856644, 39.341159], [115.856741, 39.340512], [115.858516, 39.340498], [115.858408, 39.341684], [115.861389, 39.340228], [115.861417, 39.340777], [115.861469, 39.345944], [115.861485, 39.347822], [115.857165, 39.347774], [115.850828, 39.347805], [115.850097, 39.345815], [115.846509, 39.347508], [115.844163, 39.348573], [115.843938, 39.346865], [115.84123, 39.347187], [115.840703, 39.34725], [115.837313, 39.347327], [115.837232, 39.350145], [115.832797, 39.350661], [115.830841, 39.350888], [115.830798, 39.351376], [115.830722, 39.353531], [115.830927, 39.353632], [115.831131, 39.35364], [115.831584, 39.353741], [115.831916, 39.353882], [115.832475, 39.353974], [115.83227, 39.355782], [115.83368, 39.355752], [115.834552, 39.355629], [115.835811, 39.355399], [115.835993, 39.356668], [115.834562, 39.356806], [115.834595, 39.357155], [115.834056, 39.35717], [115.834067, 39.358224], [115.827403, 39.357728], [115.827403, 39.358317], [115.825198, 39.358412], [115.825164, 39.359158], [115.822553, 39.359038], [115.822033, 39.359014], [115.821872, 39.35883], [115.819222, 39.360028], [115.817738, 39.36068], [115.817393, 39.359925], [115.816446, 39.360064], [115.816532, 39.360438], [115.813274, 39.360794], [115.811729, 39.358795], [115.811457, 39.35852], [115.809174, 39.357823], [115.803698, 39.358009], [115.802947, 39.352105], [115.803373, 39.348534], [115.803147, 39.347259], [115.801644, 39.346533], [115.794501, 39.346242], [115.79478, 39.344665], [115.791011, 39.344684], [115.789358, 39.342071], [115.789091, 39.339157], [115.784366, 39.339264], [115.784132, 39.336218]], [[115.841517, 39.343477], [115.841626, 39.344348], [115.841539, 39.344497], [115.841712, 39.346081], [115.843368, 39.345885], [115.843336, 39.345578], [115.845853, 39.345342], [115.846144, 39.345244], [115.845961, 39.34385], [115.845197, 39.343948], [115.844918, 39.342646], [115.843885, 39.342702], [115.841679, 39.343121], [115.841658, 39.343419], [115.841517, 39.343477]]], [[[115.878788, 39.33746], [115.879025, 39.32721], [115.879959, 39.327201], [115.879971, 39.326954], [115.879025, 39.326963], [115.879084, 39.325581], [115.884834, 39.325672], [115.885225, 39.325645], [115.889508, 39.325269], [115.889579, 39.32797], [115.889544, 39.333825], [115.884647, 39.333805], [115.884674, 39.335553], [115.884288, 39.335816], [115.883445, 39.336351], [115.882548, 39.336767], [115.881705, 39.337051], [115.881248, 39.337204], [115.881275, 39.337502], [115.878788, 39.33746]]]]}, "properties": {"display_name": "军城街道, 高碑店市, 保定市, 河北省, 中国", "type": "administrative", "osm_type": "relation", "osm_id": 9799867, "class": null, "keyword": "subdistrict"}}, {"type": "Feature", "geometry": {"type": "Polygon", "coordinates": [[[115.869032, 39.343156], [115.869346, 39.341102], [115.869561, 39.34113], [115.869821, 39.338668], [115.871104, 39.338668], [115.871148, 39.338092], [115.873543, 39.33814], [115.873516, 39.338383], [115.874763, 39.338397], [115.874772, 39.33771], [115.875929, 39.337731], [115.875992, 39.337447], [115.878788, 39.33746], [115.881275, 39.337502], [115.881248, 39.337204], [115.881705, 39.337051], [115.882548, 39.336767], [115.883445, 39.336351], [115.884288, 39.335816], [115.884674, 39.335553], [115.884647, 39.333805], [115.889544, 39.333825], [115.889579, 39.32797], [115.890762, 39.327933], [115.890774, 39.328235], [115.893721, 39.328015], [115.894605, 39.327377], [115.89465, 39.328303], [115.895531, 39.328303], [115.895509, 39.329298], [115.896841, 39.329316], [115.896861, 39.331074], [115.898558, 39.331074], [115.902699, 39.331135], [115.902715, 39.330421], [115.904497, 39.330421], [115.904517, 39.329342], [115.908489, 39.329324], [115.908465, 39.333836], [115.914407, 39.333852], [115.914429, 39.335362], [115.91638, 39.335294], [115.916402, 39.336588], [115.920234, 39.336316], [115.925638, 39.335465], [115.925424, 39.333789], [115.937401, 39.333742], [115.942794, 39.333782], [115.942998, 39.36302], [115.944559, 39.36295], [115.944676, 39.364685], [115.947159, 39.364732], [115.94654, 39.366071], [115.940147, 39.366594], [115.934228, 39.368248], [115.932652, 39.373867], [115.917927, 39.374112], [115.913332, 39.37544], [115.902414, 39.37598], [115.901089, 39.37391], [115.89195, 39.374187], [115.894116, 39.378442], [115.888422, 39.378698], [115.883255, 39.380107], [115.883088, 39.377806], [115.881896, 39.377865], [115.881515, 39.37408], [115.884128, 39.373766], [115.884509, 39.373492], [115.888974, 39.371609], [115.887451, 39.368706], [115.883443, 39.361763], [115.881972, 39.359763], [115.878522, 39.355918], [115.874764, 39.35201], [115.878519, 39.352089], [115.878519, 39.349382], [115.874282, 39.349892], [115.873318, 39.348872], [115.873113, 39.346568], [115.873068, 39.345604], [115.871534, 39.34568], [115.871669, 39.344598], [115.870691, 39.344675], [115.870637, 39.344349], [115.87044, 39.344349], [115.870431, 39.343162], [115.869032, 39.343156]]]}, "properties": {"display_name": "北城街道, 高碑店市, 保定市, 河北省, 中国", "type": "administrative", "osm_type": "relation", "osm_id": 9799865, "class": null, "keyword": "subdistrict"}}, {"type": "Feature", "geometry": {"type": "Polygon", "coordinates": [[[115.915219, 39.475102], [115.915261, 39.471294], [115.916291, 39.471327], [115.916291, 39.46765], [115.919166, 39.467748], [115.92264, 39.467348], [115.923585, 39.465789], [115.929887, 39.464987], [115.940772, 39.464706], [115.94073, 39.463382], [115.938502, 39.460339], [115.933832, 39.454616], [115.933616, 39.452728], [115.933061, 39.450675], [115.932717, 39.448623], [115.932289, 39.446238], [115.931004, 39.442529], [115.930618, 39.439515], [115.933228, 39.439274], [115.935799, 39.439203], [115.937471, 39.438968], [115.939056, 39.437707], [115.941841, 39.437504], [115.944497, 39.437698], [115.945785, 39.437426], [115.946683, 39.437064], [115.94724, 39.436698], [115.947562, 39.437039], [115.948247, 39.437865], [115.949104, 39.437699], [115.949275, 39.438063], [115.949318, 39.438891], [115.950089, 39.438823], [115.950303, 39.439816], [115.949275, 39.439985], [115.954582, 39.448457], [115.956637, 39.447326], [115.957708, 39.446992], [115.958393, 39.446891], [115.959206, 39.446624], [115.959838, 39.446578], [115.960952, 39.44631], [115.961508, 39.446309], [115.962022, 39.445877], [115.962019, 39.445066], [115.962597, 39.444352], [115.963431, 39.444432], [115.964374, 39.444463], [115.965527, 39.444379], [115.965612, 39.445968], [115.966939, 39.446032], [115.967725, 39.44604], [115.967404, 39.449651], [115.968346, 39.449715], [115.967998, 39.453673], [115.968958, 39.453707], [115.968936, 39.454485], [115.971074, 39.454416], [115.971159, 39.455028], [115.971225, 39.456253], [115.971288, 39.458422], [115.971202, 39.46026], [115.970519, 39.460281], [115.968786, 39.460269], [115.968765, 39.460402], [115.968679, 39.460683], [115.967503, 39.46062], [115.967524, 39.460902], [115.96624, 39.460938], [115.966262, 39.462362], [115.966176, 39.462644], [115.96594, 39.46301], [115.967658, 39.465241], [115.976428, 39.476908], [115.979894, 39.481365], [115.981742, 39.48402], [115.980713, 39.483962], [115.972926, 39.48405], [115.964632, 39.484098], [115.962786, 39.484108], [115.962442, 39.48411], [115.956577, 39.484224], [115.956749, 39.485582], [115.95662, 39.487237], [115.956877, 39.488627], [115.957433, 39.48952], [115.957561, 39.490777], [115.957646, 39.49326], [115.95803, 39.496105], [115.956446, 39.498757], [115.955546, 39.501043], [115.956273, 39.503425], [115.957729, 39.5064], [115.957289, 39.509136], [115.950655, 39.505383], [115.94363, 39.498284], [115.943545, 39.494643], [115.940976, 39.49127], [115.933863, 39.486978], [115.927696, 39.480918], [115.924075, 39.47963], [115.924011, 39.475691], [115.921009, 39.475297], [115.915219, 39.475102]]]}, "properties": {"display_name": "桃园街道, 涿州市, 保定市, 河北省, 072750, 中国", "type": "administrative", "osm_type": "relation", "osm_id": 9796517, "class": null, "keyword": "subdistrict"}}, {"type": "Feature", "geometry": {"type": "MultiPolygon", "coordinates": [[[[115.869084, 39.312468], [115.869815, 39.312087], [115.871234, 39.310762], [115.872051, 39.31], [115.87403, 39.308077], [115.875411, 39.306862], [115.876051, 39.306358], [115.881773, 39.305416], [115.881171, 39.30697], [115.883581, 39.306919], [115.883179, 39.309819], [115.879694, 39.309802], [115.879598, 39.312523], [115.869084, 39.312468]]], [[[115.884647, 39.309993], [115.886318, 39.309904], [115.886547, 39.306674], [115.892201, 39.306888], [115.8922, 39.303767], [115.896456, 39.303964], [115.897224, 39.304088], [115.897303, 39.304364], [115.901268, 39.303872], [115.901503, 39.303083], [115.901181, 39.301869], [115.90063, 39.299787], [115.903617, 39.299632], [115.904131, 39.299187], [115.903795, 39.296262], [115.899758, 39.296546], [115.90104, 39.294263], [115.904302, 39.29398], [115.903889, 39.291559], [115.904421, 39.291177], [115.906386, 39.289989], [115.908319, 39.288206], [115.909596, 39.2874], [115.914798, 39.28422], [115.916589, 39.288588], [115.924845, 39.288532], [115.924757, 39.283985], [115.931201, 39.283847], [115.932828, 39.289187], [115.9339, 39.29289], [115.934329, 39.294151], [115.934689, 39.295354], [115.933672, 39.295388], [115.933242, 39.295389], [115.933189, 39.296509], [115.932503, 39.296876], [115.932612, 39.302187], [115.932783, 39.306519], [115.942508, 39.306475], [115.942572, 39.311022], [115.94261, 39.315498], [115.945857, 39.315519], [115.945877, 39.324698], [115.942755, 39.324655], [115.942818, 39.329282], [115.942794, 39.333782], [115.937401, 39.333742], [115.925424, 39.333789], [115.925638, 39.335465], [115.920234, 39.336316], [115.916402, 39.336588], [115.91638, 39.335294], [115.914429, 39.335362], [115.914407, 39.333852], [115.908465, 39.333836], [115.908489, 39.329324], [115.904517, 39.329342], [115.904497, 39.330421], [115.902715, 39.330421], [115.902699, 39.331135], [115.898558, 39.331074], [115.896861, 39.331074], [115.896841, 39.329316], [115.895509, 39.329298], [115.895531, 39.328303], [115.89465, 39.328303], [115.894605, 39.327377], [115.895722, 39.326532], [115.896946, 39.325669], [115.898776, 39.324493], [115.898862, 39.319098], [115.896629, 39.319131], [115.896543, 39.316028], [115.894031, 39.31606], [115.894099, 39.312632], [115.884821, 39.312528], [115.884647, 39.309993]]], [[[115.889805, 39.325188], [115.889831, 39.324756], [115.890691, 39.324656], [115.890755, 39.322134], [115.890691, 39.321537], [115.891915, 39.321521], [115.891936, 39.320973], [115.893676, 39.320974], [115.893698, 39.320592], [115.894922, 39.320593], [115.894943, 39.322252], [115.895008, 39.323529], [115.896661, 39.323529], [115.896725, 39.324603], [115.894196, 39.324877], [115.889805, 39.325188]]]]}, "properties": {"display_name": "东盛街道, 高碑店市, 保定市, 河北省, 中国", "type": "administrative", "osm_type": "relation", "osm_id": 9799866, "class": null, "keyword": "subdistrict"}}, {"type": "Feature", "geometry": {"type": "Polygon", "coordinates": [[[115.95406, 39.513051], [115.955323, 39.512963], [115.954895, 39.512021], [115.956435, 39.511919], [115.957289, 39.509136], [115.957729, 39.5064], [115.956273, 39.503425], [115.955546, 39.501043], [115.956446, 39.498757], [115.95803, 39.496105], [115.957646, 39.49326], [115.957561, 39.490777], [115.957433, 39.48952], [115.956877, 39.488627], [115.95662, 39.487237], [115.956749, 39.485582], [115.956577, 39.484224], [115.962442, 39.48411], [115.962786, 39.484108], [115.964632, 39.484098], [115.972926, 39.48405], [115.980713, 39.483962], [115.981742, 39.48402], [115.986512, 39.48389], [115.986616, 39.484733], [115.986704, 39.485446], [115.987035, 39.487489], [115.987217, 39.488608], [115.989462, 39.488369], [115.989868, 39.490702], [115.994481, 39.491635], [115.997347, 39.492322], [115.99739, 39.49295], [115.997711, 39.492965], [115.997711, 39.494191], [115.997069, 39.494242], [115.995785, 39.494147], [115.995721, 39.494959], [115.989156, 39.494168], [115.993836, 39.500654], [115.994381, 39.501751], [115.998582, 39.501462], [115.998604, 39.502058], [116.000784, 39.502034], [116.002516, 39.502095], [116.002344, 39.505571], [116.002319, 39.507213], [116.003131, 39.50726], [116.003025, 39.508005], [116.002276, 39.508024], [116.002256, 39.508273], [116.002191, 39.508506], [116.00234, 39.508821], [116.002939, 39.508819], [116.002533, 39.509515], [116.00234, 39.510956], [116.004158, 39.510953], [116.004456, 39.512924], [116.006359, 39.513035], [116.006401, 39.514673], [116.009673, 39.514548], [116.009908, 39.517378], [116.009865, 39.51847], [116.006743, 39.519455], [116.00702, 39.522219], [116.007148, 39.524252], [116.004817, 39.524623], [116.004389, 39.524773], [116.004517, 39.527089], [116.004519, 39.527569], [116.005759, 39.527433], [116.005802, 39.527962], [116.007855, 39.527923], [116.007534, 39.531183], [116.00324, 39.532224], [115.999134, 39.531438], [115.997295, 39.531146], [115.992847, 39.529803], [115.99135, 39.527986], [115.990452, 39.525773], [115.990356, 39.524312], [115.987105, 39.524636], [115.986935, 39.52318], [115.985065, 39.523306], [115.979116, 39.52392], [115.971885, 39.524636], [115.967924, 39.525061], [115.964714, 39.52535], [115.962127, 39.525606], [115.962187, 39.525545], [115.96208, 39.523939], [115.962101, 39.523195], [115.962278, 39.52099], [115.962278, 39.520229], [115.964311, 39.520174], [115.964204, 39.519099], [115.964225, 39.518106], [115.962064, 39.518062], [115.962172, 39.516473], [115.954616, 39.516242], [115.95406, 39.513051]]]}, "properties": {"display_name": "双塔街道, 涿州市, 保定市, 河北省, 中国", "type": "administrative", "osm_type": "relation", "osm_id": 9796516, "class": null, "keyword": "subdistrict"}}, {"type": "Feature", "geometry": {"type": "Polygon", "coordinates": [[[115.427972, 38.919289], [115.430231, 38.918788], [115.432235, 38.918283], [115.442471, 38.916029], [115.448764, 38.914703], [115.44882, 38.908797], [115.448846, 38.907003], [115.448874, 38.905036], [115.448671, 38.901864], [115.44697, 38.901786], [115.442851, 38.902563], [115.442865, 38.902053], [115.442898, 38.900859], [115.44293, 38.899575], [115.447156, 38.899527], [115.447675, 38.899521], [115.448006, 38.899517], [115.453368, 38.899624], [115.453466, 38.894417], [115.456527, 38.894458], [115.456827, 38.89576], [115.458291, 38.895788], [115.458227, 38.894328], [115.458098, 38.891699], [115.453568, 38.891705], [115.453565, 38.891046], [115.45157, 38.891001], [115.45135, 38.891008], [115.451261, 38.890599], [115.45159, 38.890453], [115.45159, 38.889316], [115.453578, 38.889364], [115.453712, 38.884688], [115.462223, 38.884737], [115.464461, 38.884785], [115.464434, 38.886589], [115.466538, 38.886597], [115.466504, 38.889598], [115.466487, 38.891789], [115.467424, 38.891781], [115.468966, 38.891795], [115.468832, 38.899834], [115.468713, 38.904714], [115.467988, 38.904768], [115.466506, 38.90488], [115.466098, 38.904854], [115.464795, 38.904968], [115.463869, 38.905082], [115.463944, 38.906618], [115.463979, 38.907871], [115.464007, 38.908862], [115.464266, 38.911642], [115.466167, 38.911611], [115.469887, 38.91155], [115.470499, 38.911541], [115.470191, 38.912791], [115.470097, 38.918286], [115.47421, 38.91831], [115.474169, 38.922461], [115.474914, 38.92254], [115.474873, 38.92397], [115.474043, 38.924135], [115.473942, 38.930827], [115.468132, 38.931595], [115.462877, 38.932522], [115.461273, 38.932764], [115.459616, 38.932506], [115.456947, 38.932984], [115.456876, 38.931957], [115.452523, 38.932268], [115.452332, 38.933552], [115.45088, 38.933762], [115.450858, 38.934363], [115.448025, 38.934791], [115.447924, 38.932634], [115.442181, 38.933098], [115.442213, 38.928953], [115.441119, 38.928902], [115.438361, 38.929343], [115.438175, 38.929106], [115.435928, 38.929339], [115.435646, 38.92878], [115.429355, 38.92918], [115.429022, 38.927354], [115.428859, 38.924543], [115.428316, 38.92158], [115.427972, 38.919289]]]}, "properties": {"display_name": "保定国家高新区, 竞秀区, 保定市, 河北省, 071000, 中国", "type": "administrative", "osm_type": "relation", "osm_id": 9810196, "class": null, "keyword": "district"}}, {"type": "Feature", "geometry": {"type": "MultiPolygon", "coordinates": [[[[115.840669, 39.316076], [115.841018, 39.314452], [115.841674, 39.313748], [115.841395, 39.312628], [115.843321, 39.312258], [115.845203, 39.313158], [115.846861, 39.313915], [115.847592, 39.314356], [115.84785, 39.314481], [115.848679, 39.314433], [115.850583, 39.314261], [115.852412, 39.314073], [115.854111, 39.313868], [115.855745, 39.313713], [115.857858, 39.313511], [115.857783, 39.311785], [115.860859, 39.311782], [115.860891, 39.311923], [115.862924, 39.311943], [115.862956, 39.312979], [115.865384, 39.312725], [115.86718, 39.31257], [115.867137, 39.31169], [115.868793, 39.311575], [115.868815, 39.312472], [115.869084, 39.312468], [115.879598, 39.312523], [115.879694, 39.309802], [115.883179, 39.309819], [115.883977, 39.310019], [115.884647, 39.309993], [115.884821, 39.312528], [115.894099, 39.312632], [115.894031, 39.31606], [115.896543, 39.316028], [115.896629, 39.319131], [115.898862, 39.319098], [115.898776, 39.324493], [115.896946, 39.325669], [115.895722, 39.326532], [115.894605, 39.327377], [115.893721, 39.328015], [115.890774, 39.328235], [115.890762, 39.327933], [115.889579, 39.32797], [115.889508, 39.325269], [115.885225, 39.325645], [115.884834, 39.325672], [115.879084, 39.325581], [115.879025, 39.326963], [115.879971, 39.326954], [115.879959, 39.327201], [115.879025, 39.32721], [115.878788, 39.33746], [115.875992, 39.337447], [115.875929, 39.337731], [115.874772, 39.33771], [115.874763, 39.338397], [115.873516, 39.338383], [115.873543, 39.33814], [115.871148, 39.338092], [115.871104, 39.338668], [115.869821, 39.338668], [115.869561, 39.34113], [115.869346, 39.341102], [115.869032, 39.343156], [115.870431, 39.343162], [115.87044, 39.344349], [115.870637, 39.344349], [115.870691, 39.344675], [115.871669, 39.344598], [115.871534, 39.34568], [115.873068, 39.345604], [115.873113, 39.346568], [115.873318, 39.348872], [115.874282, 39.349892], [115.878519, 39.349382], [115.878519, 39.352089], [115.874764, 39.35201], [115.870984, 39.348087], [115.866266, 39.348028], [115.866139, 39.348774], [115.865657, 39.348783], [115.865593, 39.349009], [115.864858, 39.349019], [115.864858, 39.34997], [115.861484, 39.349931], [115.861485, 39.347822], [115.861469, 39.345944], [115.861417, 39.340777], [115.861389, 39.340228], [115.858408, 39.341684], [115.858516, 39.340498], [115.856741, 39.340512], [115.856644, 39.341159], [115.856171, 39.341149], [115.856064, 39.342665], [115.855409, 39.342965], [115.854215, 39.342921], [115.854389, 39.339412], [115.854394, 39.339332], [115.852533, 39.339259], [115.852528, 39.338529], [115.854456, 39.338228], [115.854357, 39.337843], [115.853682, 39.335232], [115.854822, 39.335034], [115.854833, 39.334552], [115.854801, 39.334478], [115.855446, 39.334188], [115.855094, 39.333254], [115.855986, 39.33265], [115.855008, 39.332259], [115.854234, 39.331942], [115.853223, 39.331368], [115.853072, 39.331327], [115.852891, 39.331294], [115.852708, 39.331193], [115.851471, 39.330064], [115.850536, 39.329225], [115.849976, 39.328637], [115.849535, 39.328173], [115.849244, 39.327607], [115.848912, 39.326894], [115.848449, 39.325815], [115.847962, 39.32576], [115.846661, 39.325965], [115.845735, 39.324329], [115.845401, 39.324403], [115.845197, 39.323838], [115.845574, 39.323707], [115.845456, 39.323574], [115.845779, 39.323268], [115.847166, 39.322954], [115.845015, 39.320676], [115.844316, 39.319953], [115.840669, 39.316076]], [[115.889805, 39.325188], [115.894196, 39.324877], [115.896725, 39.324603], [115.896661, 39.323529], [115.895008, 39.323529], [115.894943, 39.322252], [115.894922, 39.320593], [115.893698, 39.320592], [115.893676, 39.320974], [115.891936, 39.320973], [115.891915, 39.321521], [115.890691, 39.321537], [115.890755, 39.322134], [115.890691, 39.324656], [115.889831, 39.324756], [115.889805, 39.325188]]], [[[115.841517, 39.343477], [115.841658, 39.343419], [115.841679, 39.343121], [115.843885, 39.342702], [115.844918, 39.342646], [115.845197, 39.343948], [115.845961, 39.34385], [115.846144, 39.345244], [115.845853, 39.345342], [115.843336, 39.345578], [115.843368, 39.345885], [115.841712, 39.346081], [115.841539, 39.344497], [115.841626, 39.344348], [115.841517, 39.343477]]]]}, "properties": {"display_name": "兴华路街道, 高碑店市, 保定市, 河北省, 074000, 中国", "type": "administrative", "osm_type": "relation", "osm_id": 9799869, "class": null, "keyword": "subdistrict"}}, {"type": "Feature", "geometry": {"type": "MultiPolygon", "coordinates": [[[[115.429377, 38.817749], [115.433378, 38.8177], [115.433415, 38.816679], [115.435388, 38.816639], [115.435399, 38.817061], [115.435402, 38.818282], [115.43544, 38.818719], [115.436616, 38.818693], [115.436504, 38.819395], [115.439091, 38.819349], [115.440197, 38.817736], [115.440808, 38.817776], [115.440801, 38.819347], [115.448812, 38.819077], [115.448764, 38.819687], [115.448689, 38.82043], [115.448581, 38.821438], [115.448468, 38.822745], [115.448393, 38.823304], [115.448331, 38.823952], [115.448269, 38.824612], [115.44822, 38.825134], [115.448101, 38.826316], [115.44916, 38.826327], [115.449145, 38.826573], [115.450978, 38.826581], [115.451757, 38.826578], [115.451858, 38.827995], [115.452027, 38.831344], [115.452392, 38.836225], [115.452477, 38.837645], [115.452483, 38.83784], [115.452606, 38.841552], [115.459342, 38.840766], [115.459598, 38.842027], [115.459638, 38.842217], [115.459751, 38.842771], [115.45988, 38.844224], [115.458739, 38.845374], [115.457063, 38.846511], [115.443074, 38.839711], [115.445049, 38.835522], [115.445049, 38.828896], [115.440605, 38.829452], [115.43605, 38.829623], [115.433197, 38.829538], [115.432648, 38.828512], [115.435666, 38.823852], [115.429626, 38.823481], [115.429511, 38.819761], [115.429413, 38.819338], [115.429377, 38.817749]]], [[[115.464, 38.832848], [115.467412, 38.832113], [115.466077, 38.825809], [115.470772, 38.82512], [115.473992, 38.823825], [115.472947, 38.829562], [115.469038, 38.82946], [115.469372, 38.831833], [115.470459, 38.834058], [115.47062, 38.834803], [115.472171, 38.834589], [115.47217, 38.836378], [115.469629, 38.836663], [115.469866, 38.838954], [115.469102, 38.839227], [115.469888, 38.84211], [115.495593, 38.840257], [115.496115, 38.841728], [115.496361, 38.842464], [115.497104, 38.842434], [115.497535, 38.844064], [115.498713, 38.843942], [115.49871, 38.844333], [115.498441, 38.845698], [115.49277, 38.846438], [115.492888, 38.847552], [115.493232, 38.847546], [115.493091, 38.848189], [115.492434, 38.848321], [115.492725, 38.848555], [115.492973, 38.848615], [115.493016, 38.849066], [115.493704, 38.849068], [115.493726, 38.849193], [115.493694, 38.850087], [115.493285, 38.850262], [115.49336, 38.850947], [115.49201, 38.851018], [115.490572, 38.851306], [115.489984, 38.851322], [115.489122, 38.851189], [115.488389, 38.851076], [115.485319, 38.851326], [115.484144, 38.851408], [115.483145, 38.851653], [115.482465, 38.85177], [115.482027, 38.851722], [115.480815, 38.851362], [115.48026, 38.851395], [115.4793, 38.851847], [115.478415, 38.85177], [115.477468, 38.852024], [115.476752, 38.852137], [115.476086, 38.851862], [115.475152, 38.851965], [115.474304, 38.851924], [115.474256, 38.850299], [115.471615, 38.850538], [115.471022, 38.850512], [115.470043, 38.850137], [115.469489, 38.847667], [115.46909, 38.846129], [115.468989, 38.845737], [115.468499, 38.845771], [115.467816, 38.842379], [115.467791, 38.842255], [115.467341, 38.840035], [115.465516, 38.840389], [115.464, 38.832848]], [[115.476579, 38.845858], [115.476886, 38.847317], [115.477112, 38.848529], [115.477124, 38.848528], [115.479632, 38.848303], [115.479847, 38.84969], [115.480127, 38.849716], [115.480245, 38.850218], [115.482119, 38.850057], [115.482108, 38.849614], [115.483146, 38.849663], [115.484554, 38.84973], [115.488266, 38.84949], [115.488229, 38.849293], [115.488165, 38.848955], [115.487901, 38.84756], [115.486328, 38.847697], [115.486284, 38.847146], [115.485057, 38.847109], [115.48394, 38.84711], [115.482419, 38.84748], [115.481822, 38.845695], [115.481138, 38.845634], [115.481245, 38.845199], [115.480861, 38.845157], [115.480606, 38.845167], [115.479267, 38.845219], [115.47943, 38.845578], [115.476579, 38.845858]]], [[[115.470339, 38.802184], [115.470555, 38.798475], [115.47469, 38.798251], [115.474404, 38.79673], [115.482005, 38.796279], [115.482314, 38.800169], [115.486274, 38.800116], [115.486368, 38.797065], [115.489484, 38.797182], [115.489484, 38.796166], [115.489545, 38.795238], [115.493494, 38.795265], [115.49357, 38.796972], [115.492502, 38.802079], [115.489636, 38.801906], [115.478005, 38.801772], [115.473483, 38.801825], [115.470339, 38.802184]]], [[[115.485519, 38.828984], [115.486036, 38.828], [115.485993, 38.827448], [115.487254, 38.827486], [115.487286, 38.828011], [115.489408, 38.827994], [115.489322, 38.82608], [115.490324, 38.82605], [115.490292, 38.825407], [115.491153, 38.825392], [115.49124, 38.825084], [115.492499, 38.825079], [115.493996, 38.825075], [115.499899, 38.824922], [115.499763, 38.8275], [115.493707, 38.827385], [115.493652, 38.827972], [115.49356, 38.828995], [115.493415, 38.831025], [115.492973, 38.830995], [115.49318, 38.832619], [115.491887, 38.832732], [115.491855, 38.832594], [115.491796, 38.832175], [115.490292, 38.832473], [115.490103, 38.831833], [115.491744, 38.831804], [115.491246, 38.828245], [115.488018, 38.828281], [115.488029, 38.828924], [115.487188, 38.829155], [115.486908, 38.829038], [115.485851, 38.828997], [115.485519, 38.828984]]], [[[115.49081, 38.836098], [115.490859, 38.83558], [115.492092, 38.835425], [115.492481, 38.835378], [115.49298, 38.835317], [115.493055, 38.835827], [115.493123, 38.836276], [115.493246, 38.837107], [115.49252, 38.837185], [115.492531, 38.836378], [115.492178, 38.836389], [115.492005, 38.836001], [115.49081, 38.836098]]], [[[115.49095, 38.817214], [115.493019, 38.816285], [115.493385, 38.819076], [115.495948, 38.819008], [115.496012, 38.819649], [115.493384, 38.819689], [115.491208, 38.819721], [115.49095, 38.817214]]]]}, "properties": {"display_name": "南关街道, 莲池区, 保定市, 河北省, 071000, 中国", "type": "administrative", "osm_type": "relation", "osm_id": 9809745, "class": null, "keyword": "subdistrict"}}, {"type": "Feature", "geometry": {"type": "MultiPolygon", "coordinates": [[[[115.483791, 38.885059], [115.483895, 38.884331], [115.484311, 38.884382], [115.48435, 38.881549], [115.489287, 38.881573], [115.490169, 38.881614], [115.490641, 38.881573], [115.491149, 38.881462], [115.497859, 38.879235], [115.498295, 38.879124], [115.499035, 38.878979], [115.502055, 38.878465], [115.510921, 38.876863], [115.509932, 38.876155], [115.511771, 38.876263], [115.511966, 38.874603], [115.512923, 38.87467], [115.513024, 38.87421], [115.513468, 38.874131], [115.51346, 38.873768], [115.513569, 38.873162], [115.513833, 38.87298], [115.513888, 38.87255], [115.516393, 38.87341], [115.518011, 38.873961], [115.519653, 38.874476], [115.520236, 38.874597], [115.520509, 38.874628], [115.522127, 38.874597], [115.522119, 38.87547], [115.525712, 38.875493], [115.525805, 38.876806], [115.526246, 38.880069], [115.526439, 38.882156], [115.52659, 38.883175], [115.525018, 38.885224], [115.523639, 38.887107], [115.522562, 38.888622], [115.520772, 38.888962], [115.519986, 38.887699], [115.518953, 38.88596], [115.518094, 38.884621], [115.517206, 38.883181], [115.514079, 38.883847], [115.511023, 38.884498], [115.505465, 38.885166], [115.504512, 38.885291], [115.501608, 38.885705], [115.499541, 38.88428], [115.49939, 38.884546], [115.499541, 38.88523], [115.499929, 38.886601], [115.498308, 38.886727], [115.49827, 38.88673], [115.498204, 38.888281], [115.497342, 38.888293], [115.497417, 38.889878], [115.500962, 38.889925], [115.501846, 38.893313], [115.507813, 38.892012], [115.511841, 38.895729], [115.510849, 38.895992], [115.508847, 38.896522], [115.50833, 38.896019], [115.506886, 38.896399], [115.503009, 38.897305], [115.502492, 38.895567], [115.501888, 38.89345], [115.496028, 38.894868], [115.496652, 38.898057], [115.499755, 38.897683], [115.499798, 38.898218], [115.500185, 38.899754], [115.500422, 38.900923], [115.500659, 38.901157], [115.50061, 38.901165], [115.497362, 38.901698], [115.497398, 38.901889], [115.497836, 38.90427], [115.497924, 38.904605], [115.498568, 38.907043], [115.494474, 38.907865], [115.489822, 38.908886], [115.489262, 38.906314], [115.483863, 38.907421], [115.483894, 38.903511], [115.484013, 38.899571], [115.484023, 38.89925], [115.484157, 38.894776], [115.484174, 38.892666], [115.484262, 38.886702], [115.484355, 38.885041], [115.483791, 38.885059]], [[115.484572, 38.899688], [115.485096, 38.903351], [115.4883, 38.90312], [115.48914, 38.906109], [115.489701, 38.906245], [115.493578, 38.905438], [115.492877, 38.902503], [115.49248, 38.900845], [115.491963, 38.898992], [115.487971, 38.899368], [115.484572, 38.899688]]], [[[115.529314, 38.875623], [115.529386, 38.874488], [115.530257, 38.874476], [115.530296, 38.873786], [115.531676, 38.873778], [115.531664, 38.875708], [115.529314, 38.875623]]]]}, "properties": {"display_name": "五四路街道, 莲池区, 保定市, 河北省, 071000, 中国", "type": "administrative", "osm_type": "relation", "osm_id": 9809746, "class": null, "keyword": "subdistrict"}}, {"type": "Feature", "geometry": {"type": "MultiPolygon", "coordinates": [[[[115.502331, 38.858582], [115.503133, 38.858458], [115.504541, 38.858367], [115.509752, 38.858478], [115.509999, 38.858461], [115.511634, 38.858109], [115.515538, 38.857181], [115.51772, 38.857023], [115.51785, 38.858039], [115.518695, 38.858016], [115.518748, 38.858426], [115.51891, 38.858435], [115.518925, 38.858852], [115.518689, 38.858864], [115.518689, 38.85906], [115.51916, 38.859022], [115.51915, 38.859356], [115.51896, 38.859886], [115.518895, 38.860345], [115.521046, 38.860225], [115.521073, 38.86029], [115.521673, 38.860227], [115.52234, 38.860068], [115.522308, 38.859667], [115.523322, 38.859654], [115.524407, 38.859553], [115.524297, 38.859148], [115.523347, 38.85562], [115.523931, 38.855607], [115.52565, 38.855572], [115.526558, 38.855553], [115.530071, 38.857273], [115.530488, 38.857258], [115.529864, 38.85938], [115.529368, 38.859454], [115.529594, 38.861248], [115.529831, 38.863678], [115.529906, 38.86407], [115.529928, 38.864229], [115.529864, 38.865122], [115.527871, 38.865083], [115.527881, 38.865268], [115.528633, 38.865453], [115.529172, 38.865526], [115.529274, 38.865576], [115.529844, 38.865677], [115.530926, 38.865944], [115.530937, 38.866404], [115.530905, 38.867551], [115.530873, 38.868253], [115.528546, 38.868226], [115.528525, 38.869083], [115.528498, 38.870719], [115.530565, 38.870851], [115.531766, 38.870908], [115.531676, 38.873778], [115.530296, 38.873786], [115.530257, 38.874476], [115.529386, 38.874488], [115.529314, 38.875623], [115.525712, 38.875493], [115.522119, 38.87547], [115.522127, 38.874597], [115.520509, 38.874628], [115.520236, 38.874597], [115.519653, 38.874476], [115.518011, 38.873961], [115.516393, 38.87341], [115.513888, 38.87255], [115.513833, 38.87298], [115.513569, 38.873162], [115.51346, 38.873768], [115.513468, 38.874131], [115.513024, 38.87421], [115.512923, 38.87467], [115.511966, 38.874603], [115.511771, 38.876263], [115.509932, 38.876155], [115.509496, 38.875725], [115.508703, 38.874837], [115.508257, 38.874276], [115.507936, 38.873811], [115.506092, 38.871077], [115.50406, 38.867914], [115.503837, 38.867477], [115.503739, 38.867116], [115.502697, 38.859616], [115.502331, 38.858582]]], [[[115.565505, 38.878565], [115.568632, 38.878287], [115.569005, 38.880826], [115.567156, 38.880991], [115.566941, 38.879522], [115.565662, 38.879635], [115.565505, 38.878565]]], [[[115.572599, 38.875873], [115.575389, 38.875625], [115.575542, 38.876672], [115.572753, 38.87692], [115.572599, 38.875873]]]]}, "properties": {"display_name": "东关街道, 莲池区, 保定市, 河北省, 071000, 中国", "type": "administrative", "osm_type": "relation", "osm_id": 9809737, "class": null, "keyword": "subdistrict"}}, {"type": "Feature", "geometry": {"type": "MultiPolygon", "coordinates": [[[[115.462223, 38.884737], [115.462301, 38.880939], [115.462328, 38.877], [115.469135, 38.877117], [115.476122, 38.87708], [115.483953, 38.875431], [115.485409, 38.879274], [115.485315, 38.879694], [115.48435, 38.881549], [115.484311, 38.884382], [115.483895, 38.884331], [115.483791, 38.885059], [115.484355, 38.885041], [115.484262, 38.886702], [115.484174, 38.892666], [115.481333, 38.892644], [115.481382, 38.890813], [115.480797, 38.890835], [115.479877, 38.890866], [115.479774, 38.890678], [115.478897, 38.890688], [115.478864, 38.890584], [115.478014, 38.890606], [115.47803, 38.889705], [115.47668, 38.889705], [115.476648, 38.890586], [115.476659, 38.891237], [115.475469, 38.891251], [115.475513, 38.890837], [115.475846, 38.890863], [115.475776, 38.890571], [115.474791, 38.890509], [115.474756, 38.892194], [115.47468, 38.894582], [115.472918, 38.894589], [115.471977, 38.894593], [115.47195, 38.895532], [115.473635, 38.895569], [115.473689, 38.8964], [115.47364, 38.897912], [115.473592, 38.899235], [115.47371, 38.899243], [115.473732, 38.899886], [115.472305, 38.899872], [115.472295, 38.900198], [115.474033, 38.900245], [115.474055, 38.901137], [115.473219, 38.901125], [115.473242, 38.901697], [115.474463, 38.90158], [115.474465, 38.902006], [115.47447, 38.903207], [115.474474, 38.904226], [115.472245, 38.904416], [115.472238, 38.903209], [115.472233, 38.902336], [115.471221, 38.902384], [115.471456, 38.900535], [115.47102, 38.900527], [115.47107, 38.89988], [115.468832, 38.899834], [115.468966, 38.891795], [115.467424, 38.891781], [115.467456, 38.890369], [115.468135, 38.890363], [115.468165, 38.889594], [115.466504, 38.889598], [115.466538, 38.886597], [115.464434, 38.886589], [115.464461, 38.884785], [115.462223, 38.884737]]], [[[115.470097, 38.918286], [115.470191, 38.912791], [115.476207, 38.912635], [115.479411, 38.912832], [115.479619, 38.918311], [115.47918, 38.920018], [115.476474, 38.919672], [115.477401, 38.922542], [115.47679, 38.922561], [115.474914, 38.92254], [115.474169, 38.922461], [115.47421, 38.91831], [115.470097, 38.918286]]], [[[115.480444, 38.894681], [115.484157, 38.894776], [115.484023, 38.89925], [115.482968, 38.899244], [115.483045, 38.898264], [115.481758, 38.89811], [115.480508, 38.897923], [115.480487, 38.896589], [115.480444, 38.894681]]]]}, "properties": {"display_name": "韩村北路街道, 竞秀区, 保定市, 河北省, 071000, 中国", "type": "administrative", "osm_type": "relation", "osm_id": 9810201, "class": null, "keyword": "subdistrict"}}, {"type": "Feature", "geometry": {"type": "MultiPolygon", "coordinates": [[[[115.393344, 38.866629], [115.393358, 38.864804], [115.394814, 38.864832], [115.394788, 38.865443], [115.395919, 38.86545], [115.39591, 38.866144], [115.395572, 38.866227], [115.395251, 38.866622], [115.393344, 38.866629]]], [[[115.425497, 38.870747], [115.425615, 38.867533], [115.426786, 38.867567], [115.426861, 38.866181], [115.428294, 38.86612], [115.430748, 38.866147], [115.433293, 38.866201], [115.434055, 38.866156], [115.435249, 38.86579], [115.435168, 38.864678], [115.43456, 38.864598], [115.434523, 38.863993], [115.435136, 38.86398], [115.435098, 38.863505], [115.436046, 38.863411], [115.436103, 38.864167], [115.437752, 38.86398], [115.43774, 38.863189], [115.440739, 38.862793], [115.441658, 38.862659], [115.441631, 38.863393], [115.442383, 38.863386], [115.442278, 38.864412], [115.443054, 38.864436], [115.442958, 38.865889], [115.444055, 38.865916], [115.444157, 38.864563], [115.444166, 38.864486], [115.44428, 38.863553], [115.444417, 38.862135], [115.445236, 38.861899], [115.448597, 38.86088], [115.452743, 38.859383], [115.458621, 38.85734], [115.460056, 38.85691], [115.461704, 38.856486], [115.462702, 38.858873], [115.462764, 38.859158], [115.462328, 38.877], [115.44697, 38.876775], [115.447, 38.876098], [115.446941, 38.874568], [115.446323, 38.874597], [115.446349, 38.874038], [115.445893, 38.874007], [115.445899, 38.873121], [115.445818, 38.872637], [115.444796, 38.872636], [115.444765, 38.873082], [115.444082, 38.873101], [115.444061, 38.873243], [115.444061, 38.873327], [115.443588, 38.873343], [115.443598, 38.872579], [115.443609, 38.871672], [115.444577, 38.871164], [115.444432, 38.870634], [115.443949, 38.870619], [115.443733, 38.870612], [115.443585, 38.870471], [115.443069, 38.870495], [115.443025, 38.87133], [115.442584, 38.871308], [115.441639, 38.871223], [115.436238, 38.871185], [115.43611, 38.870951], [115.433742, 38.870865], [115.43239, 38.870796], [115.4324, 38.871326], [115.431837, 38.871334], [115.430015, 38.871314], [115.430037, 38.870116], [115.431725, 38.870147], [115.431703, 38.86902], [115.430007, 38.869043], [115.429066, 38.869046], [115.429066, 38.870463], [115.429045, 38.871289], [115.425504, 38.871263], [115.425497, 38.870747]]], [[[115.428565, 38.873541], [115.428775, 38.872626], [115.430371, 38.87229], [115.430494, 38.87291], [115.430402, 38.873564], [115.428565, 38.873541]]]]}, "properties": {"display_name": "先锋街道, 竞秀区, 保定市, 河北省, 071000, 中国", "type": "administrative", "osm_type": "relation", "osm_id": 9810206, "class": null, "keyword": "subdistrict"}}, {"type": "Feature", "geometry": {"type": "MultiPolygon", "coordinates": [[[[115.412474, 38.865868], [115.418561, 38.865637], [115.41839, 38.861897], [115.417133, 38.862162], [115.416929, 38.861421], [115.416994, 38.858575], [115.418734, 38.856197], [115.422332, 38.856643], [115.422407, 38.857486], [115.423686, 38.857537], [115.423696, 38.860666], [115.422557, 38.860973], [115.422557, 38.865114], [115.423084, 38.865223], [115.423307, 38.86812], [115.422075, 38.868278], [115.422412, 38.86999], [115.418115, 38.87007], [115.416053, 38.870118], [115.415066, 38.870118], [115.414959, 38.869517], [115.414831, 38.868449], [115.414376, 38.868455], [115.412896, 38.868475], [115.412533, 38.86848], [115.412474, 38.865868]]], [[[115.428763, 38.859916], [115.432138, 38.859094], [115.432235, 38.861348], [115.433428, 38.861217], [115.435319, 38.860976], [115.435351, 38.859398], [115.436147, 38.859425], [115.43619, 38.859108], [115.437319, 38.858868], [115.437513, 38.859735], [115.436545, 38.859977], [115.436577, 38.860686], [115.437545, 38.860688], [115.439802, 38.8606], [115.439838, 38.861896], [115.440568, 38.861824], [115.440739, 38.862793], [115.43774, 38.863189], [115.436046, 38.863411], [115.435098, 38.863505], [115.43376, 38.863672], [115.433631, 38.86287], [115.431474, 38.863032], [115.431033, 38.86312], [115.430781, 38.861496], [115.428911, 38.861644], [115.428902, 38.861478], [115.428763, 38.859916]]], [[[115.43152, 38.853586], [115.431617, 38.852851], [115.431596, 38.851857], [115.435583, 38.851879], [115.43568, 38.851436], [115.434664, 38.851383], [115.431725, 38.85123], [115.432005, 38.848099], [115.43596, 38.848321], [115.435929, 38.848656], [115.43581, 38.849941], [115.43996, 38.850098], [115.440081, 38.848288], [115.440154, 38.847183], [115.440477, 38.846799], [115.440713, 38.846734], [115.442622, 38.846909], [115.4458, 38.8472], [115.446004, 38.846022], [115.442735, 38.845811], [115.440304, 38.845654], [115.440222, 38.844411], [115.440122, 38.842905], [115.442994, 38.842191], [115.443725, 38.840246], [115.446414, 38.841988], [115.446412, 38.842007], [115.44621, 38.843952], [115.446016, 38.845806], [115.447952, 38.84606], [115.448296, 38.844708], [115.449103, 38.844809], [115.449028, 38.84557], [115.449878, 38.845713], [115.450179, 38.84442], [115.451448, 38.844839], [115.451384, 38.845658], [115.453998, 38.846124], [115.453933, 38.846883], [115.453137, 38.846831], [115.45304, 38.848192], [115.450931, 38.847562], [115.451082, 38.846593], [115.446134, 38.845958], [115.4458, 38.848889], [115.445822, 38.848899], [115.446006, 38.84891], [115.447628, 38.84901], [115.447543, 38.850396], [115.448156, 38.850581], [115.448758, 38.85054], [115.448877, 38.850883], [115.450361, 38.850878], [115.450318, 38.85051], [115.451383, 38.850538], [115.452642, 38.850465], [115.454471, 38.850377], [115.454439, 38.852124], [115.454385, 38.854621], [115.455289, 38.854932], [115.456085, 38.854508], [115.456871, 38.854], [115.456946, 38.853432], [115.460079, 38.852604], [115.460047, 38.852093], [115.461109, 38.848712], [115.462087, 38.849266], [115.467314, 38.85499], [115.461704, 38.856486], [115.460056, 38.85691], [115.458621, 38.85734], [115.452743, 38.859383], [115.452631, 38.85917], [115.448664, 38.859607], [115.444797, 38.860034], [115.444862, 38.859174], [115.443863, 38.859289], [115.443981, 38.859815], [115.444562, 38.8598], [115.44454, 38.860894], [115.442722, 38.861116], [115.44254, 38.860081], [115.44241, 38.859404], [115.443013, 38.859338], [115.442981, 38.858127], [115.441421, 38.8582], [115.441581, 38.85945], [115.442292, 38.859411], [115.442583, 38.861182], [115.440765, 38.861296], [115.440142, 38.857513], [115.441368, 38.85708], [115.44411, 38.856475], [115.444917, 38.857029], [115.445078, 38.855328], [115.44503, 38.855345], [115.440088, 38.857114], [115.439927, 38.853198], [115.441034, 38.853217], [115.441045, 38.851754], [115.437397, 38.851584], [115.437358, 38.851582], [115.437389, 38.854137], [115.435443, 38.854226], [115.435475, 38.8535], [115.43152, 38.853586]]]]}, "properties": {"display_name": "建南街道, 竞秀区, 保定市, 河北省, 071000, 中国", "type": "administrative", "osm_type": "relation", "osm_id": 9810203, "class": null, "keyword": "subdistrict"}}, {"type": "Feature", "geometry": {"type": "MultiPolygon", "coordinates": [[[[115.420665, 38.892152], [115.420737, 38.890338], [115.421439, 38.889732], [115.422783, 38.88886], [115.423091, 38.892096], [115.420665, 38.892152]]], [[[115.424916, 38.880433], [115.426803, 38.88043], [115.431793, 38.880424], [115.431761, 38.882952], [115.429816, 38.883001], [115.428794, 38.882574], [115.427237, 38.882705], [115.426205, 38.882328], [115.424916, 38.880433]]], [[[115.428565, 38.873541], [115.428775, 38.872626], [115.430371, 38.87229], [115.432028, 38.87213], [115.432794, 38.872167], [115.433312, 38.872357], [115.433694, 38.872556], [115.434088, 38.872908], [115.434309, 38.873271], [115.434407, 38.873666], [115.434424, 38.874271], [115.435165, 38.874433], [115.43557, 38.874695], [115.435557, 38.875363], [115.436013, 38.875501], [115.436029, 38.876712], [115.436394, 38.876559], [115.437969, 38.875744], [115.438606, 38.876016], [115.441187, 38.876196], [115.440922, 38.877149], [115.440842, 38.878099], [115.441124, 38.878097], [115.444097, 38.878105], [115.444145, 38.877747], [115.444679, 38.877759], [115.444732, 38.876928], [115.44565, 38.876947], [115.445682, 38.87708], [115.446655, 38.877127], [115.446707, 38.876797], [115.44697, 38.876775], [115.462328, 38.877], [115.462301, 38.880939], [115.462223, 38.884737], [115.453712, 38.884688], [115.453578, 38.889364], [115.45159, 38.889316], [115.45159, 38.890453], [115.451261, 38.890599], [115.45135, 38.891008], [115.45157, 38.891001], [115.451717, 38.891554], [115.452917, 38.891624], [115.45291, 38.892484], [115.451426, 38.892831], [115.450151, 38.893129], [115.45018, 38.891781], [115.448653, 38.891791], [115.447056, 38.892225], [115.44702, 38.892235], [115.446542, 38.891971], [115.446327, 38.891298], [115.445392, 38.891338], [115.445333, 38.890812], [115.444085, 38.89099], [115.443209, 38.891008], [115.443059, 38.892419], [115.440553, 38.893666], [115.440584, 38.892277], [115.440618, 38.890771], [115.44059, 38.890667], [115.440532, 38.890443], [115.44055, 38.888659], [115.440554, 38.888269], [115.440587, 38.884876], [115.442426, 38.884941], [115.442464, 38.88452], [115.440619, 38.884422], [115.440074, 38.884421], [115.439461, 38.88442], [115.438489, 38.884418], [115.437577, 38.884417], [115.4376, 38.883707], [115.437631, 38.882785], [115.436137, 38.882751], [115.436008, 38.883236], [115.434137, 38.883358], [115.434094, 38.881655], [115.433052, 38.881738], [115.432998, 38.880727], [115.437997, 38.880709], [115.437798, 38.882731], [115.438889, 38.882632], [115.438904, 38.882459], [115.438985, 38.881523], [115.439792, 38.880764], [115.442964, 38.880978], [115.443634, 38.881002], [115.443635, 38.880837], [115.436674, 38.880253], [115.432451, 38.880172], [115.432382, 38.879703], [115.43191, 38.879677], [115.431803, 38.878954], [115.431819, 38.87742], [115.431808, 38.874925], [115.431239, 38.874889], [115.430626, 38.874926], [115.430312, 38.874741], [115.430215, 38.873918], [115.430402, 38.873564], [115.428565, 38.873541]], [[115.443327, 38.884709], [115.443881, 38.884697], [115.447069, 38.884737], [115.447067, 38.884556], [115.447445, 38.884553], [115.447552, 38.882698], [115.446863, 38.882648], [115.446847, 38.882731], [115.446407, 38.882738], [115.446428, 38.882654], [115.446052, 38.882658], [115.445993, 38.882478], [115.445499, 38.882469], [115.44544, 38.882919], [115.444902, 38.882885], [115.44492, 38.882492], [115.444269, 38.882475], [115.443392, 38.882202], [115.443327, 38.884709]]]]}, "properties": {"display_name": "东风街道, 竞秀区, 保定市, 河北省, 071000, 中国", "type": "administrative", "osm_type": "relation", "osm_id": 9810207, "class": null, "keyword": "subdistrict"}}, {"type": "Feature", "geometry": {"type": "MultiPolygon", "coordinates": [[[[115.492434, 38.848321], [115.493091, 38.848189], [115.493232, 38.847546], [115.492888, 38.847552], [115.49277, 38.846438], [115.498441, 38.845698], [115.49871, 38.844333], [115.500544, 38.844404], [115.500565, 38.844405], [115.500936, 38.844456], [115.504242, 38.843831], [115.503756, 38.845438], [115.505426, 38.845196], [115.506296, 38.845065], [115.506904, 38.844955], [115.506963, 38.84513], [115.507938, 38.845003], [115.508153, 38.845906], [115.511303, 38.845478], [115.512097, 38.845371], [115.512178, 38.845867], [115.51331, 38.845719], [115.513729, 38.845554], [115.513526, 38.845186], [115.51208, 38.845281], [115.511946, 38.844585], [115.51221, 38.844498], [115.512183, 38.844014], [115.511528, 38.842262], [115.513532, 38.841799], [115.513457, 38.841532], [115.514038, 38.841384], [115.515083, 38.841069], [115.51714, 38.84449], [115.516709, 38.845016], [115.519305, 38.84494], [115.519617, 38.845409], [115.521243, 38.845196], [115.521168, 38.844519], [115.521749, 38.844416], [115.522047, 38.844363], [115.526284, 38.843607], [115.526769, 38.84354], [115.527232, 38.843492], [115.527404, 38.843467], [115.527643, 38.844035], [115.527878, 38.844596], [115.528022, 38.84486], [115.528212, 38.845206], [115.530603, 38.844352], [115.531593, 38.846953], [115.529094, 38.84734], [115.529266, 38.848026], [115.528922, 38.848092], [115.527823, 38.848164], [115.527963, 38.849784], [115.525981, 38.849981], [115.525292, 38.850025], [115.525374, 38.85084], [115.526117, 38.850796], [115.52616, 38.851251], [115.527484, 38.851125], [115.529055, 38.850946], [115.52919, 38.852019], [115.526325, 38.852167], [115.52408, 38.852272], [115.523443, 38.852331], [115.522485, 38.852419], [115.521364, 38.852492], [115.519534, 38.852611], [115.519642, 38.853054], [115.521052, 38.852908], [115.522481, 38.85276], [115.524109, 38.85259], [115.524178, 38.853338], [115.524216, 38.853535], [115.524221, 38.853752], [115.524264, 38.854408], [115.523064, 38.854605], [115.523144, 38.855044], [115.523661, 38.85495], [115.524049, 38.854917], [115.523931, 38.855607], [115.523347, 38.85562], [115.522795, 38.85563], [115.521563, 38.855595], [115.521538, 38.855734], [115.520335, 38.856071], [115.520248, 38.856287], [115.519605, 38.856302], [115.51957, 38.856911], [115.518057, 38.857012], [115.51772, 38.857023], [115.515538, 38.857181], [115.511634, 38.858109], [115.511435, 38.857171], [115.511318, 38.856485], [115.511209, 38.855851], [115.512149, 38.855707], [115.51245, 38.855649], [115.512343, 38.855315], [115.511954, 38.855364], [115.511869, 38.854905], [115.511394, 38.854987], [115.51091, 38.855069], [115.510743, 38.854633], [115.511351, 38.854469], [115.511749, 38.854412], [115.511556, 38.853852], [115.5112, 38.853952], [115.510553, 38.854138], [115.509951, 38.853194], [115.510249, 38.853102], [115.510151, 38.852864], [115.510442, 38.852806], [115.510523, 38.85294], [115.510695, 38.852903], [115.510739, 38.852987], [115.510836, 38.853204], [115.511315, 38.853109], [115.511272, 38.852933], [115.5118, 38.852877], [115.512085, 38.852823], [115.511987, 38.852158], [115.511929, 38.851774], [115.511709, 38.850634], [115.511579, 38.85022], [115.512247, 38.850126], [115.512107, 38.849295], [115.511396, 38.849534], [115.510452, 38.849649], [115.510264, 38.848596], [115.510732, 38.848501], [115.510561, 38.847983], [115.509919, 38.848332], [115.509639, 38.847971], [115.508433, 38.848636], [115.5074, 38.849223], [115.507927, 38.850059], [115.508519, 38.84981], [115.50874, 38.849994], [115.508923, 38.850237], [115.508269, 38.850557], [115.507538, 38.850659], [115.507223, 38.850743], [115.506952, 38.850895], [115.505963, 38.851695], [115.50568, 38.85193], [115.505485, 38.85219], [115.505441, 38.852416], [115.505107, 38.852411], [115.504193, 38.852494], [115.502936, 38.852668], [115.502803, 38.852439], [115.502509, 38.851342], [115.501992, 38.850614], [115.501021, 38.850572], [115.500522, 38.850461], [115.49972, 38.850128], [115.499319, 38.849983], [115.498803, 38.849941], [115.498331, 38.850017], [115.497823, 38.850218], [115.497324, 38.85042], [115.496638, 38.8506], [115.495845, 38.850739], [115.494758, 38.850836], [115.49336, 38.850947], [115.493285, 38.850262], [115.493694, 38.850087], [115.493726, 38.849193], [115.493704, 38.849068], [115.493016, 38.849066], [115.492973, 38.848615], [115.492725, 38.848555], [115.492434, 38.848321]], [[115.514065, 38.84919], [115.514076, 38.84954], [115.51428, 38.850635], [115.514873, 38.850653], [115.51484, 38.851013], [115.515669, 38.851073], [115.51624, 38.8511], [115.516219, 38.851376], [115.517124, 38.851445], [115.517167, 38.851821], [115.517823, 38.851864], [115.517705, 38.852407], [115.517328, 38.852423], [115.516205, 38.85259], [115.515723, 38.852662], [115.514711, 38.852933], [115.514604, 38.852984], [115.514368, 38.85439], [115.514269, 38.854978], [115.514861, 38.855164], [115.514786, 38.855514], [115.51554, 38.855458], [115.515648, 38.855809], [115.516843, 38.855771], [115.516833, 38.855453], [115.517303, 38.855444], [115.517565, 38.855439], [115.517554, 38.855171], [115.516833, 38.855194], [115.516822, 38.854985], [115.517565, 38.854887], [115.517468, 38.853873], [115.517398, 38.853143], [115.518222, 38.853044], [115.51819, 38.852685], [115.518168, 38.85245], [115.51819, 38.852274], [115.518198, 38.851709], [115.518201, 38.851539], [115.518513, 38.851532], [115.518556, 38.851022], [115.51973, 38.851009], [115.520677, 38.850912], [115.520692, 38.850522], [115.5207, 38.850343], [115.520279, 38.850317], [115.520117, 38.849273], [115.519127, 38.849453], [115.518803, 38.849561], [115.518653, 38.848333], [115.518664, 38.847582], [115.516133, 38.847473], [115.51623, 38.848326], [115.51694, 38.848244], [115.517016, 38.848603], [115.515982, 38.848709], [115.516015, 38.849135], [115.514065, 38.84919]]], [[[115.508654, 38.85116], [115.509285, 38.850907], [115.509452, 38.851154], [115.510153, 38.851064], [115.510142, 38.851014], [115.510654, 38.850932], [115.511167, 38.850832], [115.511073, 38.851078], [115.510223, 38.851184], [115.510303, 38.851502], [115.509834, 38.851613], [115.509883, 38.85173], [115.509158, 38.851951], [115.508654, 38.85116]]]]}, "properties": {"display_name": "联盟街道, 莲池区, 保定市, 河北省, 071000, 中国", "type": "administrative", "osm_type": "relation", "osm_id": 9809743, "class": null, "keyword": "subdistrict"}}, {"type": "Feature", "geometry": {"type": "Polygon", "coordinates": [[[115.483989, 38.861725], [115.492772, 38.860214], [115.494376, 38.859946], [115.496748, 38.866506], [115.499712, 38.873082], [115.502055, 38.878465], [115.499035, 38.878979], [115.498295, 38.879124], [115.497859, 38.879235], [115.491149, 38.881462], [115.490641, 38.881573], [115.490169, 38.881614], [115.489287, 38.881573], [115.489438, 38.878107], [115.489456, 38.877144], [115.489376, 38.876014], [115.489224, 38.874586], [115.48804, 38.868416], [115.487764, 38.868464], [115.487639, 38.868423], [115.487452, 38.868194], [115.485823, 38.864617], [115.484924, 38.863188], [115.484167, 38.8621], [115.483989, 38.861725]]]}, "properties": {"display_name": "和平里街道, 莲池区, 保定市, 河北省, 071000, 中国", "type": "administrative", "osm_type": "relation", "osm_id": 9809740, "class": null, "keyword": "subdistrict"}}, {"type": "Feature", "geometry": {"type": "Polygon", "coordinates": [[[115.469839, 38.857857], [115.470374, 38.85751], [115.471122, 38.857149], [115.47179, 38.85656], [115.472974, 38.855943], [115.473197, 38.855714], [115.473784, 38.855069], [115.475102, 38.854299], [115.475334, 38.854237], [115.475699, 38.854299], [115.476447, 38.854549], [115.47699, 38.854625], [115.477337, 38.854736], [115.477604, 38.854764], [115.478219, 38.85475], [115.478379, 38.854847], [115.478486, 38.855007], [115.478931, 38.85586], [115.479706, 38.856754], [115.481469, 38.858668], [115.482065, 38.859167], [115.482662, 38.859631], [115.483526, 38.859992], [115.483748, 38.860228], [115.483828, 38.860609], [115.483989, 38.861725], [115.484167, 38.8621], [115.484924, 38.863188], [115.485823, 38.864617], [115.487452, 38.868194], [115.487639, 38.868423], [115.487764, 38.868464], [115.48804, 38.868416], [115.489224, 38.874586], [115.489376, 38.876014], [115.489456, 38.877144], [115.489438, 38.878107], [115.489287, 38.881573], [115.48435, 38.881549], [115.485315, 38.879694], [115.485409, 38.879274], [115.483953, 38.875431], [115.482901, 38.872953], [115.48336, 38.872725], [115.481616, 38.870816], [115.469839, 38.857857]]]}, "properties": {"display_name": "西关街道, 莲池区, 保定市, 河北省, 071000, 中国", "type": "administrative", "osm_type": "relation", "osm_id": 9809748, "class": null, "keyword": "subdistrict"}}, {"type": "Feature", "geometry": {"type": "Polygon", "coordinates": [[[115.458618, 38.847299], [115.468499, 38.845771], [115.468989, 38.845737], [115.46909, 38.846129], [115.469489, 38.847667], [115.470043, 38.850137], [115.471022, 38.850512], [115.471615, 38.850538], [115.474256, 38.850299], [115.474304, 38.851924], [115.475152, 38.851965], [115.476086, 38.851862], [115.476752, 38.852137], [115.477468, 38.852024], [115.478415, 38.85177], [115.4793, 38.851847], [115.48026, 38.851395], [115.480815, 38.851362], [115.482027, 38.851722], [115.482465, 38.85177], [115.483145, 38.851653], [115.484144, 38.851408], [115.485319, 38.851326], [115.488389, 38.851076], [115.48854, 38.854844], [115.488629, 38.855878], [115.490437, 38.855691], [115.490607, 38.856621], [115.490636, 38.85662], [115.491056, 38.856608], [115.491097, 38.856607], [115.490954, 38.855663], [115.492665, 38.855545], [115.493039, 38.857474], [115.493663, 38.857405], [115.493698, 38.85771], [115.493155, 38.857786], [115.493226, 38.858078], [115.49377, 38.858022], [115.494144, 38.859285], [115.492576, 38.859618], [115.492772, 38.860214], [115.483989, 38.861725], [115.483828, 38.860609], [115.483748, 38.860228], [115.483526, 38.859992], [115.482662, 38.859631], [115.482065, 38.859167], [115.481469, 38.858668], [115.479706, 38.856754], [115.478931, 38.85586], [115.478486, 38.855007], [115.478379, 38.854847], [115.478219, 38.85475], [115.477604, 38.854764], [115.477337, 38.854736], [115.47699, 38.854625], [115.476447, 38.854549], [115.475699, 38.854299], [115.475334, 38.854237], [115.475102, 38.854299], [115.473784, 38.855069], [115.473197, 38.855714], [115.472974, 38.855943], [115.47179, 38.85656], [115.471122, 38.857149], [115.470374, 38.85751], [115.469839, 38.857857], [115.467314, 38.85499], [115.462087, 38.849266], [115.461109, 38.848712], [115.458618, 38.847299]]]}, "properties": {"display_name": "永华街道, 莲池区, 保定市, 河北省, 071000, 中国", "type": "administrative", "osm_type": "relation", "osm_id": 9809750, "class": null, "keyword": "subdistrict"}}, {"type": "Feature", "geometry": {"type": "Polygon", "coordinates": [[[115.494376, 38.859946], [115.495518, 38.85975], [115.502331, 38.858582], [115.502697, 38.859616], [115.503739, 38.867116], [115.503837, 38.867477], [115.50406, 38.867914], [115.506092, 38.871077], [115.507936, 38.873811], [115.508257, 38.874276], [115.508703, 38.874837], [115.509496, 38.875725], [115.509932, 38.876155], [115.510921, 38.876863], [115.502055, 38.878465], [115.499712, 38.873082], [115.496748, 38.866506], [115.494376, 38.859946]]]}, "properties": {"display_name": "中华路街道, 莲池区, 保定市, 河北省, 071000, 中国", "type": "administrative", "osm_type": "relation", "osm_id": 9809752, "class": null, "keyword": "subdistrict"}}, {"type": "Feature", "geometry": {"type": "Polygon", "coordinates": [[[115.266489, 39.037225], [115.269211, 39.036057], [115.27099, 39.035207], [115.271955, 39.034606], [115.273819, 39.034438], [115.276606, 39.033653], [115.277806, 39.034451], [115.277098, 39.0366], [115.276734, 39.038449], [115.277398, 39.040863], [115.277889, 39.041286], [115.278694, 39.041977], [115.278717, 39.041996], [115.278802, 39.043295], [115.275116, 39.043399], [115.27488, 39.044398], [115.274516, 39.044981], [115.273273, 39.044883], [115.269201, 39.042538], [115.266564, 39.041474], [115.266552, 39.041489], [115.266544, 39.038966], [115.266489, 39.037225]]]}, "properties": {"display_name": "惠阳街道, 满城区, 保定市, 河北省, 072100, 中国", "type": "administrative", "osm_type": "relation", "osm_id": 9802176, "class": null, "keyword": "subdistrict"}}, {"type": "Feature", "geometry": {"type": "Polygon", "coordinates": [[[115.495186, 38.858495], [115.496531, 38.858314], [115.496424, 38.857426], [115.49727, 38.855748], [115.497315, 38.855491], [115.497075, 38.854159], [115.496567, 38.852022], [115.498135, 38.851849], [115.498233, 38.852633], [115.499667, 38.852543], [115.499827, 38.852827], [115.500718, 38.852605], [115.500968, 38.853146], [115.502936, 38.852668], [115.504193, 38.852494], [115.505107, 38.852411], [115.505441, 38.852416], [115.505485, 38.85219], [115.50568, 38.85193], [115.505963, 38.851695], [115.506952, 38.850895], [115.507223, 38.850743], [115.507538, 38.850659], [115.508269, 38.850557], [115.508654, 38.85116], [115.509158, 38.851951], [115.509951, 38.853194], [115.510553, 38.854138], [115.510743, 38.854633], [115.51091, 38.855069], [115.511209, 38.855851], [115.511318, 38.856485], [115.510498, 38.856634], [115.510649, 38.857252], [115.509658, 38.857449], [115.509999, 38.858461], [115.509752, 38.858478], [115.504541, 38.858367], [115.503133, 38.858458], [115.502331, 38.858582], [115.495518, 38.85975], [115.495186, 38.858495]]]}, "properties": {"display_name": "红星街道, 莲池区, 保定市, 河北省, 071000, 中国", "type": "administrative", "osm_type": "relation", "osm_id": 9809741, "class": null, "keyword": "subdistrict"}}, {"type": "Feature", "geometry": {"type": "Polygon", "coordinates": [[[115.488389, 38.851076], [115.489122, 38.851189], [115.489984, 38.851322], [115.490572, 38.851306], [115.49201, 38.851018], [115.49336, 38.850947], [115.494758, 38.850836], [115.495845, 38.850739], [115.496638, 38.8506], [115.497324, 38.85042], [115.497823, 38.850218], [115.498331, 38.850017], [115.498803, 38.849941], [115.499319, 38.849983], [115.49972, 38.850128], [115.500522, 38.850461], [115.501021, 38.850572], [115.501992, 38.850614], [115.502509, 38.851342], [115.502803, 38.852439], [115.502936, 38.852668], [115.500968, 38.853146], [115.500718, 38.852605], [115.499827, 38.852827], [115.499667, 38.852543], [115.498233, 38.852633], [115.498135, 38.851849], [115.496567, 38.852022], [115.497075, 38.854159], [115.497315, 38.855491], [115.49727, 38.855748], [115.496424, 38.857426], [115.496531, 38.858314], [115.495186, 38.858495], [115.495518, 38.85975], [115.494376, 38.859946], [115.492772, 38.860214], [115.492576, 38.859618], [115.494144, 38.859285], [115.49377, 38.858022], [115.493226, 38.858078], [115.493155, 38.857786], [115.493698, 38.85771], [115.493663, 38.857405], [115.493039, 38.857474], [115.492665, 38.855545], [115.490954, 38.855663], [115.491097, 38.856607], [115.491056, 38.856608], [115.490636, 38.85662], [115.490607, 38.856621], [115.490437, 38.855691], [115.488629, 38.855878], [115.48854, 38.854844], [115.488389, 38.851076]]]}, "properties": {"display_name": "裕华街道, 莲池区, 保定市, 河北省, 071000, 中国", "type": "administrative", "osm_type": "relation", "osm_id": 9809751, "class": null, "keyword": "subdistrict"}}, {"type": "Feature", "geometry": {"type": "Polygon", "coordinates": [[[115.364036, 38.959467], [115.364922, 38.959469], [115.369407, 38.959478], [115.370966, 38.959482], [115.371615, 38.959483], [115.372029, 38.959484], [115.371959, 38.963376], [115.364331, 38.963271], [115.364036, 38.959467]]]}, "properties": {"display_name": "深能保定发电有限公司, 满城区, 保定市, 河北省, 072100, 中国", "type": "industrial", "osm_type": "way", "osm_id": 695989870, "class": null, "keyword": "district"}}, {"type": "Feature", "geometry": {"type": "Polygon", "coordinates": [[[115.399712, 38.858506], [115.399733, 38.858092], [115.40624, 38.858097], [115.406433, 38.857934], [115.407083, 38.85795], [115.407136, 38.858084], [115.408461, 38.858113], [115.409234, 38.858485], [115.407131, 38.858489], [115.40712, 38.858523], [115.406229, 38.85851], [115.406229, 38.861827], [115.405607, 38.861835], [115.405597, 38.862566], [115.404486, 38.862558], [115.404502, 38.863143], [115.402179, 38.86313], [115.402271, 38.858502], [115.399712, 38.858506]]]}, "properties": {"display_name": "大唐保定热电厂, 颉庄乡, 竞秀区, 保定市, 河北省, 071000, 中国", "type": "industrial", "osm_type": "way", "osm_id": 1040961590, "class": null, "keyword": "district"}}, {"type": "Feature", "geometry": {"type": "Polygon", "coordinates": [[[114.746688, 38.609323], [114.75073, 38.609258], [114.750837, 38.611803], [114.75088, 38.612836], [114.747769, 38.612813], [114.747753, 38.61253], [114.747174, 38.612536], [114.747141, 38.61118], [114.746747, 38.611185], [114.746697, 38.609617], [114.746688, 38.609323]]]}, "properties": {"display_name": "曲阳永宁中学, 东环路, 上东城社区, 曲阳县, 保定市, 河北省, 中国", "type": "school", "osm_type": "way", "osm_id": 804111067, "class": null, "keyword": "中央区"}}, {"type": "Feature", "geometry": {"type": "Polygon", "coordinates": [[[115.438511, 38.737928], [115.438583, 38.733334], [115.441311, 38.73336], [115.441264, 38.736367], [115.440714, 38.736361], [115.440689, 38.737949], [115.438511, 38.737928]]]}, "properties": {"display_name": "新华世纪中学, 京港澳高速, 清苑区, 保定市, 河北省, 071100, 中国", "type": "school", "osm_type": "way", "osm_id": 1031126601, "class": null, "keyword": "市中心"}}, {"type": "Feature", "geometry": {"type": "Polygon", "coordinates": [[[115.489132, 38.755446], [115.489167, 38.755405], [115.4892, 38.755366], [115.489344, 38.753739], [115.489501, 38.751704], [115.49171, 38.751955], [115.491457, 38.753661], [115.491372, 38.75439], [115.491326, 38.754379], [115.491274, 38.754845], [115.490833, 38.754829], [115.490596, 38.756352], [115.490577, 38.756592], [115.490962, 38.756859], [115.490876, 38.756912], [115.489987, 38.756238], [115.489414, 38.755798], [115.489489, 38.755743], [115.489132, 38.755446]]]}, "properties": {"display_name": "河北省保定市清苑区职业技术教育中心, 莲池南大街, 永春社区, 清苑镇, 清苑区, 保定市, 河北省, 071100, 中国", "type": "school", "osm_type": "way", "osm_id": 1031989265, "class": null, "keyword": "市中心"}}, {"type": "Feature", "geometry": {"type": "Polygon", "coordinates": [[[115.31578, 38.434321], [115.317524, 38.434071], [115.317552, 38.43419], [115.318621, 38.434008], [115.3192, 38.436419], [115.318156, 38.436573], [115.318252, 38.436969], [115.316499, 38.437224], [115.31578, 38.434321]]]}, "properties": {"display_name": "安国市职业技术教育中心, 朝阳路, 药都街道, 安国市, 保定市, 河北省, 中国", "type": "school", "osm_type": "way", "osm_id": 619096877, "class": null, "keyword": "市中心"}}, {"type": "Feature", "geometry": {"type": "Polygon", "coordinates": [[[114.719885, 38.625612], [114.723885, 38.625254], [114.72388, 38.625566], [114.724207, 38.625563], [114.724202, 38.625965], [114.723856, 38.625962], [114.72385, 38.626419], [114.72383, 38.627428], [114.72328, 38.627318], [114.721545, 38.627198], [114.720111, 38.627197], [114.719885, 38.625612]]]}, "properties": {"display_name": "曲阳县第二初级中学, 恒阳街, 曲阳县, 保定市, 河北省, 中国", "type": "school", "osm_type": "way", "osm_id": 804111244, "class": null, "keyword": "中央区"}}, {"type": "Feature", "geometry": {"type": "Polygon", "coordinates": [[[114.66356, 38.604837], [114.663822, 38.604532], [114.664083, 38.604363], [114.664016, 38.603603], [114.664496, 38.603573], [114.664599, 38.603477], [114.664769, 38.603411], [114.66496, 38.603409], [114.664987, 38.603355], [114.665889, 38.60333], [114.665889, 38.602759], [114.665954, 38.602715], [114.666678, 38.602669], [114.666878, 38.602666], [114.666824, 38.604608], [114.666941, 38.604602], [114.666938, 38.60503], [114.666829, 38.605039], [114.666824, 38.605195], [114.665949, 38.60521], [114.665203, 38.60526], [114.665198, 38.605385], [114.66497, 38.60538], [114.664721, 38.605697], [114.664725, 38.605911], [114.664406, 38.60614], [114.663945, 38.60606], [114.663745, 38.605882], [114.663581, 38.605632], [114.66356, 38.604837]]]}, "properties": {"display_name": "曲阳恒阳高级中学, G234, 曲阳县, 保定市, 河北省, 中国", "type": "school", "osm_type": "way", "osm_id": 804111056, "class": null, "keyword": "中央区"}}, {"type": "Feature", "geometry": {"type": "Polygon", "coordinates": [[[115.967734, 39.502287], [115.969486, 39.502154], [115.970346, 39.502642], [115.970489, 39.50431], [115.967958, 39.504691], [115.967949, 39.503931], [115.96791, 39.503514], [115.967734, 39.502287]]]}, "properties": {"display_name": "涿州市体育中心, 永济西路, 双塔街道, 涿州市, 保定市, 河北省, 072750, 中国", "type": "sports_centre", "osm_type": "way", "osm_id": 354212624, "class": null, "keyword": "市中心"}}, {"type": "Feature", "geometry": {"type": "Polygon", "coordinates": [[[114.693988, 38.622221], [114.694097, 38.622212], [114.694083, 38.622109], [114.694731, 38.622055], [114.694782, 38.622544], [114.695228, 38.622521], [114.695236, 38.622612], [114.695686, 38.622585], [114.695774, 38.623438], [114.696009, 38.623421], [114.696022, 38.62358], [114.696115, 38.623573], [114.696182, 38.623612], [114.696205, 38.623747], [114.696511, 38.623734], [114.696724, 38.623814], [114.696958, 38.623806], [114.696979, 38.62412], [114.696537, 38.624143], [114.696564, 38.62501], [114.696342, 38.625025], [114.696277, 38.625089], [114.696087, 38.625103], [114.695922, 38.625044], [114.695955, 38.624922], [114.695636, 38.624845], [114.695196, 38.624777], [114.694809, 38.624746], [114.694778, 38.624467], [114.694661, 38.623518], [114.694381, 38.623539], [114.694219, 38.622581], [114.694036, 38.622593], [114.693988, 38.622221]]]}, "properties": {"display_name": "曲阳县第一高级中学, 西街, 天地嘉园社区, 曲阳县, 保定市, 河北省, 中国", "type": "school", "osm_type": "way", "osm_id": 804111171, "class": null, "keyword": "中央区"}}, {"type": "Feature", "geometry": {"type": "Polygon", "coordinates": [[[114.691832, 38.594657], [114.694074, 38.59452], [114.69418, 38.596213], [114.692925, 38.596291], [114.692863, 38.5956], [114.691939, 38.595658], [114.691832, 38.594657]]]}, "properties": {"display_name": "曲阳职教中心, 正阳街, 点将台社区, 曲阳县, 保定市, 河北省, 中国", "type": "school", "osm_type": "way", "osm_id": 804110687, "class": null, "keyword": "中央区"}}, {"type": "Feature", "geometry": {"type": "Polygon", "coordinates": [[[114.705242, 38.526577], [114.705318, 38.52485], [114.705367, 38.524789], [114.707132, 38.524845], [114.707061, 38.526088], [114.706362, 38.526619], [114.705242, 38.526577]]]}, "properties": {"display_name": "曲阳县实验中学, 京昆高速, 曲阳县, 保定市, 河北省, 中国", "type": "school", "osm_type": "way", "osm_id": 804110845, "class": null, "keyword": "中央区"}}, {"type": "Feature", "geometry": {"type": "Polygon", "coordinates": [[[115.404916, 38.726621], [115.406477, 38.726583], [115.406587, 38.728457], [115.405066, 38.728562], [115.404916, 38.726621]]]}, "properties": {"display_name": "保定市清苑区民政事业服务中心, 清苑区, 保定市, 河北省, 071100, 中国", "type": "commercial", "osm_type": "way", "osm_id": 1278656334, "class": null, "keyword": "市中心"}}, {"type": "Feature", "geometry": {"type": "Polygon", "coordinates": [[[114.805705, 38.55346], [114.805887, 38.553452], [114.806523, 38.553007], [114.806788, 38.553009], [114.806831, 38.554062], [114.807389, 38.554043], [114.807422, 38.55457], [114.807617, 38.554559], [114.807652, 38.554932], [114.805825, 38.555043], [114.805705, 38.55346]]]}, "properties": {"display_name": "曲阳第五高级中学, 黄榆线, 长安路街道, 曲阳县, 保定市, 河北省, 中国", "type": "school", "osm_type": "way", "osm_id": 804111025, "class": null, "keyword": "中央区"}}, {"type": "Feature", "geometry": {"type": "Polygon", "coordinates": [[[114.743269, 38.570106], [114.744365, 38.570044], [114.744586, 38.572197], [114.74348, 38.572265], [114.743396, 38.571398], [114.743269, 38.570106]]]}, "properties": {"display_name": "曲阳县文德中学, 京昆高速, 曲阳县, 保定市, 河北省, 中国", "type": "school", "osm_type": "way", "osm_id": 804110776, "class": null, "keyword": "中央区"}}, {"type": "Feature", "geometry": {"type": "Polygon", "coordinates": [[[114.843798, 38.58012], [114.845625, 38.579784], [114.84598, 38.580965], [114.844153, 38.581301], [114.843798, 38.58012]]]}, "properties": {"display_name": "曲阳县高门屯中学, 黄榆线, 长安路街道, 曲阳县, 保定市, 河北省, 中国", "type": "school", "osm_type": "way", "osm_id": 804110805, "class": null, "keyword": "中央区"}}, {"type": "Feature", "geometry": {"type": "Polygon", "coordinates": [[[115.59277, 38.866669], [115.594977, 38.866687], [115.594988, 38.8677], [115.592816, 38.867712], [115.59277, 38.866669]]]}, "properties": {"display_name": "保定规划展览馆, 东金庄乡, 莲池区, 保定市, 河北省, 071000, 中国", "type": "commercial", "osm_type": "way", "osm_id": 1182158762, "class": null, "keyword": "district"}}, {"type": "Feature", "geometry": {"type": "Polygon", "coordinates": [[[114.751843, 38.516903], [114.752191, 38.513904], [114.752431, 38.51392], [114.752928, 38.513954], [114.752557, 38.516902], [114.751843, 38.516903]]]}, "properties": {"display_name": "曲阳县邸村镇东邸村中学, 曲阳县, 保定市, 河北省, 中国", "type": "school", "osm_type": "way", "osm_id": 804110801, "class": null, "keyword": "中央区"}}, {"type": "Feature", "geometry": {"type": "Polygon", "coordinates": [[[114.699433, 38.631945], [114.701438, 38.631766], [114.701434, 38.632858], [114.699474, 38.63302], [114.699461, 38.632859], [114.699459, 38.632796], [114.699433, 38.631945]]]}, "properties": {"display_name": "曲阳县中医院, S382, 滨河社区, 曲阳县, 保定市, 河北省, 中国", "type": "hospital", "osm_type": "way", "osm_id": 804111148, "class": null, "keyword": "中央区"}}, {"type": "Feature", "geometry": {"type": "Polygon", "coordinates": [[[114.805517, 38.543301], [114.80668, 38.543214], [114.806904, 38.544977], [114.805843, 38.545088], [114.805517, 38.543301]]]}, "properties": {"display_name": "曲阳县燕赵中学, 曲阳县, 保定市, 河北省, 中国", "type": "school", "osm_type": "way", "osm_id": 804111026, "class": null, "keyword": "中央区"}}, {"type": "Feature", "geometry": {"type": "Polygon", "coordinates": [[[115.492352, 38.890839], [115.494183, 38.890881], [115.494165, 38.89203], [115.49267, 38.892012], [115.492352, 38.890839]]]}, "properties": {"display_name": "Baoding fine arts middle school, 天鹅中路, 五四路街道, 莲池区, 保定市, 河北省, 071000, 中国", "type": "school", "osm_type": "way", "osm_id": 598041275, "class": null, "keyword": "district"}}, {"type": "Feature", "geometry": {"type": "Polygon", "coordinates": [[[114.687447, 38.628402], [114.687807, 38.628256], [114.688086, 38.628088], [114.688251, 38.627867], [114.688515, 38.62782], [114.688599, 38.62826], [114.688803, 38.629421], [114.688619, 38.629435], [114.687614, 38.629528], [114.687459, 38.628482], [114.687447, 38.628402]]]}, "properties": {"display_name": "曲阳县北岳中学, G234, 天地嘉园社区, 曲阳县, 保定市, 河北省, 中国", "type": "school", "osm_type": "way", "osm_id": 804111048, "class": null, "keyword": "中央区"}}, {"type": "Feature", "geometry": {"type": "Polygon", "coordinates": [[[115.773923, 38.691171], [115.775024, 38.691034], [115.775206, 38.691924], [115.774105, 38.692062], [115.773923, 38.691171]]]}, "properties": {"display_name": "大世界购物中心, 车站街, 锦华街道, 高阳县, 保定市, 河北省, 071500, 中国", "type": "department_store", "osm_type": "way", "osm_id": 859384808, "class": null, "keyword": "市中心"}}, {"type": "Feature", "geometry": {"type": "Polygon", "coordinates": [[[116.04747, 39.505921], [116.047496, 39.504895], [116.048391, 39.504899], [116.048374, 39.505936], [116.04747, 39.505921]]]}, "properties": {"display_name": "涿州市特殊教育中心, 永济路, 清凉寺街道, 涿州市, 保定市, 河北省, 中国", "type": "school", "osm_type": "way", "osm_id": 1017826630, "class": null, "keyword": "市中心"}}, {"type": "Feature", "geometry": {"type": "Polygon", "coordinates": [[[116.038027, 39.484651], [116.038034, 39.484097], [116.039435, 39.484091], [116.039438, 39.484342], [116.038825, 39.484348], [116.038828, 39.484443], [116.039348, 39.484429], [116.039352, 39.484665], [116.038027, 39.484651]]]}, "properties": {"display_name": "涿州市政务服务中心, 范阳东路, 涿州开发区, 涿州经济开发区, 涿州市, 保定市, 河北省, 中国", "type": "government", "osm_type": "way", "osm_id": 1017826641, "class": null, "keyword": "市中心"}}, {"type": "Feature", "geometry": {"type": "Polygon", "coordinates": [[[114.634143, 38.787449], [114.634378, 38.787439], [114.63436, 38.787166], [114.634911, 38.787144], [114.634975, 38.787224], [114.635105, 38.787979], [114.634208, 38.788054], [114.634151, 38.787699], [114.634187, 38.787695], [114.634143, 38.787449]]]}, "properties": {"display_name": "曲阳县第四高级中学, S241, 曲阳县, 保定市, 河北省, 中国", "type": "school", "osm_type": "way", "osm_id": 804110785, "class": null, "keyword": "中央区"}}, {"type": "Feature", "geometry": {"type": "Polygon", "coordinates": [[[115.478571, 38.854484], [115.479206, 38.854412], [115.479483, 38.854903], [115.478786, 38.855166], [115.478652, 38.854871], [115.478571, 38.854484]]]}, "properties": {"display_name": "保定市体操运动训练中心, 永华街道, 莲池区, 保定市, 河北省, 071000, 中国", "type": "commercial", "osm_type": "way", "osm_id": 1346987804, "class": null, "keyword": "市中心"}}, {"type": "Feature", "geometry": {"type": "Polygon", "coordinates": [[[116.058758, 39.495424], [116.058822, 39.495128], [116.059165, 39.495161], [116.059097, 39.495469], [116.058758, 39.495424]]]}, "properties": {"display_name": "涿州市招商服务中心, 鹏程大街, 涿州经济开发区, 涿州市, 保定市, 河北省, 中国", "type": "office", "osm_type": "way", "osm_id": 1017826619, "class": null, "keyword": "市中心"}}]}