{"type": "FeatureCollection", "features": [{"type": "Feature", "geometry": {"type": "Polygon", "coordinates": [[[125.74936, 44.121375], [125.751249, 44.121078], [125.75262, 44.12003], [125.754126, 44.119903], [125.757429, 44.117875], [125.759172, 44.115403], [125.759738, 44.11281], [125.75877, 44.110347], [125.758902, 44.10586], [125.756101, 44.101586], [125.751852, 44.09828], [125.751802, 44.097619], [125.751406, 44.092384], [125.752963, 44.091201], [125.754635, 44.086399], [125.756766, 44.083751], [125.760493, 44.080851], [125.762689, 44.080355], [125.762889, 44.078835], [125.765669, 44.077486], [125.76713, 44.076683], [125.768293, 44.075136], [125.768293, 44.073776], [125.768133, 44.073193], [125.769727, 44.072906], [125.773317, 44.073956], [125.774754, 44.074408], [125.779264, 44.076149], [125.785346, 44.078595], [125.787569, 44.079587], [125.792039, 44.08186], [125.798042, 44.084842], [125.800208, 44.085102], [125.805029, 44.084862], [125.807784, 44.08388], [125.810195, 44.083144], [125.814672, 44.082659], [125.825694, 44.082679], [125.82845, 44.082437], [125.831894, 44.08195], [125.833961, 44.080967], [125.834995, 44.079735], [125.833962, 44.078252], [125.830518, 44.076271], [125.829139, 44.075528], [125.82914, 44.073061], [125.829485, 44.071333], [125.829485, 44.0701], [125.83224, 44.070105], [125.833963, 44.069615], [125.83603, 44.069371], [125.84223, 44.069383], [125.84223, 44.067902], [125.839819, 44.06691], [125.838785, 44.065427], [125.838441, 44.064686], [125.839819, 44.063948], [125.841542, 44.062717], [125.843608, 44.060993], [125.846019, 44.059762], [125.850152, 44.057795], [125.852563, 44.056565], [125.855318, 44.056569], [125.85876, 44.057315], [125.860137, 44.058798], [125.86117, 44.060034], [125.86358, 44.058062], [125.865301, 44.057819], [125.867366, 44.057821], [125.869087, 44.05807], [125.869087, 44.061032], [125.875281, 44.060545], [125.876658, 44.060792], [125.879409, 44.061042], [125.882848, 44.062526], [125.885256, 44.06475], [125.886631, 44.066972], [125.887319, 44.071909], [125.886973, 44.075116], [125.889381, 44.075118], [125.892131, 44.074873], [125.896256, 44.074874], [125.896943, 44.076355], [125.896255, 44.077836], [125.896255, 44.080303], [125.895911, 44.082524], [125.894535, 44.083264], [125.894535, 44.084251], [125.897628, 44.084745], [125.897628, 44.08672], [125.894879, 44.088446], [125.894534, 44.090173], [125.896253, 44.090667], [125.896596, 44.092146], [125.894878, 44.093134], [125.894533, 44.096094], [125.890063, 44.099792], [125.885249, 44.103489], [125.883529, 44.106695], [125.880778, 44.108913], [125.879057, 44.112118], [125.876992, 44.115075], [125.873895, 44.117785], [125.872518, 44.121976], [125.870109, 44.124932], [125.868732, 44.128382], [125.867355, 44.1306], [125.867011, 44.132818], [125.865978, 44.134542], [125.864264, 44.131714], [125.862199, 44.129246], [125.855658, 44.12751], [125.848426, 44.127498], [125.849452, 44.130325], [125.845664, 44.12958], [125.841187, 44.128339], [125.835332, 44.127342], [125.833843, 44.128583], [125.833311, 44.128235], [125.83202, 44.127863], [125.830212, 44.127613], [125.827066, 44.127517], [125.826755, 44.128753], [125.826566, 44.129449], [125.826268, 44.13067], [125.826047, 44.13152], [125.825714, 44.132799], [125.824937, 44.135846], [125.824726, 44.136545], [125.824483, 44.137105], [125.824176, 44.137576], [125.82377, 44.137941], [125.823543, 44.137889], [125.823168, 44.137816], [125.822909, 44.137816], [125.822694, 44.137969], [125.822602, 44.138195], [125.822404, 44.138349], [125.82053, 44.137947], [125.81875, 44.137621], [125.817452, 44.137553], [125.815995, 44.137637], [125.815163, 44.137925], [125.814788, 44.138132], [125.814663, 44.138355], [125.814632, 44.138502], [125.814657, 44.138675], [125.814876, 44.13904], [125.815027, 44.139297], [125.815073, 44.139539], [125.814481, 44.140163], [125.812171, 44.142861], [125.810203, 44.14476], [125.810187, 44.145188], [125.81017, 44.145828], [125.810138, 44.146375], [125.810079, 44.146803], [125.809982, 44.147234], [125.80987, 44.147606], [125.809691, 44.148083], [125.809483, 44.148547], [125.809217, 44.149072], [125.809949, 44.149413], [125.810423, 44.149784], [125.81081, 44.149969], [125.81124, 44.150216], [125.811671, 44.150186], [125.811929, 44.149786], [125.812317, 44.14954], [125.81242, 44.149447], [125.815068, 44.150901], [125.815028, 44.151054], [125.814598, 44.151546], [125.814554, 44.151761], [125.817181, 44.152753], [125.817481, 44.152815], [125.817481, 44.153154], [125.817332, 44.154866], [125.817354, 44.155523], [125.817613, 44.155723], [125.819265, 44.156766], [125.821204, 44.157551], [125.823117, 44.158034], [125.824359, 44.158334], [125.830294, 44.161782], [125.832008, 44.163716], [125.832461, 44.163394], [125.833302, 44.16266], [125.834912, 44.163701], [125.8381, 44.166084], [125.83856, 44.166476], [125.839651, 44.166367], [125.841071, 44.166277], [125.842558, 44.166036], [125.843741, 44.165789], [125.847438, 44.165281], [125.848725, 44.165277], [125.84852, 44.165954], [125.848476, 44.167406], [125.848457, 44.168237], [125.848347, 44.169218], [125.848322, 44.169637], [125.849748, 44.169945], [125.851016, 44.170261], [125.852608, 44.170026], [125.853512, 44.169997], [125.855344, 44.169762], [125.856316, 44.17228], [125.860224, 44.172069], [125.860926, 44.171997], [125.86186, 44.17155], [125.863441, 44.17046], [125.863434, 44.17032], [125.86285, 44.169949], [125.860828, 44.168961], [125.860268, 44.168775], [125.860011, 44.168559], [125.859839, 44.16671], [125.85983, 44.16578], [125.859624, 44.165402], [125.859381, 44.164556], [125.862186, 44.165839], [125.865628, 44.168062], [125.869926, 44.171026], [125.869237, 44.173242], [125.867171, 44.175703], [125.869925, 44.176692], [125.869925, 44.178171], [125.868892, 44.179401], [125.865794, 44.179644], [125.866827, 44.181862], [125.864073, 44.181858], [125.863728, 44.185306], [125.853399, 44.18529], [125.853743, 44.183813], [125.858564, 44.183328], [125.858565, 44.181111], [125.858909, 44.177417], [125.858909, 44.176431], [125.854434, 44.176178], [125.849268, 44.176416], [125.846858, 44.174934], [125.843069, 44.174927], [125.844447, 44.177147], [125.845135, 44.179119], [125.844101, 44.181087], [125.840658, 44.181081], [125.838247, 44.180091], [125.83618, 44.178363], [125.832391, 44.177617], [125.829636, 44.179337], [125.827913, 44.181304], [125.826191, 44.182286], [125.822058, 44.181293], [125.821369, 44.182277], [125.819302, 44.182766], [125.816891, 44.184486], [125.814824, 44.186206], [125.812068, 44.186695], [125.808968, 44.18792], [125.808624, 44.190383], [125.81069, 44.190632], [125.814134, 44.190885], [125.817923, 44.191631], [125.818611, 44.194342], [125.818955, 44.196805], [125.820332, 44.199763], [125.833077, 44.199787], [125.833766, 44.200526], [125.833766, 44.20422], [125.834109, 44.20816], [125.834453, 44.211361], [125.832386, 44.212097], [125.829286, 44.212829], [125.82963, 44.214553], [125.829285, 44.217015], [125.831007, 44.218249], [125.835141, 44.218502], [125.838585, 44.219739], [125.837551, 44.221708], [125.835829, 44.223427], [125.833417, 44.225146], [125.830317, 44.224894], [125.826529, 44.22341], [125.823429, 44.223158], [125.818951, 44.22315], [125.815507, 44.22339], [125.812407, 44.223138], [125.809652, 44.22461], [125.81034, 44.227565], [125.81034, 44.230026], [125.80965, 44.232978], [125.808273, 44.233222], [125.804142, 44.232971], [125.803314, 44.233064], [125.802521, 44.232556], [125.801654, 44.231822], [125.801104, 44.231006], [125.800663, 44.229826], [125.800064, 44.229121], [125.798902, 44.229121], [125.797538, 44.229536], [125.796696, 44.230259], [125.796696, 44.230835], [125.795862, 44.23165], [125.795253, 44.231723], [125.794911, 44.231355], [125.794948, 44.230799], [125.796666, 44.228938], [125.796791, 44.228187], [125.796536, 44.227576], [125.795561, 44.226999], [125.794483, 44.226999], [125.793817, 44.227413], [125.793774, 44.228276], [125.794576, 44.229023], [125.794576, 44.22975], [125.794205, 44.230202], [125.793641, 44.230429], [125.79317, 44.230247], [125.792025, 44.229866], [125.791393, 44.229866], [125.790362, 44.229383], [125.788904, 44.229186], [125.788364, 44.228619], [125.789107, 44.227583], [125.789147, 44.226536], [125.789471, 44.223984], [125.788507, 44.223113], [125.787176, 44.222726], [125.785951, 44.222817], [125.784861, 44.223598], [125.784496, 44.225081], [125.784145, 44.226031], [125.782791, 44.226918], [125.782033, 44.226999], [125.780215, 44.226941], [125.77874, 44.227484], [125.777409, 44.227348], [125.776651, 44.226777], [125.77636, 44.226179], [125.777412, 44.225453], [125.778771, 44.225195], [125.780218, 44.224247], [125.780467, 44.223056], [125.780008, 44.221919], [125.778552, 44.22139], [125.775561, 44.220917], [125.774509, 44.220267], [125.773572, 44.217948], [125.772527, 44.21711], [125.770895, 44.21702], [125.769517, 44.217499], [125.768233, 44.219282], [125.766632, 44.220066], [125.764154, 44.220467], [125.763127, 44.220468], [125.762089, 44.220081], [125.76138, 44.21928], [125.761681, 44.218202], [125.762439, 44.21778], [125.764014, 44.217731], [125.765367, 44.217113], [125.766002, 44.216286], [125.765954, 44.215506], [125.764561, 44.214675], [125.762156, 44.213547], [125.760547, 44.212041], [125.759795, 44.210915], [125.759816, 44.209894], [125.760694, 44.208377], [125.760938, 44.207216], [125.761772, 44.206758], [125.761581, 44.205812], [125.761143, 44.202359], [125.76076, 44.197768], [125.759917, 44.192188], [125.759109, 44.188136], [125.761472, 44.187683], [125.764459, 44.187814], [125.764646, 44.186399], [125.760493, 44.182305], [125.759629, 44.180816], [125.760263, 44.179617], [125.761935, 44.179245], [125.764876, 44.178997], [125.768106, 44.177384], [125.768509, 44.176184], [125.765107, 44.17573], [125.762397, 44.17573], [125.75836, 44.176226], [125.756341, 44.17544], [125.75588, 44.174323], [125.756745, 44.173124], [125.759571, 44.172255], [125.764184, 44.171387], [125.76528, 44.170146], [125.764415, 44.167953], [125.763608, 44.16605], [125.761301, 44.165389], [125.758245, 44.165554], [125.756111, 44.164561], [125.7549, 44.163113], [125.753631, 44.161541], [125.754035, 44.160383], [125.755073, 44.158439], [125.753977, 44.154508], [125.753977, 44.15277], [125.755707, 44.151612], [125.757322, 44.151819], [125.759629, 44.15455], [125.762339, 44.15517], [125.764934, 44.154425], [125.765972, 44.153143], [125.765049, 44.151529], [125.762166, 44.148715], [125.761703, 44.148102], [125.760444, 44.148025], [125.75824, 44.148654], [125.757075, 44.148546], [125.756204, 44.148072], [125.755417, 44.146754], [125.75559, 44.145239], [125.756431, 44.143845], [125.758111, 44.143055], [125.759859, 44.142582], [125.763122, 44.142322], [125.76406, 44.141418], [125.764267, 44.140636], [125.763666, 44.140222], [125.761697, 44.140713], [125.760031, 44.140901], [125.758278, 44.140105], [125.756796, 44.138645], [125.75706, 44.137003], [125.75816, 44.136107], [125.760784, 44.1358], [125.762209, 44.135348], [125.762924, 44.134721], [125.762924, 44.134114], [125.762156, 44.133343], [125.759351, 44.131864], [125.757511, 44.130898], [125.756577, 44.128918], [125.754163, 44.125831], [125.751841, 44.123787], [125.749656, 44.122506], [125.74936, 44.121375]]]}, "properties": {"display_name": "九郊街道, 九台区, 长春市, 吉林省, 130500, 中国", "type": "administrative", "osm_type": "relation", "osm_id": 9520275, "class": null, "keyword": "subdistrict"}}, {"type": "Feature", "geometry": {"type": "Polygon", "coordinates": [[[125.520124, 43.90592], [125.521503, 43.905677], [125.523226, 43.905682], [125.52495, 43.905687], [125.525985, 43.905937], [125.527708, 43.905941], [125.527709, 43.905199], [125.528397, 43.904458], [125.528743, 43.902974], [125.527709, 43.902229], [125.527709, 43.90124], [125.52633, 43.900493], [125.529432, 43.900502], [125.53081, 43.900753], [125.533224, 43.901006], [125.535291, 43.901011], [125.537013, 43.902501], [125.538736, 43.90399], [125.540114, 43.904983], [125.541492, 43.906224], [125.543559, 43.907466], [125.544937, 43.908706], [125.546658, 43.910443], [125.548037, 43.911188], [125.54907, 43.91218], [125.550447, 43.913172], [125.551136, 43.913916], [125.551824, 43.914907], [125.553201, 43.9159], [125.554234, 43.916644], [125.555611, 43.917637], [125.556988, 43.918382], [125.558021, 43.919373], [125.561119, 43.920121], [125.562495, 43.921607], [125.564216, 43.921362], [125.566281, 43.921365], [125.569033, 43.921369], [125.570409, 43.92137], [125.571785, 43.923104], [125.572473, 43.924094], [125.573848, 43.924838], [125.57488, 43.925582], [125.576943, 43.926821], [125.578662, 43.927069], [125.579693, 43.927318], [125.581756, 43.927814], [125.583475, 43.928062], [125.58485, 43.928311], [125.585538, 43.929053], [125.587599, 43.930044], [125.589661, 43.93054], [125.593097, 43.931035], [125.59447, 43.931035], [125.596188, 43.931035], [125.597219, 43.931283], [125.60031, 43.931283], [125.602026, 43.931777], [125.6034, 43.933262], [125.605803, 43.933508], [125.607862, 43.933755], [125.609922, 43.933011], [125.611294, 43.932516], [125.613696, 43.932515], [125.616099, 43.932513], [125.6185, 43.932511], [125.620901, 43.932509], [125.623302, 43.932011], [125.624674, 43.93102], [125.62536, 43.929783], [125.626389, 43.929039], [125.627075, 43.928049], [125.628446, 43.928047], [125.630847, 43.927303], [125.631533, 43.927053], [125.631875, 43.926063], [125.631876, 43.924827], [125.630162, 43.923344], [125.629476, 43.921613], [125.629819, 43.920128], [125.630163, 43.917405], [125.630163, 43.916663], [125.62982, 43.915427], [125.632563, 43.91666], [125.634277, 43.917895], [125.63599, 43.918635], [125.637705, 43.919127], [125.63839, 43.921106], [125.639417, 43.922094], [125.640446, 43.923082], [125.64216, 43.923822], [125.643873, 43.923819], [125.646272, 43.923816], [125.647986, 43.923317], [125.650041, 43.923314], [125.651755, 43.923311], [125.654153, 43.923307], [125.654838, 43.924543], [125.656208, 43.92553], [125.658607, 43.92602], [125.659635, 43.927008], [125.662717, 43.927497], [125.664431, 43.927741], [125.667172, 43.928478], [125.670255, 43.928719], [125.671625, 43.929707], [125.67368, 43.931187], [125.674364, 43.932423], [125.675736, 43.932915], [125.678476, 43.932909], [125.680874, 43.933894], [125.681902, 43.934882], [125.684642, 43.935866], [125.685328, 43.936359], [125.68704, 43.935615], [125.687041, 43.933883], [125.687726, 43.932398], [125.687727, 43.931655], [125.689097, 43.931158], [125.691153, 43.931155], [125.693209, 43.932635], [125.696293, 43.932383], [125.696293, 43.930898], [125.695951, 43.928919], [125.694923, 43.92719], [125.693895, 43.925707], [125.693896, 43.924222], [125.692868, 43.922491], [125.692868, 43.920512], [125.694581, 43.919273], [125.694239, 43.916551], [125.694582, 43.914571], [125.696296, 43.914073], [125.701094, 43.91357], [125.702784, 43.913568], [125.704522, 43.913565], [125.707607, 43.91455], [125.708697, 43.914943], [125.710134, 43.915459], [125.711035, 43.915783], [125.714121, 43.916769], [125.716179, 43.916766], [125.71755, 43.917011], [125.719265, 43.917257], [125.722009, 43.917996], [125.724754, 43.917993], [125.727497, 43.919229], [125.73093, 43.919473], [125.734018, 43.919966], [125.736764, 43.920459], [125.73848, 43.921448], [125.741226, 43.921447], [125.743631, 43.921941], [125.745004, 43.922435], [125.746349, 43.923609], [125.749996, 43.925988], [125.74791, 43.928239], [125.746883, 43.93532], [125.748937, 43.94504], [125.747883, 43.952889], [125.741229, 43.951459], [125.737152, 43.949822], [125.735693, 43.949636], [125.734577, 43.950996], [125.733333, 43.952726], [125.730371, 43.955228], [125.728483, 43.954796], [125.72711, 43.953406], [125.725393, 43.951397], [125.72475, 43.951768], [125.722046, 43.953993], [125.720029, 43.954889], [125.716209, 43.953838], [125.716209, 43.956989], [125.714922, 43.957267], [125.711489, 43.957082], [125.708313, 43.956464], [125.705523, 43.955661], [125.702133, 43.955352], [125.699901, 43.955537], [125.696983, 43.955754], [125.694537, 43.956402], [125.695782, 43.959306], [125.697584, 43.96082], [125.698872, 43.963106], [125.697112, 43.963755], [125.694065, 43.964743], [125.687585, 43.967647], [125.685568, 43.969839], [125.682735, 43.974596], [125.682649, 43.977746], [125.683079, 43.980463], [125.680354, 43.983969], [125.677956, 43.984962], [125.675558, 43.984719], [125.672132, 43.985467], [125.66836, 43.984979], [125.666989, 43.984982], [125.665887, 43.984825], [125.663564, 43.984494], [125.66048, 43.984004], [125.657055, 43.983022], [125.653285, 43.983029], [125.652258, 43.982042], [125.650048, 43.982046], [125.649859, 43.982047], [125.647119, 43.981557], [125.644035, 43.980573], [125.64232, 43.980576], [125.639922, 43.979838], [125.638551, 43.979346], [125.636494, 43.978855], [125.634438, 43.978611], [125.63253, 43.977855], [125.630816, 43.977348], [125.62891, 43.977314], [125.629055, 43.978358], [125.628315, 43.980154], [125.628363, 43.980772], [125.627957, 43.980835], [125.627071, 43.98037], [125.626511, 43.980717], [125.626836, 43.982267], [125.626208, 43.982822], [125.625238, 43.983104], [125.625373, 43.983451], [125.626434, 43.98366], [125.626608, 43.98427], [125.626208, 43.984554], [125.624852, 43.985464], [125.623815, 43.985629], [125.62383, 43.986325], [125.624621, 43.987102], [125.62491, 43.988073], [125.624486, 43.988768], [125.624428, 43.989253], [125.624601, 43.989781], [125.624929, 43.990239], [125.625392, 43.991182], [125.625932, 43.991529], [125.625701, 43.992043], [125.625624, 43.992487], [125.626106, 43.992973], [125.627109, 43.993417], [125.627996, 43.994472], [125.628865, 43.995027], [125.629482, 43.995013], [125.629926, 43.994458], [125.630292, 43.994694], [125.629906, 43.995748], [125.630003, 43.996234], [125.629289, 43.995873], [125.628942, 43.995984], [125.628537, 43.995998], [125.628402, 43.995804], [125.62763, 43.995429], [125.626993, 43.995318], [125.624956, 43.99584], [125.624429, 43.995403], [125.623824, 43.995496], [125.62143, 43.994834], [125.619065, 43.994602], [125.61723, 43.994088], [125.615831, 43.993592], [125.61506, 43.993339], [125.614374, 43.992351], [125.614031, 43.991363], [125.613687, 43.990622], [125.613687, 43.98988], [125.613687, 43.989139], [125.613345, 43.988398], [125.612315, 43.988151], [125.612315, 43.98741], [125.611286, 43.986916], [125.610599, 43.986669], [125.609227, 43.986176], [125.60854, 43.986176], [125.606824, 43.987412], [125.60648, 43.988154], [125.604764, 43.989638], [125.605107, 43.990626], [125.606137, 43.991861], [125.606137, 43.992603], [125.606479, 43.993591], [125.606479, 43.994086], [125.606823, 43.995074], [125.606823, 43.995816], [125.605106, 43.996558], [125.60442, 43.996805], [125.603733, 43.996805], [125.602016, 43.996311], [125.600643, 43.995076], [125.599613, 43.994582], [125.598239, 43.994335], [125.596865, 43.994335], [125.595834, 43.994582], [125.594118, 43.994334], [125.59343, 43.993346], [125.5924, 43.992604], [125.590683, 43.991862], [125.589995, 43.990626], [125.588965, 43.990379], [125.587246, 43.989637], [125.586622, 43.989636], [125.585184, 43.989635], [125.584153, 43.990871], [125.582434, 43.991117], [125.581403, 43.992105], [125.579683, 43.992845], [125.57762, 43.993337], [125.57487, 43.993829], [125.573149, 43.994569], [125.572806, 43.995804], [125.572462, 43.997039], [125.572462, 43.998522], [125.572461, 43.999263], [125.572461, 44.000004], [125.570053, 44.000496], [125.567645, 43.999998], [125.566269, 43.999997], [125.565135, 43.999763], [125.563859, 43.999499], [125.562828, 43.999497], [125.56145, 43.999495], [125.561795, 43.998014], [125.562139, 43.997026], [125.561796, 43.996037], [125.56214, 43.994554], [125.561796, 43.993071], [125.560764, 43.992328], [125.559731, 43.990596], [125.558699, 43.989606], [125.557666, 43.988368], [125.557321, 43.987379], [125.555945, 43.986388], [125.556289, 43.984906], [125.558011, 43.984909], [125.559043, 43.98491], [125.56042, 43.984418], [125.561109, 43.983184], [125.560765, 43.982194], [125.560077, 43.980216], [125.558701, 43.977741], [125.557668, 43.976504], [125.557323, 43.975019], [125.556636, 43.973535], [125.555603, 43.972792], [125.554914, 43.971555], [125.554225, 43.970317], [125.553193, 43.968337], [125.552161, 43.966852], [125.551472, 43.965367], [125.550439, 43.963386], [125.54975, 43.961408], [125.549062, 43.959675], [125.548373, 43.95819], [125.546651, 43.955466], [125.545618, 43.952744], [125.543208, 43.951255], [125.54183, 43.948778], [125.541485, 43.946304], [125.541486, 43.944079], [125.541142, 43.941604], [125.540798, 43.939377], [125.540798, 43.937646], [125.540454, 43.93715], [125.538731, 43.936156], [125.537008, 43.935162], [125.53632, 43.934419], [125.535286, 43.933674], [125.535286, 43.932406], [125.535286, 43.931695], [125.535287, 43.930706], [125.535287, 43.929469], [125.53298, 43.929581], [125.533219, 43.928721], [125.532076, 43.927662], [125.533219, 43.927237], [125.535522, 43.926774], [125.533564, 43.925258], [125.534791, 43.924484], [125.533498, 43.923954], [125.531818, 43.92429], [125.532163, 43.923116], [125.530353, 43.921843], [125.532336, 43.92123], [125.52874, 43.91807], [125.528051, 43.917574], [125.526327, 43.915342], [125.525639, 43.914351], [125.524949, 43.913854], [125.524949, 43.912864], [125.523915, 43.911376], [125.522537, 43.910135], [125.521157, 43.908646], [125.521158, 43.907656], [125.520124, 43.90592]]]}, "properties": {"display_name": "东湖街道, 九台区, 长春市, 吉林省, 130500, 中国", "type": "administrative", "osm_type": "relation", "osm_id": 9520920, "class": null, "keyword": "subdistrict"}}, {"type": "Feature", "geometry": {"type": "Polygon", "coordinates": [[[126.549956, 44.818776], [126.55429, 44.817176], [126.554871, 44.817113], [126.555064, 44.817127], [126.555488, 44.817155], [126.556027, 44.817259], [126.556102, 44.817278], [126.557644, 44.817788], [126.558315, 44.818008], [126.558759, 44.818148], [126.55905, 44.818244], [126.559702, 44.818448], [126.560172, 44.81851], [126.561833, 44.818474], [126.563387, 44.818441], [126.564904, 44.818405], [126.56504, 44.818403], [126.567069, 44.81836], [126.569451, 44.818309], [126.570406, 44.811378], [126.573912, 44.812344], [126.575993, 44.812501], [126.584028, 44.813236], [126.583963, 44.814134], [126.584371, 44.814347], [126.584478, 44.814941], [126.584263, 44.815753], [126.583949, 44.815853], [126.583669, 44.815898], [126.583411, 44.815874], [126.583132, 44.815768], [126.582971, 44.815623], [126.582639, 44.815479], [126.581962, 44.815304], [126.581736, 44.815584], [126.581629, 44.816064], [126.581585, 44.816573], [126.581294, 44.816688], [126.57992, 44.816574], [126.57992, 44.816993], [126.579876, 44.817564], [126.580778, 44.818127], [126.581272, 44.818349], [126.582002, 44.819102], [126.582473, 44.819993], [126.582277, 44.821141], [126.582921, 44.821264], [126.583232, 44.821713], [126.583136, 44.821987], [126.582964, 44.822047], [126.582653, 44.821963], [126.582459, 44.822016], [126.582426, 44.822123], [126.58261, 44.822283], [126.582481, 44.82245], [126.582513, 44.822564], [126.582384, 44.822686], [126.582136, 44.822739], [126.585272, 44.823563], [126.585916, 44.822969], [126.586645, 44.823045], [126.588061, 44.824744], [126.589972, 44.826281], [126.594329, 44.827712], [126.596024, 44.828884], [126.596818, 44.831395], [126.599197, 44.834072], [126.601515, 44.834255], [126.603016, 44.833966], [126.603702, 44.833311], [126.60514, 44.830694], [126.605891, 44.8301], [126.608165, 44.829597], [126.61451, 44.829274], [126.615404, 44.829215], [126.615854, 44.828895], [126.616669, 44.827661], [126.617012, 44.826779], [126.618083, 44.825242], [126.620441, 44.821465], [126.62147, 44.819227], [126.622177, 44.818375], [126.628246, 44.820484], [126.630666, 44.821775], [126.63375, 44.823566], [126.636726, 44.825068], [126.640259, 44.826113], [126.643191, 44.826748], [126.645247, 44.826987], [126.64737, 44.826855], [126.647396, 44.827422], [126.647219, 44.828199], [126.647223, 44.828204], [126.647509, 44.828583], [126.647513, 44.828588], [126.648393, 44.828921], [126.648407, 44.828936], [126.648804, 44.829379], [126.648569, 44.829795], [126.648287, 44.830018], [126.647885, 44.830336], [126.647483, 44.831045], [126.647096, 44.831726], [126.64692, 44.832134], [126.646847, 44.832305], [126.646805, 44.83234], [126.646276, 44.832772], [126.646045, 44.832962], [126.646017, 44.832972], [126.645754, 44.83307], [126.644744, 44.83308], [126.64429, 44.833284], [126.643914, 44.833453], [126.643803, 44.833532], [126.643319, 44.833875], [126.643886, 44.834679], [126.643882, 44.834716], [126.643831, 44.83517], [126.643812, 44.835195], [126.643428, 44.835697], [126.643291, 44.835876], [126.642752, 44.836161], [126.6426, 44.837103], [126.642147, 44.837981], [126.641869, 44.83852], [126.641866, 44.838525], [126.641465, 44.83882], [126.640413, 44.839075], [126.64039, 44.839076], [126.638961, 44.839134], [126.638716, 44.839467], [126.638449, 44.83983], [126.638447, 44.839836], [126.638288, 44.840272], [126.638053, 44.840915], [126.638047, 44.840929], [126.638297, 44.84137], [126.638975, 44.841547], [126.639694, 44.842204], [126.640566, 44.842616], [126.64123, 44.843107], [126.642101, 44.843597], [126.642447, 44.844215], [126.642157, 44.844696], [126.64242, 44.845844], [126.642267, 44.846501], [126.642069, 44.846635], [126.641631, 44.846933], [126.641608, 44.846937], [126.641091, 44.847031], [126.64104, 44.847028], [126.640524, 44.847001], [126.64033, 44.847433], [126.640331, 44.847435], [126.640386, 44.847815], [126.640026, 44.848276], [126.640021, 44.84828], [126.63903, 44.848885], [126.639031, 44.848889], [126.639057, 44.849085], [126.639058, 44.849091], [126.639376, 44.849542], [126.639225, 44.850037], [126.639224, 44.850042], [126.63867, 44.850464], [126.638297, 44.851013], [126.638293, 44.851015], [126.637826, 44.851229], [126.637286, 44.851131], [126.637231, 44.851121], [126.636885, 44.850846], [126.636553, 44.850984], [126.636581, 44.851307], [126.636664, 44.852014], [126.636373, 44.852161], [126.635986, 44.852445], [126.635792, 44.85269], [126.635723, 44.853347], [126.636664, 44.853838], [126.636664, 44.854181], [126.636014, 44.854721], [126.636, 44.855574], [126.635377, 44.85631], [126.634699, 44.856457], [126.634218, 44.856361], [126.633717, 44.85626], [126.633371, 44.856457], [126.63333, 44.856937], [126.632361, 44.857339], [126.63113, 44.857987], [126.630604, 44.858703], [126.63041, 44.859252], [126.631365, 44.861184], [126.632098, 44.862361], [126.632693, 44.863753], [126.633053, 44.864449], [126.633772, 44.866136], [126.63416, 44.866813], [126.634327, 44.867264], [126.63445, 44.867597], [126.635032, 44.868725], [126.63528, 44.869902], [126.635875, 44.870696], [126.635875, 44.871117], [126.635958, 44.87148], [126.636263, 44.871892], [126.636636, 44.872235], [126.636927, 44.87302], [126.637674, 44.873549], [126.637536, 44.873833], [126.637093, 44.874245], [126.63719, 44.87452], [126.638047, 44.876775], [126.637702, 44.877118], [126.636664, 44.877275], [126.636332, 44.877549], [126.636332, 44.877814], [126.636443, 44.878108], [126.635529, 44.880216], [126.633648, 44.883686], [126.632181, 44.886696], [126.630008, 44.89025], [126.628681, 44.889941], [126.628087, 44.889301], [126.624719, 44.888561], [126.622191, 44.888017], [126.619235, 44.887442], [126.618335, 44.887443], [126.617435, 44.887261], [126.615763, 44.886958], [126.61422, 44.886564], [126.612717, 44.884681], [126.610617, 44.8838], [126.609545, 44.88371], [126.608644, 44.883284], [126.606371, 44.882829], [126.603541, 44.8828], [126.602511, 44.882678], [126.599808, 44.883196], [126.599078, 44.882162], [126.595002, 44.877724], [126.593672, 44.876568], [126.592598, 44.876871], [126.591654, 44.876417], [126.587791, 44.873618], [126.586674, 44.872188], [126.585215, 44.869725], [126.581778, 44.869875], [126.577525, 44.867925], [126.575936, 44.861142], [126.572928, 44.860926], [126.569316, 44.860952], [126.568569, 44.857092], [126.568149, 44.853854], [126.569009, 44.852883], [126.56272, 44.852433], [126.562965, 44.851816], [126.563014, 44.850824], [126.561811, 44.848862], [126.56141, 44.847732], [126.568452, 44.847683], [126.569704, 44.847648], [126.569809, 44.847797], [126.570555, 44.848848], [126.57031, 44.848876], [126.570957, 44.84978], [126.571319, 44.850243], [126.571865, 44.850727], [126.573088, 44.850325], [126.568119, 44.843335], [126.567566, 44.842588], [126.567126, 44.841994], [126.562222, 44.835374], [126.561752, 44.834715], [126.55963, 44.832502], [126.55918, 44.831975], [126.549956, 44.818776]]]}, "properties": {"display_name": "培英街道, 榆树市, 长春市, 吉林省, 130000, 中国", "type": "administrative", "osm_type": "relation", "osm_id": 9523863, "class": null, "keyword": "subdistrict"}}, {"type": "Feature", "geometry": {"type": "Polygon", "coordinates": [[[125.835691, 44.1602], [125.835777, 44.1602], [125.836208, 44.159677], [125.836751, 44.159136], [125.837348, 44.158538], [125.837715, 44.15814], [125.838231, 44.157586], [125.838603, 44.157233], [125.838964, 44.156848], [125.83926, 44.156521], [125.838403, 44.156045], [125.83792, 44.155795], [125.837387, 44.15552], [125.837053, 44.155332], [125.837457, 44.154997], [125.837888, 44.154536], [125.838491, 44.153982], [125.838662, 44.153675], [125.839222, 44.152906], [125.839094, 44.152351], [125.838878, 44.152227], [125.838965, 44.151611], [125.839179, 44.151119], [125.839489, 44.150741], [125.840428, 44.151134], [125.842368, 44.15201], [125.843868, 44.152691], [125.844368, 44.152908], [125.844899, 44.153114], [125.845484, 44.153314], [125.846087, 44.153483], [125.846457, 44.153577], [125.846848, 44.153665], [125.8473, 44.153745], [125.847702, 44.153805], [125.848375, 44.153893], [125.848783, 44.153932], [125.849228, 44.153964], [125.850782, 44.154039], [125.852697, 44.154131], [125.853764, 44.154173], [125.855013, 44.154236], [125.856281, 44.154291], [125.85769, 44.154354], [125.859084, 44.15442], [125.861004, 44.154509], [125.866167, 44.154793], [125.86879, 44.154896], [125.86997, 44.154938], [125.871169, 44.154934], [125.871889, 44.154923], [125.872664, 44.153507], [125.873481, 44.152954], [125.871933, 44.151719], [125.870084, 44.149868], [125.869868, 44.149129], [125.868706, 44.148758], [125.868319, 44.148357], [125.869739, 44.148513], [125.872105, 44.148947], [125.872879, 44.148517], [125.874255, 44.14861], [125.878642, 44.148368], [125.862143, 44.145692], [125.862878, 44.143413], [125.863223, 44.140702], [125.864601, 44.138732], [125.864601, 44.137253], [125.865978, 44.134542], [125.867035, 44.136022], [125.869718, 44.137023], [125.881841, 44.138317], [125.889781, 44.138994], [125.897613, 44.138794], [125.897806, 44.137855], [125.898879, 44.136992], [125.899715, 44.136484], [125.89963, 44.135622], [125.901625, 44.134667], [125.902151, 44.134698], [125.903149, 44.134652], [125.903696, 44.134552], [125.904211, 44.134775], [125.904779, 44.134806], [125.905209, 44.134605], [125.904994, 44.134228], [125.905187, 44.133743], [125.905766, 44.133828], [125.906013, 44.134374], [125.90641, 44.134713], [125.906764, 44.134821], [125.907, 44.13439], [125.906914, 44.133866], [125.907097, 44.132919], [125.907451, 44.132534], [125.90862, 44.132141], [125.909114, 44.132041], [125.909253, 44.132496], [125.909393, 44.132773], [125.909972, 44.13295], [125.910627, 44.132942], [125.91127, 44.132958], [125.911539, 44.132819], [125.911539, 44.132457], [125.911603, 44.13191], [125.911549, 44.130763], [125.911453, 44.13017], [125.911549, 44.1298], [125.911968, 44.1295], [125.91229, 44.129654], [125.912451, 44.130262], [125.912547, 44.130671], [125.912912, 44.13104], [125.913416, 44.130747], [125.913245, 44.130455], [125.91303, 44.13027], [125.913674, 44.129978], [125.914317, 44.12987], [125.915079, 44.130039], [125.915412, 44.129331], [125.915927, 44.128784], [125.91627, 44.128946], [125.917042, 44.129246], [125.917858, 44.129646], [125.918544, 44.129469], [125.919886, 44.128607], [125.920186, 44.128861], [125.920315, 44.12977], [125.920562, 44.13044], [125.922428, 44.130078], [125.922675, 44.128992], [125.924748, 44.128639], [125.929207, 44.130359], [125.930236, 44.133563], [125.928864, 44.13677], [125.927834, 44.13899], [125.92749, 44.141702], [125.929548, 44.141453], [125.933321, 44.141449], [125.93332, 44.146378], [125.932634, 44.149583], [125.932291, 44.153281], [125.93229, 44.156238], [125.932976, 44.157962], [125.936061, 44.159683], [125.941203, 44.162139], [125.94411, 44.164599], [125.942397, 44.166081], [125.938969, 44.167073], [125.93794, 44.169291], [125.937254, 44.171264], [125.936911, 44.17496], [125.937253, 44.179394], [125.939995, 44.181853], [125.943765, 44.183816], [125.94445, 44.186279], [125.941022, 44.189487], [125.939993, 44.191952], [125.93965, 44.194662], [125.939649, 44.20205], [125.937934, 44.203283], [125.933821, 44.203289], [125.930735, 44.200093], [125.926276, 44.196897], [125.922502, 44.196408], [125.920786, 44.196164], [125.917012, 44.194443], [125.91255, 44.19149], [125.909116, 44.18952], [125.906025, 44.187058], [125.90259, 44.184596], [125.901217, 44.181886], [125.899843, 44.182872], [125.897781, 44.183118], [125.895374, 44.182624], [125.893657, 44.181145], [125.890563, 44.17942], [125.887812, 44.177202], [125.887812, 44.176708], [125.889532, 44.174492], [125.888157, 44.172767], [125.886094, 44.172027], [125.883343, 44.171532], [125.880592, 44.17153], [125.878528, 44.172513], [125.876463, 44.172019], [125.873367, 44.171769], [125.869926, 44.171026], [125.865628, 44.168062], [125.862186, 44.165839], [125.859381, 44.164556], [125.8584, 44.164109], [125.857945, 44.163637], [125.85915, 44.162704], [125.859451, 44.162119], [125.859968, 44.161534], [125.860871, 44.160981], [125.861345, 44.160551], [125.862034, 44.159812], [125.862421, 44.159258], [125.861947, 44.159196], [125.861259, 44.158857], [125.860742, 44.158517], [125.861259, 44.158148], [125.86169, 44.157871], [125.862034, 44.157502], [125.860098, 44.157191], [125.859193, 44.156943], [125.858462, 44.156849], [125.857816, 44.156818], [125.857645, 44.15731], [125.8573, 44.157895], [125.857085, 44.158603], [125.856869, 44.159096], [125.85631, 44.160173], [125.856095, 44.160728], [125.856525, 44.160883], [125.85674, 44.161036], [125.857128, 44.16153], [125.857902, 44.162024], [125.858031, 44.162209], [125.858461, 44.162641], [125.858117, 44.162979], [125.857601, 44.162639], [125.856826, 44.161899], [125.855815, 44.161433], [125.855278, 44.162328], [125.854503, 44.163251], [125.854245, 44.16362], [125.853899, 44.163937], [125.85365, 44.164325], [125.853569, 44.164436], [125.8533, 44.164499], [125.853089, 44.164467], [125.852967, 44.164367], [125.852885, 44.164209], [125.852953, 44.163957], [125.852561, 44.163432], [125.852204, 44.163064], [125.851433, 44.162477], [125.846196, 44.160082], [125.845507, 44.160772], [125.845593, 44.161512], [125.84555, 44.161604], [125.846583, 44.162006], [125.847616, 44.162378], [125.848477, 44.162841], [125.848864, 44.163088], [125.848606, 44.163211], [125.847659, 44.162962], [125.847143, 44.162869], [125.846411, 44.162776], [125.845421, 44.162558], [125.845206, 44.162527], [125.845206, 44.162681], [125.843526, 44.162463], [125.842924, 44.162523], [125.842924, 44.163016], [125.842708, 44.163324], [125.842353, 44.163639], [125.835949, 44.160293], [125.835691, 44.1602]], [[125.860357, 44.162982], [125.861733, 44.163969], [125.863159, 44.165241], [125.864476, 44.165571], [125.86523, 44.166106], [125.865692, 44.165853], [125.867499, 44.164746], [125.867456, 44.1641], [125.868661, 44.16327], [125.870467, 44.163733], [125.86978, 44.162932], [125.871242, 44.162503], [125.870683, 44.161331], [125.870554, 44.1613], [125.86836, 44.161051], [125.867199, 44.160773], [125.865951, 44.160494], [125.861863, 44.160982], [125.860916, 44.161996], [125.860357, 44.162982]]]}, "properties": {"display_name": "营城街道, 九台区, 长春市, 吉林省, 130500, 中国", "type": "administrative", "osm_type": "relation", "osm_id": 9520278, "class": null, "keyword": "subdistrict"}}, {"type": "Feature", "geometry": {"type": "Polygon", "coordinates": [[[125.415884, 43.900689], [125.416047, 43.879503], [125.416034, 43.863182], [125.41627, 43.856004], [125.43159, 43.856042], [125.428889, 43.853344], [125.42667, 43.851238], [125.438694, 43.847135], [125.438592, 43.849258], [125.438499, 43.851189], [125.43883, 43.85345], [125.439131, 43.85376], [125.446359, 43.857085], [125.446444, 43.860027], [125.45253, 43.861279], [125.452635, 43.8613], [125.453051, 43.861392], [125.453693, 43.861505], [125.454257, 43.861605], [125.455472, 43.861735], [125.456627, 43.861891], [125.457556, 43.862035], [125.457495, 43.862733], [125.460143, 43.864244], [125.458919, 43.864556], [125.459084, 43.865251], [125.459128, 43.865294], [125.459409, 43.865337], [125.459977, 43.865202], [125.460334, 43.865172], [125.460646, 43.865124], [125.460924, 43.865828], [125.460646, 43.865875], [125.459587, 43.866101], [125.459197, 43.866223], [125.460038, 43.868093], [125.460447, 43.869456], [125.460793, 43.87048], [125.460698, 43.870554], [125.462253, 43.876526], [125.464406, 43.876794], [125.465075, 43.876949], [125.46656, 43.877016], [125.467961, 43.877296], [125.469576, 43.877533], [125.470396, 43.876929], [125.471581, 43.876963], [125.472335, 43.87715], [125.473626, 43.877401], [125.474595, 43.877497], [125.475155, 43.877576], [125.4755, 43.877175], [125.475564, 43.876897], [125.47561, 43.876385], [125.475674, 43.875611], [125.475695, 43.874606], [125.4738, 43.874074], [125.472938, 43.873747], [125.473433, 43.873655], [125.474059, 43.873486], [125.474658, 43.873379], [125.475177, 43.873104], [125.475499, 43.872638], [125.476208, 43.872474], [125.476705, 43.871934], [125.476791, 43.87164], [125.477437, 43.871611], [125.477933, 43.871566], [125.478342, 43.871443], [125.478677, 43.871629], [125.479064, 43.871875], [125.479581, 43.872032], [125.480055, 43.872265], [125.480594, 43.872344], [125.481025, 43.872422], [125.481456, 43.872392], [125.481779, 43.872146], [125.482146, 43.871915], [125.482447, 43.871761], [125.482554, 43.871529], [125.48262, 43.871279], [125.482747, 43.871031], [125.48292, 43.871001], [125.483092, 43.871032], [125.483433, 43.871308], [125.483541, 43.871664], [125.483519, 43.871989], [125.483519, 43.872484], [125.483583, 43.872933], [125.483627, 43.87332], [125.483734, 43.873615], [125.483734, 43.874033], [125.483777, 43.874466], [125.483777, 43.874775], [125.483605, 43.875038], [125.483411, 43.875316], [125.483239, 43.875547], [125.483023, 43.875795], [125.482743, 43.87609], [125.48255, 43.876368], [125.482272, 43.876707], [125.481238, 43.877942], [125.480807, 43.8789], [125.481023, 43.880232], [125.481453, 43.88308], [125.482099, 43.885744], [125.482573, 43.887015], [125.482702, 43.888562], [125.482745, 43.889923], [125.482486, 43.891469], [125.482658, 43.892956], [125.482724, 43.893667], [125.482885, 43.894117], [125.48295, 43.89459], [125.48309, 43.895131], [125.483144, 43.895457], [125.48319, 43.895569], [125.483249, 43.895805], [125.483346, 43.896133], [125.483205, 43.896191], [125.483109, 43.896191], [125.483043, 43.896226], [125.482758, 43.896368], [125.482597, 43.896409], [125.482483, 43.896441], [125.482267, 43.896534], [125.482009, 43.896687], [125.481577, 43.896717], [125.481276, 43.896902], [125.481017, 43.896963], [125.480759, 43.897055], [125.480371, 43.89696], [125.472956, 43.906284], [125.470931, 43.909342], [125.470327, 43.910268], [125.469724, 43.911226], [125.468561, 43.91243], [125.466665, 43.914064], [125.466098, 43.914647], [125.465387, 43.915021], [125.465194, 43.914427], [125.463859, 43.91232], [125.46106, 43.912932], [125.458734, 43.913484], [125.455935, 43.914189], [125.454319, 43.915675], [125.453995, 43.91068], [125.452489, 43.910026], [125.448316, 43.908722], [125.446939, 43.908564], [125.445914, 43.9084], [125.443429, 43.909254], [125.4436, 43.909672], [125.4444, 43.911143], [125.443302, 43.911048], [125.442832, 43.910428], [125.44273, 43.90933], [125.442569, 43.909171], [125.441816, 43.90849], [125.441149, 43.907947], [125.440741, 43.907652], [125.437966, 43.906318], [125.437709, 43.906194], [125.43229, 43.903277], [125.430441, 43.902347], [125.429538, 43.901975], [125.428614, 43.901742], [125.427969, 43.901741], [125.426561, 43.901775], [125.417626, 43.901983], [125.417735, 43.900649], [125.415884, 43.900689]]]}, "properties": {"display_name": "东方广场街道, 长春经济技术开发区, 二道区, 长春市, 吉林省, 130000, 中国", "type": "administrative", "osm_type": "relation", "osm_id": 9520919, "class": null, "keyword": "subdistrict"}}, {"type": "Feature", "geometry": {"type": "Polygon", "coordinates": [[[126.454949, 44.829357], [126.45598, 44.828607], [126.460459, 44.825787], [126.462784, 44.827192], [126.466706, 44.827356], [126.467008, 44.8255], [126.467783, 44.825654], [126.468473, 44.825169], [126.474678, 44.824607], [126.475152, 44.825127], [126.477305, 44.825375], [126.477478, 44.825802], [126.477133, 44.829026], [126.477737, 44.829028], [126.478943, 44.828544], [126.479503, 44.828242], [126.480063, 44.828366], [126.479676, 44.829126], [126.485149, 44.829567], [126.486571, 44.828353], [126.487908, 44.828479], [126.488295, 44.828784], [126.4892, 44.829153], [126.489804, 44.828942], [126.490755, 44.829403], [126.496014, 44.824792], [126.49179, 44.822953], [126.492222, 44.821981], [126.493084, 44.822714], [126.494205, 44.823113], [126.496514, 44.817456], [126.496576, 44.817246], [126.496809, 44.816394], [126.497241, 44.81481], [126.50428, 44.813304], [126.505606, 44.812953], [126.506973, 44.812549], [126.508412, 44.812061], [126.511202, 44.811006], [126.513734, 44.809793], [126.51466, 44.80935], [126.518245, 44.811554], [126.521841, 44.813674], [126.522694, 44.814022], [126.527943, 44.815487], [126.528455, 44.815753], [126.527936, 44.816802], [126.534618, 44.818422], [126.535921, 44.820389], [126.537756, 44.823093], [126.540101, 44.826796], [126.546866, 44.837194], [126.54134, 44.838515], [126.541374, 44.838558], [126.541413, 44.838605], [126.542491, 44.839856], [126.544612, 44.842296], [126.543732, 44.842698], [126.543991, 44.843072], [126.544641, 44.844006], [126.545108, 44.844676], [126.54522, 44.844837], [126.545102, 44.845351], [126.545295, 44.846409], [126.545357, 44.846748], [126.545508, 44.847577], [126.545553, 44.847824], [126.533841, 44.847914], [126.529499, 44.847919], [126.517462, 44.847933], [126.51652, 44.852334], [126.516485, 44.852387], [126.51636, 44.852572], [126.513821, 44.856336], [126.513203, 44.857251], [126.513098, 44.857408], [126.512973, 44.857594], [126.510756, 44.86088], [126.508307, 44.860216], [126.503997, 44.858562], [126.49986, 44.856298], [126.499515, 44.853499], [126.497964, 44.852156], [126.496325, 44.851908], [126.494516, 44.852328], [126.491843, 44.851104], [126.488137, 44.849206], [126.486069, 44.846036], [126.479432, 44.844801], [126.480897, 44.843162], [126.479777, 44.841942], [126.473658, 44.84089], [126.472883, 44.84174], [126.465903, 44.839775], [126.458193, 44.840049], [126.456962, 44.838487], [126.457142, 44.837691], [126.45692, 44.836502], [126.456878, 44.83492], [126.456449, 44.83321], [126.456019, 44.831412], [126.455354, 44.830184], [126.454949, 44.829357]]]}, "properties": {"display_name": "华昌街道, 榆树市, 长春市, 吉林省, 130000, 中国", "type": "administrative", "osm_type": "relation", "osm_id": 9523861, "class": null, "keyword": "subdistrict"}}, {"type": "Feature", "geometry": {"type": "Polygon", "coordinates": [[[126.50967, 44.804314], [126.509928, 44.802184], [126.511696, 44.801428], [126.512774, 44.801431], [126.51301, 44.801315], [126.514369, 44.800644], [126.516652, 44.799585], [126.516954, 44.799525], [126.517285, 44.799437], [126.51748, 44.7994], [126.518126, 44.798336], [126.51985, 44.798067], [126.520324, 44.798068], [126.518557, 44.79435], [126.522189, 44.790692], [126.521782, 44.78745], [126.51519, 44.784048], [126.51523, 44.777717], [126.513273, 44.770802], [126.515347, 44.770427], [126.513522, 44.764986], [126.515204, 44.764868], [126.519255, 44.764514], [126.521538, 44.764124], [126.523176, 44.763215], [126.523952, 44.761755], [126.524727, 44.760568], [126.527269, 44.75957], [126.529596, 44.759301], [126.531232, 44.760038], [126.531104, 44.762322], [126.530887, 44.764332], [126.531017, 44.765582], [126.536315, 44.768853], [126.540966, 44.768072], [126.544712, 44.767196], [126.548672, 44.76751], [126.551513, 44.767607], [126.555861, 44.771628], [126.555387, 44.774735], [126.554311, 44.777871], [126.5516, 44.780363], [126.55289, 44.782741], [126.55504, 44.789502], [126.555728, 44.791269], [126.556201, 44.793768], [126.55762, 44.795962], [126.560847, 44.798221], [126.567254, 44.800392], [126.568974, 44.800729], [126.570694, 44.801188], [126.570865, 44.802893], [126.570221, 44.803714], [126.568328, 44.805173], [126.566652, 44.806115], [126.56519, 44.806722], [126.564329, 44.807421], [126.563683, 44.808211], [126.563641, 44.809154], [126.564028, 44.809551], [126.564587, 44.810009], [126.56506, 44.810161], [126.567167, 44.81059], [126.568543, 44.810836], [126.570406, 44.811378], [126.569451, 44.818309], [126.567069, 44.81836], [126.56504, 44.818403], [126.564904, 44.818405], [126.563387, 44.818441], [126.561833, 44.818474], [126.560172, 44.81851], [126.559702, 44.818448], [126.55905, 44.818244], [126.558759, 44.818148], [126.558315, 44.818008], [126.557644, 44.817788], [126.556102, 44.817278], [126.556027, 44.817259], [126.555488, 44.817155], [126.555064, 44.817127], [126.554871, 44.817113], [126.55429, 44.817176], [126.549956, 44.818776], [126.537756, 44.823093], [126.535921, 44.820389], [126.534618, 44.818422], [126.527936, 44.816802], [126.528455, 44.815753], [126.527943, 44.815487], [126.522694, 44.814022], [126.521841, 44.813674], [126.518245, 44.811554], [126.51466, 44.80935], [126.514116, 44.807306], [126.50967, 44.804314]]]}, "properties": {"display_name": "正阳街道, 榆树市, 长春市, 吉林省, 130000, 中国", "type": "administrative", "osm_type": "relation", "osm_id": 9523864, "class": null, "keyword": "subdistrict"}}, {"type": "Feature", "geometry": {"type": "Polygon", "coordinates": [[[125.408772, 43.834419], [125.416791, 43.831426], [125.417935, 43.830984], [125.418627, 43.830663], [125.419168, 43.830388], [125.42028, 43.829585], [125.424287, 43.826671], [125.427427, 43.824394], [125.430587, 43.82214], [125.431108, 43.821705], [125.431545, 43.821286], [125.43209, 43.820684], [125.432578, 43.820018], [125.436717, 43.814722], [125.437951, 43.813118], [125.438949, 43.811858], [125.441116, 43.809027], [125.443003, 43.80569], [125.443133, 43.805417], [125.443876, 43.804041], [125.444994, 43.801945], [125.445539, 43.800883], [125.446563, 43.798903], [125.44845, 43.799417], [125.45051, 43.799976], [125.45107, 43.799893], [125.451436, 43.799723], [125.452114, 43.798841], [125.452967, 43.797871], [125.454042, 43.797253], [125.454215, 43.796936], [125.454237, 43.795859], [125.455205, 43.796667], [125.461622, 43.798006], [125.469557, 43.801102], [125.470999, 43.804794], [125.477935, 43.805585], [125.479408, 43.803907], [125.481025, 43.8161], [125.484342, 43.819424], [125.480463, 43.82595], [125.480246, 43.834929], [125.472877, 43.838471], [125.448589, 43.84501], [125.441791, 43.845958], [125.438694, 43.847135], [125.42667, 43.851238], [125.408772, 43.834419]]]}, "properties": {"display_name": "净月街道, 长春净月高新技术产业开发区, 南关区, 长春市, 吉林省, 130000, 中国", "type": "administrative", "osm_type": "relation", "osm_id": 9512457, "class": null, "keyword": "subdistrict"}}, {"type": "Feature", "geometry": {"type": "Polygon", "coordinates": [[[126.508307, 44.860216], [126.510756, 44.86088], [126.512973, 44.857594], [126.513098, 44.857408], [126.513203, 44.857251], [126.513821, 44.856336], [126.51636, 44.852572], [126.516485, 44.852387], [126.51652, 44.852334], [126.517462, 44.847933], [126.529499, 44.847919], [126.533841, 44.847914], [126.545553, 44.847824], [126.545508, 44.847577], [126.545357, 44.846748], [126.545295, 44.846409], [126.545102, 44.845351], [126.54522, 44.844837], [126.545108, 44.844676], [126.544641, 44.844006], [126.543991, 44.843072], [126.543732, 44.842698], [126.544612, 44.842296], [126.542491, 44.839856], [126.541413, 44.838605], [126.541374, 44.838558], [126.54134, 44.838515], [126.546866, 44.837194], [126.540101, 44.826796], [126.537756, 44.823093], [126.549956, 44.818776], [126.55918, 44.831975], [126.55963, 44.832502], [126.561752, 44.834715], [126.562222, 44.835374], [126.567126, 44.841994], [126.567566, 44.842588], [126.568119, 44.843335], [126.573088, 44.850325], [126.571865, 44.850727], [126.571319, 44.850243], [126.570957, 44.84978], [126.57031, 44.848876], [126.570555, 44.848848], [126.569809, 44.847797], [126.569704, 44.847648], [126.568452, 44.847683], [126.56141, 44.847732], [126.561811, 44.848862], [126.563014, 44.850824], [126.562965, 44.851816], [126.56272, 44.852433], [126.569009, 44.852883], [126.568149, 44.853854], [126.568569, 44.857092], [126.569316, 44.860952], [126.565969, 44.861705], [126.563419, 44.862545], [126.558055, 44.864309], [126.559947, 44.866501], [126.558227, 44.866499], [126.554869, 44.874156], [126.557967, 44.87556], [126.55375, 44.87762], [126.560375, 44.880368], [126.563214, 44.881831], [126.562698, 44.88329], [126.559858, 44.884076], [126.558052, 44.886444], [126.555384, 44.888202], [126.550996, 44.887708], [126.547897, 44.889768], [126.536444, 44.885608], [126.536875, 44.884575], [126.534291, 44.880373], [126.535325, 44.87612], [126.532657, 44.87143], [126.530674, 44.870513], [126.527487, 44.869713], [126.524643, 44.869706], [126.518352, 44.870601], [126.517749, 44.868288], [126.513356, 44.867545], [126.509046, 44.868748], [126.508307, 44.860216]]]}, "properties": {"display_name": "城郊街道, 榆树市, 长春市, 吉林省, 130000, 中国", "type": "administrative", "osm_type": "relation", "osm_id": 9523860, "class": null, "keyword": "subdistrict"}}, {"type": "Feature", "geometry": {"type": "Polygon", "coordinates": [[[125.313227, 43.973531], [125.319776, 43.971167], [125.321024, 43.970374], [125.321814, 43.969805], [125.322729, 43.968742], [125.323331, 43.967785], [125.323685, 43.966363], [125.323747, 43.965361], [125.323394, 43.963819], [125.321876, 43.958956], [125.321647, 43.958058], [125.321689, 43.957055], [125.321814, 43.956142], [125.322084, 43.955169], [125.322438, 43.954256], [125.32329, 43.953014], [125.324267, 43.951891], [125.325265, 43.951053], [125.325806, 43.950754], [125.326617, 43.950409], [125.326858, 43.950125], [125.327011, 43.949945], [125.328113, 43.949429], [125.328914, 43.949421], [125.330577, 43.947266], [125.331315, 43.947341], [125.336846, 43.941892], [125.339902, 43.938209], [125.341233, 43.936352], [125.342127, 43.934256], [125.344268, 43.929585], [125.34454, 43.928901], [125.356337, 43.928917], [125.356291, 43.93472], [125.356347, 43.935803], [125.356362, 43.935981], [125.356396, 43.93616], [125.356449, 43.936329], [125.356543, 43.936492], [125.358281, 43.93908], [125.359299, 43.941098], [125.359507, 43.941734], [125.35948, 43.942464], [125.359219, 43.943362], [125.356427, 43.948251], [125.357006, 43.950919], [125.356079, 43.952921], [125.358743, 43.955506], [125.364869, 43.957711], [125.358307, 43.968367], [125.352309, 43.973869], [125.350133, 43.973742], [125.343707, 43.973621], [125.315431, 43.973665], [125.313892, 43.97365], [125.313227, 43.973531]]]}, "properties": {"display_name": "团山街道, 宽城区, 长春市, 吉林省, 130000, 中国", "type": "administrative", "osm_type": "relation", "osm_id": 9515283, "class": null, "keyword": "subdistrict"}}, {"type": "Feature", "geometry": {"type": "Polygon", "coordinates": [[[125.174403, 43.856552], [125.174434, 43.855653], [125.174874, 43.853187], [125.17576, 43.853338], [125.177874, 43.85379], [125.18128, 43.85451], [125.183533, 43.854986], [125.185963, 43.8555], [125.188753, 43.856092], [125.193458, 43.857098], [125.197288, 43.857922], [125.200238, 43.858548], [125.204176, 43.859384], [125.206214, 43.859941], [125.209422, 43.860904], [125.211772, 43.861565], [125.212335, 43.861739], [125.212893, 43.862103], [125.211986, 43.863542], [125.210463, 43.866102], [125.209508, 43.867742], [125.208671, 43.868972], [125.208188, 43.869513], [125.20747, 43.870055], [125.206547, 43.870673], [125.20483, 43.871849], [125.204122, 43.872452], [125.202877, 43.873589], [125.201333, 43.875066], [125.202336, 43.875639], [125.202979, 43.876025], [125.203194, 43.876211], [125.203409, 43.876424], [125.20498, 43.879235], [125.205683, 43.880495], [125.205946, 43.88082], [125.20659, 43.881222], [125.20763, 43.881462], [125.218241, 43.88152], [125.223681, 43.881574], [125.22448, 43.881644], [125.224936, 43.881887], [125.225714, 43.88256], [125.226213, 43.882811], [125.22662, 43.882892], [125.227007, 43.882819], [125.228096, 43.881883], [125.228621, 43.881647], [125.232264, 43.881688], [125.230903, 43.887965], [125.234248, 43.892562], [125.221333, 43.898562], [125.22333, 43.902], [125.216938, 43.902889], [125.216394, 43.902346], [125.215106, 43.902066], [125.207776, 43.90198], [125.204811, 43.900135], [125.203114, 43.898957], [125.201975, 43.897363], [125.202835, 43.896568], [125.204404, 43.895076], [125.201295, 43.893882], [125.202112, 43.892761], [125.201234, 43.891887], [125.200289, 43.890771], [125.199407, 43.889037], [125.196698, 43.889156], [125.196773, 43.888714], [125.199042, 43.886227], [125.197096, 43.886248], [125.196483, 43.884025], [125.195907, 43.883406], [125.19408, 43.882126], [125.192305, 43.881023], [125.188384, 43.878583], [125.185353, 43.876644], [125.18303, 43.875232], [125.18055, 43.87364], [125.179465, 43.872772], [125.178701, 43.872012], [125.177723, 43.870702], [125.17725, 43.869819], [125.176816, 43.868124], [125.174484, 43.857404], [125.174403, 43.856552]]]}, "properties": {"display_name": "同心街道, 绿园区, 长春市, 吉林省, 130000, 中国", "type": "administrative", "osm_type": "relation", "osm_id": 9515049, "class": null, "keyword": "subdistrict"}}, {"type": "Feature", "geometry": {"type": "Polygon", "coordinates": [[[125.329717, 43.790378], [125.329889, 43.788393], [125.331515, 43.787957], [125.332457, 43.787025], [125.331858, 43.785662], [125.330403, 43.784425], [125.3322, 43.78312], [125.331431, 43.782067], [125.331173, 43.781138], [125.333485, 43.780265], [125.333314, 43.779584], [125.332544, 43.7794], [125.332544, 43.777973], [125.334769, 43.777535], [125.335195, 43.776726], [125.334339, 43.775735], [125.33528, 43.775113], [125.337475, 43.775879], [125.33846, 43.775349], [125.339016, 43.77479], [125.339702, 43.772495], [125.339829, 43.772092], [125.342355, 43.772459], [125.343169, 43.773233], [125.344196, 43.773634], [125.345223, 43.773291], [125.347278, 43.773628], [125.347534, 43.773163], [125.348648, 43.772633], [125.348648, 43.768479], [125.34889, 43.767881], [125.350067, 43.767755], [125.351694, 43.767797], [125.351772, 43.768429], [125.351771, 43.769068], [125.351771, 43.769999], [125.351728, 43.77065], [125.355367, 43.770737], [125.355025, 43.771915], [125.359521, 43.772094], [125.359477, 43.773118], [125.359339, 43.783935], [125.359044, 43.806886], [125.359009, 43.808045], [125.358966, 43.811299], [125.35895, 43.812941], [125.355318, 43.812941], [125.353372, 43.812922], [125.352752, 43.812925], [125.351385, 43.812911], [125.349662, 43.812902], [125.348406, 43.8129], [125.345586, 43.812917], [125.344197, 43.813983], [125.341333, 43.814697], [125.34121, 43.813971], [125.340081, 43.812923], [125.339669, 43.812031], [125.339687, 43.810286], [125.33951, 43.808684], [125.338403, 43.807954], [125.337002, 43.806649], [125.335831, 43.804774], [125.335244, 43.80315], [125.335425, 43.801843], [125.335339, 43.800765], [125.334125, 43.79967], [125.332781, 43.798925], [125.33182, 43.797779], [125.331928, 43.796513], [125.333572, 43.796628], [125.334625, 43.796639], [125.335263, 43.796091], [125.335461, 43.795208], [125.335622, 43.794573], [125.335884, 43.794136], [125.336231, 43.793587], [125.336552, 43.792909], [125.336281, 43.792209], [125.335795, 43.791889], [125.33475, 43.791746], [125.333688, 43.791772], [125.331814, 43.791971], [125.329717, 43.790378]]]}, "properties": {"display_name": "富裕街道, 南关区, 长春市, 吉林省, 130600, 中国", "type": "administrative", "osm_type": "relation", "osm_id": 9512454, "class": null, "keyword": "subdistrict"}}, {"type": "Feature", "geometry": {"type": "Polygon", "coordinates": [[[125.298654, 43.825678], [125.299278, 43.825265], [125.299533, 43.822088], [125.30218, 43.822688], [125.303081, 43.821279], [125.304791, 43.821784], [125.305505, 43.821994], [125.305913, 43.822059], [125.305981, 43.822053], [125.305681, 43.821337], [125.305392, 43.82087], [125.304904, 43.820246], [125.30154, 43.816247], [125.300553, 43.815016], [125.300114, 43.814417], [125.299907, 43.814099], [125.299161, 43.812686], [125.298773, 43.811948], [125.29897, 43.803401], [125.305132, 43.80449], [125.310766, 43.805493], [125.312482, 43.805781], [125.313419, 43.805909], [125.314242, 43.805991], [125.315445, 43.806023], [125.319948, 43.806062], [125.325682, 43.806131], [125.327171, 43.806125], [125.327821, 43.806084], [125.328636, 43.805989], [125.329854, 43.805805], [125.335831, 43.804774], [125.337002, 43.806649], [125.338403, 43.807954], [125.33951, 43.808684], [125.339687, 43.810286], [125.339669, 43.812031], [125.340081, 43.812923], [125.34121, 43.813971], [125.341333, 43.814697], [125.34099, 43.819066], [125.343984, 43.82541], [125.346829, 43.828095], [125.349543, 43.829937], [125.350035, 43.830877], [125.327165, 43.830667], [125.319328, 43.830522], [125.313306, 43.830475], [125.313351, 43.828881], [125.310324, 43.827532], [125.307992, 43.825336], [125.306915, 43.823819], [125.304674, 43.823793], [125.304623, 43.826387], [125.304879, 43.828456], [125.301939, 43.828456], [125.301936, 43.827323], [125.300055, 43.826551], [125.299148, 43.82585], [125.298654, 43.825678]]]}, "properties": {"display_name": "明珠街道, 南关区, 长春市, 吉林省, 130000, 中国", "type": "administrative", "osm_type": "relation", "osm_id": 9512459, "class": null, "keyword": "subdistrict"}}, {"type": "Feature", "geometry": {"type": "Polygon", "coordinates": [[[125.283193, 43.848264], [125.283275, 43.830056], [125.29552, 43.830243], [125.295702, 43.819009], [125.303081, 43.821279], [125.30218, 43.822688], [125.299533, 43.822088], [125.299278, 43.825265], [125.298654, 43.825678], [125.299148, 43.82585], [125.300055, 43.826551], [125.301936, 43.827323], [125.301939, 43.828456], [125.304879, 43.828456], [125.304623, 43.826387], [125.304674, 43.823793], [125.306915, 43.823819], [125.307992, 43.825336], [125.310324, 43.827532], [125.313351, 43.828881], [125.313306, 43.830475], [125.319328, 43.830522], [125.319163, 43.837708], [125.318913, 43.848924], [125.301702, 43.861477], [125.29268, 43.855037], [125.283193, 43.848264]]]}, "properties": {"display_name": "南湖街道, 朝阳区, 长春市, 吉林省, 130000, 中国", "type": "administrative", "osm_type": "relation", "osm_id": 9514354, "class": null, "keyword": "subdistrict"}}, {"type": "Feature", "geometry": {"type": "Polygon", "coordinates": [[[125.40273, 43.783197], [125.404763, 43.7823], [125.405882, 43.781968], [125.406508, 43.781902], [125.407972, 43.781831], [125.411141, 43.781676], [125.412161, 43.781557], [125.415667, 43.781058], [125.423241, 43.779834], [125.425624, 43.779472], [125.426076, 43.779445], [125.426607, 43.779481], [125.427088, 43.779552], [125.42759, 43.77968], [125.429393, 43.780236], [125.435013, 43.782003], [125.435501, 43.782221], [125.43509, 43.782461], [125.434412, 43.782722], [125.433105, 43.783119], [125.432492, 43.783494], [125.431941, 43.783956], [125.431714, 43.784307], [125.431549, 43.784909], [125.431477, 43.786132], [125.431463, 43.786971], [125.431555, 43.787659], [125.431808, 43.788236], [125.432143, 43.788637], [125.4327, 43.789112], [125.433912, 43.79008], [125.43717, 43.793176], [125.438171, 43.794169], [125.439769, 43.795612], [125.441164, 43.796862], [125.444632, 43.799802], [125.445539, 43.800883], [125.444994, 43.801945], [125.443876, 43.804041], [125.443133, 43.805417], [125.443003, 43.80569], [125.441116, 43.809027], [125.438949, 43.811858], [125.437951, 43.813118], [125.436717, 43.814722], [125.432578, 43.820018], [125.43209, 43.820684], [125.431545, 43.821286], [125.431108, 43.821705], [125.430587, 43.82214], [125.423683, 43.819873], [125.420206, 43.819398], [125.421345, 43.816874], [125.421863, 43.81568], [125.422019, 43.81517], [125.422168, 43.81454], [125.422258, 43.812676], [125.422299, 43.811755], [125.422044, 43.809974], [125.421303, 43.807278], [125.420513, 43.804273], [125.420094, 43.802746], [125.419929, 43.802289], [125.419542, 43.801558], [125.419082, 43.800911], [125.418349, 43.800115], [125.417321, 43.799319], [125.416374, 43.798725], [125.415387, 43.798244], [125.414045, 43.797751], [125.412762, 43.797478], [125.411264, 43.797335], [125.405306, 43.797332], [125.405166, 43.796254], [125.405561, 43.796165], [125.406006, 43.795512], [125.40631, 43.795411], [125.407265, 43.795488], [125.407248, 43.795227], [125.406977, 43.79506], [125.406837, 43.794906], [125.406672, 43.794746], [125.406738, 43.794359], [125.40682, 43.792209], [125.405528, 43.789126], [125.40273, 43.783197]]]}, "properties": {"display_name": "福祉街道, 长春净月高新技术产业开发区, 南关区, 长春市, 南关区, 吉林省, 130000, 中国", "type": "administrative", "osm_type": "relation", "osm_id": 17379666, "class": null, "keyword": "subdistrict"}}, {"type": "Feature", "geometry": {"type": "Polygon", "coordinates": [[[124.817189, 43.512586], [124.817852, 43.511611], [124.818326, 43.506444], [124.818799, 43.505823], [124.82048, 43.503658], [124.82177, 43.503392], [124.823386, 43.503415], [124.824697, 43.503443], [124.826802, 43.503541], [124.828521, 43.50402], [124.82952, 43.503872], [124.831201, 43.502476], [124.832277, 43.500003], [124.833997, 43.49778], [124.838061, 43.499437], [124.840815, 43.497045], [124.842147, 43.497763], [124.842856, 43.497534], [124.844457, 43.49539], [124.846177, 43.495829], [124.849359, 43.498263], [124.858988, 43.507307], [124.860965, 43.50899], [124.860566, 43.509943], [124.867517, 43.516403], [124.867431, 43.519017], [124.866399, 43.520137], [124.864293, 43.52032], [124.86257, 43.52213], [124.861949, 43.522782], [124.855975, 43.520719], [124.854856, 43.521839], [124.850127, 43.520274], [124.848621, 43.52466], [124.836795, 43.522024], [124.837045, 43.521239], [124.83557, 43.519146], [124.833376, 43.519204], [124.831398, 43.518984], [124.831746, 43.518008], [124.830179, 43.517489], [124.828198, 43.517648], [124.821133, 43.5144], [124.817189, 43.512586]]]}, "properties": {"display_name": "岭东街道, 公主岭市, 长春市, 吉林省, 130000, 中国", "type": "administrative", "osm_type": "relation", "osm_id": 9481572, "class": null, "keyword": "subdistrict"}}, {"type": "Feature", "geometry": {"type": "Polygon", "coordinates": [[[125.370196, 43.862231], [125.370315, 43.857464], [125.370444, 43.852317], [125.370472, 43.851202], [125.370491, 43.850458], [125.370825, 43.828513], [125.373094, 43.828496], [125.380472, 43.828788], [125.381176, 43.828705], [125.381739, 43.828505], [125.382278, 43.827954], [125.382938, 43.827342], [125.383424, 43.82709], [125.383884, 43.827043], [125.384457, 43.82716], [125.384708, 43.827242], [125.384926, 43.827173], [125.385108, 43.827025], [125.385273, 43.826926], [125.385351, 43.826917], [125.385664, 43.826935], [125.386106, 43.826891], [125.387461, 43.82689], [125.388937, 43.827208], [125.390108, 43.827494], [125.390507, 43.827525], [125.390976, 43.827425], [125.393337, 43.825862], [125.394254, 43.825421], [125.394969, 43.825312], [125.396599, 43.825541], [125.398424, 43.825589], [125.398589, 43.825584], [125.398771, 43.825558], [125.399214, 43.825901], [125.400993, 43.827351], [125.39998, 43.831731], [125.398711, 43.837054], [125.39629, 43.843207], [125.389949, 43.855346], [125.387643, 43.862329], [125.375295, 43.86226], [125.370196, 43.862231]]]}, "properties": {"display_name": "会展街道, 长春经济技术开发区, 南关区, 长春市, 吉林省, 130600, 中国", "type": "administrative", "osm_type": "relation", "osm_id": 9512456, "class": null, "keyword": "subdistrict"}}, {"type": "Feature", "geometry": {"type": "Polygon", "coordinates": [[[125.415259, 43.752352], [125.42234, 43.752248], [125.425574, 43.752183], [125.426842, 43.752129], [125.428018, 43.751951], [125.429368, 43.75166], [125.431129, 43.751131], [125.43224, 43.750673], [125.433145, 43.750394], [125.433952, 43.750322], [125.434709, 43.750275], [125.435499, 43.750257], [125.437778, 43.750055], [125.440411, 43.749876], [125.440625, 43.750257], [125.441695, 43.753074], [125.444164, 43.753122], [125.445744, 43.754501], [125.448015, 43.755951], [125.450229, 43.756664], [125.449875, 43.757354], [125.449603, 43.757758], [125.449225, 43.758186], [125.44878, 43.758584], [125.448163, 43.75906], [125.447826, 43.759375], [125.447546, 43.75966], [125.447258, 43.76004], [125.447028, 43.760403], [125.446847, 43.760789], [125.446567, 43.761443], [125.445653, 43.763594], [125.44525, 43.764569], [125.44483, 43.76555], [125.4446, 43.766168], [125.444518, 43.7665], [125.444452, 43.767083], [125.444295, 43.769288], [125.444197, 43.770423], [125.444024, 43.771338], [125.443867, 43.77211], [125.443456, 43.774047], [125.443045, 43.775824], [125.442905, 43.776228], [125.442502, 43.77681], [125.441539, 43.777612], [125.437572, 43.780755], [125.436494, 43.781593], [125.436066, 43.78189], [125.435501, 43.782221], [125.435013, 43.782003], [125.429393, 43.780236], [125.42759, 43.77968], [125.427088, 43.779552], [125.426607, 43.779481], [125.426076, 43.779445], [125.425624, 43.779472], [125.423241, 43.779834], [125.415667, 43.781058], [125.415346, 43.757853], [125.415259, 43.752352]]]}, "properties": {"display_name": "永兴街道, 长春净月高新技术产业开发区, 南关区, 长春市, 南关区, 吉林省, 130000, 中国", "type": "administrative", "osm_type": "relation", "osm_id": 9512466, "class": null, "keyword": "subdistrict"}}, {"type": "Feature", "geometry": {"type": "Polygon", "coordinates": [[[125.348237, 43.838329], [125.348488, 43.837864], [125.351821, 43.83471], [125.352376, 43.834323], [125.355906, 43.832681], [125.356372, 43.832384], [125.356515, 43.832087], [125.356433, 43.830759], [125.356436, 43.830511], [125.356558, 43.829742], [125.356835, 43.829239], [125.357243, 43.828987], [125.358259, 43.828688], [125.358997, 43.828401], [125.359431, 43.828371], [125.359795, 43.828119], [125.360299, 43.828084], [125.361618, 43.827668], [125.362721, 43.82755], [125.364249, 43.827459], [125.364665, 43.827476], [125.365038, 43.827577], [125.365455, 43.827611], [125.36674, 43.827677], [125.367078, 43.827841], [125.367512, 43.828193], [125.367895, 43.828462], [125.368198, 43.828509], [125.370825, 43.828513], [125.370491, 43.850458], [125.370472, 43.851202], [125.370444, 43.852317], [125.370315, 43.857464], [125.370196, 43.862231], [125.35806, 43.862331], [125.352023, 43.86213], [125.351588, 43.857647], [125.351409, 43.849959], [125.352735, 43.848073], [125.353165, 43.846587], [125.353075, 43.84554], [125.351534, 43.843085], [125.348417, 43.839415], [125.348237, 43.838329]]]}, "properties": {"display_name": "临河街道, 长春经济技术开发区, 南关区, 长春市, 吉林省, 130600, 中国", "type": "administrative", "osm_type": "relation", "osm_id": 9512458, "class": null, "keyword": "subdistrict"}}, {"type": "Feature", "geometry": {"type": "Polygon", "coordinates": [[[125.319163, 43.837708], [125.319328, 43.830522], [125.327165, 43.830667], [125.350035, 43.830877], [125.353236, 43.830818], [125.356433, 43.830759], [125.356515, 43.832087], [125.356372, 43.832384], [125.355906, 43.832681], [125.352376, 43.834323], [125.351821, 43.83471], [125.348488, 43.837864], [125.348237, 43.838329], [125.348417, 43.839415], [125.351534, 43.843085], [125.353075, 43.84554], [125.353165, 43.846587], [125.352735, 43.848073], [125.351409, 43.849959], [125.351588, 43.857647], [125.352023, 43.86213], [125.348535, 43.862057], [125.344842, 43.862041], [125.343597, 43.859388], [125.34213, 43.854945], [125.341789, 43.849062], [125.332413, 43.84883], [125.331082, 43.846263], [125.330756, 43.845148], [125.33066, 43.844616], [125.330619, 43.843793], [125.330974, 43.841732], [125.331074, 43.841399], [125.331765, 43.838843], [125.32954, 43.838461], [125.325949, 43.83788], [125.325238, 43.837784], [125.319163, 43.837708]]]}, "properties": {"display_name": "鸿城街道, 南关区, 长春市, 吉林省, 130000, 中国", "type": "administrative", "osm_type": "relation", "osm_id": 9512455, "class": null, "keyword": "subdistrict"}}, {"type": "Feature", "geometry": {"type": "MultiPolygon", "coordinates": [[[[125.809217, 44.149072], [125.809483, 44.148547], [125.809691, 44.148083], [125.80987, 44.147606], [125.809982, 44.147234], [125.810079, 44.146803], [125.810138, 44.146375], [125.81017, 44.145828], [125.810187, 44.145188], [125.810203, 44.14476], [125.812171, 44.142861], [125.814481, 44.140163], [125.815073, 44.139539], [125.839489, 44.150741], [125.839179, 44.151119], [125.838965, 44.151611], [125.838878, 44.152227], [125.839094, 44.152351], [125.839222, 44.152906], [125.838662, 44.153675], [125.838491, 44.153982], [125.837888, 44.154536], [125.837457, 44.154997], [125.837053, 44.155332], [125.837387, 44.15552], [125.83792, 44.155795], [125.838403, 44.156045], [125.83926, 44.156521], [125.838964, 44.156848], [125.838603, 44.157233], [125.838231, 44.157586], [125.837715, 44.15814], [125.837348, 44.158538], [125.836751, 44.159136], [125.836208, 44.159677], [125.835777, 44.1602], [125.835691, 44.1602], [125.835949, 44.160293], [125.842353, 44.163639], [125.842708, 44.163324], [125.842924, 44.163016], [125.842924, 44.162523], [125.843526, 44.162463], [125.845206, 44.162681], [125.845206, 44.162527], [125.845421, 44.162558], [125.846411, 44.162776], [125.847143, 44.162869], [125.847659, 44.162962], [125.848606, 44.163211], [125.848864, 44.163088], [125.848477, 44.162841], [125.847616, 44.162378], [125.846583, 44.162006], [125.84555, 44.161604], [125.845593, 44.161512], [125.845507, 44.160772], [125.846196, 44.160082], [125.851433, 44.162477], [125.852204, 44.163064], [125.852561, 44.163432], [125.852953, 44.163957], [125.852885, 44.164209], [125.852967, 44.164367], [125.853089, 44.164467], [125.8533, 44.164499], [125.853569, 44.164436], [125.85365, 44.164325], [125.853899, 44.163937], [125.854245, 44.16362], [125.854503, 44.163251], [125.855278, 44.162328], [125.855815, 44.161433], [125.856826, 44.161899], [125.857601, 44.162639], [125.858117, 44.162979], [125.858461, 44.162641], [125.858031, 44.162209], [125.857902, 44.162024], [125.857128, 44.16153], [125.85674, 44.161036], [125.856525, 44.160883], [125.856095, 44.160728], [125.85631, 44.160173], [125.856869, 44.159096], [125.857085, 44.158603], [125.8573, 44.157895], [125.857645, 44.15731], [125.857816, 44.156818], [125.858462, 44.156849], [125.859193, 44.156943], [125.860098, 44.157191], [125.862034, 44.157502], [125.86169, 44.157871], [125.861259, 44.158148], [125.860742, 44.158517], [125.861259, 44.158857], [125.861947, 44.159196], [125.862421, 44.159258], [125.862034, 44.159812], [125.861345, 44.160551], [125.860871, 44.160981], [125.859968, 44.161534], [125.859451, 44.162119], [125.85915, 44.162704], [125.857945, 44.163637], [125.8584, 44.164109], [125.859381, 44.164556], [125.859624, 44.165402], [125.85983, 44.16578], [125.859839, 44.16671], [125.860011, 44.168559], [125.860268, 44.168775], [125.860828, 44.168961], [125.86285, 44.169949], [125.863434, 44.17032], [125.863441, 44.17046], [125.86186, 44.17155], [125.860926, 44.171997], [125.860224, 44.172069], [125.856316, 44.17228], [125.855344, 44.169762], [125.853512, 44.169997], [125.852608, 44.170026], [125.851016, 44.170261], [125.849748, 44.169945], [125.848322, 44.169637], [125.848347, 44.169218], [125.848457, 44.168237], [125.848476, 44.167406], [125.84852, 44.165954], [125.848725, 44.165277], [125.847438, 44.165281], [125.843741, 44.165789], [125.842558, 44.166036], [125.841071, 44.166277], [125.839651, 44.166367], [125.83856, 44.166476], [125.8381, 44.166084], [125.834912, 44.163701], [125.833302, 44.16266], [125.832461, 44.163394], [125.832008, 44.163716], [125.830294, 44.161782], [125.824359, 44.158334], [125.823117, 44.158034], [125.821204, 44.157551], [125.819265, 44.156766], [125.817613, 44.155723], [125.817354, 44.155523], [125.817332, 44.154866], [125.817481, 44.153154], [125.817481, 44.152815], [125.817181, 44.152753], [125.814554, 44.151761], [125.814598, 44.151546], [125.815028, 44.151054], [125.815068, 44.150901], [125.81242, 44.149447], [125.812317, 44.14954], [125.811929, 44.149786], [125.811671, 44.150186], [125.81124, 44.150216], [125.81081, 44.149969], [125.810423, 44.149784], [125.809949, 44.149413], [125.809217, 44.149072]]], [[[125.860357, 44.162982], [125.860916, 44.161996], [125.861863, 44.160982], [125.865951, 44.160494], [125.867199, 44.160773], [125.86836, 44.161051], [125.870554, 44.1613], [125.870683, 44.161331], [125.871242, 44.162503], [125.86978, 44.162932], [125.870467, 44.163733], [125.868661, 44.16327], [125.867456, 44.1641], [125.867499, 44.164746], [125.865692, 44.165853], [125.86523, 44.166106], [125.864476, 44.165571], [125.863159, 44.165241], [125.861733, 44.163969], [125.860357, 44.162982]]]]}, "properties": {"display_name": "九台街道, 九台区, 长春市, 吉林省, 130500, 中国", "type": "administrative", "osm_type": "relation", "osm_id": 9520276, "class": null, "keyword": "subdistrict"}}, {"type": "Feature", "geometry": {"type": "Polygon", "coordinates": [[[125.270877, 43.909264], [125.27424, 43.908058], [125.280129, 43.905981], [125.279578, 43.905186], [125.278674, 43.903847], [125.281102, 43.902856], [125.280619, 43.902129], [125.283773, 43.901333], [125.282716, 43.899759], [125.281252, 43.900289], [125.280468, 43.899191], [125.284342, 43.897831], [125.285103, 43.904177], [125.286369, 43.915849], [125.291165, 43.91571], [125.293289, 43.915601], [125.295092, 43.915424], [125.297055, 43.914975], [125.298482, 43.914457], [125.300327, 43.913638], [125.301679, 43.912889], [125.302677, 43.91227], [125.303905, 43.911581], [125.304088, 43.911478], [125.303635, 43.912621], [125.303726, 43.914969], [125.303797, 43.917615], [125.304587, 43.918766], [125.304681, 43.918903], [125.305802, 43.920415], [125.302615, 43.925464], [125.30174, 43.92549], [125.287254, 43.925917], [125.273808, 43.926493], [125.273457, 43.925976], [125.2732, 43.925543], [125.273076, 43.92523], [125.272985, 43.924863], [125.272996, 43.924535], [125.273066, 43.924187], [125.273543, 43.922379], [125.273806, 43.921108], [125.274171, 43.919435], [125.274423, 43.918283], [125.274498, 43.917877], [125.274482, 43.917464], [125.27438, 43.917097], [125.273918, 43.916096], [125.273366, 43.914844], [125.272572, 43.913055], [125.271869, 43.911493], [125.270877, 43.909264]]]}, "properties": {"display_name": "青年路街道, 绿园区, 长春市, 绿园区, 吉林省, 130000, 中国", "type": "administrative", "osm_type": "relation", "osm_id": 9515048, "class": null, "keyword": "subdistrict"}}, {"type": "Feature", "geometry": {"type": "Polygon", "coordinates": [[[125.318623, 43.86177], [125.318913, 43.848924], [125.319163, 43.837708], [125.325238, 43.837784], [125.325949, 43.83788], [125.32954, 43.838461], [125.331765, 43.838843], [125.331074, 43.841399], [125.330974, 43.841732], [125.330619, 43.843793], [125.33066, 43.844616], [125.330756, 43.845148], [125.331082, 43.846263], [125.332413, 43.84883], [125.341789, 43.849062], [125.34213, 43.854945], [125.343597, 43.859388], [125.344842, 43.862041], [125.342573, 43.862051], [125.339507, 43.862021], [125.338833, 43.862014], [125.338768, 43.862013], [125.334036, 43.861967], [125.331587, 43.861909], [125.322652, 43.861696], [125.318623, 43.86177]]]}, "properties": {"display_name": "南岭街道, 南关区, 长春市, 吉林省, 130000, 中国", "type": "administrative", "osm_type": "relation", "osm_id": 9512460, "class": null, "keyword": "subdistrict"}}, {"type": "Feature", "geometry": {"type": "Polygon", "coordinates": [[[125.301521, 43.927402], [125.30174, 43.92549], [125.302615, 43.925464], [125.305802, 43.920415], [125.309622, 43.92147], [125.310258, 43.921595], [125.310807, 43.921616], [125.310903, 43.925023], [125.322339, 43.921491], [125.322599, 43.921428], [125.322879, 43.921435], [125.32265, 43.928506], [125.322618, 43.929493], [125.32261, 43.929721], [125.322247, 43.938814], [125.321973, 43.949404], [125.311398, 43.948172], [125.311054, 43.934768], [125.306293, 43.93643], [125.30305, 43.931602], [125.302062, 43.930179], [125.301709, 43.929483], [125.301623, 43.928551], [125.301605, 43.928345], [125.301521, 43.927402]]]}, "properties": {"display_name": "凯旋街道, 宽城区, 长春市, 吉林省, 130000, 中国", "type": "administrative", "osm_type": "relation", "osm_id": 9515277, "class": null, "keyword": "subdistrict"}}, {"type": "Feature", "geometry": {"type": "Polygon", "coordinates": [[[125.660339, 43.981301], [125.660862, 43.980853], [125.661323, 43.981153], [125.661128, 43.981316], [125.662576, 43.9822], [125.663949, 43.983055], [125.665532, 43.984038], [125.666741, 43.984826], [125.666814, 43.984759], [125.667078, 43.984898], [125.667165, 43.984787], [125.667219, 43.984733], [125.667352, 43.984616], [125.667653, 43.984364], [125.667753, 43.984342], [125.668203, 43.984294], [125.668422, 43.984389], [125.668505, 43.984417], [125.668785, 43.984439], [125.66891, 43.984431], [125.669531, 43.98413], [125.669629, 43.9841], [125.670112, 43.984017], [125.670317, 43.984001], [125.670814, 43.98399], [125.670857, 43.984009], [125.670891, 43.984043], [125.671009, 43.984205], [125.671219, 43.984479], [125.671565, 43.98484], [125.671525, 43.984885], [125.676085, 43.987735], [125.67644, 43.987716], [125.676612, 43.987577], [125.677154, 43.987156], [125.678087, 43.986411], [125.678434, 43.986126], [125.678476, 43.986093], [125.677908, 43.985742], [125.677838, 43.985698], [125.677771, 43.985613], [125.677647, 43.98551], [125.677811, 43.985327], [125.678109, 43.985084], [125.678893, 43.984403], [125.678172, 43.983957], [125.678123, 43.983928], [125.678063, 43.983968], [125.677642, 43.983716], [125.677635, 43.983697], [125.677638, 43.98368], [125.677226, 43.983445], [125.67737, 43.983274], [125.677447, 43.983216], [125.677493, 43.983203], [125.677545, 43.983204], [125.677604, 43.983212], [125.677681, 43.983241], [125.677727, 43.983264], [125.677949, 43.983377], [125.678382, 43.983569], [125.678453, 43.983603], [125.678573, 43.983638], [125.678663, 43.983651], [125.678782, 43.983658], [125.678988, 43.983658], [125.679415, 43.983631], [125.680153, 43.983568], [125.680466, 43.983527], [125.680555, 43.983504], [125.68093, 43.983331], [125.681083, 43.983229], [125.681402, 43.982945], [125.681502, 43.98292], [125.683443, 43.984233], [125.684787, 43.985088], [125.686657, 43.986207], [125.687069, 43.986454], [125.687641, 43.986817], [125.688146, 43.987135], [125.689082, 43.987695], [125.689111, 43.987789], [125.692351, 43.989735], [125.693126, 43.990198], [125.694521, 43.990966], [125.696197, 43.992006], [125.69888, 43.993662], [125.700862, 43.994904], [125.701331, 43.994553], [125.702393, 43.995198], [125.701817, 43.995695], [125.700838, 43.996521], [125.700897, 43.996998], [125.700902, 43.997029], [125.700915, 43.997045], [125.700954, 43.997067], [125.701978, 43.997712], [125.701173, 43.998397], [125.702498, 43.999205], [125.701414, 44.00011], [125.701417, 44.000232], [125.703579, 44.001569], [125.705706, 44.00289], [125.705536, 44.003048], [125.705475, 44.003108], [125.70665, 44.003832], [125.708085, 44.004727], [125.705988, 44.006466], [125.705448, 44.006108], [125.704455, 44.007033], [125.704431, 44.007055], [125.704323, 44.007208], [125.704306, 44.00725], [125.703814, 44.007771], [125.703808, 44.007797], [125.703811, 44.007819], [125.703822, 44.007846], [125.703847, 44.007868], [125.704177, 44.008051], [125.704331, 44.008104], [125.704947, 44.008496], [125.705396, 44.008783], [125.706591, 44.009517], [125.707555, 44.010127], [125.708965, 44.010984], [125.70958, 44.011375], [125.709922, 44.011585], [125.710097, 44.01144], [125.710563, 44.011734], [125.710035, 44.012181], [125.709555, 44.011886], [125.709783, 44.011697], [125.709205, 44.011338], [125.707846, 44.010491], [125.707, 44.009964], [125.706025, 44.009353], [125.705486, 44.009025], [125.704549, 44.008439], [125.703683, 44.007911], [125.702727, 44.00865], [125.701366, 44.007826], [125.700693, 44.008435], [125.700144, 44.008532], [125.700093, 44.008536], [125.700057, 44.008521], [125.699557, 44.008171], [125.699113, 44.007856], [125.698872, 44.007675], [125.697999, 44.006961], [125.697345, 44.006456], [125.695772, 44.005283], [125.695719, 44.005247], [125.695672, 44.005206], [125.695642, 44.005169], [125.695361, 44.004727], [125.695327, 44.004678], [125.695304, 44.004649], [125.695267, 44.004617], [125.694286, 44.003997], [125.693185, 44.003328], [125.692172, 44.002706], [125.691458, 44.002279], [125.690578, 44.001736], [125.690267, 44.001532], [125.687266, 43.999681], [125.685947, 43.998843], [125.685003, 43.998259], [125.684814, 43.998131], [125.684558, 43.99798], [125.683651, 43.997417], [125.682534, 43.996695], [125.682519, 43.996701], [125.681854, 43.99627], [125.681125, 43.995822], [125.680352, 43.995331], [125.6794, 43.994757], [125.679292, 43.994694], [125.678644, 43.994263], [125.677739, 43.99371], [125.677364, 43.993474], [125.67666, 43.993042], [125.676417, 43.992898], [125.676108, 43.992726], [125.675278, 43.992297], [125.67327, 43.991255], [125.672543, 43.990865], [125.67231, 43.990735], [125.671969, 43.99055], [125.67172, 43.990397], [125.671151, 43.990054], [125.66943, 43.988978], [125.668645, 43.988482], [125.668004, 43.988083], [125.666865, 43.987368], [125.666536, 43.987158], [125.667307, 43.986415], [125.667208, 43.986326], [125.666953, 43.986128], [125.666665, 43.985944], [125.666625, 43.985906], [125.666602, 43.985867], [125.666575, 43.985832], [125.666537, 43.985797], [125.666479, 43.985758], [125.66642, 43.985734], [125.666192, 43.985645], [125.666107, 43.985616], [125.666316, 43.98544], [125.666668, 43.985136], [125.666762, 43.985055], [125.666748, 43.984973], [125.666433, 43.984781], [125.666025, 43.984531], [125.665398, 43.984122], [125.664589, 43.983622], [125.663618, 43.983034], [125.662938, 43.982611], [125.662805, 43.982521], [125.661015, 43.981409], [125.660803, 43.981592], [125.660339, 43.981301]]]}, "properties": {"display_name": "长春龙嘉国际机场, 机场路, 兴港街道, 九台区, 长春市, 二道区, 吉林省, 130500, 中国", "type": "aerodrome", "osm_type": "way", "osm_id": 41130394, "class": null, "keyword": "district"}}, {"type": "Feature", "geometry": {"type": "Polygon", "coordinates": [[[125.248537, 43.881823], [125.24872, 43.873328], [125.256033, 43.873477], [125.256085, 43.870953], [125.256241, 43.87058], [125.257297, 43.869422], [125.265188, 43.87359], [125.26524, 43.875478], [125.266874, 43.875478], [125.266796, 43.874655], [125.26843, 43.874618], [125.268456, 43.873216], [125.269493, 43.873178], [125.269182, 43.871253], [125.268845, 43.870187], [125.268378, 43.869402], [125.267626, 43.868654], [125.2669, 43.868074], [125.266329, 43.867794], [125.265603, 43.867476], [125.265681, 43.862053], [125.264981, 43.861642], [125.267052, 43.860106], [125.274979, 43.866631], [125.281009, 43.87462], [125.281858, 43.87586], [125.265188, 43.881965], [125.248537, 43.881823]]]}, "properties": {"display_name": "春城街道, 绿园区, 长春市, 吉林省, 130000, 中国", "type": "administrative", "osm_type": "relation", "osm_id": 16204056, "class": null, "keyword": "subdistrict"}}, {"type": "Feature", "geometry": {"type": "Polygon", "coordinates": [[[125.321973, 43.949404], [125.322247, 43.938814], [125.32261, 43.929721], [125.322618, 43.929493], [125.32265, 43.928506], [125.323999, 43.928524], [125.327244, 43.928558], [125.328267, 43.92857], [125.330264, 43.928593], [125.337612, 43.928749], [125.34454, 43.928901], [125.344268, 43.929585], [125.342127, 43.934256], [125.341233, 43.936352], [125.339902, 43.938209], [125.336846, 43.941892], [125.331315, 43.947341], [125.330577, 43.947266], [125.328914, 43.949421], [125.328113, 43.949429], [125.327011, 43.949945], [125.326858, 43.950125], [125.321973, 43.949404]]]}, "properties": {"display_name": "兴业街道, 宽城区, 长春市, 吉林省, 130000, 中国", "type": "administrative", "osm_type": "relation", "osm_id": 9515287, "class": null, "keyword": "subdistrict"}}, {"type": "Feature", "geometry": {"type": "Polygon", "coordinates": [[[125.295048, 43.895565], [125.295551, 43.895072], [125.296478, 43.896383], [125.30683, 43.892705], [125.307415, 43.892513], [125.312066, 43.893355], [125.318011, 43.893362], [125.317813, 43.901276], [125.323523, 43.901291], [125.323508, 43.908327], [125.317656, 43.90826], [125.308429, 43.908156], [125.306129, 43.908], [125.303263, 43.907539], [125.301367, 43.906763], [125.299788, 43.905707], [125.298096, 43.904173], [125.296832, 43.902002], [125.295048, 43.895565]]]}, "properties": {"display_name": "站前街道, 宽城区, 长春市, 吉林省, 130000, 中国", "type": "administrative", "osm_type": "relation", "osm_id": 9515289, "class": null, "keyword": "subdistrict"}}, {"type": "Feature", "geometry": {"type": "Polygon", "coordinates": [[[125.335086, 43.898896], [125.336998, 43.896155], [125.339645, 43.891973], [125.348884, 43.895122], [125.349501, 43.895302], [125.349914, 43.895392], [125.351135, 43.895382], [125.351531, 43.896106], [125.352032, 43.896442], [125.352942, 43.897078], [125.357207, 43.897812], [125.358821, 43.899059], [125.358475, 43.900969], [125.357322, 43.902049], [125.357207, 43.90396], [125.356496, 43.905613], [125.355862, 43.907478], [125.355824, 43.908777], [125.356141, 43.910072], [125.356311, 43.913958], [125.35018, 43.914012], [125.349892, 43.912687], [125.349321, 43.911538], [125.348394, 43.910569], [125.347413, 43.909889], [125.345128, 43.90898], [125.342759, 43.908544], [125.344011, 43.907823], [125.345496, 43.906598], [125.346188, 43.905553], [125.346407, 43.90392], [125.346773, 43.902601], [125.348082, 43.900653], [125.347224, 43.900546], [125.340913, 43.901518], [125.337837, 43.89819], [125.335086, 43.898896]]]}, "properties": {"display_name": "长通街道, 南关区, 长春市, 吉林省, 130000, 中国", "type": "administrative", "osm_type": "relation", "osm_id": 9512453, "class": null, "keyword": "subdistrict"}}, {"type": "Feature", "geometry": {"type": "Polygon", "coordinates": [[[125.332877, 43.875966], [125.332907, 43.875013], [125.33293, 43.874302], [125.332974, 43.872918], [125.332992, 43.872491], [125.333017, 43.871921], [125.333907, 43.871077], [125.334686, 43.870339], [125.334792, 43.87019], [125.334824, 43.870028], [125.334848, 43.869163], [125.334946, 43.86564], [125.33485, 43.865184], [125.334176, 43.864496], [125.334047, 43.864288], [125.333973, 43.863947], [125.334036, 43.861967], [125.338768, 43.862013], [125.338833, 43.862014], [125.339507, 43.862021], [125.342573, 43.862051], [125.344842, 43.862041], [125.348535, 43.862057], [125.352023, 43.86213], [125.35161, 43.863293], [125.350247, 43.864832], [125.349309, 43.87147], [125.350308, 43.873204], [125.350047, 43.874435], [125.349313, 43.875496], [125.347564, 43.876916], [125.347065, 43.87648], [125.346089, 43.876207], [125.345525, 43.875726], [125.344847, 43.875407], [125.34228, 43.874882], [125.341818, 43.874934], [125.341541, 43.87506], [125.338687, 43.878175], [125.333194, 43.876036], [125.332877, 43.875966]]]}, "properties": {"display_name": "永吉街道, 南关区, 长春市, 吉林省, 130000, 中国", "type": "administrative", "osm_type": "relation", "osm_id": 9512465, "class": null, "keyword": "subdistrict"}}, {"type": "Feature", "geometry": {"type": "Polygon", "coordinates": [[[125.318291, 43.875752], [125.318477, 43.868263], [125.318623, 43.86177], [125.322652, 43.861696], [125.331587, 43.861909], [125.334036, 43.861967], [125.333973, 43.863947], [125.334047, 43.864288], [125.334176, 43.864496], [125.33485, 43.865184], [125.334946, 43.86564], [125.334848, 43.869163], [125.334824, 43.870028], [125.334792, 43.87019], [125.334686, 43.870339], [125.333907, 43.871077], [125.333017, 43.871921], [125.332992, 43.872491], [125.332974, 43.872918], [125.33293, 43.874302], [125.332907, 43.875013], [125.332877, 43.875966], [125.330329, 43.875923], [125.327673, 43.875877], [125.32565, 43.87587], [125.324283, 43.875858], [125.318291, 43.875752]]]}, "properties": {"display_name": "曙光街道, 南关区, 长春市, 吉林省, 130000, 中国", "type": "administrative", "osm_type": "relation", "osm_id": 9512462, "class": null, "keyword": "subdistrict"}}, {"type": "Feature", "geometry": {"type": "Polygon", "coordinates": [[[124.811273, 43.508735], [124.813264, 43.506271], [124.814413, 43.50485], [124.814938, 43.503883], [124.815102, 43.503341], [124.816004, 43.499559], [124.816456, 43.497154], [124.816607, 43.496354], [124.817141, 43.494664], [124.817676, 43.494588], [124.817774, 43.493966], [124.819741, 43.493782], [124.823429, 43.493921], [124.823185, 43.495407], [124.825926, 43.495513], [124.825736, 43.4973], [124.827564, 43.496078], [124.828833, 43.497061], [124.830725, 43.49722], [124.830472, 43.497487], [124.830273, 43.498995], [124.830045, 43.500165], [124.82967, 43.502091], [124.825412, 43.501429], [124.824697, 43.503443], [124.823386, 43.503415], [124.82177, 43.503392], [124.82048, 43.503658], [124.818799, 43.505823], [124.818326, 43.506444], [124.817852, 43.511611], [124.814597, 43.510188], [124.811273, 43.508735]]]}, "properties": {"display_name": "东三街道, 公主岭市, 长春市, 吉林省, 130000, 中国", "type": "administrative", "osm_type": "relation", "osm_id": 9481571, "class": null, "keyword": "subdistrict"}}, {"type": "Feature", "geometry": {"type": "Polygon", "coordinates": [[[125.329481, 43.888005], [125.332686, 43.884641], [125.334563, 43.882532], [125.338687, 43.878175], [125.341541, 43.87506], [125.341818, 43.874934], [125.34228, 43.874882], [125.344847, 43.875407], [125.345525, 43.875726], [125.346089, 43.876207], [125.347065, 43.87648], [125.347564, 43.876916], [125.345655, 43.878667], [125.345516, 43.879485], [125.342792, 43.879473], [125.343023, 43.886063], [125.343004, 43.886618], [125.34285, 43.887187], [125.342705, 43.887644], [125.342417, 43.888206], [125.341878, 43.888948], [125.339645, 43.891973], [125.334024, 43.889954], [125.329481, 43.888005]]]}, "properties": {"display_name": "全安街道, 南关区, 长春市, 吉林省, 130000, 中国", "type": "administrative", "osm_type": "relation", "osm_id": 9512461, "class": null, "keyword": "subdistrict"}}, {"type": "Feature", "geometry": {"type": "Polygon", "coordinates": [[[125.339645, 43.891973], [125.341878, 43.888948], [125.342417, 43.888206], [125.342705, 43.887644], [125.34285, 43.887187], [125.343004, 43.886618], [125.343023, 43.886063], [125.342792, 43.879473], [125.345516, 43.879485], [125.345389, 43.880238], [125.346069, 43.88206], [125.348862, 43.883966], [125.35421, 43.886513], [125.354948, 43.887223], [125.355939, 43.888175], [125.354555, 43.889754], [125.353057, 43.892578], [125.351135, 43.895382], [125.349914, 43.895392], [125.349501, 43.895302], [125.348884, 43.895122], [125.339645, 43.891973]]]}, "properties": {"display_name": "桃源街道, 南关区, 长春市, 吉林省, 130000, 中国", "type": "administrative", "osm_type": "relation", "osm_id": 15875647, "class": null, "keyword": "subdistrict"}}, {"type": "Feature", "geometry": {"type": "Polygon", "coordinates": [[[125.417595, 43.799344], [125.417861, 43.798439], [125.417897, 43.79833], [125.418068, 43.79822], [125.418036, 43.797949], [125.418564, 43.797315], [125.419105, 43.797641], [125.419603, 43.797799], [125.420086, 43.798096], [125.42041, 43.798339], [125.421012, 43.799161], [125.422672, 43.79939], [125.423384, 43.798967], [125.424365, 43.798773], [125.424411, 43.798354], [125.425472, 43.798373], [125.425931, 43.796535], [125.425488, 43.795337], [125.427323, 43.795142], [125.427781, 43.795485], [125.428272, 43.795907], [125.428825, 43.79649], [125.429189, 43.796912], [125.434709, 43.803237], [125.435658, 43.803865], [125.436833, 43.804353], [125.437577, 43.804536], [125.437161, 43.805737], [125.437066, 43.806353], [125.436465, 43.808145], [125.42862, 43.80633], [125.42234, 43.805303], [125.42098, 43.805588], [125.420553, 43.803865], [125.420142, 43.802438], [125.419746, 43.801604], [125.419272, 43.800954], [125.418734, 43.800337], [125.418101, 43.799743], [125.417595, 43.799344]]]}, "properties": {"display_name": "中信城, 长春净月高新技术产业开发区, 南关区, 长春市, 南关区, 吉林省, 130000, 中国", "type": "residential", "osm_type": "way", "osm_id": 315762556, "class": null, "keyword": "中心城区"}}, {"type": "Feature", "geometry": {"type": "Polygon", "coordinates": [[[125.318011, 43.893362], [125.318168, 43.881918], [125.323985, 43.881921], [125.324313, 43.88188], [125.326622, 43.880735], [125.328653, 43.882123], [125.329625, 43.882962], [125.330992, 43.883642], [125.332686, 43.884641], [125.329481, 43.888005], [125.323102, 43.894217], [125.322171, 43.893469], [125.318011, 43.893362]]]}, "properties": {"display_name": "自强街道, 南关区, 长春市, 吉林省, 130000, 中国", "type": "administrative", "osm_type": "relation", "osm_id": 9512467, "class": null, "keyword": "subdistrict"}}, {"type": "Feature", "geometry": {"type": "Polygon", "coordinates": [[[125.318168, 43.881918], [125.318193, 43.880842], [125.318291, 43.875752], [125.324283, 43.875858], [125.32565, 43.87587], [125.327673, 43.875877], [125.330329, 43.875923], [125.332877, 43.875966], [125.333194, 43.876036], [125.338687, 43.878175], [125.334563, 43.882532], [125.332686, 43.884641], [125.330992, 43.883642], [125.329625, 43.882962], [125.328653, 43.882123], [125.326622, 43.880735], [125.324313, 43.88188], [125.323985, 43.881921], [125.318168, 43.881918]]]}, "properties": {"display_name": "民康街道, 南关区, 长春市, 吉林省, 130000, 中国", "type": "administrative", "osm_type": "relation", "osm_id": 15875648, "class": null, "keyword": "subdistrict"}}, {"type": "Feature", "geometry": {"type": "Polygon", "coordinates": [[[125.323102, 43.894217], [125.329481, 43.888005], [125.334024, 43.889954], [125.339645, 43.891973], [125.336998, 43.896155], [125.335086, 43.898896], [125.33401, 43.90015], [125.33303, 43.901294], [125.332254, 43.900741], [125.331401, 43.900133], [125.323102, 43.894217]]]}, "properties": {"display_name": "新春街道, 南关区, 长春市, 吉林省, 130000, 中国", "type": "administrative", "osm_type": "relation", "osm_id": 9512463, "class": null, "keyword": "subdistrict"}}, {"type": "Feature", "geometry": {"type": "Polygon", "coordinates": [[[125.462809, 44.089584], [125.468701, 44.087359], [125.46977, 44.086956], [125.470528, 44.08799], [125.475578, 44.094882], [125.469739, 44.097096], [125.466258, 44.092849], [125.462809, 44.089584]]]}, "properties": {"display_name": "中韩国际合作示范区产业创新基地, 中韩（长春）国际合作示范区, 宽城区, 长春市, 吉林省, 130000, 中国", "type": "industrial", "osm_type": "way", "osm_id": 696263184, "class": null, "keyword": "市中心"}}, {"type": "Feature", "geometry": {"type": "Polygon", "coordinates": [[[125.298133, 43.883956], [125.29824, 43.87876], [125.300743, 43.878787], [125.300876, 43.878788], [125.304118, 43.878823], [125.304063, 43.881508], [125.301137, 43.881469], [125.301115, 43.882796], [125.29947, 43.882779], [125.299442, 43.883982], [125.298133, 43.883956]]]}, "properties": {"display_name": "吉林大学（朝阳校区）, 西民主大街, 西朝阳社区, 清和街道, 朝阳区, 长春市, 绿园区, 吉林省, 130000, 中国", "type": "university", "osm_type": "way", "osm_id": 297554556, "class": null, "keyword": "district"}}, {"type": "Feature", "geometry": {"type": "Polygon", "coordinates": [[[126.519969, 44.832674], [126.520363, 44.832494], [126.520647, 44.832386], [126.520763, 44.832352], [126.520802, 44.832437], [126.521734, 44.832156], [126.521709, 44.832071], [126.521664, 44.831946], [126.521702, 44.831934], [126.52185, 44.831889], [126.521891, 44.831876], [126.52194, 44.831985], [126.521973, 44.832079], [126.522088, 44.832042], [126.5222, 44.832006], [126.522791, 44.831827], [126.522908, 44.831835], [126.523011, 44.831837], [126.523084, 44.831853], [126.523135, 44.831886], [126.523242, 44.832024], [126.523387, 44.832186], [126.523462, 44.832251], [126.523535, 44.832337], [126.523556, 44.832401], [126.523804, 44.832664], [126.524109, 44.833083], [126.524145, 44.833138], [126.524292, 44.833371], [126.524301, 44.833385], [126.524432, 44.83359], [126.523732, 44.834116], [126.523572, 44.834251], [126.523233, 44.834538], [126.52295, 44.834912], [126.522788, 44.835091], [126.522619, 44.835069], [126.521648, 44.834907], [126.521354, 44.834888], [126.519969, 44.832674]]]}, "properties": {"display_name": "榆树市文化体育活动中心, 新民大街, 西部新城, 华昌街道, 榆树市, 长春市, 吉林省, 130000, 中国", "type": "stadium", "osm_type": "way", "osm_id": 906463614, "class": null, "keyword": "市中心"}}, {"type": "Feature", "geometry": {"type": "Polygon", "coordinates": [[[125.431556, 43.809109], [125.432036, 43.807365], [125.436417, 43.808384], [125.436155, 43.809203], [125.435937, 43.809371], [125.435654, 43.809441], [125.434525, 43.809287], [125.43406, 43.809308], [125.433579, 43.809445], [125.431556, 43.809109]]]}, "properties": {"display_name": "东北师大附小中信实验校, 橡树街, 福祉街道, 长春净月高新技术产业开发区, 南关区, 长春市, 南关区, 吉林省, 130000, 中国", "type": "school", "osm_type": "way", "osm_id": 314823445, "class": null, "keyword": "市中心"}}, {"type": "Feature", "geometry": {"type": "Polygon", "coordinates": [[[125.215481, 43.876924], [125.217927, 43.876837], [125.219322, 43.878887], [125.219328, 43.878993], [125.216868, 43.878965], [125.215481, 43.876924]]]}, "properties": {"display_name": "中海景阳公馆C区, 长春汽车经济技术开发区, 绿园区, 长春市, 绿园区, 吉林省, 130000, 中国", "type": "residential", "osm_type": "way", "osm_id": 696019815, "class": null, "keyword": "中央区"}}, {"type": "Feature", "geometry": {"type": "Polygon", "coordinates": [[[125.211058, 43.87425], [125.212492, 43.874112], [125.212577, 43.874115], [125.212679, 43.87413], [125.214372, 43.876593], [125.214392, 43.876614], [125.21445, 43.876616], [125.214447, 43.876663], [125.214417, 43.876705], [125.212674, 43.876701], [125.211058, 43.87425]]]}, "properties": {"display_name": "中海景阳公馆D区, 长春汽车经济技术开发区, 绿园区, 长春市, 绿园区, 吉林省, 130000, 中国", "type": "residential", "osm_type": "way", "osm_id": 696019813, "class": null, "keyword": "中央区"}}, {"type": "Feature", "geometry": {"type": "Polygon", "coordinates": [[[126.53272, 44.835002], [126.53441, 44.83446], [126.534479, 44.834585], [126.534896, 44.835183], [126.53572, 44.836365], [126.535724, 44.83637], [126.535136, 44.836558], [126.53519, 44.836681], [126.534061, 44.837048], [126.533691, 44.836483], [126.533458, 44.836127], [126.532799, 44.835122], [126.53272, 44.835002]]]}, "properties": {"display_name": "榆树市第三实验小学（原榆树市职教中心）, 健康路, 华昌街道, 榆树市, 长春市, 吉林省, 130000, 中国", "type": "school", "osm_type": "way", "osm_id": 906463624, "class": null, "keyword": "市中心"}}, {"type": "Feature", "geometry": {"type": "Polygon", "coordinates": [[[125.217647, 43.880112], [125.220881, 43.880107], [125.220918, 43.880109], [125.220986, 43.880122], [125.221492, 43.880883], [125.22146, 43.880897], [125.218268, 43.880878], [125.218107, 43.880823], [125.217647, 43.880112]]]}, "properties": {"display_name": "中海景阳公馆A区, 长春汽车经济技术开发区, 绿园区, 长春市, 绿园区, 吉林省, 130000, 中国", "type": "residential", "osm_type": "way", "osm_id": 1194300268, "class": null, "keyword": "中央区"}}, {"type": "Feature", "geometry": {"type": "Polygon", "coordinates": [[[125.318237, 43.890632], [125.318252, 43.88963], [125.319009, 43.889636], [125.319018, 43.889058], [125.31932, 43.88906], [125.319307, 43.889923], [125.321192, 43.889938], [125.321182, 43.890655], [125.318237, 43.890632]]]}, "properties": {"display_name": "长春市中心医院, 清明街西二胡同, 重庆路, 自强街道, 南关区, 长春市, 吉林省, 130000, 中国", "type": "hospital", "osm_type": "way", "osm_id": 297687894, "class": null, "keyword": "city center"}}, {"type": "Feature", "geometry": {"type": "Polygon", "coordinates": [[[125.217083, 43.879308], [125.217179, 43.87924], [125.217175, 43.879197], [125.219705, 43.87922], [125.219717, 43.879621], [125.220647, 43.879628], [125.220912, 43.880008], [125.220878, 43.880025], [125.217548, 43.88], [125.217083, 43.879308]]]}, "properties": {"display_name": "中海景阳公馆B区, 长春汽车经济技术开发区, 绿园区, 长春市, 绿园区, 吉林省, 130000, 中国", "type": "residential", "osm_type": "way", "osm_id": 696019816, "class": null, "keyword": "中央区"}}, {"type": "Feature", "geometry": {"type": "Polygon", "coordinates": [[[125.385858, 43.767148], [125.385869, 43.765693], [125.38696, 43.765678], [125.387072, 43.767141], [125.385858, 43.767148]]]}, "properties": {"display_name": "长春市疾病预防控制中心, 长春净月高新技术产业开发区, 南关区, 长春市, 南关区, 吉林省, 130000, 中国", "type": "commercial", "osm_type": "way", "osm_id": 1421562980, "class": null, "keyword": "市中心"}}, {"type": "Feature", "geometry": {"type": "Polygon", "coordinates": [[[125.320684, 43.80105], [125.322407, 43.801037], [125.322418, 43.801755], [125.320694, 43.801768], [125.320684, 43.80105]]]}, "properties": {"display_name": "伟峰时代中心, 人民大街, 幸福乡, 南关区, 长春市, 南关区, 吉林省, 130000, 中国", "type": "office", "osm_type": "way", "osm_id": 1392365558, "class": null, "keyword": "市中心"}}, {"type": "Feature", "geometry": {"type": "Polygon", "coordinates": [[[125.441417, 44.118307], [125.442649, 44.117837], [125.442995, 44.118304], [125.441763, 44.118774], [125.441417, 44.118307]]]}, "properties": {"display_name": "实训中心, 长德大街, 长德街道, 米沙子镇, 德惠市, 长春市, 吉林省, 130000, 中国", "type": "college", "osm_type": "way", "osm_id": 1174836504, "class": null, "keyword": "市中心"}}, {"type": "Feature", "geometry": {"type": "Polygon", "coordinates": [[[125.36209, 43.829633], [125.363242, 43.829627], [125.363247, 43.830125], [125.363251, 43.830243], [125.362174, 43.830249], [125.36209, 43.830249], [125.36209, 43.829633]]]}, "properties": {"display_name": "D楼 实训中心, 精益街, 临河街道, 长春经济技术开发区, 南关区, 长春市, 吉林省, 130600, 中国", "type": "school", "osm_type": "way", "osm_id": 758069415, "class": null, "keyword": "市中心"}}, {"type": "Feature", "geometry": {"type": "Polygon", "coordinates": [[[125.435634, 43.818599], [125.43569, 43.818524], [125.435667, 43.818515], [125.435687, 43.818488], [125.435646, 43.818472], [125.435704, 43.818395], [125.435859, 43.818456], [125.435859, 43.818457], [125.435835, 43.818487], [125.436022, 43.818564], [125.43625, 43.818658], [125.436248, 43.818525], [125.43631, 43.818524], [125.436371, 43.818523], [125.436495, 43.818523], [125.436495, 43.818543], [125.436818, 43.818543], [125.436818, 43.818521], [125.436989, 43.818522], [125.436988, 43.818646], [125.436973, 43.818646], [125.436973, 43.818696], [125.436987, 43.818708], [125.436988, 43.818725], [125.436989, 43.81874], [125.436989, 43.818759], [125.43699, 43.818784], [125.436989, 43.818895], [125.437004, 43.818895], [125.437003, 43.819001], [125.436321, 43.819], [125.436321, 43.818989], [125.436242, 43.818989], [125.436243, 43.818922], [125.436285, 43.818922], [125.436285, 43.818911], [125.436246, 43.818911], [125.436246, 43.818842], [125.435888, 43.818702], [125.435685, 43.818618], [125.435634, 43.818599]]]}, "properties": {"display_name": "吉林外国语大学·实验实训中心, 校园环路, 净月街道, 长春净月高新技术产业开发区, 南关区, 长春市, 南关区, 吉林省, 130000, 中国", "type": "yes", "osm_type": "way", "osm_id": 508761246, "class": null, "keyword": "市中心"}}, {"type": "Feature", "geometry": {"type": "Polygon", "coordinates": [[[125.267315, 43.871266], [125.267409, 43.871188], [125.267648, 43.870989], [125.26758, 43.870937], [125.267656, 43.870723], [125.267747, 43.870703], [125.267591, 43.870377], [125.267673, 43.870366], [125.26771, 43.870385], [125.267892, 43.870337], [125.267933, 43.870366], [125.267973, 43.870376], [125.268088, 43.870638], [125.268186, 43.870768], [125.268193, 43.870898], [125.268124, 43.871003], [125.267965, 43.871075], [125.267927, 43.871186], [125.267662, 43.871383], [125.267625, 43.871395], [125.267592, 43.87138], [125.267552, 43.871383], [125.267406, 43.871299], [125.267357, 43.871299], [125.267324, 43.871288], [125.267315, 43.871266]]]}, "properties": {"display_name": "长春市政务中心, 湖西路, 东风街道, 长春汽车经济技术开发区, 绿园区, 长春市, 绿园区, 吉林省, 130000, 中国", "type": "public", "osm_type": "way", "osm_id": 540012398, "class": null, "keyword": "市中心"}}, {"type": "Feature", "geometry": {"type": "Polygon", "coordinates": [[[125.319488, 43.85389], [125.319492, 43.853751], [125.319568, 43.853752], [125.319587, 43.853045], [125.319502, 43.853044], [125.319506, 43.852894], [125.320217, 43.852904], [125.320214, 43.853033], [125.319826, 43.853028], [125.319811, 43.853591], [125.320195, 43.853597], [125.320188, 43.8539], [125.319488, 43.85389]]]}, "properties": {"display_name": "长春市急救中心, 人民大街辅路, 民康街道, 南岭街道, 南关区, 长春市, 吉林省, 130000, 中国", "type": "hospital", "osm_type": "way", "osm_id": 315097579, "class": null, "keyword": "市中心"}}, {"type": "Feature", "geometry": {"type": "Polygon", "coordinates": [[[125.30648, 43.826461], [125.306488, 43.826138], [125.306707, 43.826019], [125.307753, 43.826019], [125.307996, 43.826158], [125.307988, 43.826481], [125.307712, 43.826477], [125.307719, 43.826214], [125.306751, 43.8262], [125.306744, 43.826465], [125.30648, 43.826461]]]}, "properties": {"display_name": "长春理工大学基础实验实训中心, 幸福街, 南湖街道, 朝阳区, 长春市, 绿园区, 吉林省, 130000, 中国", "type": "university", "osm_type": "way", "osm_id": 1418221404, "class": null, "keyword": "市中心"}}, {"type": "Feature", "geometry": {"type": "Polygon", "coordinates": [[[125.332332, 43.858524], [125.332358, 43.858409], [125.332459, 43.858347], [125.33254, 43.858329], [125.333371, 43.858332], [125.333491, 43.858403], [125.333519, 43.858479], [125.333514, 43.858548], [125.333465, 43.858635], [125.333365, 43.858671], [125.332495, 43.858666], [125.332428, 43.858645], [125.332375, 43.8586], [125.332332, 43.858524]]]}, "properties": {"display_name": "吉林体育学院夏保中心室外田径场, 文昌路, 南岭街道, 南关区, 长春市, 吉林省, 130000, 中国", "type": "pitch", "osm_type": "way", "osm_id": 316207706, "class": null, "keyword": "市中心"}}, {"type": "Feature", "geometry": {"type": "Polygon", "coordinates": [[[126.528162, 44.827645], [126.529017, 44.82736], [126.529104, 44.827491], [126.528809, 44.827589], [126.528818, 44.827602], [126.528732, 44.82763], [126.528717, 44.827609], [126.52861, 44.827644], [126.528629, 44.827673], [126.528462, 44.827728], [126.528439, 44.827693], [126.528348, 44.827723], [126.528363, 44.827745], [126.528252, 44.827782], [126.528162, 44.827645]]]}, "properties": {"display_name": "榆树市青少年活动中心, 向阳路, 和泰府, 华昌街道, 榆树市, 长春市, 吉林省, 130000, 中国", "type": "community_centre", "osm_type": "way", "osm_id": 919630368, "class": null, "keyword": "市中心"}}, {"type": "Feature", "geometry": {"type": "Polygon", "coordinates": [[[125.308726, 43.831084], [125.308731, 43.830918], [125.309553, 43.830931], [125.309548, 43.831097], [125.308726, 43.831084]]]}, "properties": {"display_name": "长春理工大学机械工程实验中心, 兴光路, 南湖街道, 朝阳区, 长春市, 绿园区, 吉林省, 130000, 中国", "type": "university", "osm_type": "way", "osm_id": 1418231958, "class": null, "keyword": "市中心"}}, {"type": "Feature", "geometry": {"type": "Polygon", "coordinates": [[[125.332291, 43.858317], [125.332295, 43.85814], [125.332881, 43.858147], [125.332879, 43.858211], [125.332825, 43.85821], [125.332823, 43.858324], [125.332291, 43.858317]]]}, "properties": {"display_name": "吉林体育学院夏保中心运动员食堂, 文昌路, 南岭街道, 南关区, 长春市, 吉林省, 130000, 中国", "type": "food_court", "osm_type": "way", "osm_id": 1420315681, "class": null, "keyword": "市中心"}}]}