{"type": "FeatureCollection", "features": [{"type": "Feature", "geometry": {"type": "Polygon", "coordinates": [[[119.362378, 25.77119], [119.363639, 25.769583], [119.36509, 25.768874], [119.36648, 25.766874], [119.367049, 25.764197], [119.366831, 25.762337], [119.366517, 25.760057], [119.366457, 25.758493], [119.367244, 25.756901], [119.368577, 25.754683], [119.369298, 25.752678], [119.369408, 25.751831], [119.369392, 25.750955], [119.368953, 25.749472], [119.368075, 25.747495], [119.367699, 25.746591], [119.367119, 25.744246], [119.366695, 25.742283], [119.366366, 25.740673], [119.366068, 25.739557], [119.365488, 25.737495], [119.365488, 25.736634], [119.365629, 25.735716], [119.366303, 25.734232], [119.366711, 25.733498], [119.366805, 25.732679], [119.366523, 25.731478], [119.367856, 25.73128], [119.369889, 25.730827], [119.372218, 25.730093], [119.372684, 25.73141], [119.373633, 25.731141], [119.374443, 25.732886], [119.374993, 25.733632], [119.375328, 25.734127], [119.375682, 25.734446], [119.376231, 25.734672], [119.37678, 25.73583], [119.375291, 25.7364], [119.374956, 25.735662], [119.372889, 25.736308], [119.372805, 25.737155], [119.372833, 25.738002], [119.372544, 25.738547], [119.372339, 25.739319], [119.372544, 25.74025], [119.372814, 25.741625], [119.373103, 25.741609], [119.373643, 25.741089], [119.373969, 25.740929], [119.374918, 25.740971], [119.374993, 25.74181], [119.374565, 25.741894], [119.374695, 25.742498], [119.375589, 25.742464], [119.375645, 25.741936], [119.37693, 25.741768], [119.377265, 25.741407], [119.376883, 25.741038], [119.376799, 25.740518], [119.37787, 25.740485], [119.377879, 25.740929], [119.378186, 25.741072], [119.378317, 25.741357], [119.37855, 25.741281], [119.378875, 25.740946], [119.378846, 25.740574], [119.378776, 25.740152], [119.379081, 25.74012], [119.379421, 25.740574], [119.380171, 25.740247], [119.380006, 25.739857], [119.380944, 25.73954], [119.381178, 25.739973], [119.382256, 25.73973], [119.38201, 25.739287], [119.383362, 25.738775], [119.384403, 25.740244], [119.385369, 25.741191], [119.386871, 25.742158], [119.395282, 25.746197], [119.403315, 25.747608], [119.404585, 25.748563], [119.405389, 25.748923], [119.406368, 25.749321], [119.407084, 25.750011], [119.407265, 25.751213], [119.407943, 25.752042], [119.408801, 25.752595], [119.41058, 25.753062], [119.411138, 25.753139], [119.411782, 25.7531], [119.412511, 25.753139], [119.412897, 25.753139], [119.41337, 25.753217], [119.414013, 25.753217], [119.4147, 25.753294], [119.415601, 25.753332], [119.416073, 25.753023], [119.416245, 25.752714], [119.416374, 25.752366], [119.416846, 25.752482], [119.417189, 25.752482], [119.417704, 25.752598], [119.418391, 25.752791], [119.418863, 25.75283], [119.419421, 25.753023], [119.419807, 25.753255], [119.420064, 25.753526], [119.420408, 25.753564], [119.420837, 25.753874], [119.421309, 25.754221], [119.421824, 25.754531], [119.422382, 25.754917], [119.42294, 25.755651], [119.423326, 25.756231], [119.423626, 25.756502], [119.423927, 25.757082], [119.424184, 25.7577], [119.424442, 25.758009], [119.424957, 25.758164], [119.425515, 25.758357], [119.426287, 25.758628], [119.426888, 25.75886], [119.427489, 25.75913], [119.427961, 25.759401], [119.428175, 25.759633], [119.428519, 25.759594], [119.428776, 25.759439], [119.428948, 25.759246], [119.429119, 25.759169], [119.429463, 25.759169], [119.429935, 25.759207], [119.430321, 25.759401], [119.430622, 25.759517], [119.430922, 25.759671], [119.431179, 25.75971], [119.431394, 25.75971], [119.43178, 25.759594], [119.432124, 25.759439], [119.432381, 25.759323], [119.43281, 25.759362], [119.433282, 25.759401], [119.433668, 25.759246], [119.433883, 25.75913], [119.434226, 25.758821], [119.434613, 25.758589], [119.435042, 25.758512], [119.435385, 25.758512], [119.436158, 25.759014], [119.43663, 25.759439], [119.436758, 25.759864], [119.436844, 25.760251], [119.437145, 25.760753], [119.437445, 25.760985], [119.437831, 25.761063], [119.438346, 25.761295], [119.438818, 25.76172], [119.439076, 25.761797], [119.43972, 25.761913], [119.439763, 25.762183], [119.439977, 25.762183], [119.440149, 25.762338], [119.440406, 25.76257], [119.440793, 25.762106], [119.440921, 25.761952], [119.441565, 25.76199], [119.441822, 25.761758], [119.441865, 25.761604], [119.442037, 25.761063], [119.442123, 25.760792], [119.44238, 25.760599], [119.442638, 25.760599], [119.44311, 25.760676], [119.443668, 25.760676], [119.444054, 25.760599], [119.444526, 25.760522], [119.444955, 25.760406], [119.445814, 25.76029], [119.446586, 25.760367], [119.447058, 25.760483], [119.447144, 25.760753], [119.44723, 25.761024], [119.44753, 25.761256], [119.44753, 25.761565], [119.447616, 25.762029], [119.447616, 25.762338], [119.447702, 25.762802], [119.447788, 25.762995], [119.447788, 25.763459], [119.447788, 25.76373], [119.447874, 25.764271], [119.449376, 25.76458], [119.450105, 25.764193], [119.450534, 25.764], [119.450706, 25.763768], [119.451135, 25.763188], [119.451736, 25.762841], [119.452337, 25.762531], [119.452466, 25.762145], [119.453023, 25.762145], [119.45371, 25.762106], [119.454311, 25.761913], [119.454783, 25.761217], [119.454998, 25.761488], [119.455341, 25.761565], [119.45547, 25.761874], [119.455555, 25.762338], [119.455727, 25.762647], [119.456328, 25.762763], [119.456843, 25.762918], [119.4571, 25.763111], [119.457787, 25.763188], [119.458259, 25.76315], [119.459074, 25.76315], [119.459547, 25.76315], [119.459804, 25.763382], [119.460061, 25.763652], [119.460791, 25.763845], [119.460791, 25.764232], [119.461049, 25.764657], [119.461435, 25.765237], [119.461778, 25.765817], [119.462121, 25.766435], [119.462551, 25.766744], [119.463109, 25.766899], [119.463366, 25.766821], [119.463581, 25.766358], [119.463709, 25.765933], [119.46401, 25.765739], [119.464138, 25.765353], [119.464138, 25.764696], [119.464138, 25.764464], [119.464138, 25.764155], [119.464353, 25.763884], [119.464739, 25.763961], [119.465469, 25.764077], [119.465726, 25.764077], [119.466241, 25.764077], [119.46667, 25.764193], [119.466971, 25.764116], [119.467615, 25.764116], [119.468387, 25.764425], [119.469031, 25.76458], [119.469868, 25.76485], [119.470426, 25.76485], [119.470297, 25.765623], [119.470297, 25.766087], [119.470597, 25.76628], [119.470769, 25.766435], [119.470769, 25.76686], [119.471069, 25.767053], [119.47167, 25.767208], [119.472142, 25.767363], [119.472142, 25.76771], [119.471799, 25.767826], [119.471541, 25.768058], [119.471241, 25.76829], [119.471241, 25.768754], [119.471327, 25.769411], [119.471584, 25.76972], [119.472056, 25.769836], [119.472056, 25.770145], [119.472056, 25.770609], [119.472314, 25.770841], [119.472314, 25.771343], [119.47167, 25.771614], [119.471241, 25.771923], [119.471584, 25.772], [119.472185, 25.772], [119.472657, 25.772155], [119.473279, 25.772232], [119.473215, 25.772425], [119.473, 25.772541], [119.4727, 25.772696], [119.472486, 25.77285], [119.472271, 25.773044], [119.472271, 25.773585], [119.472271, 25.77428], [119.472271, 25.774899], [119.472374, 25.77594], [119.472202, 25.776403], [119.472202, 25.776828], [119.471773, 25.777756], [119.471601, 25.778606], [119.471644, 25.779302], [119.471816, 25.779959], [119.471816, 25.780422], [119.471687, 25.780925], [119.471559, 25.781659], [119.471043, 25.782277], [119.4707, 25.782625], [119.470614, 25.783127], [119.470185, 25.783321], [119.469112, 25.783823], [119.468254, 25.784132], [119.468254, 25.784596], [119.468254, 25.785562], [119.468211, 25.786953], [119.468039, 25.787301], [119.468168, 25.787803], [119.468319, 25.791061], [119.467887, 25.791052], [119.465835, 25.798618], [119.460317, 25.797807], [119.456038, 25.799786], [119.452403, 25.798783], [119.450791, 25.802056], [119.45381, 25.815303], [119.449794, 25.818206], [119.448533, 25.817625], [119.443023, 25.821214], [119.443052, 25.823034], [119.439505, 25.82256], [119.438333, 25.823325], [119.440443, 25.826834], [119.437776, 25.825198], [119.435343, 25.827098], [119.434258, 25.826412], [119.433589, 25.826328], [119.431942, 25.826095], [119.430594, 25.824037], [119.427164, 25.82256], [119.426988, 25.829103], [119.424697, 25.830461], [119.423911, 25.831636], [119.4246, 25.83609], [119.421565, 25.837678], [119.418542, 25.837673], [119.413827, 25.833958], [119.413739, 25.833219], [119.409489, 25.82905], [119.406147, 25.828285], [119.405121, 25.82657], [119.397744, 25.817435], [119.397191, 25.810593], [119.394704, 25.8091], [119.393875, 25.805244], [119.391802, 25.804746], [119.390282, 25.798775], [119.383377, 25.793024], [119.380884, 25.793207], [119.375119, 25.78754], [119.374718, 25.784991], [119.373486, 25.783667], [119.372952, 25.781913], [119.372318, 25.780935], [119.371421, 25.78081], [119.368928, 25.781819], [119.366913, 25.780079], [119.366154, 25.778258], [119.365854, 25.776819], [119.36697, 25.777058], [119.366462, 25.776223], [119.367104, 25.775052], [119.36653, 25.773713], [119.365653, 25.774272], [119.366034, 25.776045], [119.365783, 25.776064], [119.365364, 25.77439], [119.364683, 25.774534], [119.363796, 25.772719], [119.36307, 25.771641], [119.362658, 25.771532], [119.362378, 25.77119]]]}, "properties": {"display_name": "阳下街道, 福清市, 福州市, 福建省, 350300, 中国", "type": "administrative", "osm_type": "relation", "osm_id": 11018091, "class": null, "keyword": "subdistrict"}}, {"type": "Feature", "geometry": {"type": "Polygon", "coordinates": [[[119.302386, 25.766577], [119.304149, 25.764523], [119.306018, 25.764361], [119.306989, 25.764253], [119.307892, 25.763597], [119.307732, 25.761766], [119.307431, 25.760455], [119.310139, 25.755446], [119.309714, 25.754259], [119.309771, 25.753675], [119.310894, 25.753045], [119.311295, 25.75203], [119.312122, 25.751513], [119.312688, 25.748161], [119.313332, 25.747924], [119.314144, 25.748822], [119.315371, 25.749723], [119.315681, 25.749264], [119.314639, 25.748236], [119.31483, 25.747347], [119.316042, 25.747503], [119.316515, 25.746813], [119.317987, 25.745886], [119.316935, 25.745162], [119.316037, 25.745597], [119.314492, 25.745343], [119.315683, 25.744655], [119.314199, 25.744824], [119.315391, 25.74229], [119.314168, 25.738901], [119.31655, 25.738511], [119.315705, 25.735364], [119.314619, 25.735246], [119.315701, 25.733888], [119.315835, 25.732807], [119.314858, 25.732654], [119.314936, 25.73235], [119.316532, 25.731409], [119.317411, 25.729885], [119.318115, 25.73069], [119.318699, 25.730765], [119.322324, 25.729827], [119.323116, 25.729489], [119.323157, 25.729789], [119.322324, 25.730052], [119.322407, 25.730653], [119.323449, 25.730653], [119.323574, 25.729977], [119.324616, 25.729864], [119.325408, 25.730277], [119.325699, 25.729977], [119.325991, 25.729564], [119.326658, 25.729752], [119.327158, 25.729301], [119.3272, 25.728325], [119.327366, 25.727912], [119.327074, 25.726936], [119.327616, 25.726411], [119.328283, 25.725847], [119.328283, 25.725134], [119.329033, 25.725097], [119.329075, 25.724759], [119.329992, 25.725059], [119.330491, 25.724346], [119.33095, 25.724045], [119.332638, 25.724045], [119.332977, 25.723302], [119.333286, 25.723342], [119.333522, 25.722731], [119.333345, 25.722651], [119.333537, 25.722252], [119.333773, 25.721934], [119.333788, 25.721721], [119.333964, 25.721721], [119.334024, 25.721788], [119.334274, 25.721721], [119.334318, 25.721761], [119.334186, 25.721987], [119.334333, 25.722106], [119.334289, 25.722412], [119.334436, 25.722412], [119.334937, 25.722239], [119.334982, 25.722053], [119.33535, 25.722053], [119.335335, 25.721602], [119.336014, 25.721363], [119.336117, 25.721456], [119.336176, 25.721442], [119.336308, 25.721655], [119.336382, 25.721615], [119.336235, 25.72131], [119.336338, 25.721137], [119.33622, 25.720885], [119.336338, 25.720858], [119.33622, 25.720526], [119.336353, 25.720473], [119.336515, 25.720712], [119.336751, 25.720778], [119.336972, 25.720765], [119.336987, 25.720327], [119.337208, 25.720114], [119.337871, 25.720486], [119.338888, 25.718175], [119.339242, 25.718109], [119.339581, 25.718175], [119.339832, 25.718308], [119.33992, 25.718348], [119.340097, 25.718122], [119.340333, 25.718255], [119.340672, 25.718255], [119.340864, 25.718096], [119.340864, 25.71783], [119.340775, 25.717604], [119.340672, 25.717405], [119.340333, 25.717179], [119.340377, 25.717099], [119.340805, 25.716914], [119.342505, 25.71627], [119.343202, 25.714354], [119.34319, 25.713242], [119.343471, 25.713242], [119.343458, 25.712725], [119.344375, 25.71245], [119.344753, 25.711932], [119.345022, 25.711668], [119.345071, 25.711393], [119.34501, 25.711294], [119.344485, 25.711162], [119.344502, 25.710943], [119.344825, 25.710836], [119.344771, 25.710255], [119.344879, 25.709993], [119.345546, 25.710012], [119.34603, 25.71008], [119.346816, 25.709906], [119.346622, 25.709673], [119.345955, 25.709285], [119.346084, 25.709062], [119.346407, 25.708878], [119.346579, 25.708839], [119.346536, 25.708655], [119.346138, 25.708635], [119.345944, 25.708015], [119.346612, 25.707898], [119.346389, 25.70683], [119.346382, 25.706567], [119.347113, 25.705322], [119.348473, 25.705726], [119.34961, 25.706339], [119.349766, 25.706731], [119.349701, 25.707246], [119.349605, 25.707918], [119.34979, 25.708242], [119.349851, 25.708611], [119.350746, 25.709203], [119.351359, 25.708861], [119.355085, 25.708452], [119.356483, 25.708375], [119.358064, 25.708364], [119.358702, 25.707767], [119.360626, 25.707789], [119.361705, 25.707491], [119.363038, 25.707233], [119.364058, 25.710853], [119.364143, 25.711317], [119.364805, 25.711847], [119.365688, 25.713515], [119.366227, 25.714454], [119.366613, 25.715448], [119.36608, 25.715971], [119.365767, 25.716654], [119.365638, 25.717094], [119.365339, 25.71743], [119.364892, 25.717069], [119.364086, 25.71638], [119.363317, 25.715704], [119.362778, 25.714903], [119.362391, 25.714218], [119.361834, 25.713359], [119.361429, 25.713123], [119.360213, 25.713807], [119.360342, 25.714202], [119.361042, 25.714542], [119.361714, 25.715318], [119.361364, 25.715579], [119.363321, 25.717301], [119.362958, 25.717608], [119.362179, 25.717044], [119.362046, 25.716533], [119.35996, 25.715044], [119.359564, 25.714675], [119.35926, 25.714202], [119.359154, 25.714251], [119.359329, 25.714529], [119.359278, 25.714565], [119.359458, 25.714787], [119.359927, 25.715173], [119.361954, 25.716662], [119.361675, 25.716999], [119.362689, 25.717747], [119.362594, 25.717826], [119.365967, 25.720271], [119.366647, 25.719769], [119.367377, 25.720195], [119.368038, 25.721638], [119.369881, 25.721411], [119.370086, 25.721713], [119.370226, 25.723223], [119.37044, 25.724045], [119.370645, 25.724448], [119.372107, 25.726025], [119.373652, 25.727895], [119.374231, 25.728608], [119.374797, 25.729305], [119.372218, 25.730093], [119.369889, 25.730827], [119.367856, 25.73128], [119.366523, 25.731478], [119.366805, 25.732679], [119.366711, 25.733498], [119.366303, 25.734232], [119.365629, 25.735716], [119.365488, 25.736634], [119.365488, 25.737495], [119.366068, 25.739557], [119.366366, 25.740673], [119.366695, 25.742283], [119.367119, 25.744246], [119.367699, 25.746591], [119.368075, 25.747495], [119.368953, 25.749472], [119.369392, 25.750955], [119.369408, 25.751831], [119.369298, 25.752678], [119.368577, 25.754683], [119.367244, 25.756901], [119.366457, 25.758493], [119.366517, 25.760057], [119.366831, 25.762337], [119.367049, 25.764197], [119.36648, 25.766874], [119.36509, 25.768874], [119.363639, 25.769583], [119.362378, 25.77119], [119.362658, 25.771532], [119.36307, 25.771641], [119.363796, 25.772719], [119.364683, 25.774534], [119.365364, 25.77439], [119.365783, 25.776064], [119.366034, 25.776045], [119.365653, 25.774272], [119.36653, 25.773713], [119.367104, 25.775052], [119.366462, 25.776223], [119.36697, 25.777058], [119.365854, 25.776819], [119.366154, 25.778258], [119.366913, 25.780079], [119.368928, 25.781819], [119.371421, 25.78081], [119.372318, 25.780935], [119.372952, 25.781913], [119.373486, 25.783667], [119.374718, 25.784991], [119.375119, 25.78754], [119.380884, 25.793207], [119.374528, 25.793673], [119.370382, 25.794171], [119.369415, 25.801636], [119.366446, 25.806053], [119.364943, 25.806432], [119.366644, 25.809369], [119.365612, 25.812514], [119.367182, 25.813954], [119.362202, 25.813378], [119.360778, 25.813139], [119.359495, 25.81455], [119.358536, 25.812193], [119.357222, 25.812323], [119.356808, 25.809754], [119.356732, 25.808085], [119.353902, 25.808343], [119.352833, 25.806745], [119.35231, 25.80523], [119.35023, 25.806054], [119.349595, 25.806228], [119.348841, 25.805916], [119.347959, 25.805566], [119.347108, 25.805664], [119.346311, 25.805878], [119.345689, 25.806124], [119.344466, 25.805358], [119.344305, 25.80641], [119.345474, 25.807617], [119.340519, 25.811598], [119.339885, 25.813465], [119.332703, 25.814611], [119.331666, 25.816025], [119.330232, 25.81689], [119.329508, 25.815936], [119.327792, 25.815357], [119.327706, 25.814623], [119.326891, 25.814391], [119.324916, 25.814314], [119.323543, 25.814314], [119.323371, 25.81385], [119.323414, 25.81273], [119.3235, 25.811957], [119.322813, 25.8113], [119.322985, 25.810914], [119.322851, 25.810169], [119.322551, 25.80986], [119.321864, 25.809512], [119.321864, 25.808623], [119.321735, 25.807966], [119.32122, 25.807541], [119.321649, 25.807039], [119.322121, 25.806653], [119.322164, 25.806189], [119.322121, 25.80561], [119.322765, 25.80503], [119.323409, 25.804489], [119.323409, 25.803832], [119.323023, 25.803253], [119.323709, 25.801785], [119.320577, 25.801669], [119.320877, 25.802982], [119.320877, 25.803446], [119.319675, 25.803523], [119.318817, 25.803253], [119.317787, 25.802867], [119.316757, 25.802519], [119.316028, 25.80163], [119.315598, 25.801128], [119.314912, 25.800626], [119.314998, 25.800162], [119.315427, 25.799582], [119.315813, 25.799119], [119.31577, 25.798423], [119.315427, 25.797921], [119.314568, 25.79738], [119.31341, 25.796685], [119.312509, 25.796646], [119.311479, 25.796491], [119.310878, 25.796723], [119.309934, 25.796723], [119.309247, 25.796569], [119.309118, 25.796182], [119.309032, 25.795873], [119.309333, 25.795718], [119.309719, 25.796066], [119.310449, 25.79595], [119.311178, 25.795834], [119.311908, 25.795834], [119.312895, 25.796221], [119.313882, 25.796453], [119.314568, 25.796453], [119.315083, 25.796066], [119.315341, 25.79568], [119.31607, 25.794907], [119.316886, 25.794559], [119.318388, 25.794134], [119.319117, 25.793825], [119.317701, 25.79313], [119.317512, 25.792676], [119.317726, 25.792174], [119.318671, 25.791942], [119.319486, 25.791324], [119.31989, 25.791314], [119.319718, 25.789536], [119.318645, 25.787372], [119.319375, 25.786715], [119.319761, 25.78544], [119.320595, 25.784704], [119.320062, 25.781383], [119.319495, 25.781644], [119.318923, 25.781843], [119.318336, 25.781953], [119.317306, 25.781489], [119.317049, 25.779905], [119.317134, 25.779673], [119.317092, 25.779286], [119.316877, 25.7789], [119.316748, 25.778359], [119.31662, 25.778166], [119.316147, 25.777702], [119.315761, 25.776581], [119.316491, 25.775422], [119.316491, 25.774378], [119.315418, 25.772523], [119.315009, 25.771828], [119.312585, 25.771712], [119.31147, 25.772407], [119.310512, 25.772467], [119.309908, 25.772897], [119.308907, 25.772841], [119.308105, 25.772287], [119.307647, 25.77162], [119.307466, 25.770698], [119.304242, 25.770132], [119.304694, 25.769416], [119.304499, 25.76896], [119.302936, 25.768548], [119.303273, 25.767731], [119.302386, 25.766577]]]}, "properties": {"display_name": "音西街道, 福清市, 福州市, 福建省, 350300, 中国", "type": "administrative", "osm_type": "relation", "osm_id": 11014893, "class": null, "keyword": "subdistrict"}}, {"type": "Feature", "geometry": {"type": "Polygon", "coordinates": [[[119.271637, 25.676925], [119.272042, 25.676305], [119.272042, 25.676013], [119.271758, 25.675027], [119.272001, 25.674589], [119.271961, 25.673859], [119.27188, 25.673458], [119.271677, 25.672946], [119.27188, 25.672289], [119.272042, 25.671705], [119.272123, 25.670938], [119.272123, 25.670135], [119.272244, 25.669405], [119.272568, 25.668712], [119.272771, 25.668456], [119.273419, 25.668127], [119.273662, 25.668054], [119.274229, 25.668054], [119.274796, 25.6682], [119.274857, 25.667233], [119.274897, 25.667014], [119.274938, 25.66632], [119.274978, 25.665846], [119.274897, 25.665188], [119.274776, 25.664531], [119.274776, 25.664239], [119.275302, 25.664166], [119.275748, 25.66256], [119.27591, 25.662414], [119.277125, 25.662195], [119.27753, 25.662742], [119.277773, 25.662925], [119.278259, 25.662925], [119.278543, 25.662779], [119.27911, 25.662596], [119.280001, 25.662231], [119.280285, 25.662122], [119.280285, 25.661866], [119.280244, 25.661245], [119.279839, 25.660953], [119.279515, 25.660661], [119.279393, 25.660406], [119.279312, 25.659968], [119.27911, 25.65942], [119.278907, 25.659164], [119.278543, 25.658836], [119.278259, 25.658179], [119.278057, 25.657704], [119.277814, 25.657485], [119.277935, 25.656864], [119.277935, 25.65628], [119.277773, 25.655878], [119.277652, 25.655404], [119.277652, 25.655038], [119.277652, 25.654381], [119.277449, 25.653834], [119.277733, 25.653834], [119.278178, 25.653797], [119.278907, 25.653797], [119.279434, 25.654053], [119.280123, 25.654491], [119.280771, 25.6546], [119.281338, 25.6546], [119.282026, 25.654089], [119.282674, 25.653103], [119.283363, 25.652811], [119.283849, 25.652665], [119.284092, 25.65241], [119.284457, 25.65241], [119.2847, 25.652227], [119.28555, 25.651314], [119.286036, 25.650511], [119.286198, 25.650401], [119.286644, 25.650365], [119.287413, 25.650365], [119.287819, 25.650109], [119.288143, 25.649671], [119.288467, 25.649269], [119.288467, 25.648831], [119.288345, 25.648466], [119.287981, 25.648174], [119.288467, 25.647334], [119.28875, 25.646896], [119.288791, 25.646166], [119.288791, 25.645399], [119.288791, 25.644523], [119.289155, 25.644157], [119.289682, 25.643902], [119.290087, 25.643391], [119.29037, 25.643208], [119.290654, 25.643172], [119.290897, 25.64277], [119.291099, 25.642916], [119.290775, 25.643318], [119.290775, 25.644084], [119.290735, 25.644596], [119.290775, 25.645143], [119.291099, 25.645472], [119.291505, 25.646166], [119.29191, 25.646494], [119.292274, 25.646787], [119.292801, 25.646969], [119.293206, 25.646969], [119.293449, 25.647407], [119.293651, 25.647772], [119.293692, 25.648211], [119.294056, 25.648503], [119.294664, 25.648941], [119.294947, 25.649014], [119.295109, 25.649342], [119.295514, 25.649817], [119.296001, 25.650292], [119.29677, 25.650767], [119.297823, 25.651022], [119.298552, 25.651059], [119.29916, 25.651497], [119.30078, 25.651971], [119.301874, 25.652081], [119.302967, 25.652081], [119.304102, 25.652081], [119.3056, 25.651971], [119.306532, 25.651752], [119.307383, 25.651716], [119.30795, 25.651971], [119.308436, 25.652446], [119.309003, 25.653249], [119.309691, 25.654235], [119.309772, 25.654819], [119.310258, 25.655112], [119.311271, 25.655477], [119.312041, 25.655477], [119.312972, 25.655513], [119.31362, 25.65555], [119.313863, 25.655878], [119.314228, 25.656828], [119.314755, 25.656901], [119.315159, 25.655586], [119.315443, 25.655112], [119.315808, 25.655112], [119.31597, 25.655367], [119.316253, 25.655805], [119.316658, 25.655732], [119.316982, 25.65555], [119.317306, 25.655294], [119.31759, 25.655038], [119.317954, 25.654783], [119.318684, 25.654783], [119.31917, 25.654783], [119.319575, 25.654892], [119.319939, 25.654637], [119.320142, 25.654381], [119.320263, 25.654126], [119.320587, 25.653761], [119.320992, 25.653249], [119.321762, 25.65303], [119.322288, 25.652994], [119.322531, 25.653249], [119.322734, 25.653432], [119.323099, 25.653432], [119.323423, 25.653359], [119.323949, 25.652957], [119.324962, 25.652665], [119.325448, 25.652592], [119.325812, 25.652592], [119.326258, 25.652848], [119.32642, 25.653067], [119.326582, 25.653395], [119.326582, 25.653834], [119.326703, 25.654199], [119.326947, 25.654308], [119.32723, 25.654199], [119.327554, 25.654126], [119.327959, 25.654089], [119.328729, 25.654162], [119.329093, 25.654418], [119.329377, 25.654564], [119.330187, 25.654673], [119.330673, 25.654673], [119.331321, 25.654345], [119.331564, 25.654235], [119.332091, 25.654965], [119.332536, 25.655477], [119.332779, 25.655915], [119.332779, 25.656791], [119.333063, 25.657813], [119.333549, 25.658763], [119.334157, 25.659566], [119.334845, 25.659968], [119.335372, 25.66026], [119.33521, 25.661282], [119.335817, 25.661026], [119.335939, 25.660771], [119.337275, 25.661355], [119.336425, 25.662158], [119.336668, 25.662742], [119.336465, 25.662888], [119.336583, 25.663347], [119.337527, 25.663966], [119.338557, 25.664314], [119.338557, 25.664971], [119.33787, 25.664585], [119.337055, 25.664507], [119.336712, 25.6647], [119.33654, 25.665551], [119.336154, 25.66648], [119.335424, 25.666286], [119.334394, 25.665861], [119.334137, 25.665668], [119.333922, 25.665784], [119.332549, 25.665551], [119.332549, 25.666403], [119.332034, 25.666635], [119.331819, 25.66795], [119.332978, 25.668762], [119.332763, 25.669768], [119.332806, 25.671122], [119.332806, 25.671624], [119.332849, 25.671779], [119.333247, 25.672716], [119.333258, 25.673373], [119.333644, 25.673915], [119.333687, 25.674611], [119.333018, 25.675247], [119.333512, 25.676427], [119.334499, 25.676369], [119.336826, 25.678114], [119.337872, 25.679497], [119.339563, 25.680759], [119.341043, 25.681861], [119.342889, 25.683099], [119.341815, 25.683308], [119.341585, 25.684656], [119.343149, 25.685801], [119.344627, 25.68656], [119.345407, 25.686467], [119.346794, 25.68861], [119.348189, 25.689983], [119.348146, 25.691278], [119.348039, 25.692651], [119.34791, 25.694121], [119.347266, 25.695281], [119.348232, 25.696016], [119.34791, 25.697002], [119.347202, 25.698413], [119.346665, 25.700115], [119.346386, 25.7017], [119.346923, 25.70288], [119.346837, 25.704484], [119.347113, 25.705322], [119.346382, 25.706567], [119.346389, 25.70683], [119.346612, 25.707898], [119.345944, 25.708015], [119.346138, 25.708635], [119.346536, 25.708655], [119.346579, 25.708839], [119.346407, 25.708878], [119.346084, 25.709062], [119.345955, 25.709285], [119.346622, 25.709673], [119.346816, 25.709906], [119.34603, 25.71008], [119.345546, 25.710012], [119.344879, 25.709993], [119.344771, 25.710255], [119.344825, 25.710836], [119.344502, 25.710943], [119.344485, 25.711162], [119.34501, 25.711294], [119.345071, 25.711393], [119.345022, 25.711668], [119.344753, 25.711932], [119.344375, 25.71245], [119.343458, 25.712725], [119.343471, 25.713242], [119.34319, 25.713242], [119.343202, 25.714354], [119.342505, 25.71627], [119.340805, 25.716914], [119.340377, 25.717099], [119.340333, 25.717179], [119.340672, 25.717405], [119.340775, 25.717604], [119.340864, 25.71783], [119.340864, 25.718096], [119.340672, 25.718255], [119.340333, 25.718255], [119.340097, 25.718122], [119.339832, 25.717976], [119.339625, 25.71791], [119.339507, 25.717817], [119.339463, 25.717631], [119.339522, 25.717352], [119.33964, 25.717113], [119.339758, 25.717007], [119.339769, 25.716864], [119.339377, 25.716589], [119.339231, 25.716578], [119.339035, 25.716721], [119.33884, 25.716754], [119.338522, 25.716831], [119.338278, 25.716787], [119.338168, 25.716721], [119.338168, 25.716622], [119.338266, 25.716391], [119.338168, 25.716347], [119.338046, 25.716369], [119.337887, 25.716479], [119.337826, 25.716611], [119.337716, 25.716567], [119.337887, 25.716138], [119.337875, 25.716016], [119.337801, 25.715951], [119.336897, 25.715631], [119.336303, 25.715451], [119.335898, 25.716327], [119.335534, 25.716327], [119.335169, 25.71629], [119.334886, 25.71629], [119.334562, 25.716473], [119.334075, 25.716546], [119.333995, 25.716144], [119.333954, 25.71556], [119.333873, 25.715049], [119.332658, 25.714283], [119.332577, 25.715086], [119.332253, 25.715049], [119.332212, 25.714028], [119.329202, 25.71298], [119.328162, 25.712588], [119.327766, 25.713068], [119.326622, 25.715524], [119.325448, 25.715122], [119.322329, 25.715049], [119.322491, 25.712787], [119.319534, 25.712349], [119.319737, 25.71067], [119.317873, 25.71078], [119.317711, 25.710962], [119.317185, 25.710962], [119.316901, 25.710743], [119.316375, 25.710743], [119.316375, 25.710159], [119.316375, 25.70994], [119.316091, 25.709575], [119.316294, 25.709356], [119.316658, 25.709247], [119.31682, 25.708955], [119.317205, 25.708426], [119.317083, 25.707878], [119.314613, 25.707148], [119.31437, 25.707659], [119.313641, 25.707477], [119.313641, 25.706674], [119.312385, 25.706382], [119.311899, 25.706747], [119.310562, 25.706053], [119.310279, 25.706345], [119.309671, 25.707294], [119.309509, 25.708024], [119.30955, 25.709447], [119.30882, 25.709338], [119.308699, 25.708717], [119.308375, 25.708279], [119.305985, 25.708863], [119.305742, 25.709338], [119.305337, 25.709557], [119.305864, 25.71317], [119.304345, 25.712677], [119.302562, 25.713444], [119.302157, 25.714684], [119.301266, 25.714867], [119.301104, 25.715122], [119.300497, 25.715305], [119.300416, 25.715633], [119.300416, 25.716035], [119.299525, 25.715597], [119.298269, 25.71556], [119.297378, 25.71556], [119.296811, 25.715779], [119.296244, 25.716035], [119.295353, 25.716035], [119.293327, 25.716035], [119.291545, 25.715998], [119.290735, 25.715779], [119.289763, 25.715633], [119.289115, 25.715889], [119.288831, 25.716436], [119.288791, 25.716947], [119.288345, 25.716874], [119.287697, 25.716801], [119.287292, 25.716984], [119.287251, 25.716582], [119.287576, 25.716363], [119.287616, 25.716071], [119.288345, 25.715597], [119.289398, 25.715122], [119.291302, 25.714703], [119.292801, 25.714046], [119.29438, 25.713206], [119.295839, 25.712184], [119.297499, 25.711309], [119.298188, 25.710944], [119.298593, 25.710433], [119.298714, 25.70963], [119.298674, 25.708681], [119.298795, 25.707878], [119.29916, 25.707002], [119.299282, 25.705652], [119.299282, 25.704885], [119.299484, 25.704557], [119.299727, 25.70452], [119.300011, 25.70463], [119.300335, 25.704922], [119.300659, 25.705141], [119.301509, 25.705104], [119.301509, 25.704192], [119.300618, 25.703973], [119.29993, 25.703791], [119.299565, 25.703754], [119.29916, 25.70317], [119.298552, 25.701674], [119.297904, 25.701637], [119.297175, 25.701637], [119.296608, 25.701236], [119.296325, 25.700652], [119.296041, 25.700214], [119.295393, 25.699812], [119.294988, 25.699374], [119.294745, 25.698717], [119.294218, 25.698571], [119.293327, 25.698316], [119.292517, 25.697695], [119.292112, 25.696728], [119.291667, 25.6964], [119.29114, 25.6964], [119.289722, 25.696801], [119.288264, 25.696838], [119.287413, 25.696838], [119.286806, 25.696509], [119.286036, 25.695852], [119.285226, 25.695013], [119.284335, 25.693772], [119.283809, 25.692859], [119.283363, 25.69191], [119.282796, 25.691655], [119.28235, 25.691509], [119.28154, 25.691728], [119.281257, 25.691326], [119.280933, 25.691143], [119.280933, 25.690779], [119.281216, 25.690632], [119.281621, 25.690486], [119.282269, 25.690085], [119.282391, 25.689902], [119.282391, 25.689538], [119.282026, 25.689501], [119.281743, 25.689757], [119.281459, 25.689829], [119.281257, 25.689136], [119.28069, 25.688661], [119.281095, 25.688406], [119.2815, 25.688442], [119.281864, 25.688479], [119.28231, 25.688479], [119.282512, 25.688479], [119.282836, 25.688333], [119.283404, 25.688187], [119.283444, 25.688004], [119.283363, 25.687639], [119.283525, 25.68753], [119.283809, 25.687895], [119.28393, 25.688296], [119.284295, 25.688552], [119.284497, 25.688661], [119.284659, 25.688588], [119.284619, 25.688223], [119.284538, 25.687822], [119.284538, 25.687347], [119.284578, 25.686982], [119.284659, 25.686617], [119.284902, 25.686617], [119.285388, 25.686654], [119.285591, 25.686763], [119.285712, 25.686982], [119.28551, 25.687347], [119.285307, 25.687457], [119.285307, 25.687603], [119.285631, 25.687639], [119.285834, 25.687822], [119.285834, 25.688114], [119.285753, 25.688515], [119.285753, 25.688807], [119.285915, 25.68888], [119.286279, 25.68888], [119.286522, 25.688698], [119.286887, 25.688041], [119.28717, 25.688041], [119.287089, 25.688734], [119.286846, 25.689027], [119.286441, 25.689282], [119.286684, 25.689757], [119.286927, 25.690085], [119.287251, 25.690268], [119.287535, 25.69045], [119.287859, 25.69045], [119.288102, 25.689939], [119.288224, 25.68972], [119.288467, 25.689684], [119.288912, 25.689538], [119.289034, 25.688515], [119.288831, 25.688187], [119.288386, 25.687676], [119.288143, 25.687128], [119.287859, 25.6868], [119.287251, 25.686216], [119.287373, 25.685814], [119.287616, 25.685741], [119.287778, 25.685522], [119.288224, 25.685157], [119.288669, 25.684902], [119.289196, 25.6845], [119.289763, 25.683989], [119.289884, 25.683697], [119.290087, 25.683369], [119.290249, 25.682638], [119.290249, 25.682127], [119.290208, 25.681799], [119.289884, 25.681543], [119.289682, 25.681105], [119.289601, 25.680558], [119.289601, 25.680047], [119.289479, 25.679682], [119.289236, 25.679463], [119.289074, 25.679317], [119.288345, 25.678879], [119.287859, 25.678587], [119.287251, 25.678404], [119.286563, 25.678404], [119.286401, 25.678039], [119.286603, 25.677564], [119.286603, 25.677236], [119.286441, 25.676725], [119.286644, 25.67625], [119.286887, 25.675849], [119.287211, 25.675192], [119.287251, 25.674827], [119.286846, 25.67479], [119.286482, 25.674388], [119.286644, 25.674206], [119.286765, 25.673914], [119.286765, 25.673549], [119.28636, 25.673257], [119.285732, 25.673385], [119.285287, 25.67353], [119.285003, 25.673275], [119.285003, 25.672837], [119.284679, 25.672545], [119.284477, 25.672107], [119.284112, 25.672289], [119.283464, 25.672472], [119.282573, 25.672654], [119.282168, 25.672983], [119.281885, 25.672983], [119.281642, 25.673056], [119.281803, 25.673421], [119.281601, 25.673421], [119.28156, 25.673786], [119.281317, 25.674005], [119.281317, 25.674443], [119.28152, 25.675064], [119.281398, 25.6751], [119.280993, 25.674772], [119.28071, 25.674772], [119.280264, 25.674808], [119.280021, 25.675502], [119.279616, 25.676049], [119.27909, 25.676232], [119.278887, 25.676962], [119.278442, 25.677181], [119.278117, 25.677473], [119.277064, 25.677656], [119.276538, 25.67824], [119.275809, 25.678313], [119.275525, 25.67886], [119.275201, 25.678678], [119.274918, 25.678678], [119.273783, 25.679152], [119.273054, 25.67824], [119.272649, 25.677875], [119.27188, 25.677437], [119.271637, 25.676925]]]}, "properties": {"display_name": "宏路街道, 福清市, 福州市, 福清市, 福建省, 350300, 中国", "type": "administrative", "osm_type": "relation", "osm_id": 11018092, "class": null, "keyword": "subdistrict"}}, {"type": "Feature", "geometry": {"type": "MultiPolygon", "coordinates": [[[[119.212152, 25.702845], [119.212474, 25.702555], [119.21404, 25.703618], [119.214726, 25.703869], [119.215306, 25.703966], [119.215821, 25.703869], [119.215992, 25.703463], [119.216036, 25.702555], [119.215499, 25.70153], [119.21492, 25.700466], [119.214319, 25.699326], [119.214297, 25.698629], [119.214662, 25.697934], [119.215327, 25.696503], [119.215928, 25.695671], [119.216722, 25.695227], [119.217623, 25.695304], [119.218224, 25.695961], [119.218525, 25.69658], [119.218761, 25.697276], [119.21919, 25.697817], [119.219812, 25.698204], [119.220348, 25.698069], [119.220585, 25.69774], [119.22067, 25.697044], [119.220971, 25.696831], [119.22243, 25.696831], [119.223524, 25.696773], [119.224018, 25.696599], [119.224125, 25.696271], [119.223846, 25.695981], [119.223589, 25.695342], [119.224147, 25.694898], [119.22464, 25.695923], [119.225241, 25.695826], [119.225649, 25.695362], [119.225606, 25.694492], [119.226099, 25.694434], [119.226271, 25.694066], [119.225949, 25.693641], [119.225992, 25.693061], [119.225563, 25.693022], [119.225091, 25.692481], [119.225327, 25.691417], [119.225906, 25.69134], [119.226056, 25.691746], [119.226657, 25.691746], [119.226936, 25.690663], [119.227601, 25.690489], [119.227945, 25.690818], [119.228245, 25.691185], [119.228974, 25.691591], [119.228953, 25.690973], [119.230455, 25.690779], [119.230455, 25.690296], [119.229532, 25.690025], [119.229747, 25.688555], [119.230026, 25.688555], [119.230112, 25.688865], [119.230476, 25.688962], [119.231142, 25.68871], [119.231549, 25.689406], [119.23215, 25.689658], [119.23318, 25.689619], [119.234468, 25.68902], [119.234339, 25.688343], [119.234575, 25.688188], [119.235583, 25.688962], [119.237472, 25.688497], [119.237751, 25.688497], [119.237579, 25.688942], [119.238459, 25.690044], [119.239446, 25.689851], [119.239467, 25.689271], [119.239982, 25.689271], [119.240991, 25.689426], [119.241935, 25.689271], [119.241763, 25.688459], [119.242364, 25.688169], [119.243137, 25.688459], [119.243995, 25.68842], [119.24451, 25.688149], [119.24496, 25.687608], [119.244939, 25.686622], [119.244767, 25.686235], [119.244424, 25.685693], [119.244875, 25.685171], [119.245218, 25.685326], [119.246226, 25.685365], [119.246677, 25.685055], [119.247707, 25.685365], [119.247428, 25.686622], [119.2476, 25.687221], [119.248909, 25.687473], [119.249702, 25.68697], [119.24996, 25.68639], [119.251805, 25.686274], [119.252255, 25.686362], [119.252538, 25.686398], [119.252984, 25.686106], [119.253268, 25.686106], [119.25347, 25.686289], [119.253794, 25.686325], [119.253956, 25.686471], [119.254159, 25.686727], [119.254523, 25.686654], [119.254847, 25.686617], [119.254888, 25.687201], [119.255293, 25.687311], [119.255617, 25.68742], [119.256062, 25.687895], [119.256508, 25.687895], [119.257156, 25.687895], [119.257156, 25.686946], [119.257156, 25.686508], [119.257359, 25.686106], [119.257683, 25.685814], [119.258128, 25.685157], [119.258371, 25.684537], [119.258533, 25.684172], [119.258938, 25.683442], [119.259303, 25.68242], [119.259424, 25.681689], [119.259789, 25.680485], [119.260154, 25.679207], [119.260801, 25.679098], [119.261207, 25.679317], [119.261652, 25.679609], [119.261855, 25.679791], [119.262584, 25.680448], [119.263029, 25.68074], [119.263353, 25.681105], [119.263839, 25.681397], [119.264245, 25.681689], [119.264974, 25.682164], [119.265622, 25.682529], [119.265986, 25.682931], [119.266513, 25.683076], [119.267242, 25.683259], [119.268052, 25.68388], [119.269591, 25.684683], [119.270239, 25.685011], [119.271414, 25.686143], [119.271697, 25.686581], [119.271819, 25.687019], [119.27194, 25.687603], [119.272062, 25.688004], [119.272426, 25.688223], [119.273075, 25.688807], [119.273804, 25.689318], [119.274452, 25.68972], [119.275059, 25.690122], [119.275667, 25.690195], [119.276315, 25.690888], [119.276923, 25.691509], [119.276963, 25.692129], [119.277368, 25.692859], [119.277449, 25.693553], [119.277692, 25.693881], [119.278097, 25.694246], [119.2783, 25.694429], [119.27834, 25.695013], [119.278583, 25.695524], [119.278867, 25.695889], [119.279191, 25.69629], [119.279353, 25.696801], [119.280203, 25.696546], [119.280933, 25.696363], [119.28154, 25.696363], [119.282229, 25.696217], [119.282998, 25.695998], [119.282998, 25.695852], [119.282755, 25.69556], [119.282836, 25.695378], [119.282917, 25.695159], [119.282998, 25.694976], [119.282634, 25.694976], [119.282512, 25.694794], [119.282148, 25.693954], [119.281986, 25.693115], [119.281864, 25.692567], [119.28154, 25.691728], [119.28235, 25.691509], [119.282796, 25.691655], [119.283363, 25.69191], [119.283809, 25.692859], [119.284335, 25.693772], [119.285226, 25.695013], [119.286036, 25.695852], [119.286806, 25.696509], [119.287413, 25.696838], [119.288264, 25.696838], [119.289722, 25.696801], [119.29114, 25.6964], [119.291667, 25.6964], [119.292112, 25.696728], [119.292517, 25.697695], [119.293327, 25.698316], [119.294218, 25.698571], [119.294745, 25.698717], [119.294988, 25.699374], [119.295393, 25.699812], [119.296041, 25.700214], [119.296325, 25.700652], [119.296608, 25.701236], [119.297175, 25.701637], [119.297904, 25.701637], [119.298552, 25.701674], [119.29916, 25.70317], [119.299565, 25.703754], [119.29993, 25.703791], [119.300618, 25.703973], [119.301509, 25.704192], [119.301509, 25.705104], [119.300659, 25.705141], [119.300335, 25.704922], [119.300011, 25.70463], [119.299727, 25.70452], [119.299484, 25.704557], [119.299282, 25.704885], [119.299282, 25.705652], [119.29916, 25.707002], [119.298795, 25.707878], [119.298674, 25.708681], [119.298714, 25.70963], [119.298593, 25.710433], [119.298188, 25.710944], [119.297499, 25.711309], [119.295839, 25.712184], [119.29438, 25.713206], [119.292801, 25.714046], [119.291302, 25.714703], [119.289398, 25.715122], [119.288345, 25.715597], [119.287616, 25.716071], [119.287576, 25.716363], [119.287251, 25.716582], [119.287292, 25.716984], [119.287697, 25.716801], [119.288345, 25.716874], [119.288791, 25.716947], [119.288831, 25.716436], [119.289115, 25.715889], [119.289763, 25.715633], [119.290735, 25.715779], [119.291545, 25.715998], [119.293327, 25.716035], [119.295353, 25.716035], [119.296244, 25.716035], [119.296811, 25.715779], [119.297378, 25.71556], [119.298269, 25.71556], [119.299525, 25.715597], [119.300416, 25.716035], [119.300416, 25.715633], [119.300497, 25.715305], [119.301104, 25.715122], [119.301266, 25.714867], [119.302157, 25.714684], [119.302562, 25.713444], [119.304345, 25.712677], [119.305864, 25.71317], [119.305337, 25.709557], [119.305742, 25.709338], [119.305985, 25.708863], [119.308375, 25.708279], [119.308699, 25.708717], [119.30882, 25.709338], [119.30955, 25.709447], [119.309509, 25.708024], [119.309671, 25.707294], [119.310279, 25.706345], [119.310562, 25.706053], [119.311899, 25.706747], [119.312385, 25.706382], [119.313641, 25.706674], [119.313641, 25.707477], [119.31437, 25.707659], [119.314613, 25.707148], [119.317083, 25.707878], [119.317205, 25.708426], [119.31682, 25.708955], [119.316658, 25.709247], [119.316294, 25.709356], [119.316091, 25.709575], [119.316375, 25.70994], [119.316375, 25.710159], [119.316375, 25.710743], [119.316901, 25.710743], [119.317185, 25.710962], [119.317711, 25.710962], [119.317873, 25.71078], [119.319737, 25.71067], [119.319534, 25.712349], [119.322491, 25.712787], [119.322329, 25.715049], [119.325448, 25.715122], [119.326622, 25.715524], [119.327766, 25.713068], [119.328162, 25.712588], [119.329202, 25.71298], [119.332212, 25.714028], [119.332253, 25.715049], [119.332577, 25.715086], [119.332658, 25.714283], [119.333873, 25.715049], [119.333954, 25.71556], [119.333995, 25.716144], [119.334075, 25.716546], [119.334562, 25.716473], [119.334886, 25.71629], [119.335169, 25.71629], [119.335534, 25.716327], [119.335898, 25.716327], [119.336303, 25.715451], [119.336897, 25.715631], [119.337801, 25.715951], [119.337875, 25.716016], [119.337887, 25.716138], [119.337716, 25.716567], [119.337826, 25.716611], [119.337887, 25.716479], [119.338046, 25.716369], [119.338168, 25.716347], [119.338266, 25.716391], [119.338168, 25.716622], [119.338168, 25.716721], [119.338278, 25.716787], [119.338522, 25.716831], [119.33884, 25.716754], [119.339035, 25.716721], [119.339231, 25.716578], [119.339377, 25.716589], [119.339769, 25.716864], [119.339758, 25.717007], [119.33964, 25.717113], [119.339522, 25.717352], [119.339463, 25.717631], [119.339507, 25.717817], [119.339625, 25.71791], [119.339832, 25.717976], [119.340097, 25.718122], [119.33992, 25.718348], [119.339832, 25.718308], [119.339581, 25.718175], [119.339242, 25.718109], [119.338888, 25.718175], [119.337871, 25.720486], [119.337208, 25.720114], [119.336987, 25.720327], [119.336972, 25.720765], [119.336751, 25.720778], [119.336515, 25.720712], [119.336353, 25.720473], [119.33622, 25.720526], [119.336338, 25.720858], [119.33622, 25.720885], [119.336338, 25.721137], [119.336235, 25.72131], [119.336382, 25.721615], [119.336308, 25.721655], [119.336176, 25.721442], [119.336117, 25.721456], [119.336014, 25.721363], [119.335335, 25.721602], [119.33535, 25.722053], [119.334982, 25.722053], [119.334937, 25.722239], [119.334436, 25.722412], [119.334289, 25.722412], [119.334333, 25.722106], [119.334186, 25.721987], [119.334318, 25.721761], [119.334274, 25.721721], [119.334024, 25.721788], [119.333964, 25.721721], [119.333788, 25.721721], [119.333773, 25.721934], [119.333537, 25.722252], [119.333345, 25.722651], [119.333522, 25.722731], [119.333286, 25.723342], [119.332977, 25.723302], [119.332638, 25.724045], [119.33095, 25.724045], [119.330491, 25.724346], [119.329992, 25.725059], [119.329075, 25.724759], [119.329033, 25.725097], [119.328283, 25.725134], [119.328283, 25.725847], [119.327616, 25.726411], [119.327074, 25.726936], [119.327366, 25.727912], [119.3272, 25.728325], [119.327158, 25.729301], [119.326658, 25.729752], [119.325991, 25.729564], [119.325699, 25.729977], [119.325408, 25.730277], [119.324616, 25.729864], [119.323574, 25.729977], [119.323449, 25.730653], [119.322407, 25.730653], [119.322324, 25.730052], [119.323157, 25.729789], [119.323116, 25.729489], [119.322324, 25.729827], [119.318699, 25.730765], [119.318115, 25.73069], [119.317411, 25.729885], [119.316532, 25.731409], [119.314936, 25.73235], [119.314858, 25.732654], [119.315835, 25.732807], [119.315701, 25.733888], [119.314619, 25.735246], [119.315705, 25.735364], [119.31655, 25.738511], [119.314168, 25.738901], [119.315391, 25.74229], [119.314199, 25.744824], [119.315683, 25.744655], [119.314492, 25.745343], [119.316037, 25.745597], [119.316935, 25.745162], [119.317987, 25.745886], [119.316515, 25.746813], [119.316042, 25.747503], [119.31483, 25.747347], [119.314639, 25.748236], [119.315681, 25.749264], [119.315371, 25.749723], [119.314144, 25.748822], [119.313332, 25.747924], [119.312688, 25.748161], [119.312122, 25.751513], [119.311295, 25.75203], [119.310894, 25.753045], [119.309771, 25.753675], [119.309714, 25.754259], [119.310139, 25.755446], [119.307431, 25.760455], [119.307732, 25.761766], [119.307892, 25.763597], [119.306989, 25.764253], [119.306018, 25.764361], [119.304149, 25.764523], [119.302386, 25.766577], [119.301148, 25.76605], [119.30102, 25.765122], [119.302007, 25.764156], [119.301127, 25.759363], [119.300748, 25.75766], [119.301241, 25.757428], [119.301091, 25.756752], [119.301263, 25.756172], [119.300748, 25.756191], [119.300383, 25.756269], [119.299632, 25.756211], [119.299589, 25.756829], [119.299117, 25.75681], [119.29901, 25.756017], [119.298688, 25.75594], [119.298495, 25.755979], [119.298152, 25.756056], [119.297465, 25.755669], [119.297465, 25.755418], [119.298087, 25.755592], [119.298345, 25.755341], [119.298001, 25.755186], [119.297615, 25.754858], [119.298001, 25.754722], [119.298752, 25.755341], [119.299117, 25.755495], [119.299696, 25.755476], [119.299675, 25.75509], [119.300061, 25.755012], [119.300126, 25.755515], [119.300383, 25.755167], [119.300726, 25.754858], [119.301027, 25.753853], [119.300705, 25.753601], [119.300426, 25.753833], [119.299439, 25.752596], [119.298924, 25.752307], [119.298666, 25.751707], [119.298881, 25.751128], [119.298323, 25.750625], [119.297636, 25.749466], [119.297679, 25.748712], [119.297207, 25.748287], [119.297336, 25.747552], [119.297315, 25.74647], [119.295941, 25.745291], [119.296113, 25.744788], [119.296006, 25.744402], [119.294911, 25.743783], [119.294053, 25.743551], [119.292229, 25.741734], [119.291931, 25.739484], [119.292103, 25.737938], [119.291845, 25.736527], [119.291824, 25.735541], [119.291824, 25.734807], [119.292146, 25.734033], [119.292489, 25.733338], [119.292489, 25.732893], [119.292081, 25.73212], [119.29191, 25.731037], [119.292339, 25.730129], [119.292425, 25.729394], [119.292081, 25.728795], [119.292232, 25.728273], [119.292596, 25.727693], [119.292596, 25.727113], [119.292875, 25.726475], [119.290043, 25.726418], [119.289271, 25.726089], [119.288477, 25.72576], [119.286932, 25.72578], [119.284807, 25.725953], [119.284807, 25.726611], [119.284614, 25.727461], [119.284614, 25.728157], [119.284614, 25.728544], [119.284893, 25.72895], [119.284678, 25.729104], [119.284678, 25.729491], [119.285215, 25.729781], [119.285365, 25.729955], [119.285043, 25.730477], [119.284593, 25.730941], [119.284035, 25.730651], [119.283777, 25.730941], [119.283327, 25.731231], [119.283412, 25.731811], [119.283305, 25.732023], [119.282833, 25.732081], [119.282404, 25.732893], [119.28219, 25.733473], [119.281589, 25.733879], [119.28161, 25.73556], [119.281267, 25.737493], [119.280902, 25.737493], [119.280795, 25.736508], [119.280838, 25.735734], [119.280838, 25.734807], [119.280602, 25.734362], [119.280451, 25.73386], [119.280451, 25.733434], [119.280408, 25.733183], [119.279894, 25.733164], [119.279379, 25.733125], [119.279143, 25.732874], [119.279293, 25.732197], [119.27955, 25.731811], [119.279936, 25.731482], [119.280323, 25.731231], [119.280709, 25.731173], [119.280752, 25.730728], [119.280537, 25.7304], [119.280151, 25.730535], [119.279593, 25.730535], [119.279035, 25.730825], [119.278349, 25.730825], [119.277748, 25.730921], [119.277683, 25.730709], [119.278048, 25.730535], [119.278477, 25.730515], [119.278713, 25.730322], [119.278971, 25.730071], [119.278992, 25.729626], [119.279228, 25.72953], [119.2794, 25.72924], [119.2794, 25.728718], [119.278949, 25.727171], [119.278134, 25.727055], [119.277597, 25.727017], [119.27719, 25.726901], [119.277018, 25.727094], [119.276761, 25.727539], [119.276417, 25.727519], [119.276503, 25.726669], [119.276932, 25.726669], [119.276675, 25.725973], [119.277833, 25.725509], [119.27837, 25.7252], [119.27837, 25.724813], [119.27822, 25.724349], [119.277791, 25.724078], [119.276739, 25.725432], [119.276117, 25.725586], [119.275795, 25.72607], [119.275345, 25.72607], [119.275108, 25.725702], [119.275366, 25.725045], [119.275452, 25.724581], [119.275087, 25.723808], [119.274787, 25.722841], [119.274272, 25.722609], [119.272512, 25.721643], [119.271525, 25.720734], [119.270538, 25.71998], [119.269272, 25.719477], [119.268607, 25.719613], [119.268135, 25.719884], [119.267834, 25.720128], [119.267319, 25.720592], [119.267062, 25.720438], [119.267319, 25.720167], [119.266954, 25.719877], [119.266568, 25.719664], [119.265624, 25.719568], [119.265066, 25.719413], [119.264508, 25.7192], [119.264079, 25.719355], [119.263693, 25.71949], [119.263114, 25.718795], [119.263221, 25.718118], [119.261655, 25.717731], [119.261826, 25.71719], [119.262105, 25.716726], [119.262105, 25.716339], [119.261912, 25.716127], [119.261418, 25.716436], [119.26056, 25.716881], [119.260345, 25.717576], [119.259873, 25.717828], [119.259165, 25.717866], [119.258307, 25.717886], [119.258007, 25.718118], [119.257642, 25.718756], [119.257299, 25.718756], [119.257148, 25.718137], [119.257406, 25.717712], [119.25747, 25.717209], [119.25747, 25.716745], [119.257406, 25.716088], [119.257148, 25.715721], [119.256827, 25.715315], [119.257234, 25.714367], [119.25717, 25.713981], [119.256526, 25.713536], [119.255625, 25.713633], [119.254337, 25.713671], [119.253114, 25.713594], [119.251677, 25.712859], [119.250625, 25.713536], [119.250389, 25.713459], [119.250539, 25.712937], [119.250346, 25.71255], [119.250604, 25.712221], [119.25099, 25.712067], [119.251162, 25.711699], [119.251484, 25.711371], [119.252192, 25.711042], [119.252084, 25.710539], [119.251569, 25.710288], [119.250968, 25.710191], [119.24996, 25.710694], [119.249531, 25.711777], [119.249059, 25.711854], [119.24893, 25.712163], [119.248501, 25.712241], [119.2482, 25.712705], [119.247686, 25.712685], [119.2479, 25.711854], [119.248544, 25.711216], [119.24893, 25.710849], [119.24893, 25.710037], [119.248694, 25.709882], [119.24848, 25.709379], [119.248136, 25.709379], [119.247707, 25.709379], [119.24717, 25.709283], [119.246827, 25.709534], [119.246269, 25.709379], [119.246269, 25.709669], [119.246012, 25.709747], [119.246226, 25.710211], [119.245583, 25.710346], [119.245089, 25.710153], [119.245111, 25.709592], [119.244681, 25.709379], [119.245068, 25.708819], [119.245111, 25.708103], [119.244917, 25.708065], [119.244638, 25.708374], [119.244081, 25.7082], [119.243909, 25.707349], [119.243651, 25.707059], [119.243179, 25.707021], [119.242407, 25.707349], [119.242085, 25.707639], [119.242085, 25.708219], [119.241913, 25.708587], [119.241484, 25.708722], [119.241484, 25.709147], [119.241334, 25.709147], [119.241205, 25.708819], [119.241055, 25.708819], [119.240132, 25.708954], [119.239768, 25.709689], [119.239253, 25.710056], [119.239081, 25.709901], [119.239853, 25.70878], [119.239617, 25.708432], [119.23921, 25.707833], [119.239446, 25.707581], [119.239081, 25.707214], [119.239124, 25.707001], [119.239617, 25.707059], [119.240025, 25.707311], [119.240369, 25.707465], [119.240454, 25.707214], [119.240798, 25.706653], [119.240411, 25.706595], [119.240304, 25.706267], [119.240562, 25.705687], [119.240841, 25.705687], [119.241141, 25.705416], [119.240841, 25.704952], [119.240969, 25.704604], [119.241527, 25.704488], [119.241999, 25.704043], [119.242385, 25.703657], [119.242107, 25.703231], [119.241398, 25.702632], [119.241012, 25.702226], [119.239553, 25.701762], [119.238952, 25.701162], [119.23921, 25.701027], [119.239102, 25.700756], [119.238523, 25.700524], [119.237965, 25.700292], [119.237557, 25.700389], [119.237364, 25.700176], [119.237472, 25.699751], [119.237321, 25.699519], [119.236785, 25.698629], [119.23612, 25.698146], [119.23539, 25.697914], [119.23436, 25.697373], [119.233545, 25.697199], [119.232815, 25.697276], [119.232043, 25.697353], [119.231378, 25.697315], [119.230691, 25.697315], [119.230283, 25.697547], [119.230112, 25.697934], [119.229919, 25.69832], [119.229296, 25.69861], [119.229146, 25.698378], [119.229511, 25.697914], [119.229489, 25.697605], [119.229082, 25.697508], [119.22861, 25.697779], [119.228116, 25.698069], [119.227537, 25.698224], [119.226593, 25.698204], [119.224103, 25.698088], [119.222687, 25.698359], [119.222451, 25.699055], [119.222172, 25.699055], [119.221958, 25.698514], [119.221314, 25.698514], [119.220906, 25.698707], [119.221357, 25.700254], [119.221099, 25.700312], [119.22067, 25.70006], [119.220112, 25.700022], [119.219254, 25.699848], [119.218696, 25.699287], [119.218052, 25.698514], [119.217194, 25.697934], [119.216894, 25.696986], [119.216593, 25.696367], [119.216186, 25.696348], [119.215156, 25.697972], [119.214984, 25.698591], [119.21507, 25.699152], [119.215306, 25.69977], [119.215756, 25.700621], [119.216293, 25.701414], [119.216443, 25.702226], [119.21655, 25.70296], [119.216379, 25.703637], [119.216293, 25.704314], [119.215692, 25.704469], [119.215006, 25.704391], [119.214061, 25.703889], [119.213203, 25.703425], [119.212152, 25.702845]]], [[[119.278076, 25.758926], [119.279192, 25.758462], [119.27945, 25.758056], [119.280608, 25.757612], [119.281145, 25.757013], [119.282089, 25.756375], [119.282068, 25.755892], [119.281896, 25.755506], [119.282068, 25.754945], [119.282347, 25.754636], [119.282861, 25.754771], [119.283205, 25.754732], [119.283613, 25.75481], [119.283634, 25.755235], [119.284063, 25.755254], [119.284042, 25.754945], [119.284471, 25.754694], [119.284643, 25.754713], [119.284814, 25.755022], [119.284986, 25.754964], [119.284814, 25.754539], [119.285243, 25.754346], [119.285608, 25.754404], [119.286123, 25.754056], [119.286316, 25.753824], [119.287217, 25.753959], [119.287325, 25.754114], [119.287153, 25.754365], [119.287475, 25.754443], [119.287668, 25.754211], [119.288247, 25.754191], [119.288698, 25.754017], [119.288526, 25.753805], [119.287926, 25.753418], [119.288162, 25.753167], [119.28887, 25.752935], [119.289942, 25.752665], [119.290586, 25.752259], [119.291252, 25.752162], [119.292367, 25.752355], [119.293504, 25.7528], [119.294406, 25.75365], [119.294341, 25.754404], [119.293998, 25.755274], [119.293805, 25.755583], [119.293483, 25.756182], [119.293226, 25.756336], [119.293118, 25.75711], [119.292711, 25.757148], [119.292453, 25.75738], [119.291681, 25.758346], [119.29108, 25.758269], [119.290028, 25.760859], [119.289642, 25.760839], [119.287561, 25.760994], [119.287217, 25.759622], [119.284836, 25.759738], [119.284106, 25.758733], [119.283849, 25.758656], [119.283763, 25.758288], [119.284063, 25.757844], [119.283377, 25.757419], [119.28151, 25.757747], [119.281681, 25.758424], [119.280845, 25.75852], [119.280887, 25.758056], [119.28048, 25.758056], [119.280051, 25.75883], [119.280115, 25.759062], [119.279428, 25.759371], [119.279042, 25.759158], [119.278613, 25.759293], [119.278076, 25.758926]]], [[[119.278806, 25.761496], [119.278828, 25.760994], [119.279021, 25.760897], [119.279278, 25.76082], [119.279278, 25.76053], [119.279857, 25.760627], [119.280244, 25.760627], [119.280651, 25.760588], [119.281059, 25.760395], [119.281424, 25.760279], [119.281789, 25.760279], [119.282132, 25.760472], [119.28254, 25.760588], [119.282904, 25.760549], [119.283226, 25.760395], [119.283849, 25.760202], [119.283977, 25.760743], [119.283419, 25.760859], [119.283076, 25.761245], [119.282454, 25.761168], [119.282046, 25.761071], [119.282003, 25.760859], [119.281789, 25.760781], [119.281488, 25.760839], [119.281402, 25.761071], [119.28048, 25.761168], [119.280029, 25.761593], [119.279943, 25.761922], [119.279214, 25.761941], [119.279171, 25.761593], [119.278806, 25.761496]]]]}, "properties": {"display_name": "石竹街道, 福清市, 福州市, 福清市, 福建省, 350300, 中国", "type": "administrative", "osm_type": "relation", "osm_id": 11068715, "class": null, "keyword": "subdistrict"}}, {"type": "Feature", "geometry": {"type": "Polygon", "coordinates": [[[119.360809, 25.703773], [119.361177, 25.702912], [119.363199, 25.702514], [119.364205, 25.703309], [119.365063, 25.704469], [119.366129, 25.705728], [119.367568, 25.706774], [119.367872, 25.707265], [119.368209, 25.707214], [119.368, 25.707489], [119.368048, 25.708406], [119.368489, 25.708398], [119.369234, 25.708615], [119.369875, 25.709135], [119.370724, 25.710607], [119.371037, 25.710997], [119.371686, 25.711286], [119.37264, 25.71164], [119.373641, 25.71156], [119.373609, 25.711921], [119.375642, 25.712014], [119.375747, 25.711919], [119.376051, 25.711914], [119.376156, 25.712158], [119.376322, 25.712273], [119.376417, 25.712562], [119.37681, 25.712467], [119.376987, 25.712298], [119.377042, 25.712038], [119.376915, 25.711939], [119.37681, 25.711854], [119.376788, 25.711674], [119.376644, 25.71154], [119.37661, 25.710697], [119.376882, 25.710657], [119.377779, 25.710298], [119.377657, 25.708617], [119.378996, 25.708387], [119.379871, 25.710736], [119.380425, 25.710742], [119.381787, 25.707983], [119.382125, 25.707359], [119.382412, 25.706936], [119.382374, 25.706621], [119.382213, 25.706187], [119.3827, 25.704601], [119.383116, 25.704681], [119.383381, 25.704711], [119.383392, 25.704421], [119.38363, 25.704352], [119.384167, 25.704541], [119.384372, 25.704641], [119.385136, 25.703873], [119.385308, 25.703708], [119.384765, 25.703543], [119.384339, 25.703668], [119.383918, 25.703608], [119.384439, 25.70261], [119.385086, 25.701692], [119.385702, 25.699584], [119.385344, 25.698707], [119.385184, 25.697999], [119.385407, 25.697613], [119.385394, 25.696989], [119.385755, 25.697014], [119.385918, 25.69569], [119.387576, 25.695139], [119.388195, 25.695163], [119.388929, 25.695188], [119.390894, 25.694655], [119.391336, 25.694183], [119.393566, 25.693516], [119.395381, 25.693338], [119.396469, 25.693803], [119.39621, 25.69395], [119.396074, 25.694171], [119.396231, 25.69433], [119.396666, 25.694581], [119.396999, 25.694949], [119.397101, 25.695292], [119.397155, 25.695745], [119.396904, 25.696462], [119.396652, 25.696946], [119.396564, 25.697338], [119.396503, 25.698049], [119.396673, 25.698202], [119.397618, 25.698527], [119.398433, 25.699194], [119.399025, 25.699893], [119.399406, 25.700407], [119.399752, 25.70091], [119.400555, 25.701853], [119.40099, 25.702447], [119.401499, 25.70325], [119.401506, 25.703936], [119.401234, 25.704518], [119.400854, 25.705002], [119.400425, 25.705639], [119.400371, 25.706025], [119.400595, 25.70657], [119.401065, 25.70725], [119.401574, 25.707819], [119.402397, 25.708738], [119.403492, 25.710037], [119.404022, 25.711047], [119.404797, 25.712272], [119.405313, 25.712971], [119.405592, 25.713742], [119.405783, 25.714606], [119.405749, 25.715047], [119.405511, 25.71629], [119.405075, 25.717779], [119.404926, 25.718483], [119.405001, 25.719157], [119.405225, 25.7195], [119.405749, 25.719739], [119.406782, 25.719935], [119.408577, 25.720327], [119.40944, 25.720425], [119.410501, 25.720364], [119.411058, 25.720229], [119.411588, 25.719898], [119.411881, 25.719488], [119.412669, 25.718612], [119.413166, 25.717797], [119.413628, 25.716597], [119.414675, 25.714159], [119.415409, 25.712787], [119.416218, 25.711703], [119.41683, 25.711225], [119.417836, 25.711005], [119.418768, 25.710876], [119.41993, 25.711011], [119.421167, 25.711237], [119.424595, 25.712021], [119.427041, 25.712922], [119.4285, 25.714012], [119.429736, 25.715884], [119.431104, 25.717897], [119.433024, 25.718869], [119.434286, 25.718845], [119.43568, 25.718277], [119.436521, 25.717684], [119.437652, 25.716192], [119.438467, 25.714628], [119.440716, 25.710884], [119.441373, 25.709652], [119.442451, 25.709463], [119.443872, 25.70951], [119.44495, 25.710268], [119.44566, 25.711192], [119.445728, 25.711541], [119.445513, 25.711812], [119.445213, 25.712006], [119.445213, 25.712547], [119.444784, 25.712779], [119.445084, 25.713127], [119.445427, 25.713243], [119.445728, 25.713088], [119.445942, 25.713243], [119.445985, 25.713668], [119.446672, 25.713862], [119.447487, 25.713746], [119.447745, 25.713823], [119.447916, 25.714519], [119.44929, 25.714983], [119.449461, 25.714712], [119.450577, 25.714055], [119.451478, 25.715253], [119.451993, 25.715485], [119.452122, 25.715253], [119.451736, 25.71506], [119.451736, 25.714712], [119.453066, 25.714635], [119.454783, 25.714325], [119.456156, 25.714094], [119.456886, 25.714094], [119.457358, 25.714403], [119.458517, 25.714712], [119.458688, 25.714983], [119.457959, 25.715717], [119.457959, 25.716104], [119.458559, 25.716143], [119.458731, 25.716336], [119.459375, 25.716375], [119.459933, 25.716529], [119.460104, 25.716761], [119.459117, 25.717148], [119.459504, 25.717689], [119.45989, 25.717767], [119.459804, 25.718153], [119.459632, 25.718076], [119.458903, 25.717999], [119.458688, 25.718231], [119.459203, 25.718656], [119.458989, 25.718849], [119.458688, 25.718849], [119.458774, 25.719158], [119.45886, 25.719507], [119.458774, 25.720086], [119.459117, 25.720357], [119.459203, 25.720744], [119.459675, 25.720976], [119.460104, 25.720937], [119.460147, 25.721053], [119.46019, 25.721478], [119.460019, 25.721749], [119.459761, 25.72202], [119.459804, 25.722252], [119.460233, 25.7226], [119.460662, 25.723063], [119.46092, 25.723392], [119.461306, 25.72347], [119.461177, 25.723663], [119.46122, 25.723972], [119.461606, 25.723972], [119.463109, 25.724784], [119.463023, 25.72548], [119.462765, 25.725518], [119.462679, 25.725673], [119.463237, 25.725866], [119.46401, 25.726408], [119.464782, 25.726756], [119.465469, 25.72691], [119.465383, 25.727297], [119.464782, 25.727297], [119.464181, 25.727104], [119.465168, 25.7278], [119.466027, 25.728573], [119.466799, 25.729346], [119.466842, 25.729771], [119.46637, 25.730119], [119.465598, 25.730738], [119.464868, 25.731124], [119.463838, 25.731395], [119.463194, 25.731588], [119.462593, 25.731898], [119.462164, 25.732091], [119.462164, 25.732323], [119.462937, 25.732593], [119.463495, 25.732825], [119.464053, 25.73298], [119.464739, 25.733289], [119.464911, 25.73356], [119.46504, 25.734024], [119.46504, 25.73441], [119.464954, 25.735532], [119.464568, 25.735841], [119.46431, 25.736227], [119.464138, 25.737078], [119.463924, 25.737426], [119.463495, 25.738006], [119.462937, 25.738663], [119.46225, 25.739243], [119.46195, 25.739436], [119.461306, 25.739436], [119.460448, 25.739436], [119.460448, 25.740093], [119.460276, 25.740093], [119.459761, 25.739861], [119.459074, 25.739784], [119.458817, 25.739939], [119.458559, 25.740364], [119.458302, 25.740866], [119.457572, 25.740982], [119.457487, 25.741214], [119.458731, 25.742954], [119.458688, 25.743302], [119.458388, 25.743572], [119.458345, 25.743804], [119.458774, 25.744577], [119.45886, 25.745428], [119.459332, 25.746008], [119.459632, 25.746394], [119.459718, 25.746781], [119.459718, 25.747206], [119.459031, 25.748134], [119.458645, 25.748443], [119.45813, 25.748829], [119.457487, 25.748907], [119.455942, 25.748868], [119.454697, 25.748829], [119.454139, 25.748791], [119.453839, 25.748907], [119.453538, 25.749023], [119.453023, 25.748945], [119.452466, 25.748443], [119.451521, 25.747515], [119.450706, 25.747128], [119.450277, 25.74709], [119.449762, 25.747128], [119.449333, 25.747245], [119.449204, 25.747438], [119.449204, 25.747902], [119.448946, 25.748134], [119.448517, 25.748443], [119.447916, 25.748829], [119.448002, 25.749409], [119.447659, 25.749525], [119.447058, 25.749641], [119.446887, 25.749796], [119.446586, 25.750182], [119.446329, 25.750607], [119.446157, 25.751071], [119.446071, 25.751574], [119.445771, 25.751419], [119.445942, 25.750762], [119.445771, 25.750723], [119.445513, 25.751187], [119.445384, 25.751148], [119.44547, 25.750646], [119.445256, 25.750839], [119.444955, 25.750878], [119.44517, 25.751226], [119.445427, 25.751535], [119.445942, 25.751767], [119.446329, 25.752115], [119.446457, 25.752308], [119.4462, 25.752308], [119.446286, 25.752617], [119.446157, 25.752695], [119.445599, 25.752656], [119.445256, 25.752656], [119.444998, 25.752424], [119.444998, 25.752038], [119.444955, 25.751922], [119.444827, 25.751883], [119.444827, 25.752308], [119.444741, 25.75254], [119.444869, 25.752811], [119.444955, 25.753081], [119.445041, 25.753468], [119.445041, 25.75397], [119.445213, 25.75397], [119.445213, 25.753429], [119.445341, 25.753313], [119.44517, 25.753042], [119.44517, 25.752849], [119.445771, 25.753004], [119.446371, 25.753081], [119.446672, 25.753352], [119.446972, 25.753506], [119.446629, 25.7537], [119.446543, 25.753816], [119.446114, 25.753661], [119.446243, 25.754357], [119.446543, 25.754086], [119.446715, 25.754125], [119.446672, 25.754705], [119.446843, 25.754743], [119.447144, 25.75455], [119.447359, 25.754009], [119.447573, 25.75397], [119.447874, 25.754395], [119.44753, 25.754821], [119.447444, 25.754994], [119.44753, 25.75542], [119.447916, 25.755304], [119.447959, 25.755729], [119.448002, 25.756231], [119.448002, 25.756386], [119.448388, 25.756347], [119.448904, 25.756309], [119.449333, 25.756347], [119.449504, 25.756927], [119.448946, 25.757004], [119.448431, 25.757004], [119.447788, 25.75685], [119.447444, 25.756772], [119.447187, 25.756811], [119.447101, 25.756695], [119.447359, 25.756386], [119.447273, 25.756154], [119.447187, 25.755922], [119.446972, 25.755381], [119.446758, 25.755304], [119.446286, 25.755342], [119.446157, 25.755729], [119.446157, 25.756038], [119.446286, 25.75654], [119.445985, 25.75654], [119.445685, 25.756386], [119.445299, 25.756154], [119.444955, 25.757159], [119.445728, 25.757159], [119.446672, 25.757159], [119.446801, 25.757584], [119.446329, 25.757623], [119.446028, 25.757739], [119.445642, 25.757971], [119.445341, 25.758434], [119.445341, 25.75886], [119.445599, 25.759517], [119.445814, 25.76029], [119.444955, 25.760406], [119.444526, 25.760522], [119.444054, 25.760599], [119.443668, 25.760676], [119.44311, 25.760676], [119.442638, 25.760599], [119.44238, 25.760599], [119.442123, 25.760792], [119.442037, 25.761063], [119.441865, 25.761604], [119.441822, 25.761758], [119.441565, 25.76199], [119.440921, 25.761952], [119.440793, 25.762106], [119.440406, 25.76257], [119.440149, 25.762338], [119.439977, 25.762183], [119.439763, 25.762183], [119.43972, 25.761913], [119.439076, 25.761797], [119.438818, 25.76172], [119.438346, 25.761295], [119.437831, 25.761063], [119.437445, 25.760985], [119.437145, 25.760753], [119.436844, 25.760251], [119.436758, 25.759864], [119.43663, 25.759439], [119.436158, 25.759014], [119.435385, 25.758512], [119.435042, 25.758512], [119.434613, 25.758589], [119.434226, 25.758821], [119.433883, 25.75913], [119.433668, 25.759246], [119.433282, 25.759401], [119.43281, 25.759362], [119.432381, 25.759323], [119.432124, 25.759439], [119.43178, 25.759594], [119.431394, 25.75971], [119.431179, 25.75971], [119.430922, 25.759671], [119.430622, 25.759517], [119.430321, 25.759401], [119.429935, 25.759207], [119.429463, 25.759169], [119.429119, 25.759169], [119.428948, 25.759246], [119.428776, 25.759439], [119.428519, 25.759594], [119.428175, 25.759633], [119.427961, 25.759401], [119.427489, 25.75913], [119.426888, 25.75886], [119.426287, 25.758628], [119.425515, 25.758357], [119.424957, 25.758164], [119.424442, 25.758009], [119.424184, 25.7577], [119.423927, 25.757082], [119.423626, 25.756502], [119.423326, 25.756231], [119.42294, 25.755651], [119.422382, 25.754917], [119.421824, 25.754531], [119.421309, 25.754221], [119.420837, 25.753874], [119.420408, 25.753564], [119.420064, 25.753526], [119.419807, 25.753255], [119.419421, 25.753023], [119.418863, 25.75283], [119.418391, 25.752791], [119.417704, 25.752598], [119.417189, 25.752482], [119.416846, 25.752482], [119.416374, 25.752366], [119.416374, 25.752134], [119.416374, 25.751902], [119.416374, 25.751477], [119.416502, 25.750665], [119.416545, 25.749931], [119.416545, 25.74939], [119.416502, 25.748926], [119.41646, 25.748617], [119.416245, 25.748114], [119.416159, 25.74796], [119.41603, 25.747728], [119.415558, 25.747341], [119.415387, 25.747187], [119.414871, 25.746065], [119.414648, 25.745301], [119.414745, 25.744546], [119.41534, 25.743808], [119.415686, 25.742934], [119.415097, 25.74299], [119.413239, 25.743909], [119.412205, 25.743496], [119.410209, 25.741168], [119.40571, 25.740124], [119.405042, 25.740149], [119.403833, 25.739433], [119.402933, 25.738204], [119.402609, 25.737761], [119.400338, 25.737628], [119.400338, 25.735962], [119.400366, 25.735595], [119.402546, 25.735297], [119.402342, 25.733979], [119.401822, 25.732415], [119.40088, 25.732212], [119.399804, 25.732066], [119.399393, 25.732313], [119.399256, 25.732806], [119.398909, 25.732749], [119.398751, 25.73346], [119.398324, 25.733479], [119.398272, 25.733678], [119.39815, 25.734053], [119.397777, 25.734072], [119.397624, 25.733569], [119.397082, 25.733451], [119.39664, 25.733337], [119.39704, 25.732484], [119.396719, 25.732474], [119.396403, 25.732512], [119.395877, 25.732654], [119.395556, 25.732668], [119.395282, 25.732749], [119.394956, 25.732887], [119.394734, 25.732972], [119.394229, 25.733067], [119.392992, 25.731089], [119.392834, 25.730696], [119.392582, 25.730397], [119.392577, 25.730146], [119.392408, 25.729937], [119.392398, 25.729487], [119.392224, 25.729221], [119.391934, 25.729013], [119.391424, 25.728852], [119.390719, 25.72852], [119.390255, 25.728074], [119.389913, 25.727647], [119.389234, 25.727951], [119.388071, 25.728297], [119.387868, 25.728283], [119.387489, 25.728398], [119.387379, 25.72839], [119.387269, 25.728414], [119.387207, 25.728398], [119.386696, 25.728497], [119.386669, 25.728442], [119.386211, 25.72858], [119.386194, 25.728505], [119.385674, 25.728652], [119.38555, 25.728303], [119.38492, 25.728513], [119.384577, 25.727711], [119.384554, 25.727298], [119.384484, 25.727037], [119.38429, 25.72656], [119.384828, 25.726334], [119.383488, 25.722794], [119.38036, 25.720475], [119.380686, 25.72015], [119.380021, 25.719622], [119.379884, 25.719757], [119.379642, 25.719539], [119.379607, 25.719435], [119.378937, 25.718923], [119.378637, 25.719126], [119.378082, 25.718725], [119.377686, 25.718483], [119.377699, 25.718348], [119.377822, 25.718153], [119.377959, 25.717951], [119.377906, 25.717645], [119.378012, 25.717443], [119.378148, 25.71736], [119.378214, 25.717074], [119.378179, 25.716939], [119.376256, 25.717854], [119.375329, 25.718241], [119.37558, 25.718757], [119.375558, 25.719082], [119.374981, 25.719126], [119.374368, 25.719316], [119.373456, 25.71965], [119.373143, 25.718685], [119.372513, 25.718959], [119.371641, 25.719273], [119.370729, 25.719578], [119.370205, 25.719765], [119.369874, 25.718709], [119.36991, 25.718685], [119.369949, 25.718503], [119.369866, 25.718368], [119.369645, 25.718295], [119.369453, 25.718441], [119.368503, 25.717736], [119.367795, 25.717015], [119.367123, 25.716153], [119.366613, 25.715448], [119.366227, 25.714454], [119.365688, 25.713515], [119.364805, 25.711847], [119.364143, 25.711317], [119.364058, 25.710853], [119.363038, 25.707233], [119.362461, 25.706512], [119.361553, 25.705455], [119.360809, 25.703773]]]}, "properties": {"display_name": "龙山街道, 福清市, 福州市, 福清市, 福建省, 350300, 中国", "type": "administrative", "osm_type": "relation", "osm_id": 11018090, "class": null, "keyword": "subdistrict"}}, {"type": "Feature", "geometry": {"type": "Polygon", "coordinates": [[[119.341585, 25.684656], [119.341815, 25.683308], [119.342889, 25.683099], [119.347202, 25.68217], [119.344048, 25.679347], [119.34662, 25.678004], [119.34798, 25.676277], [119.348176, 25.675878], [119.348373, 25.675479], [119.349138, 25.673854], [119.348094, 25.672009], [119.349605, 25.667415], [119.351987, 25.66755], [119.352995, 25.663837], [119.367457, 25.660852], [119.368274, 25.660567], [119.368694, 25.660097], [119.368998, 25.658411], [119.371231, 25.658804], [119.371579, 25.658333], [119.372303, 25.657314], [119.372608, 25.655289], [119.372608, 25.654034], [119.373347, 25.653851], [119.374275, 25.654361], [119.37518, 25.655125], [119.375705, 25.655704], [119.376266, 25.655757], [119.377185, 25.655569], [119.37961, 25.656132], [119.380164, 25.657026], [119.380719, 25.65792], [119.382408, 25.658059], [119.383067, 25.654354], [119.387503, 25.656444], [119.386748, 25.658471], [119.386658, 25.65945], [119.386177, 25.659864], [119.385818, 25.660137], [119.386087, 25.660561], [119.387353, 25.661551], [119.387162, 25.662116], [119.38779, 25.663035], [119.394007, 25.666206], [119.394321, 25.666963], [119.395049, 25.667054], [119.397391, 25.667781], [119.397323, 25.668276], [119.398343, 25.668498], [119.399138, 25.668467], [119.399317, 25.667347], [119.400057, 25.667397], [119.400483, 25.668225], [119.400684, 25.669134], [119.401838, 25.670204], [119.404202, 25.672042], [119.406353, 25.673718], [119.406913, 25.674687], [119.408336, 25.675929], [119.409893, 25.676737], [119.410386, 25.677282], [119.410386, 25.677706], [119.41042, 25.678383], [119.4107, 25.679322], [119.411361, 25.680341], [119.411932, 25.681099], [119.411898, 25.681351], [119.411932, 25.681957], [119.412727, 25.68227], [119.413243, 25.682754], [119.413243, 25.683279], [119.41378, 25.683552], [119.414464, 25.684269], [119.415483, 25.684794], [119.416715, 25.685056], [119.416749, 25.686772], [119.418687, 25.688973], [119.4189, 25.689064], [119.419673, 25.68862], [119.420872, 25.687893], [119.421802, 25.687035], [119.422003, 25.687287], [119.421835, 25.687681], [119.421802, 25.687974], [119.421824, 25.688357], [119.422082, 25.68867], [119.422194, 25.688893], [119.421958, 25.688993], [119.421589, 25.688812], [119.42104, 25.68865], [119.420917, 25.689539], [119.421488, 25.689771], [119.420894, 25.691134], [119.420457, 25.691083], [119.420177, 25.691507], [119.419886, 25.69178], [119.419639, 25.692184], [119.419505, 25.692749], [119.419023, 25.692779], [119.418665, 25.692577], [119.418833, 25.692254], [119.418418, 25.692073], [119.417836, 25.69396], [119.417264, 25.695303], [119.415237, 25.696363], [119.413971, 25.697867], [119.413164, 25.698463], [119.412716, 25.699089], [119.412839, 25.699876], [119.413601, 25.700936], [119.417836, 25.701761], [119.418108, 25.702233], [119.417924, 25.702851], [119.417972, 25.703097], [119.418128, 25.703378], [119.418108, 25.70366], [119.418033, 25.703856], [119.418686, 25.704064], [119.418842, 25.70426], [119.418835, 25.70445], [119.418604, 25.704554], [119.418271, 25.704536], [119.417761, 25.704463], [119.417727, 25.704701], [119.417476, 25.704824], [119.417081, 25.704977], [119.41702, 25.705081], [119.417183, 25.705149], [119.417503, 25.704983], [119.417897, 25.704818], [119.418149, 25.704891], [119.418054, 25.705124], [119.417795, 25.705388], [119.417727, 25.705565], [119.417931, 25.705865], [119.41768, 25.706025], [119.417381, 25.705927], [119.417034, 25.705694], [119.416843, 25.705534], [119.416544, 25.705565], [119.417387, 25.706962], [119.417224, 25.707048], [119.417299, 25.70717], [119.41768, 25.707764], [119.41736, 25.707819], [119.417666, 25.708579], [119.418373, 25.708291], [119.419019, 25.709926], [119.419019, 25.71022], [119.418768, 25.710876], [119.417836, 25.711005], [119.41683, 25.711225], [119.416218, 25.711703], [119.415409, 25.712787], [119.414675, 25.714159], [119.413628, 25.716597], [119.413166, 25.717797], [119.412669, 25.718612], [119.411881, 25.719488], [119.411588, 25.719898], [119.411058, 25.720229], [119.410501, 25.720364], [119.40944, 25.720425], [119.408577, 25.720327], [119.406782, 25.719935], [119.405749, 25.719739], [119.405225, 25.7195], [119.405001, 25.719157], [119.404926, 25.718483], [119.405075, 25.717779], [119.405511, 25.71629], [119.405749, 25.715047], [119.405783, 25.714606], [119.405592, 25.713742], [119.405313, 25.712971], [119.404797, 25.712272], [119.404022, 25.711047], [119.403492, 25.710037], [119.402397, 25.708738], [119.401574, 25.707819], [119.401065, 25.70725], [119.400595, 25.70657], [119.400371, 25.706025], [119.400425, 25.705639], [119.400854, 25.705002], [119.401234, 25.704518], [119.401506, 25.703936], [119.401499, 25.70325], [119.40099, 25.702447], [119.400555, 25.701853], [119.399752, 25.70091], [119.399406, 25.700407], [119.399025, 25.699893], [119.398433, 25.699194], [119.397618, 25.698527], [119.396673, 25.698202], [119.396503, 25.698049], [119.396564, 25.697338], [119.396652, 25.696946], [119.396904, 25.696462], [119.397155, 25.695745], [119.397101, 25.695292], [119.396999, 25.694949], [119.396666, 25.694581], [119.396231, 25.69433], [119.396074, 25.694171], [119.39621, 25.69395], [119.396469, 25.693803], [119.395381, 25.693338], [119.393566, 25.693516], [119.391336, 25.694183], [119.390894, 25.694655], [119.388929, 25.695188], [119.388195, 25.695163], [119.387576, 25.695139], [119.385918, 25.69569], [119.385755, 25.697014], [119.385394, 25.696989], [119.385407, 25.697613], [119.385184, 25.697999], [119.385344, 25.698707], [119.385702, 25.699584], [119.385086, 25.701692], [119.384439, 25.70261], [119.383918, 25.703608], [119.384339, 25.703668], [119.384765, 25.703543], [119.385308, 25.703708], [119.385136, 25.703873], [119.384372, 25.704641], [119.384167, 25.704541], [119.38363, 25.704352], [119.383392, 25.704421], [119.383381, 25.704711], [119.383116, 25.704681], [119.3827, 25.704601], [119.382213, 25.706187], [119.382374, 25.706621], [119.382412, 25.706936], [119.382125, 25.707359], [119.381787, 25.707983], [119.380425, 25.710742], [119.379871, 25.710736], [119.378996, 25.708387], [119.377657, 25.708617], [119.377779, 25.710298], [119.376882, 25.710657], [119.37661, 25.710697], [119.376644, 25.71154], [119.376788, 25.711674], [119.37681, 25.711854], [119.376915, 25.711939], [119.377042, 25.712038], [119.376987, 25.712298], [119.37681, 25.712467], [119.376417, 25.712562], [119.376322, 25.712273], [119.376156, 25.712158], [119.376051, 25.711914], [119.375747, 25.711919], [119.375642, 25.712014], [119.373609, 25.711921], [119.373641, 25.71156], [119.37264, 25.71164], [119.371686, 25.711286], [119.371037, 25.710997], [119.370724, 25.710607], [119.369875, 25.709135], [119.369234, 25.708615], [119.368489, 25.708398], [119.368048, 25.708406], [119.368, 25.707489], [119.368209, 25.707214], [119.367872, 25.707265], [119.367568, 25.706774], [119.366129, 25.705728], [119.365063, 25.704469], [119.364205, 25.703309], [119.363199, 25.702514], [119.361177, 25.702912], [119.360809, 25.703773], [119.361553, 25.705455], [119.362461, 25.706512], [119.363038, 25.707233], [119.361705, 25.707491], [119.360626, 25.707789], [119.358702, 25.707767], [119.358064, 25.708364], [119.356483, 25.708375], [119.355085, 25.708452], [119.351359, 25.708861], [119.350746, 25.709203], [119.349851, 25.708611], [119.34979, 25.708242], [119.349605, 25.707918], [119.349701, 25.707246], [119.349766, 25.706731], [119.34961, 25.706339], [119.348473, 25.705726], [119.347113, 25.705322], [119.346837, 25.704484], [119.346923, 25.70288], [119.346386, 25.7017], [119.346665, 25.700115], [119.347202, 25.698413], [119.34791, 25.697002], [119.348232, 25.696016], [119.347266, 25.695281], [119.34791, 25.694121], [119.348039, 25.692651], [119.348146, 25.691278], [119.348189, 25.689983], [119.346794, 25.68861], [119.345407, 25.686467], [119.344627, 25.68656], [119.343149, 25.685801], [119.341585, 25.684656]]]}, "properties": {"display_name": "龙江街道, 福清市, 福州市, 福清市, 福建省, 350300, 中国", "type": "administrative", "osm_type": "relation", "osm_id": 11013767, "class": null, "keyword": "subdistrict"}}, {"type": "Feature", "geometry": {"type": "Polygon", "coordinates": [[[119.438381, 25.983046], [119.444556, 25.981346], [119.450971, 25.979816], [119.456411, 25.979396], [119.465657, 25.983518], [119.474723, 25.991585], [119.490022, 26.017344], [119.494311, 26.021566], [119.491072, 26.024667], [119.491344, 26.025346], [119.491268, 26.026405], [119.491609, 26.02763], [119.491608, 26.027994], [119.491815, 26.028211], [119.492077, 26.028762], [119.492013, 26.029927], [119.491159, 26.029903], [119.489734, 26.03155], [119.489252, 26.031913], [119.489362, 26.032508], [119.489235, 26.033083], [119.489049, 26.033519], [119.488354, 26.034495], [119.488185, 26.034566], [119.487941, 26.034525], [119.487239, 26.03398], [119.487076, 26.034471], [119.4866, 26.035295], [119.486062, 26.035834], [119.485684, 26.035889], [119.485559, 26.035633], [119.485402, 26.035547], [119.48515, 26.035631], [119.484548, 26.036341], [119.484359, 26.036368], [119.484076, 26.036168], [119.483226, 26.036222], [119.48133, 26.037439], [119.479755, 26.038668], [119.479302, 26.038725], [119.478916, 26.038621], [119.477827, 26.038617], [119.477252, 26.038718], [119.476993, 26.038921], [119.475779, 26.039573], [119.474238, 26.040982], [119.474059, 26.041419], [119.473993, 26.041871], [119.474073, 26.041973], [119.474831, 26.042122], [119.474829, 26.042414], [119.474716, 26.042603], [119.47398, 26.043201], [119.473741, 26.043609], [119.473781, 26.044309], [119.473971, 26.045322], [119.473827, 26.046249], [119.473575, 26.047033], [119.473594, 26.047597], [119.473399, 26.047966], [119.473461, 26.048433], [119.473395, 26.048764], [119.473653, 26.049057], [119.473652, 26.049154], [119.473262, 26.049639], [119.472932, 26.051234], [119.473038, 26.051506], [119.473014, 26.052226], [119.472711, 26.052537], [119.472771, 26.053374], [119.472684, 26.053724], [119.472705, 26.053938], [119.472896, 26.054405], [119.473095, 26.055316], [119.473128, 26.055593], [119.472996, 26.056138], [119.472693, 26.056487], [119.472189, 26.05675], [119.471528, 26.05693], [119.4709, 26.057453], [119.470272, 26.058288], [119.469425, 26.059822], [119.468191, 26.061121], [119.467822, 26.061859], [119.46769, 26.062345], [119.467494, 26.062734], [119.467365, 26.062831], [119.467087, 26.062265], [119.466744, 26.061972], [119.465691, 26.061561], [119.465575, 26.06069], [119.465749, 26.06027], [119.465751, 26.059881], [119.465359, 26.058884], [119.465207, 26.058152], [119.465001, 26.058011], [119.46433, 26.057884], [119.46402, 26.057961], [119.463863, 26.058271], [119.463894, 26.05905], [119.46408, 26.059657], [119.464026, 26.060811], [119.462204, 26.060804], [119.461881, 26.060651], [119.461457, 26.060147], [119.461522, 26.059642], [119.461493, 26.059197], [119.461609, 26.058618], [119.461559, 26.058338], [119.461612, 26.058011], [119.461501, 26.05746], [119.461739, 26.057208], [119.460065, 26.057043], [119.45966, 26.057094], [119.459201, 26.057412], [119.458715, 26.057357], [119.458598, 26.057491], [119.458519, 26.058056], [119.457892, 26.058625], [119.456972, 26.055432], [119.456016, 26.050478], [119.455382, 26.037562], [119.45728, 26.027687], [119.457383, 26.026549], [119.457129, 26.026093], [119.455656, 26.026822], [119.452922, 26.02881], [119.451219, 26.029213], [119.450085, 26.029398], [119.449162, 26.029167], [119.448744, 26.028654], [119.448514, 26.028482], [119.448346, 26.0285], [119.446337, 26.031414], [119.446042, 26.031584], [119.445791, 26.031583], [119.44512, 26.031315], [119.444806, 26.030972], [119.444386, 26.031008], [119.443412, 26.030467], [119.44348, 26.028846], [119.44446, 26.027922], [119.444559, 26.027656], [119.44104, 26.023668], [119.443658, 26.020725], [119.443952, 26.020254], [119.443927, 26.020139], [119.443624, 26.020001], [119.442725, 26.020588], [119.44221, 26.020364], [119.441261, 26.018273], [119.440356, 26.017448], [119.441213, 26.016632], [119.441688, 26.016348], [119.442732, 26.016267], [119.443527, 26.014692], [119.44438, 26.014297], [119.444729, 26.013728], [119.444924, 26.012675], [119.446029, 26.012195], [119.446821, 26.011429], [119.447142, 26.010091], [119.447089, 26.007983], [119.447466, 26.007307], [119.447909, 26.005228], [119.44849, 26.004866], [119.448304, 26.004285], [119.447488, 26.003704], [119.447233, 26.00339], [119.447083, 26.00265], [119.447632, 26.002569], [119.448035, 26.002334], [119.448972, 26.001471], [119.449116, 26.000709], [119.449014, 26.000024], [119.449252, 25.999189], [119.448853, 25.998366], [119.447805, 25.997244], [119.447235, 25.996815], [119.447214, 25.996518], [119.446787, 25.996417], [119.446708, 25.996189], [119.446717, 25.995441], [119.447019, 25.995305], [119.44732, 25.994566], [119.447983, 25.993622], [119.447955, 25.993457], [119.448133, 25.993402], [119.448056, 25.992348], [119.448166, 25.991875], [119.448039, 25.991755], [119.447804, 25.991718], [119.447381, 25.991758], [119.44739, 25.991271], [119.447397, 25.99083], [119.447426, 25.989811], [119.446856, 25.989377], [119.446968, 25.989297], [119.446865, 25.98876], [119.44653, 25.987954], [119.446282, 25.98778], [119.445582, 25.987685], [119.444624, 25.986946], [119.443898, 25.986763], [119.438381, 25.983046]]]}, "properties": {"display_name": "罗星街道, 马尾区, 福州市, 福建省, 中国", "type": "administrative", "osm_type": "relation", "osm_id": 12098778, "class": null, "keyword": "subdistrict"}}, {"type": "Feature", "geometry": {"type": "Polygon", "coordinates": [[[119.225391, 26.053776], [119.227152, 26.045833], [119.228868, 26.041245], [119.232602, 26.034651], [119.234641, 26.028732], [119.23535, 26.027648], [119.244698, 26.03206], [119.245145, 26.032273], [119.24609, 26.03267], [119.247214, 26.033058], [119.248102, 26.033295], [119.248533, 26.033393], [119.249112, 26.033506], [119.250864, 26.03381], [119.252061, 26.034016], [119.252785, 26.034141], [119.253089, 26.034194], [119.253377, 26.034258], [119.254302, 26.034423], [119.254928, 26.034493], [119.255677, 26.03462], [119.256022, 26.034705], [119.256819, 26.034839], [119.259411, 26.035286], [119.264386, 26.036147], [119.2648, 26.036218], [119.265255, 26.036308], [119.265637, 26.036386], [119.265834, 26.036436], [119.266934, 26.036753], [119.267655, 26.036995], [119.268397, 26.037253], [119.269329, 26.037691], [119.269998, 26.038051], [119.270249, 26.038213], [119.27043, 26.038335], [119.270673, 26.038489], [119.271437, 26.039013], [119.272008, 26.039457], [119.272533, 26.039903], [119.2729, 26.040223], [119.27069, 26.042218], [119.271848, 26.043327], [119.272953, 26.043057], [119.274917, 26.042296], [119.275947, 26.043269], [119.276635, 26.044069], [119.277191, 26.044715], [119.278221, 26.046122], [119.283519, 26.053484], [119.281219, 26.054917], [119.277642, 26.056417], [119.273, 26.057518], [119.269631, 26.057962], [119.268651, 26.058132], [119.267685, 26.058672], [119.266162, 26.060662], [119.264831, 26.059347], [119.264055, 26.058576], [119.263273, 26.058002], [119.262672, 26.057606], [119.262005, 26.05723], [119.261641, 26.057017], [119.260449, 26.056189], [119.259974, 26.055861], [119.258754, 26.055007], [119.257783, 26.054297], [119.257502, 26.054137], [119.257302, 26.054073], [119.257155, 26.054038], [119.255738, 26.053674], [119.254935, 26.053485], [119.254465, 26.053401], [119.253987, 26.053332], [119.253682, 26.0533], [119.253296, 26.053289], [119.252596, 26.053295], [119.252083, 26.053297], [119.2489, 26.053342], [119.246468, 26.053384], [119.244817, 26.053393], [119.242002, 26.053438], [119.240787, 26.053476], [119.240218, 26.053494], [119.238405, 26.053543], [119.234113, 26.053614], [119.230956, 26.053656], [119.225391, 26.053776]]]}, "properties": {"display_name": "金山街道, 仓山区, 福州市, 福建省, 350008, 中国", "type": "administrative", "osm_type": "relation", "osm_id": 12099235, "class": null, "keyword": "subdistrict"}}, {"type": "Feature", "geometry": {"type": "Polygon", "coordinates": [[[119.246106, 26.104591], [119.246323, 26.103805], [119.246188, 26.102879], [119.246838, 26.100254], [119.248384, 26.101752], [119.249028, 26.102176], [119.250101, 26.102392], [119.250353, 26.102566], [119.251018, 26.102595], [119.251265, 26.102787], [119.251716, 26.10285], [119.251839, 26.103332], [119.252536, 26.103539], [119.254333, 26.104131], [119.256259, 26.104464], [119.25928, 26.104724], [119.260401, 26.103799], [119.260443, 26.103394], [119.260143, 26.102094], [119.26106, 26.101164], [119.26135, 26.101043], [119.261774, 26.100658], [119.262536, 26.100701], [119.262922, 26.100682], [119.263319, 26.100557], [119.263641, 26.100383], [119.264161, 26.099887], [119.264381, 26.099781], [119.264676, 26.099646], [119.265019, 26.099507], [119.265915, 26.098587], [119.266865, 26.099049], [119.267372, 26.098292], [119.268503, 26.098827], [119.269214, 26.099208], [119.269461, 26.09903], [119.269767, 26.099006], [119.270314, 26.098953], [119.270786, 26.098596], [119.272385, 26.099073], [119.272358, 26.099165], [119.273012, 26.099333], [119.273034, 26.099251], [119.274804, 26.099661], [119.274772, 26.099854], [119.275362, 26.100022], [119.275357, 26.100171], [119.276499, 26.100379], [119.276585, 26.099873], [119.277019, 26.098437], [119.278023, 26.098553], [119.279176, 26.097821], [119.279857, 26.096852], [119.279986, 26.096568], [119.279981, 26.096187], [119.280152, 26.096115], [119.280319, 26.096284], [119.280646, 26.096462], [119.280909, 26.097021], [119.281064, 26.097204], [119.281713, 26.097575], [119.282352, 26.097893], [119.283977, 26.098505], [119.284235, 26.099001], [119.283468, 26.100205], [119.283392, 26.100697], [119.283355, 26.100952], [119.283468, 26.10139], [119.283516, 26.101646], [119.283376, 26.102055], [119.28343, 26.102204], [119.283972, 26.102551], [119.284476, 26.103047], [119.284471, 26.103283], [119.284133, 26.103881], [119.284047, 26.104146], [119.284106, 26.1043], [119.284578, 26.10429], [119.284905, 26.104184], [119.285147, 26.103997], [119.28681, 26.10245], [119.289036, 26.104902], [119.28947, 26.105495], [119.289792, 26.106126], [119.290355, 26.107489], [119.291847, 26.111169], [119.292346, 26.112037], [119.292775, 26.112879], [119.292893, 26.113216], [119.292952, 26.113737], [119.292995, 26.114806], [119.293109, 26.116526], [119.293149, 26.117003], [119.293203, 26.117346], [119.293397, 26.118368], [119.293948, 26.120998], [119.293971, 26.121214], [119.294046, 26.122093], [119.29411, 26.123654], [119.292869, 26.123954], [119.292547, 26.124051], [119.291907, 26.124241], [119.288263, 26.125442], [119.287478, 26.12571], [119.287142, 26.125802], [119.286666, 26.125909], [119.286312, 26.125984], [119.285885, 26.126061], [119.285555, 26.126107], [119.285249, 26.126131], [119.284546, 26.126131], [119.283142, 26.126131], [119.282175, 26.125925], [119.280575, 26.125571], [119.278687, 26.125169], [119.277488, 26.124936], [119.277046, 26.124871], [119.276407, 26.124803], [119.275736, 26.124737], [119.27453, 26.124627], [119.273211, 26.124484], [119.270904, 26.124254], [119.269489, 26.124092], [119.268587, 26.124101], [119.267231, 26.123535], [119.263781, 26.121712], [119.26284, 26.122238], [119.262322, 26.122138], [119.26178, 26.121674], [119.261674, 26.121243], [119.262005, 26.121311], [119.262079, 26.121098], [119.261923, 26.120779], [119.261749, 26.120645], [119.260989, 26.120483], [119.260634, 26.120231], [119.261145, 26.120136], [119.261818, 26.119756], [119.262191, 26.118923], [119.260821, 26.118654], [119.259899, 26.11838], [119.259831, 26.118044], [119.259426, 26.117759], [119.25899, 26.11758], [119.257823, 26.117359], [119.257447, 26.117703], [119.257638, 26.116703], [119.258078, 26.115524], [119.257748, 26.115528], [119.257426, 26.11535], [119.256673, 26.115303], [119.255347, 26.113986], [119.254867, 26.113238], [119.253638, 26.11217], [119.25359, 26.111763], [119.255164, 26.109608], [119.255629, 26.107715], [119.254965, 26.106337], [119.250755, 26.106044], [119.250127, 26.105828], [119.248271, 26.103845], [119.247062, 26.104617], [119.246505, 26.105055], [119.246106, 26.104591]]]}, "properties": {"display_name": "五凤街道, 鼓楼区, 福州市, 福建省, 中国", "type": "administrative", "osm_type": "relation", "osm_id": 12099704, "class": null, "keyword": "subdistrict"}}, {"type": "Feature", "geometry": {"type": "Polygon", "coordinates": [[[119.502974, 25.96834], [119.503014, 25.968203], [119.50396, 25.968166], [119.503984, 25.968166], [119.504054, 25.968167], [119.504061, 25.968167], [119.504062, 25.968063], [119.504062, 25.96785], [119.504064, 25.967368], [119.504064, 25.967139], [119.504065, 25.967014], [119.504065, 25.966727], [119.504069, 25.965653], [119.504072, 25.964389], [119.504076, 25.963033], [119.504077, 25.962669], [119.50408, 25.961716], [119.50408, 25.961701], [119.504082, 25.960902], [119.504083, 25.960428], [119.504086, 25.959649], [119.504087, 25.959194], [119.504088, 25.958852], [119.504095, 25.957356], [119.504103, 25.955667], [119.504104, 25.955508], [119.504104, 25.955133], [119.504107, 25.954955], [119.504146, 25.954956], [119.508668, 25.955023], [119.508646, 25.958055], [119.510749, 25.958055], [119.511213, 25.957755], [119.511123, 25.957635], [119.511458, 25.957432], [119.511877, 25.957857], [119.512812, 25.95742], [119.512938, 25.957361], [119.512991, 25.957331], [119.512733, 25.957037], [119.512717, 25.95682], [119.512993, 25.956727], [119.513752, 25.956838], [119.514158, 25.956639], [119.514492, 25.955083], [119.514747, 25.954861], [119.516809, 25.953063], [119.517311, 25.952704], [119.517392, 25.952273], [119.517236, 25.952218], [119.517236, 25.951845], [119.517065, 25.951593], [119.517194, 25.950679], [119.517427, 25.950423], [119.517908, 25.950371], [119.517929, 25.950174], [119.518629, 25.949417], [119.518848, 25.949235], [119.519034, 25.949102], [119.519216, 25.948958], [119.519327, 25.948874], [119.51961, 25.948258], [119.520682, 25.948197], [119.521096, 25.947509], [119.521399, 25.947247], [119.52237, 25.94724], [119.522983, 25.947866], [119.523903, 25.94833], [119.524868, 25.948579], [119.525693, 25.948587], [119.526461, 25.948925], [119.526526, 25.949395], [119.527199, 25.949969], [119.527178, 25.950702], [119.527191, 25.950872], [119.527379, 25.951435], [119.527515, 25.951477], [119.527854, 25.951583], [119.527981, 25.952431], [119.528446, 25.952451], [119.528479, 25.953015], [119.527948, 25.953638], [119.52824, 25.953762], [119.528639, 25.953158], [119.529656, 25.952372], [119.530437, 25.950924], [119.5306, 25.950368], [119.530558, 25.949641], [119.530192, 25.94911], [119.529881, 25.948335], [119.530581, 25.948566], [119.531206, 25.949139], [119.531433, 25.950145], [119.53242, 25.951317], [119.532627, 25.9513], [119.532916, 25.950757], [119.533171, 25.950688], [119.533253, 25.951559], [119.534195, 25.951515], [119.53445, 25.95214], [119.534716, 25.952373], [119.534766, 25.952846], [119.534419, 25.953213], [119.534461, 25.954769], [119.53387, 25.955148], [119.533724, 25.955544], [119.533492, 25.955738], [119.533519, 25.955842], [119.534285, 25.955895], [119.534393, 25.95606], [119.534231, 25.956179], [119.533816, 25.956192], [119.533348, 25.95642], [119.533351, 25.956535], [119.533526, 25.956795], [119.533537, 25.957214], [119.534388, 25.958001], [119.535332, 25.958329], [119.535466, 25.958739], [119.535303, 25.959229], [119.535098, 25.95944], [119.534809, 25.959515], [119.533961, 25.959417], [119.533695, 25.959569], [119.533599, 25.959992], [119.533915, 25.960938], [119.533686, 25.961317], [119.533207, 25.961317], [119.532271, 25.961086], [119.531691, 25.9602], [119.531248, 25.960067], [119.531144, 25.95988], [119.53084, 25.960005], [119.530478, 25.960362], [119.530473, 25.960625], [119.530717, 25.96107], [119.531538, 25.961757], [119.532611, 25.962435], [119.533759, 25.962941], [119.535251, 25.963417], [119.534863, 25.96458], [119.53493, 25.965991], [119.534751, 25.966173], [119.534349, 25.966263], [119.533387, 25.966795], [119.533484, 25.967008], [119.534101, 25.967274], [119.534536, 25.967651], [119.53558, 25.969425], [119.535767, 25.970014], [119.535806, 25.971439], [119.536407, 25.972609], [119.536673, 25.972819], [119.537717, 25.972951], [119.538497, 25.973339], [119.537611, 25.973398], [119.537721, 25.973904], [119.537631, 25.973963], [119.536792, 25.973664], [119.536266, 25.973477], [119.536414, 25.972958], [119.533727, 25.971934], [119.533505, 25.97185], [119.532557, 25.971489], [119.531306, 25.97139], [119.530774, 25.971535], [119.53042, 25.971343], [119.530617, 25.971719], [119.530119, 25.971945], [119.529737, 25.972018], [119.529056, 25.971751], [119.528736, 25.971854], [119.528565, 25.972106], [119.528077, 25.972241], [119.527932, 25.9724], [119.528444, 25.973273], [119.52839, 25.974323], [119.529163, 25.975534], [119.529156, 25.976565], [119.529828, 25.97795], [119.529737, 25.978785], [119.528632, 25.979936], [119.528552, 25.980265], [119.528787, 25.980521], [119.529628, 25.980471], [119.529882, 25.980585], [119.529978, 25.980865], [119.530031, 25.982128], [119.529627, 25.982204], [119.529002, 25.98406], [119.528863, 25.984238], [119.524244, 25.984619], [119.522999, 25.984462], [119.52192, 25.984618], [119.520591, 25.985323], [119.519974, 25.983838], [119.519128, 25.98336], [119.518394, 25.983206], [119.517724, 25.983445], [119.517055, 25.983382], [119.51605, 25.982621], [119.515655, 25.98156], [119.515649, 25.980587], [119.515418, 25.979807], [119.516259, 25.979651], [119.515833, 25.9785], [119.51598, 25.97823], [119.515988, 25.977732], [119.514152, 25.977076], [119.514062, 25.976349], [119.513635, 25.975748], [119.512501, 25.975955], [119.512283, 25.975545], [119.511809, 25.975571], [119.511691, 25.97515], [119.511809, 25.97512], [119.511734, 25.974655], [119.511729, 25.974623], [119.511608, 25.974506], [119.508896, 25.974443], [119.508659, 25.974346], [119.508545, 25.973519], [119.508622, 25.972397], [119.507431, 25.971817], [119.505095, 25.970834], [119.504318, 25.970769], [119.502994, 25.971017], [119.503023, 25.970627], [119.503913, 25.970195], [119.503959, 25.96995], [119.503944, 25.969723], [119.503707, 25.96947], [119.5031, 25.968824], [119.502974, 25.96834]]]}, "properties": {"display_name": "吴航街道, 长乐区, 福州市, 福建省, 350200, 中国", "type": "administrative", "osm_type": "relation", "osm_id": 12098751, "class": null, "keyword": "subdistrict"}}, {"type": "Feature", "geometry": {"type": "Polygon", "coordinates": [[[119.255237, 26.176803], [119.256181, 26.175205], [119.257438, 26.173337], [119.25864, 26.173317], [119.25894, 26.171411], [119.26115, 26.17041], [119.264133, 26.171122], [119.265549, 26.171604], [119.266171, 26.172721], [119.267115, 26.172027], [119.269562, 26.17247], [119.271333, 26.170951], [119.271756, 26.170318], [119.272232, 26.169521], [119.271165, 26.168165], [119.270542, 26.167741], [119.269565, 26.167004], [119.268093, 26.166431], [119.266256, 26.166197], [119.263429, 26.164794], [119.262973, 26.16373], [119.264003, 26.160794], [119.266385, 26.158472], [119.266076, 26.156544], [119.267814, 26.155781], [119.268777, 26.155591], [119.269432, 26.155266], [119.270187, 26.154705], [119.270423, 26.153835], [119.26939, 26.151937], [119.270104, 26.148892], [119.273424, 26.145815], [119.277736, 26.14913], [119.279803, 26.148593], [119.283606, 26.147493], [119.28408, 26.147387], [119.284175, 26.146709], [119.283547, 26.146294], [119.283482, 26.145917], [119.28353, 26.145176], [119.283741, 26.144848], [119.284174, 26.144732], [119.2861, 26.145427], [119.287308, 26.145848], [119.288378, 26.146273], [119.288852, 26.146447], [119.28908, 26.146788], [119.288855, 26.147171], [119.288827, 26.147969], [119.289465, 26.149498], [119.289575, 26.150218], [119.290017, 26.150809], [119.290886, 26.150886], [119.291817, 26.150865], [119.292518, 26.151279], [119.292489, 26.151541], [119.293344, 26.151757], [119.294281, 26.151567], [119.295173, 26.152373], [119.295318, 26.152537], [119.29567, 26.153037], [119.295171, 26.153993], [119.295087, 26.154567], [119.295869, 26.154799], [119.295956, 26.155463], [119.296244, 26.155795], [119.295572, 26.15567], [119.294679, 26.156166], [119.293608, 26.156196], [119.293046, 26.156075], [119.292811, 26.156398], [119.292192, 26.156002], [119.291659, 26.155924], [119.291563, 26.156351], [119.291721, 26.156592], [119.291376, 26.156928], [119.291203, 26.157665], [119.291567, 26.158066], [119.291371, 26.15826], [119.290723, 26.158217], [119.289882, 26.157967], [119.289095, 26.158144], [119.288619, 26.158902], [119.288317, 26.159294], [119.287755, 26.159639], [119.28764, 26.15979], [119.287266, 26.159773], [119.287011, 26.159937], [119.287078, 26.160298], [119.286478, 26.16051], [119.285696, 26.160729], [119.285446, 26.161328], [119.285729, 26.161639], [119.285287, 26.162371], [119.285912, 26.163035], [119.285916, 26.163668], [119.285139, 26.164272], [119.285062, 26.165073], [119.285283, 26.165715], [119.285724, 26.166241], [119.285844, 26.16665], [119.284683, 26.166926], [119.284174, 26.167349], [119.284198, 26.167973], [119.284217, 26.168525], [119.283357, 26.169089], [119.283669, 26.169775], [119.283405, 26.17024], [119.282863, 26.170335], [119.282652, 26.17096], [119.283242, 26.171705], [119.283295, 26.172054], [119.283012, 26.172761], [119.282464, 26.172718], [119.281389, 26.172817], [119.281202, 26.173226], [119.280656, 26.173796], [119.280832, 26.174157], [119.279891, 26.174881], [119.279094, 26.175432], [119.278782, 26.176087], [119.279214, 26.176423], [119.279007, 26.176682], [119.2781, 26.176992], [119.277865, 26.177776], [119.278014, 26.177988], [119.277553, 26.178552], [119.277322, 26.179056], [119.27762, 26.179276], [119.27688, 26.179422], [119.276511, 26.179763], [119.276631, 26.180215], [119.276208, 26.180422], [119.276055, 26.180887], [119.275642, 26.181081], [119.275541, 26.181404], [119.275056, 26.181728], [119.274974, 26.182219], [119.27484, 26.182615], [119.275253, 26.183145], [119.275661, 26.18321], [119.275997, 26.183477], [119.276146, 26.183774], [119.275666, 26.183787], [119.275387, 26.183908], [119.275181, 26.184183], [119.274055, 26.185623], [119.273068, 26.184929], [119.273197, 26.184159], [119.272124, 26.185141], [119.270279, 26.185295], [119.26912, 26.185064], [119.267961, 26.185623], [119.266159, 26.185257], [119.265408, 26.184275], [119.263949, 26.183023], [119.262339, 26.182445], [119.263332, 26.180573], [119.26243, 26.179711], [119.260194, 26.179133], [119.256202, 26.17817], [119.255237, 26.176803]]]}, "properties": {"display_name": "福州国家森林公园, 晋安区, 叶洋村, 福建省, 中国", "type": "park", "osm_type": "way", "osm_id": 267927792, "class": null, "keyword": "district"}}, {"type": "Feature", "geometry": {"type": "Polygon", "coordinates": [[[119.359154, 25.714251], [119.35926, 25.714202], [119.359564, 25.714675], [119.35996, 25.715044], [119.362046, 25.716533], [119.362179, 25.717044], [119.362958, 25.717608], [119.363321, 25.717301], [119.361364, 25.715579], [119.361714, 25.715318], [119.361042, 25.714542], [119.360342, 25.714202], [119.360213, 25.713807], [119.361429, 25.713123], [119.361834, 25.713359], [119.362391, 25.714218], [119.362778, 25.714903], [119.363317, 25.715704], [119.364086, 25.71638], [119.364892, 25.717069], [119.365339, 25.71743], [119.365638, 25.717094], [119.365767, 25.716654], [119.36608, 25.715971], [119.366613, 25.715448], [119.367123, 25.716153], [119.367795, 25.717015], [119.368503, 25.717736], [119.369453, 25.718441], [119.369645, 25.718295], [119.369866, 25.718368], [119.369949, 25.718503], [119.36991, 25.718685], [119.369874, 25.718709], [119.370205, 25.719765], [119.370729, 25.719578], [119.371641, 25.719273], [119.372513, 25.718959], [119.373143, 25.718685], [119.373456, 25.71965], [119.374368, 25.719316], [119.374981, 25.719126], [119.375558, 25.719082], [119.37558, 25.718757], [119.375329, 25.718241], [119.376256, 25.717854], [119.378179, 25.716939], [119.378214, 25.717074], [119.378148, 25.71736], [119.378012, 25.717443], [119.377906, 25.717645], [119.377959, 25.717951], [119.377822, 25.718153], [119.377699, 25.718348], [119.377686, 25.718483], [119.378082, 25.718725], [119.378637, 25.719126], [119.378937, 25.718923], [119.379607, 25.719435], [119.379642, 25.719539], [119.379884, 25.719757], [119.380021, 25.719622], [119.380686, 25.72015], [119.38036, 25.720475], [119.383488, 25.722794], [119.384828, 25.726334], [119.38429, 25.72656], [119.384484, 25.727037], [119.384554, 25.727298], [119.384577, 25.727711], [119.38492, 25.728513], [119.38555, 25.728303], [119.385674, 25.728652], [119.386194, 25.728505], [119.386211, 25.72858], [119.386669, 25.728442], [119.386696, 25.728497], [119.387207, 25.728398], [119.387269, 25.728414], [119.387379, 25.72839], [119.387489, 25.728398], [119.387868, 25.728283], [119.388071, 25.728297], [119.389234, 25.727951], [119.389913, 25.727647], [119.390255, 25.728074], [119.390719, 25.72852], [119.391424, 25.728852], [119.391934, 25.729013], [119.392224, 25.729221], [119.392398, 25.729487], [119.392408, 25.729937], [119.392577, 25.730146], [119.392582, 25.730397], [119.392834, 25.730696], [119.392992, 25.731089], [119.394229, 25.733067], [119.394734, 25.732972], [119.394956, 25.732887], [119.395282, 25.732749], [119.395556, 25.732668], [119.395877, 25.732654], [119.396403, 25.732512], [119.396719, 25.732474], [119.39704, 25.732484], [119.39664, 25.733337], [119.397082, 25.733451], [119.397624, 25.733569], [119.397777, 25.734072], [119.39815, 25.734053], [119.398272, 25.733678], [119.398324, 25.733479], [119.398751, 25.73346], [119.398909, 25.732749], [119.399256, 25.732806], [119.399393, 25.732313], [119.399804, 25.732066], [119.40088, 25.732212], [119.401822, 25.732415], [119.402342, 25.733979], [119.402546, 25.735297], [119.400366, 25.735595], [119.400338, 25.735962], [119.400338, 25.737628], [119.402609, 25.737761], [119.402933, 25.738204], [119.403833, 25.739433], [119.405042, 25.740149], [119.40571, 25.740124], [119.410209, 25.741168], [119.412205, 25.743496], [119.413239, 25.743909], [119.415097, 25.74299], [119.415686, 25.742934], [119.41534, 25.743808], [119.414745, 25.744546], [119.414648, 25.745301], [119.414871, 25.746065], [119.415387, 25.747187], [119.415558, 25.747341], [119.41603, 25.747728], [119.416159, 25.74796], [119.416245, 25.748114], [119.41646, 25.748617], [119.416502, 25.748926], [119.416545, 25.74939], [119.416545, 25.749931], [119.416502, 25.750665], [119.416374, 25.751477], [119.416374, 25.751902], [119.416374, 25.752134], [119.416374, 25.752366], [119.416245, 25.752714], [119.416073, 25.753023], [119.415601, 25.753332], [119.4147, 25.753294], [119.414013, 25.753217], [119.41337, 25.753217], [119.412897, 25.753139], [119.412511, 25.753139], [119.411782, 25.7531], [119.411138, 25.753139], [119.41058, 25.753062], [119.408801, 25.752595], [119.407943, 25.752042], [119.407265, 25.751213], [119.407084, 25.750011], [119.406368, 25.749321], [119.405389, 25.748923], [119.404585, 25.748563], [119.403315, 25.747608], [119.395282, 25.746197], [119.386871, 25.742158], [119.385369, 25.741191], [119.384403, 25.740244], [119.383362, 25.738775], [119.38201, 25.739287], [119.382256, 25.73973], [119.381178, 25.739973], [119.380944, 25.73954], [119.380006, 25.739857], [119.380171, 25.740247], [119.379421, 25.740574], [119.379081, 25.74012], [119.378776, 25.740152], [119.378846, 25.740574], [119.378875, 25.740946], [119.37855, 25.741281], [119.378317, 25.741357], [119.378186, 25.741072], [119.377879, 25.740929], [119.37787, 25.740485], [119.376799, 25.740518], [119.376883, 25.741038], [119.377265, 25.741407], [119.37693, 25.741768], [119.375645, 25.741936], [119.375589, 25.742464], [119.374695, 25.742498], [119.374565, 25.741894], [119.374993, 25.74181], [119.374918, 25.740971], [119.373969, 25.740929], [119.373643, 25.741089], [119.373103, 25.741609], [119.372814, 25.741625], [119.372544, 25.74025], [119.372339, 25.739319], [119.372544, 25.738547], [119.372833, 25.738002], [119.372805, 25.737155], [119.372889, 25.736308], [119.374956, 25.735662], [119.375291, 25.7364], [119.37678, 25.73583], [119.376231, 25.734672], [119.375682, 25.734446], [119.375328, 25.734127], [119.374993, 25.733632], [119.374443, 25.732886], [119.373633, 25.731141], [119.372684, 25.73141], [119.372218, 25.730093], [119.374797, 25.729305], [119.374231, 25.728608], [119.373652, 25.727895], [119.372107, 25.726025], [119.370645, 25.724448], [119.37044, 25.724045], [119.370226, 25.723223], [119.370086, 25.721713], [119.369881, 25.721411], [119.368038, 25.721638], [119.367377, 25.720195], [119.366647, 25.719769], [119.365967, 25.720271], [119.362594, 25.717826], [119.362689, 25.717747], [119.361675, 25.716999], [119.361954, 25.716662], [119.359927, 25.715173], [119.359458, 25.714787], [119.359278, 25.714565], [119.359329, 25.714529], [119.359154, 25.714251]]]}, "properties": {"display_name": "玉屏街道, 福清市, 福州市, 福建省, 350300, 中国", "type": "administrative", "osm_type": "relation", "osm_id": 11013766, "class": null, "keyword": "subdistrict"}}, {"type": "Feature", "geometry": {"type": "MultiPolygon", "coordinates": [[[[119.651357, 25.913394], [119.65145, 25.913359], [119.653675, 25.917295], [119.654323, 25.917018], [119.655125, 25.918442], [119.657091, 25.917537], [119.656179, 25.915921], [119.657158, 25.915487], [119.657842, 25.915173], [119.65792, 25.915144], [119.658782, 25.914776], [119.659154, 25.914602], [119.659207, 25.9147], [119.660625, 25.914097], [119.660959, 25.914681], [119.661815, 25.914321], [119.662211, 25.914119], [119.662056, 25.913757], [119.662453, 25.913595], [119.662587, 25.913856], [119.663185, 25.913547], [119.664135, 25.915221], [119.663826, 25.915361], [119.66395, 25.915571], [119.663663, 25.915679], [119.664102, 25.916473], [119.663829, 25.916608], [119.666342, 25.921167], [119.670791, 25.92902], [119.671141, 25.929577], [119.671483, 25.929923], [119.671505, 25.929946], [119.672106, 25.930044], [119.672208, 25.93012], [119.672263, 25.930104], [119.673459, 25.931954], [119.673388, 25.93198], [119.673, 25.932144], [119.672368, 25.932415], [119.672366, 25.932472], [119.672482, 25.932661], [119.672487, 25.932773], [119.672376, 25.932894], [119.672509, 25.933145], [119.672879, 25.933831], [119.672924, 25.933837], [119.673705, 25.935214], [119.673058, 25.935527], [119.672914, 25.935598], [119.67361, 25.936802], [119.673882, 25.93728], [119.674155, 25.937153], [119.67461, 25.937978], [119.674272, 25.938112], [119.675843, 25.9406], [119.675764, 25.940639], [119.675901, 25.940879], [119.677248, 25.943538], [119.67732, 25.943753], [119.678278, 25.945842], [119.67844, 25.94607], [119.67848, 25.94619], [119.678514, 25.946224], [119.678541, 25.946248], [119.67855, 25.946278], [119.678539, 25.946386], [119.678467, 25.946463], [119.678388, 25.946551], [119.678247, 25.946711], [119.678187, 25.946772], [119.678124, 25.946832], [119.678078, 25.946871], [119.678011, 25.946914], [119.677739, 25.947047], [119.677813, 25.947176], [119.677802, 25.947182], [119.678105, 25.947714], [119.678077, 25.947962], [119.678053, 25.948067], [119.67796, 25.948333], [119.678715, 25.949676], [119.678716, 25.9497], [119.677622, 25.950208], [119.677343, 25.949716], [119.675487, 25.950583], [119.67487, 25.950861], [119.674048, 25.951238], [119.674118, 25.951361], [119.67316, 25.951797], [119.67314, 25.95183], [119.673816, 25.953044], [119.674059, 25.953469], [119.675252, 25.955588], [119.675598, 25.956188], [119.675783, 25.956506], [119.675662, 25.956558], [119.674461, 25.954427], [119.673034, 25.951891], [119.672437, 25.952187], [119.672355, 25.952196], [119.671824, 25.951251], [119.670219, 25.951989], [119.670198, 25.95197], [119.670156, 25.951988], [119.6696, 25.950971], [119.667689, 25.94759], [119.667689, 25.947566], [119.667697, 25.947547], [119.667717, 25.947516], [119.667954, 25.947403], [119.667689, 25.946998], [119.668273, 25.9467], [119.667139, 25.94471], [119.665918, 25.942537], [119.663634, 25.943584], [119.662995, 25.942463], [119.665288, 25.941408], [119.662582, 25.936613], [119.662166, 25.935858], [119.65974, 25.93697], [119.659136, 25.93585], [119.659794, 25.935548], [119.659761, 25.935495], [119.659728, 25.935444], [119.659591, 25.935519], [119.658467, 25.933528], [119.658524, 25.933485], [119.659124, 25.933214], [119.659202, 25.933212], [119.660377, 25.93264], [119.659406, 25.930879], [119.659367, 25.930895], [119.658855, 25.929994], [119.658096, 25.928649], [119.657775, 25.928081], [119.655702, 25.924399], [119.655106, 25.92466], [119.654861, 25.92423], [119.654554, 25.924368], [119.65312, 25.921836], [119.653138, 25.92183], [119.653119, 25.921794], [119.6531, 25.921759], [119.65313, 25.921746], [119.652242, 25.920173], [119.652215, 25.920187], [119.652027, 25.919865], [119.653709, 25.919096], [119.653509, 25.918744], [119.65325, 25.918284], [119.652876, 25.917619], [119.653561, 25.91732], [119.652667, 25.915743], [119.65245, 25.915354], [119.651645, 25.913918], [119.651357, 25.913394]]], [[[119.675796, 25.957728], [119.676246, 25.957521], [119.676713, 25.957306], [119.676978, 25.957782], [119.676099, 25.958273], [119.675796, 25.957728]]]]}, "properties": {"display_name": "福州长乐国际机场, 丹东线, 磹赶兜, 长乐区, 福州市, 福建省, 350209, 中国", "type": "aerodrome", "osm_type": "relation", "osm_id": 6590167, "class": null, "keyword": "district"}}, {"type": "Feature", "geometry": {"type": "Polygon", "coordinates": [[[119.329124, 26.063457], [119.329725, 26.060156], [119.329698, 26.058441], [119.329553, 26.055549], [119.32933, 26.053448], [119.335313, 26.052436], [119.339348, 26.051409], [119.343774, 26.050074], [119.349697, 26.047819], [119.35475, 26.045242], [119.359137, 26.042695], [119.362917, 26.039949], [119.363742, 26.04088], [119.364591, 26.042627], [119.364795, 26.043443], [119.364452, 26.044266], [119.362091, 26.04619], [119.361036, 26.048871], [119.359978, 26.051559], [119.359603, 26.054897], [119.359495, 26.055852], [119.358634, 26.057248], [119.358238, 26.05789], [119.357433, 26.059194], [119.356034, 26.06055], [119.355285, 26.060865], [119.353583, 26.061474], [119.351927, 26.061572], [119.350025, 26.061685], [119.349212, 26.061734], [119.343683, 26.063221], [119.339366, 26.063231], [119.337907, 26.063234], [119.334728, 26.063755], [119.331904, 26.063612], [119.331016, 26.063563], [119.329124, 26.063457]]]}, "properties": {"display_name": "鳌峰街道, 台江区, 福州市, 福建省, 中国", "type": "administrative", "osm_type": "relation", "osm_id": 12100062, "class": null, "keyword": "subdistrict"}}, {"type": "Feature", "geometry": {"type": "MultiPolygon", "coordinates": [[[[119.303332, 26.116121], [119.305133, 26.112189], [119.305465, 26.111462], [119.305889, 26.110539], [119.306536, 26.109126], [119.307586, 26.106775], [119.308693, 26.104276], [119.309356, 26.102781], [119.310392, 26.100471], [119.310652, 26.099197], [119.31082, 26.098392], [119.311457, 26.098453], [119.311517, 26.098429], [119.312345, 26.098353], [119.312335, 26.098619], [119.312661, 26.098625], [119.312702, 26.098626], [119.31292, 26.098947], [119.313306, 26.099555], [119.313795, 26.099632], [119.314072, 26.100032], [119.314575, 26.100191], [119.314339, 26.100789], [119.314216, 26.100756], [119.314095, 26.100875], [119.314166, 26.10093], [119.314497, 26.100956], [119.31459, 26.101056], [119.314714, 26.101178], [119.314798, 26.101259], [119.314854, 26.101303], [119.314916, 26.101343], [119.315008, 26.101389], [119.316025, 26.10168], [119.316612, 26.101891], [119.317381, 26.102403], [119.317465, 26.102459], [119.317549, 26.102497], [119.3181, 26.102679], [119.318248, 26.102729], [119.318361, 26.102776], [119.318443, 26.102822], [119.318592, 26.102961], [119.318832, 26.103422], [119.318848, 26.103585], [119.318686, 26.104106], [119.31882, 26.105225], [119.318203, 26.10579], [119.318035, 26.105964], [119.318395, 26.106237], [119.318453, 26.106489], [119.318899, 26.106681], [119.31939, 26.106525], [119.319876, 26.106615], [119.319796, 26.106963], [119.319902, 26.107438], [119.319655, 26.1077], [119.318831, 26.10789], [119.31896, 26.108192], [119.31913, 26.108275], [119.320969, 26.106798], [119.327904, 26.113187], [119.32748, 26.114596], [119.329075, 26.116551], [119.331311, 26.118538], [119.330592, 26.119219], [119.330414, 26.119426], [119.329942, 26.119469], [119.329649, 26.119484], [119.329572, 26.119481], [119.329491, 26.119473], [119.329412, 26.119462], [119.329299, 26.119443], [119.32798, 26.119133], [119.327308, 26.11898], [119.326412, 26.118783], [119.325741, 26.118249], [119.325664, 26.118052], [119.325519, 26.117713], [119.325489, 26.117661], [119.325076, 26.117134], [119.32503, 26.117085], [119.324985, 26.117045], [119.324941, 26.117013], [119.324889, 26.116979], [119.324487, 26.116708], [119.324369, 26.116631], [119.324334, 26.116605], [119.324285, 26.11657], [119.324251, 26.116541], [119.324225, 26.116515], [119.324196, 26.116483], [119.324172, 26.116448], [119.32415, 26.116413], [119.324129, 26.116374], [119.324104, 26.116322], [119.324067, 26.116248], [119.324039, 26.116204], [119.324001, 26.116159], [119.323886, 26.116126], [119.323665, 26.11512], [119.322219, 26.11594], [119.321213, 26.116515], [119.321072, 26.117166], [119.320832, 26.118475], [119.320398, 26.117372], [119.319056, 26.118205], [119.318745, 26.118128], [119.318476, 26.118155], [119.31619, 26.119923], [119.315895, 26.120036], [119.315766, 26.119911], [119.315039, 26.119347], [119.315025, 26.119064], [119.314728, 26.118928], [119.31388, 26.11884], [119.313956, 26.118146], [119.313376, 26.117882], [119.312292, 26.117849], [119.311416, 26.118052], [119.311048, 26.118237], [119.31117, 26.118476], [119.311128, 26.118444], [119.310772, 26.118693], [119.310485, 26.118739], [119.310087, 26.119128], [119.309829, 26.119474], [119.310047, 26.119693], [119.310291, 26.119539], [119.310699, 26.119276], [119.311142, 26.119089], [119.311705, 26.118934], [119.312239, 26.119957], [119.312288, 26.120095], [119.312396, 26.120415], [119.312442, 26.120585], [119.312494, 26.12083], [119.312524, 26.121072], [119.31256, 26.121365], [119.312621, 26.121756], [119.312795, 26.122049], [119.312079, 26.12257], [119.311296, 26.123065], [119.3108, 26.123273], [119.309756, 26.122883], [119.308738, 26.122162], [119.30856, 26.122317], [119.308341, 26.122538], [119.308079, 26.122609], [119.30761, 26.122492], [119.306848, 26.121931], [119.309056, 26.119586], [119.309606, 26.119127], [119.309449, 26.118707], [119.309335, 26.118755], [119.309157, 26.11864], [119.308897, 26.118472], [119.308793, 26.118405], [119.308456, 26.118373], [119.308143, 26.118228], [119.308112, 26.118016], [119.307949, 26.118005], [119.307924, 26.117649], [119.307398, 26.117507], [119.307268, 26.117463], [119.306995, 26.117366], [119.305974, 26.11699], [119.305769, 26.11691], [119.305537, 26.117437], [119.303703, 26.116293], [119.303551, 26.116223], [119.303332, 26.116121]]], [[[119.321781, 26.119725], [119.322342, 26.11941], [119.322803, 26.119364], [119.323522, 26.119328], [119.324094, 26.119733], [119.324752, 26.120393], [119.325108, 26.120552], [119.326079, 26.12086], [119.325978, 26.12186], [119.32574, 26.121828], [119.325733, 26.121863], [119.324841, 26.121746], [119.323181, 26.121538], [119.322492, 26.121564], [119.322236, 26.120791], [119.322221, 26.120757], [119.321781, 26.119725]]], [[[119.325102, 26.124923], [119.325149, 26.124131], [119.325682, 26.124134], [119.325675, 26.123075], [119.326105, 26.123045], [119.327358, 26.122707], [119.327808, 26.122653], [119.327783, 26.123397], [119.327946, 26.123389], [119.327844, 26.123558], [119.327647, 26.123641], [119.327664, 26.123836], [119.327674, 26.124722], [119.326699, 26.125024], [119.326288, 26.125072], [119.325179, 26.124974], [119.325102, 26.124923]]]]}, "properties": {"display_name": "茶园街道, 晋安区, 福州市, 福建省, 中国", "type": "administrative", "osm_type": "relation", "osm_id": 12099435, "class": null, "keyword": "subdistrict"}}, {"type": "Feature", "geometry": {"type": "MultiPolygon", "coordinates": [[[[119.276635, 26.044069], [119.276702, 26.044023], [119.276717, 26.044011], [119.27799, 26.043087], [119.277996, 26.043083], [119.280711, 26.041131], [119.281489, 26.040778], [119.281662, 26.040725], [119.281812, 26.040685], [119.281987, 26.040647], [119.284974, 26.040119], [119.285652, 26.039962], [119.285958, 26.039885], [119.286567, 26.039736], [119.287001, 26.039607], [119.287106, 26.039563], [119.287289, 26.039475], [119.28741, 26.039407], [119.287571, 26.039308], [119.287948, 26.038967], [119.289516, 26.037073], [119.288752, 26.037083], [119.287995, 26.036802], [119.286864, 26.036906], [119.286463, 26.036773], [119.286248, 26.0366], [119.286007, 26.03569], [119.285783, 26.034842], [119.286216, 26.034495], [119.285868, 26.034227], [119.285085, 26.033676], [119.285333, 26.032874], [119.285361, 26.032785], [119.285522, 26.032337], [119.28604, 26.032346], [119.286168, 26.032421], [119.286828, 26.032505], [119.286953, 26.032225], [119.287241, 26.032093], [119.287385, 26.030979], [119.286095, 26.03067], [119.286123, 26.030582], [119.286918, 26.028299], [119.287116, 26.0283], [119.288034, 26.028224], [119.28842, 26.028174], [119.289355, 26.028299], [119.289795, 26.028202], [119.289957, 26.028148], [119.291316, 26.028113], [119.292759, 26.027882], [119.293481, 26.027856], [119.293446, 26.028137], [119.293873, 26.028245], [119.293903, 26.028392], [119.29389, 26.028634], [119.293739, 26.028636], [119.293796, 26.029122], [119.293306, 26.029317], [119.292671, 26.029303], [119.292252, 26.030061], [119.291979, 26.03008], [119.291647, 26.03068], [119.289531, 26.030398], [119.289236, 26.029581], [119.288822, 26.028888], [119.288527, 26.030255], [119.288746, 26.030977], [119.289255, 26.031835], [119.289691, 26.031658], [119.289909, 26.031778], [119.290248, 26.031741], [119.290364, 26.032367], [119.290329, 26.033428], [119.291507, 26.033778], [119.292328, 26.034601], [119.292749, 26.034851], [119.292772, 26.034594], [119.293221, 26.033624], [119.293956, 26.033534], [119.294326, 26.033032], [119.294611, 26.032431], [119.294404, 26.032364], [119.294653, 26.032044], [119.294993, 26.032158], [119.295513, 26.032023], [119.295388, 26.031859], [119.295614, 26.031609], [119.296454, 26.031924], [119.296736, 26.031819], [119.296892, 26.031974], [119.297707, 26.031799], [119.297719, 26.032081], [119.297736, 26.032371], [119.297134, 26.0332], [119.297528, 26.033421], [119.29767, 26.033633], [119.297697, 26.033738], [119.297549, 26.033925], [119.297612, 26.034539], [119.297538, 26.034612], [119.297911, 26.03478], [119.297873, 26.035179], [119.298173, 26.035239], [119.298191, 26.035179], [119.298423, 26.035143], [119.298627, 26.035324], [119.29931, 26.036079], [119.299491, 26.036556], [119.299364, 26.037188], [119.299301, 26.037877], [119.299447, 26.03832], [119.299825, 26.038931], [119.299836, 26.039162], [119.299786, 26.039361], [119.299628, 26.039795], [119.299678, 26.040295], [119.300065, 26.040712], [119.300427, 26.040924], [119.300848, 26.041155], [119.301017, 26.041361], [119.301203, 26.041653], [119.301314, 26.042234], [119.301603, 26.042871], [119.302104, 26.043186], [119.302322, 26.0433], [119.302263, 26.043439], [119.302121, 26.043391], [119.302014, 26.04359], [119.301833, 26.043926], [119.301119, 26.043877], [119.300961, 26.044266], [119.301181, 26.044398], [119.301087, 26.044564], [119.301124, 26.04469], [119.301248, 26.044764], [119.301091, 26.045042], [119.300844, 26.045164], [119.301162, 26.045473], [119.301504, 26.045657], [119.301525, 26.045582], [119.301851, 26.045637], [119.30199, 26.045084], [119.302881, 26.045256], [119.302812, 26.04553], [119.302685, 26.045486], [119.302093, 26.045943], [119.301222, 26.046462], [119.301519, 26.046736], [119.300891, 26.047981], [119.294241, 26.047937], [119.290132, 26.049192], [119.28775, 26.050787], [119.285484, 26.052256], [119.283519, 26.053484], [119.278221, 26.046122], [119.277191, 26.044715], [119.276635, 26.044069]]], [[[119.293188, 26.031133], [119.293395, 26.030541], [119.293769, 26.030498], [119.293935, 26.029877], [119.294451, 26.030077], [119.294558, 26.029888], [119.294962, 26.030022], [119.294977, 26.030242], [119.294824, 26.030298], [119.294973, 26.030975], [119.295114, 26.031299], [119.294268, 26.031537], [119.293188, 26.031133]]], [[[119.295225, 26.029847], [119.295372, 26.02945], [119.295812, 26.029554], [119.295569, 26.029936], [119.295225, 26.029847]]]]}, "properties": {"display_name": "上渡街道, 仓山区, 福州市, 福建省, 中国", "type": "administrative", "osm_type": "relation", "osm_id": 17995293, "class": null, "keyword": "subdistrict"}}, {"type": "Feature", "geometry": {"type": "Polygon", "coordinates": [[[119.284106, 26.1043], [119.284197, 26.104194], [119.284181, 26.103972], [119.284315, 26.103794], [119.284632, 26.103216], [119.284664, 26.10284], [119.28497, 26.102782], [119.285334, 26.102262], [119.285308, 26.102055], [119.285066, 26.101564], [119.285082, 26.100451], [119.285206, 26.100114], [119.286096, 26.09901], [119.286944, 26.097474], [119.287244, 26.09717], [119.287829, 26.095633], [119.288671, 26.094867], [119.289905, 26.095099], [119.292973, 26.095682], [119.292303, 26.099415], [119.29374, 26.099709], [119.294331, 26.099887], [119.295387, 26.100297], [119.296525, 26.100793], [119.29667, 26.100855], [119.296381, 26.101186], [119.296054, 26.101609], [119.295843, 26.101918], [119.295725, 26.102214], [119.295683, 26.102425], [119.295624, 26.102992], [119.295642, 26.103276], [119.295886, 26.104247], [119.30132, 26.10535], [119.307586, 26.106775], [119.306536, 26.109126], [119.305889, 26.110539], [119.305465, 26.111462], [119.305133, 26.112189], [119.303332, 26.116121], [119.302949, 26.116959], [119.302666, 26.117616], [119.302597, 26.117812], [119.302527, 26.11806], [119.302446, 26.118396], [119.302404, 26.118624], [119.302378, 26.118834], [119.302365, 26.119058], [119.302373, 26.119311], [119.302397, 26.119535], [119.302434, 26.119768], [119.302482, 26.119994], [119.302538, 26.120197], [119.302949, 26.12116], [119.303022, 26.121274], [119.301203, 26.122156], [119.296507, 26.123165], [119.29411, 26.123654], [119.294046, 26.122093], [119.293971, 26.121214], [119.293948, 26.120998], [119.293397, 26.118368], [119.293203, 26.117346], [119.293149, 26.117003], [119.293109, 26.116526], [119.292995, 26.114806], [119.292952, 26.113737], [119.292893, 26.113216], [119.292775, 26.112879], [119.292346, 26.112037], [119.291847, 26.111169], [119.290355, 26.107489], [119.289792, 26.106126], [119.28947, 26.105495], [119.289036, 26.104902], [119.28681, 26.10245], [119.285147, 26.103997], [119.284905, 26.104184], [119.284578, 26.10429], [119.284106, 26.1043]]]}, "properties": {"display_name": "华大街道, 鼓楼区, 福州市, 福建省, 350003, 中国", "type": "administrative", "osm_type": "relation", "osm_id": 12099705, "class": null, "keyword": "subdistrict"}}, {"type": "Feature", "geometry": {"type": "Polygon", "coordinates": [[[119.266162, 26.060662], [119.267685, 26.058672], [119.268651, 26.058132], [119.269631, 26.057962], [119.273, 26.057518], [119.277642, 26.056417], [119.281219, 26.054917], [119.283519, 26.053484], [119.285484, 26.052256], [119.28755, 26.055482], [119.287276, 26.055602], [119.287311, 26.055883], [119.288031, 26.055906], [119.288033, 26.056479], [119.288236, 26.058031], [119.288397, 26.058465], [119.288697, 26.058748], [119.288689, 26.059315], [119.288671, 26.05993], [119.288381, 26.065833], [119.285104, 26.065794], [119.283344, 26.065843], [119.282663, 26.06591], [119.281853, 26.066103], [119.277191, 26.0679], [119.276336, 26.068174], [119.275547, 26.067508], [119.274518, 26.06677], [119.274084, 26.066401], [119.273672, 26.066209], [119.271867, 26.065404], [119.27138, 26.065157], [119.270991, 26.064937], [119.270668, 26.064736], [119.270389, 26.064533], [119.269652, 26.064008], [119.269249, 26.063613], [119.268561, 26.062969], [119.266162, 26.060662]]]}, "properties": {"display_name": "宁化街道, 台江区, 福州市, 福建省, 中国", "type": "administrative", "osm_type": "relation", "osm_id": 12100069, "class": null, "keyword": "subdistrict"}}, {"type": "Feature", "geometry": {"type": "Polygon", "coordinates": [[[119.30132, 26.10535], [119.301562, 26.101008], [119.301857, 26.096342], [119.301878, 26.094578], [119.301921, 26.094087], [119.302039, 26.093547], [119.302443, 26.092188], [119.303273, 26.090397], [119.303563, 26.089616], [119.304518, 26.086051], [119.305106, 26.083571], [119.305215, 26.083112], [119.306492, 26.083362], [119.307414, 26.083536], [119.308069, 26.083584], [119.315281, 26.084004], [119.314849, 26.084734], [119.313228, 26.08716], [119.312755, 26.088009], [119.312515, 26.088998], [119.31082, 26.098392], [119.310652, 26.099197], [119.310392, 26.100471], [119.309356, 26.102781], [119.308693, 26.104276], [119.307586, 26.106775], [119.30132, 26.10535]]]}, "properties": {"display_name": "温泉街道, 鼓楼区, 福州市, 福建省, 中国", "type": "administrative", "osm_type": "relation", "osm_id": 12099712, "class": null, "keyword": "subdistrict"}}, {"type": "Feature", "geometry": {"type": "MultiPolygon", "coordinates": [[[[119.298649, 26.033], [119.299165, 26.033066], [119.299194, 26.032589], [119.299774, 26.032634], [119.299887, 26.031451], [119.300179, 26.031418], [119.301266, 26.03155], [119.301407, 26.031111], [119.301761, 26.030665], [119.301671, 26.030373], [119.30211, 26.030264], [119.302134, 26.030046], [119.302324, 26.030085], [119.30243, 26.030015], [119.303118, 26.03024], [119.303357, 26.030199], [119.303387, 26.030509], [119.303331, 26.030629], [119.303078, 26.030717], [119.30277, 26.031067], [119.302719, 26.031366], [119.30287, 26.031369], [119.302858, 26.031516], [119.303813, 26.031549], [119.304264, 26.031647], [119.304699, 26.032339], [119.304248, 26.033042], [119.303985, 26.032934], [119.303273, 26.033358], [119.302775, 26.033219], [119.302665, 26.03372], [119.302798, 26.033829], [119.302873, 26.034952], [119.303048, 26.034947], [119.303073, 26.035526], [119.303028, 26.035539], [119.302819, 26.035602], [119.302889, 26.03585], [119.303071, 26.035826], [119.303076, 26.036244], [119.303341, 26.036242], [119.303343, 26.036308], [119.303692, 26.03622], [119.303851, 26.036388], [119.30421, 26.036114], [119.304254, 26.036104], [119.304101, 26.035767], [119.304224, 26.035677], [119.304434, 26.035664], [119.304511, 26.035543], [119.304512, 26.035296], [119.304565, 26.035291], [119.304575, 26.035173], [119.304667, 26.035166], [119.304648, 26.034857], [119.305233, 26.034872], [119.305346, 26.035164], [119.30565, 26.035006], [119.306545, 26.034913], [119.306873, 26.035372], [119.307389, 26.035296], [119.307468, 26.035285], [119.307349, 26.034783], [119.306653, 26.034803], [119.30864, 26.03328], [119.308775, 26.033175], [119.308734, 26.032977], [119.308575, 26.032957], [119.306939, 26.032745], [119.306786, 26.033464], [119.306393, 26.033514], [119.306218, 26.033696], [119.30642, 26.033906], [119.305684, 26.034389], [119.305582, 26.03428], [119.305374, 26.03444], [119.305003, 26.034092], [119.304794, 26.034358], [119.304946, 26.03455], [119.304913, 26.034732], [119.304475, 26.034842], [119.303691, 26.034892], [119.3036, 26.034595], [119.303962, 26.034056], [119.304148, 26.033813], [119.304283, 26.033647], [119.304568, 26.03385], [119.304802, 26.033668], [119.305172, 26.033853], [119.30624, 26.033035], [119.306241, 26.03265], [119.306513, 26.032687], [119.306449, 26.03226], [119.306551, 26.032234], [119.30649, 26.032013], [119.306223, 26.032127], [119.306027, 26.031945], [119.305521, 26.031893], [119.305521, 26.031825], [119.30495, 26.031856], [119.305246, 26.03078], [119.305425, 26.030134], [119.305801, 26.030119], [119.305858, 26.029873], [119.305954, 26.029847], [119.305966, 26.029768], [119.307351, 26.028369], [119.305324, 26.027963], [119.30529, 26.027488], [119.304243, 26.027335], [119.304254, 26.026763], [119.304784, 26.026722], [119.304902, 26.026656], [119.30537, 26.026013], [119.305393, 26.025914], [119.305796, 26.024743], [119.307665, 26.02491], [119.307767, 26.023148], [119.308078, 26.023152], [119.308085, 26.022722], [119.307596, 26.022632], [119.307655, 26.021802], [119.308132, 26.021026], [119.308551, 26.02106], [119.309916, 26.021358], [119.309761, 26.021941], [119.309637, 26.023394], [119.309524, 26.024687], [119.309438, 26.025463], [119.309354, 26.02601], [119.309178, 26.026947], [119.309143, 26.027403], [119.309077, 26.027724], [119.309067, 26.027776], [119.309042, 26.027893], [119.308966, 26.02832], [119.30906, 26.028324], [119.310677, 26.028441], [119.310754, 26.027129], [119.313252, 26.027117], [119.313237, 26.027507], [119.313183, 26.027973], [119.313221, 26.028226], [119.313114, 26.029038], [119.312786, 26.030266], [119.31272, 26.030416], [119.312377, 26.030752], [119.312183, 26.031281], [119.312133, 26.03206], [119.312499, 26.032059], [119.313822, 26.032065], [119.313794, 26.033931], [119.313034, 26.033949], [119.31314, 26.035409], [119.315477, 26.035426], [119.315462, 26.035622], [119.315659, 26.035634], [119.315562, 26.036294], [119.316048, 26.03635], [119.316046, 26.036436], [119.315785, 26.038543], [119.315237, 26.038532], [119.314462, 26.038488], [119.313872, 26.038464], [119.313679, 26.038468], [119.313466, 26.038478], [119.313269, 26.038496], [119.312971, 26.038547], [119.312688, 26.038611], [119.311203, 26.039029], [119.310582, 26.039204], [119.310311, 26.039281], [119.310076, 26.03857], [119.309843, 26.038206], [119.309771, 26.038117], [119.309519, 26.038009], [119.309492, 26.03822], [119.309444, 26.03886], [119.309451, 26.039293], [119.309491, 26.039511], [119.308346, 26.039838], [119.307969, 26.039946], [119.308024, 26.040473], [119.308558, 26.04107], [119.308493, 26.041288], [119.308614, 26.041732], [119.308802, 26.041956], [119.309312, 26.04221], [119.309572, 26.042542], [119.309468, 26.043038], [119.30914, 26.04387], [119.30914, 26.044072], [119.309456, 26.044314], [119.30952, 26.044366], [119.309415, 26.044785], [119.309268, 26.044939], [119.308828, 26.045371], [119.308393, 26.045426], [119.308007, 26.045568], [119.308227, 26.045879], [119.308098, 26.046009], [119.307953, 26.046055], [119.307618, 26.045679], [119.307146, 26.045855], [119.306883, 26.046081], [119.306527, 26.046103], [119.306146, 26.046072], [119.305896, 26.045836], [119.305601, 26.045611], [119.3054, 26.045542], [119.305132, 26.045609], [119.304646, 26.045819], [119.303721, 26.04564], [119.303571, 26.045819], [119.302938, 26.045551], [119.303066, 26.045308], [119.302881, 26.045256], [119.30199, 26.045084], [119.301851, 26.045637], [119.301525, 26.045582], [119.301504, 26.045657], [119.301162, 26.045473], [119.300844, 26.045164], [119.301091, 26.045042], [119.301248, 26.044764], [119.301124, 26.04469], [119.301087, 26.044564], [119.301181, 26.044398], [119.300961, 26.044266], [119.301119, 26.043877], [119.301833, 26.043926], [119.302014, 26.04359], [119.302121, 26.043391], [119.302263, 26.043439], [119.302322, 26.0433], [119.302104, 26.043186], [119.301603, 26.042871], [119.301314, 26.042234], [119.301203, 26.041653], [119.301017, 26.041361], [119.300848, 26.041155], [119.300427, 26.040924], [119.300065, 26.040712], [119.299678, 26.040295], [119.299628, 26.039795], [119.299786, 26.039361], [119.299836, 26.039162], [119.299825, 26.038931], [119.299447, 26.03832], [119.299301, 26.037877], [119.299364, 26.037188], [119.299491, 26.036556], [119.299558, 26.036183], [119.299785, 26.0357], [119.299759, 26.035055], [119.300783, 26.034978], [119.300879, 26.034284], [119.300403, 26.03424], [119.299819, 26.033543], [119.298714, 26.033288], [119.298649, 26.033]], [[119.306304, 26.040801], [119.306905, 26.041837], [119.307934, 26.04133], [119.307581, 26.040889], [119.307478, 26.040779], [119.30737, 26.040622], [119.306924, 26.040844], [119.306733, 26.04055], [119.306304, 26.040801]], [[119.307491, 26.035732], [119.307922, 26.036004], [119.307856, 26.036255], [119.308856, 26.036786], [119.309084, 26.036643], [119.309108, 26.03631], [119.308904, 26.036294], [119.30885, 26.036028], [119.308237, 26.036116], [119.30819, 26.035858], [119.308064, 26.035861], [119.308022, 26.035631], [119.307923, 26.035639], [119.307491, 26.035732]], [[119.309198, 26.035177], [119.30924, 26.035357], [119.309298, 26.035607], [119.309372, 26.035613], [119.309788, 26.03557], [119.310486, 26.036169], [119.310767, 26.035972], [119.310653, 26.035228], [119.310259, 26.035273], [119.310227, 26.035044], [119.309198, 26.035177]], [[119.309496, 26.036557], [119.309651, 26.037313], [119.309739, 26.037314], [119.310312, 26.03732], [119.310618, 26.037557], [119.310627, 26.037813], [119.31095, 26.037842], [119.312115, 26.037285], [119.313246, 26.037297], [119.313224, 26.036932], [119.311693, 26.036918], [119.311701, 26.036615], [119.309552, 26.036547], [119.309496, 26.036557]]], [[[119.303612, 26.02471], [119.30395, 26.024711], [119.305752, 26.024739], [119.305337, 26.025916], [119.303944, 26.025962], [119.303652, 26.025956], [119.303612, 26.02471]]], [[[119.308417, 26.04744], [119.308493, 26.047352], [119.308763, 26.047043], [119.308987, 26.047061], [119.309, 26.047075], [119.309566, 26.047564], [119.309156, 26.048089], [119.309005, 26.048007], [119.308891, 26.048149], [119.308589, 26.048162], [119.308457, 26.048073], [119.308606, 26.047783], [119.308431, 26.047665], [119.308526, 26.047514], [119.308417, 26.04744]]]]}, "properties": {"display_name": "对湖街道, 仓山区, 福州市, 福建省, 中国", "type": "administrative", "osm_type": "relation", "osm_id": 17995291, "class": null, "keyword": "subdistrict"}}, {"type": "Feature", "geometry": {"type": "Polygon", "coordinates": [[[119.269118, 26.091813], [119.26915, 26.091606], [119.269375, 26.091269], [119.269568, 26.091327], [119.269965, 26.091746], [119.27047, 26.09202], [119.270926, 26.091577], [119.272267, 26.09176], [119.272208, 26.092097], [119.273061, 26.09229], [119.272969, 26.092714], [119.273146, 26.092796], [119.273195, 26.093022], [119.273914, 26.093119], [119.27394, 26.092815], [119.274407, 26.092704], [119.274654, 26.092189], [119.275185, 26.091606], [119.275678, 26.092121], [119.276483, 26.092232], [119.277383, 26.092328], [119.277369, 26.092116], [119.277356, 26.091756], [119.277367, 26.09123], [119.27747, 26.09004], [119.277465, 26.089048], [119.277535, 26.087626], [119.277685, 26.085656], [119.277749, 26.085082], [119.279774, 26.085933], [119.281579, 26.086692], [119.282754, 26.087159], [119.283564, 26.087467], [119.28402, 26.087631], [119.284664, 26.087727], [119.287233, 26.088142], [119.289556, 26.088542], [119.29101, 26.088802], [119.291992, 26.088898], [119.292807, 26.088937], [119.293147, 26.088954], [119.294524, 26.089038], [119.2943, 26.090029], [119.292973, 26.095682], [119.289905, 26.095099], [119.288671, 26.094867], [119.287829, 26.095633], [119.287244, 26.09717], [119.286944, 26.097474], [119.286096, 26.09901], [119.285206, 26.100114], [119.285082, 26.100451], [119.285066, 26.101564], [119.285308, 26.102055], [119.285334, 26.102262], [119.28497, 26.102782], [119.284664, 26.10284], [119.284632, 26.103216], [119.284315, 26.103794], [119.284181, 26.103972], [119.284197, 26.104194], [119.284106, 26.1043], [119.284047, 26.104146], [119.284133, 26.103881], [119.284471, 26.103283], [119.284476, 26.103047], [119.283972, 26.102551], [119.28343, 26.102204], [119.283376, 26.102055], [119.283516, 26.101646], [119.283468, 26.10139], [119.283355, 26.100952], [119.283392, 26.100697], [119.283468, 26.100205], [119.284235, 26.099001], [119.283977, 26.098505], [119.282352, 26.097893], [119.281713, 26.097575], [119.281064, 26.097204], [119.280909, 26.097021], [119.280646, 26.096462], [119.280319, 26.096284], [119.280152, 26.096115], [119.279981, 26.096187], [119.279986, 26.096568], [119.279857, 26.096852], [119.279176, 26.097821], [119.278023, 26.098553], [119.277019, 26.098437], [119.277583, 26.096515], [119.273688, 26.095475], [119.2718, 26.09492], [119.270512, 26.094135], [119.269525, 26.093509], [119.27011, 26.092593], [119.269343, 26.091972], [119.269118, 26.091813]]]}, "properties": {"display_name": "鼓西街道, 鼓楼区, 福州市, 福建省, 350001, 中国", "type": "administrative", "osm_type": "relation", "osm_id": 12099708, "class": null, "keyword": "subdistrict"}}, {"type": "Feature", "geometry": {"type": "Polygon", "coordinates": [[[119.309364, 26.058014], [119.309712, 26.055859], [119.309888, 26.055334], [119.310249, 26.054055], [119.310586, 26.052943], [119.310856, 26.053002], [119.313662, 26.05349], [119.316394, 26.053776], [119.319227, 26.054335], [119.322394, 26.054239], [119.326488, 26.053622], [119.32933, 26.053448], [119.329553, 26.055549], [119.329698, 26.058441], [119.329725, 26.060156], [119.329124, 26.063457], [119.323408, 26.063649], [119.320986, 26.06381], [119.318739, 26.063822], [119.317247, 26.063423], [119.316528, 26.063149], [119.31521, 26.062389], [119.315233, 26.062127], [119.315241, 26.062033], [119.315244, 26.061927], [119.315241, 26.061869], [119.315231, 26.061809], [119.315195, 26.06174], [119.315157, 26.061693], [119.315112, 26.061639], [119.315045, 26.061571], [119.314951, 26.061485], [119.314858, 26.061409], [119.314668, 26.061262], [119.314574, 26.061195], [119.31451, 26.061153], [119.314445, 26.061114], [119.314352, 26.061079], [119.314184, 26.061027], [119.313848, 26.060961], [119.313195, 26.060872], [119.31306, 26.060842], [119.312988, 26.060824], [119.312939, 26.060803], [119.312878, 26.060775], [119.312806, 26.060731], [119.312716, 26.060669], [119.31266, 26.060627], [119.312571, 26.06054], [119.312053, 26.060009], [119.311943, 26.059885], [119.311873, 26.059794], [119.311739, 26.059599], [119.311655, 26.05946], [119.311593, 26.059358], [119.311415, 26.05901], [119.311362, 26.058889], [119.311322, 26.058779], [119.311151, 26.058252], [119.310979, 26.058229], [119.309551, 26.058038], [119.309411, 26.058019], [119.309364, 26.058014]]]}, "properties": {"display_name": "瀛洲街道, 台江区, 福州市, 福建省, 350009, 中国", "type": "administrative", "osm_type": "relation", "osm_id": 12100063, "class": null, "keyword": "subdistrict"}}, {"type": "Feature", "geometry": {"type": "MultiPolygon", "coordinates": [[[[119.322421, 26.044138], [119.322255, 26.044768], [119.322209, 26.04494], [119.322117, 26.045279], [119.322565, 26.0454], [119.322521, 26.04559], [119.32298, 26.045546], [119.323216, 26.044773], [119.323812, 26.044952], [119.32393, 26.044682], [119.324692, 26.044992], [119.324737, 26.042849], [119.324794, 26.041222], [119.324827, 26.040825], [119.324955, 26.039272], [119.326238, 26.039426], [119.326296, 26.039282], [119.326964, 26.039471], [119.330041, 26.039863], [119.329965, 26.045194], [119.33243, 26.045204], [119.332814, 26.045108], [119.333236, 26.045739], [119.333528, 26.045595], [119.333626, 26.045761], [119.333759, 26.045707], [119.334358, 26.046428], [119.334867, 26.046912], [119.334866, 26.047493], [119.335729, 26.047312], [119.336016, 26.047473], [119.335919, 26.047588], [119.336121, 26.047858], [119.336318, 26.047817], [119.336281, 26.048523], [119.338942, 26.050949], [119.339348, 26.051409], [119.335313, 26.052436], [119.32933, 26.053448], [119.326488, 26.053622], [119.322394, 26.054239], [119.322099, 26.052109], [119.322182, 26.051991], [119.322496, 26.051633], [119.322712, 26.051454], [119.324186, 26.05035], [119.324448, 26.050171], [119.32426, 26.049855], [119.324185, 26.049706], [119.324089, 26.049417], [119.323991, 26.049097], [119.323978, 26.049055], [119.323926, 26.049065], [119.323653, 26.048935], [119.322785, 26.0485], [119.322203, 26.048215], [119.322004, 26.048105], [119.321862, 26.048006], [119.321319, 26.047605], [119.320697, 26.04715], [119.32058, 26.047064], [119.319625, 26.046362], [119.319333, 26.046157], [119.319288, 26.046117], [119.319248, 26.046077], [119.31921, 26.046031], [119.3189, 26.045576], [119.318841, 26.045493], [119.318761, 26.045525], [119.318127, 26.04575], [119.317947, 26.045814], [119.317877, 26.045838], [119.317804, 26.045859], [119.317028, 26.046055], [119.31687, 26.046104], [119.316809, 26.046128], [119.31729, 26.043832], [119.317335, 26.043563], [119.317404, 26.043256], [119.317452, 26.043058], [119.317541, 26.042828], [119.317623, 26.042672], [119.317867, 26.042306], [119.319307, 26.042017], [119.319324, 26.041684], [119.319526, 26.04161], [119.319559, 26.041413], [119.318885, 26.041065], [119.320714, 26.038914], [119.320807, 26.038819], [119.320952, 26.038842], [119.322271, 26.038982], [119.322097, 26.039429], [119.322566, 26.039564], [119.32248, 26.039913], [119.322258, 26.039857], [119.322172, 26.040137], [119.322079, 26.040452], [119.322737, 26.040609], [119.323239, 26.04072], [119.323252, 26.040655], [119.324016, 26.04084], [119.323954, 26.041165], [119.323688, 26.042586], [119.32286, 26.042411], [119.323153, 26.041103], [119.322602, 26.041044], [119.322542, 26.041144], [119.322361, 26.041119], [119.322298, 26.041439], [119.322611, 26.041492], [119.322355, 26.042642], [119.322801, 26.042715], [119.322726, 26.04311], [119.322149, 26.043004], [119.321968, 26.044068], [119.322421, 26.044138]], [[119.323108, 26.046405], [119.323807, 26.046437], [119.324195, 26.046831], [119.324502, 26.046774], [119.325735, 26.046421], [119.327861, 26.046568], [119.327885, 26.045796], [119.327906, 26.045097], [119.324995, 26.045045], [119.324218, 26.046374], [119.323283, 26.046027], [119.323108, 26.046405]]], [[[119.322421, 26.044138], [119.322642, 26.043171], [119.32271, 26.043189], [119.32348, 26.043332], [119.323241, 26.044373], [119.322421, 26.044138]]]]}, "properties": {"display_name": "下渡街道, 仓山区, 福州市, 福建省, 中国", "type": "administrative", "osm_type": "relation", "osm_id": 17995287, "class": null, "keyword": "subdistrict"}}, {"type": "Feature", "geometry": {"type": "Polygon", "coordinates": [[[119.275905, 26.069164], [119.276217, 26.068565], [119.276336, 26.068174], [119.277191, 26.0679], [119.281853, 26.066103], [119.282663, 26.06591], [119.283344, 26.065843], [119.285104, 26.065794], [119.288381, 26.065833], [119.290833, 26.065929], [119.298437, 26.066023], [119.298429, 26.06619], [119.298925, 26.066725], [119.298925, 26.067072], [119.299056, 26.067471], [119.299813, 26.067579], [119.299929, 26.067943], [119.299899, 26.068054], [119.299786, 26.068549], [119.29978, 26.068683], [119.299792, 26.068807], [119.299839, 26.068946], [119.299889, 26.069053], [119.300011, 26.069256], [119.300058, 26.069407], [119.300087, 26.069524], [119.299978, 26.069886], [119.299856, 26.070191], [119.299536, 26.070345], [119.29945, 26.070466], [119.2994, 26.070694], [119.299394, 26.070983], [119.299323, 26.071329], [119.299176, 26.071899], [119.299052, 26.072219], [119.298999, 26.072589], [119.298831, 26.072756], [119.298688, 26.073104], [119.298585, 26.073404], [119.298476, 26.073908], [119.298327, 26.074367], [119.298318, 26.074824], [119.292242, 26.074632], [119.291148, 26.074612], [119.290271, 26.074596], [119.29023, 26.074599], [119.289652, 26.074641], [119.288582, 26.074783], [119.287031, 26.07491], [119.286308, 26.074921], [119.286403, 26.074647], [119.286985, 26.072955], [119.28708, 26.072678], [119.286652, 26.072584], [119.283558, 26.071854], [119.283141, 26.071755], [119.282272, 26.071514], [119.279044, 26.070331], [119.278729, 26.07022], [119.275905, 26.069164]]]}, "properties": {"display_name": "上海街道, 台江区, 福州市, 福建省, 中国", "type": "administrative", "osm_type": "relation", "osm_id": 12100070, "class": null, "keyword": "subdistrict"}}, {"type": "Feature", "geometry": {"type": "Polygon", "coordinates": [[[119.315281, 26.084004], [119.315563, 26.083389], [119.316321, 26.081803], [119.316767, 26.079805], [119.316865, 26.078598], [119.31741, 26.076096], [119.317652, 26.074798], [119.317911, 26.07277], [119.317917, 26.072581], [119.319209, 26.072978], [119.320996, 26.073156], [119.324035, 26.073393], [119.330447, 26.073912], [119.329991, 26.082627], [119.329893, 26.084498], [119.322881, 26.084306], [119.321687, 26.084262], [119.315845, 26.08405], [119.315281, 26.084004]]]}, "properties": {"display_name": "王庄街道, 晋安区, 福州市, 福建省, 中国", "type": "administrative", "osm_type": "relation", "osm_id": 11021381, "class": null, "keyword": "subdistrict"}}, {"type": "Feature", "geometry": {"type": "Polygon", "coordinates": [[[119.285528, 26.078901], [119.285565, 26.078144], [119.28564, 26.077581], [119.285753, 26.076998], [119.286308, 26.074921], [119.287031, 26.07491], [119.288582, 26.074783], [119.289652, 26.074641], [119.29023, 26.074599], [119.290271, 26.074596], [119.291148, 26.074612], [119.292242, 26.074632], [119.298318, 26.074824], [119.299492, 26.07512], [119.300219, 26.07539], [119.301537, 26.075634], [119.302539, 26.075819], [119.302981, 26.075864], [119.304434, 26.076001], [119.30486, 26.076021], [119.304775, 26.079431], [119.306191, 26.079479], [119.305215, 26.083112], [119.305106, 26.083571], [119.304625, 26.083435], [119.304442, 26.083464], [119.303911, 26.083642], [119.303713, 26.083685], [119.302425, 26.083743], [119.302087, 26.084061], [119.30168, 26.084124], [119.30158, 26.084533], [119.30147, 26.084869], [119.301434, 26.084994], [119.295908, 26.083897], [119.292732, 26.082967], [119.293177, 26.081238], [119.290983, 26.080857], [119.290388, 26.07999], [119.288955, 26.079778], [119.287362, 26.079373], [119.286321, 26.079252], [119.286144, 26.079233], [119.286155, 26.07891], [119.285528, 26.078901]]]}, "properties": {"display_name": "安泰街道, 鼓楼区, 福州市, 福建省, 350000, 中国", "type": "administrative", "osm_type": "relation", "osm_id": 12099710, "class": null, "keyword": "subdistrict"}}, {"type": "Feature", "geometry": {"type": "Polygon", "coordinates": [[[119.277749, 26.085082], [119.277787, 26.084875], [119.279766, 26.076949], [119.280683, 26.077176], [119.280721, 26.076978], [119.281853, 26.077084], [119.281917, 26.076829], [119.281805, 26.076699], [119.281821, 26.076419], [119.28277, 26.076333], [119.28277, 26.0768], [119.282974, 26.076805], [119.282947, 26.077383], [119.283387, 26.07747], [119.283387, 26.078005], [119.284508, 26.078231], [119.284412, 26.07878], [119.285528, 26.078901], [119.286155, 26.07891], [119.286144, 26.079233], [119.286321, 26.079252], [119.287362, 26.079373], [119.288955, 26.079778], [119.290388, 26.07999], [119.290983, 26.080857], [119.293177, 26.081238], [119.292732, 26.082967], [119.295908, 26.083897], [119.2955, 26.085169], [119.294524, 26.089038], [119.293147, 26.088954], [119.292807, 26.088937], [119.291992, 26.088898], [119.29101, 26.088802], [119.289556, 26.088542], [119.287233, 26.088142], [119.284664, 26.087727], [119.28402, 26.087631], [119.283564, 26.087467], [119.282754, 26.087159], [119.281579, 26.086692], [119.279774, 26.085933], [119.277749, 26.085082]]]}, "properties": {"display_name": "南街街道, 鼓楼区, 福州市, 福建省, 中国", "type": "administrative", "osm_type": "relation", "osm_id": 12099709, "class": null, "keyword": "subdistrict"}}, {"type": "Feature", "geometry": {"type": "Polygon", "coordinates": [[[119.307058, 26.076283], [119.307291, 26.075412], [119.307543, 26.073663], [119.308316, 26.066975], [119.308412, 26.066109], [119.308475, 26.06553], [119.308557, 26.064832], [119.308635, 26.064247], [119.308736, 26.063306], [119.308812, 26.06261], [119.308838, 26.06226], [119.308911, 26.061646], [119.309059, 26.060402], [119.309253, 26.058934], [119.309364, 26.058014], [119.309411, 26.058019], [119.309551, 26.058038], [119.310979, 26.058229], [119.311151, 26.058252], [119.311322, 26.058779], [119.311362, 26.058889], [119.311415, 26.05901], [119.311593, 26.059358], [119.311655, 26.05946], [119.311739, 26.059599], [119.311873, 26.059794], [119.311943, 26.059885], [119.312053, 26.060009], [119.312571, 26.06054], [119.31266, 26.060627], [119.312716, 26.060669], [119.312806, 26.060731], [119.312878, 26.060775], [119.312939, 26.060803], [119.312988, 26.060824], [119.31306, 26.060842], [119.313195, 26.060872], [119.313848, 26.060961], [119.314184, 26.061027], [119.314352, 26.061079], [119.314445, 26.061114], [119.31451, 26.061153], [119.314574, 26.061195], [119.314668, 26.061262], [119.314858, 26.061409], [119.314951, 26.061485], [119.315045, 26.061571], [119.315112, 26.061639], [119.315157, 26.061693], [119.315195, 26.06174], [119.315231, 26.061809], [119.315241, 26.061869], [119.315244, 26.061927], [119.315241, 26.062033], [119.315233, 26.062127], [119.31521, 26.062389], [119.316528, 26.063149], [119.317247, 26.063423], [119.318739, 26.063822], [119.318728, 26.064148], [119.318207, 26.068102], [119.317995, 26.070241], [119.317917, 26.072581], [119.317911, 26.07277], [119.315528, 26.072704], [119.314507, 26.072612], [119.314114, 26.072546], [119.313566, 26.072521], [119.312969, 26.072549], [119.312636, 26.072686], [119.312302, 26.072857], [119.311564, 26.073204], [119.310277, 26.073823], [119.309864, 26.07402], [119.309408, 26.074238], [119.308901, 26.074576], [119.30882, 26.074675], [119.30877, 26.074808], [119.308747, 26.074908], [119.308729, 26.075008], [119.308713, 26.0752], [119.308752, 26.075412], [119.308795, 26.075625], [119.308889, 26.076099], [119.308914, 26.076476], [119.307354, 26.076316], [119.307058, 26.076283]]]}, "properties": {"display_name": "新港街道, 台江区, 福州市, 福建省, 中国", "type": "administrative", "osm_type": "relation", "osm_id": 12100064, "class": null, "keyword": "subdistrict"}}, {"type": "Feature", "geometry": {"type": "Polygon", "coordinates": [[[119.317917, 26.072581], [119.317995, 26.070241], [119.318207, 26.068102], [119.318728, 26.064148], [119.318739, 26.063822], [119.320986, 26.06381], [119.323408, 26.063649], [119.329124, 26.063457], [119.331016, 26.063563], [119.330989, 26.064038], [119.330447, 26.073912], [119.324035, 26.073393], [119.320996, 26.073156], [119.319209, 26.072978], [119.317917, 26.072581]]]}, "properties": {"display_name": "象园街道, 晋安区, 福州市, 福建省, 中国", "type": "administrative", "osm_type": "relation", "osm_id": 11021557, "class": null, "keyword": "subdistrict"}}, {"type": "Feature", "geometry": {"type": "Polygon", "coordinates": [[[119.304775, 26.079431], [119.30486, 26.076021], [119.305894, 26.07607], [119.307058, 26.076283], [119.307354, 26.076316], [119.308914, 26.076476], [119.308889, 26.076099], [119.308795, 26.075625], [119.308752, 26.075412], [119.308713, 26.0752], [119.308729, 26.075008], [119.308747, 26.074908], [119.30877, 26.074808], [119.30882, 26.074675], [119.308901, 26.074576], [119.309408, 26.074238], [119.309864, 26.07402], [119.310277, 26.073823], [119.311564, 26.073204], [119.312302, 26.072857], [119.312636, 26.072686], [119.312969, 26.072549], [119.313566, 26.072521], [119.314114, 26.072546], [119.314507, 26.072612], [119.315528, 26.072704], [119.317911, 26.07277], [119.317652, 26.074798], [119.31741, 26.076096], [119.316865, 26.078598], [119.316767, 26.079805], [119.316321, 26.081803], [119.315563, 26.083389], [119.315281, 26.084004], [119.308069, 26.083584], [119.307414, 26.083536], [119.306492, 26.083362], [119.305215, 26.083112], [119.306191, 26.079479], [119.304775, 26.079431]]]}, "properties": {"display_name": "水部街道, 鼓楼区, 福州市, 福建省, 中国", "type": "administrative", "osm_type": "relation", "osm_id": 12099711, "class": null, "keyword": "subdistrict"}}, {"type": "Feature", "geometry": {"type": "Polygon", "coordinates": [[[119.28775, 26.050787], [119.290132, 26.049192], [119.294241, 26.047937], [119.300891, 26.047981], [119.303163, 26.048134], [119.304485, 26.048571], [119.305794, 26.049496], [119.306717, 26.051], [119.307595, 26.0518], [119.306301, 26.053939], [119.306209, 26.054045], [119.306162, 26.054111], [119.306131, 26.054163], [119.306111, 26.054201], [119.30606, 26.054295], [119.30597, 26.05448], [119.305956, 26.054508], [119.305729, 26.054353], [119.305258, 26.054014], [119.305183, 26.053947], [119.305125, 26.053886], [119.305048, 26.053781], [119.304734, 26.054216], [119.304508, 26.054528], [119.30424, 26.054912], [119.30364, 26.055694], [119.303118, 26.056231], [119.303076, 26.056174], [119.303016, 26.056075], [119.302903, 26.05593], [119.302775, 26.0558], [119.302685, 26.055719], [119.302447, 26.055543], [119.302285, 26.055439], [119.30187, 26.055209], [119.301673, 26.05509], [119.301621, 26.05505], [119.301581, 26.055014], [119.301533, 26.054961], [119.301503, 26.054915], [119.301487, 26.054879], [119.301472, 26.054826], [119.301419, 26.054476], [119.301382, 26.05424], [119.301351, 26.054007], [119.301334, 26.053904], [119.30132, 26.05383], [119.30115, 26.053378], [119.301111, 26.053302], [119.301074, 26.053251], [119.301028, 26.053204], [119.300973, 26.053167], [119.30092, 26.053141], [119.300845, 26.053112], [119.300738, 26.053076], [119.300625, 26.053042], [119.300546, 26.053128], [119.300472, 26.053198], [119.29947, 26.054299], [119.299137, 26.053991], [119.298871, 26.053747], [119.29859, 26.053504], [119.29854, 26.05346], [119.298494, 26.05342], [119.298449, 26.053371], [119.298385, 26.053296], [119.298322, 26.053224], [119.298292, 26.053195], [119.298277, 26.053181], [119.298218, 26.053132], [119.29814, 26.053081], [119.298075, 26.053043], [119.298003, 26.053004], [119.297911, 26.052961], [119.297818, 26.05292], [119.297686, 26.052866], [119.297168, 26.052667], [119.296881, 26.052576], [119.296821, 26.052559], [119.295264, 26.05513], [119.295108, 26.055525], [119.294707, 26.056862], [119.294461, 26.057703], [119.294138, 26.058695], [119.293967, 26.059097], [119.293542, 26.059926], [119.293381, 26.060257], [119.292861, 26.060202], [119.293354, 26.059239], [119.29352, 26.058832], [119.29356, 26.05858], [119.293568, 26.058275], [119.293512, 26.057897], [119.293239, 26.056683], [119.292992, 26.055957], [119.29274, 26.055247], [119.2926, 26.055044], [119.292338, 26.054674], [119.292272, 26.054521], [119.292209, 26.05431], [119.292091, 26.05435], [119.291843, 26.054368], [119.291004, 26.054007], [119.28984, 26.052908], [119.28775, 26.050787]]]}, "properties": {"display_name": "苍霞街道, 台江区, 福州市, 福建省, 中国", "type": "administrative", "osm_type": "relation", "osm_id": 12100067, "class": null, "keyword": "subdistrict"}}, {"type": "Feature", "geometry": {"type": "Polygon", "coordinates": [[[119.300891, 26.047981], [119.301519, 26.046736], [119.301222, 26.046462], [119.302093, 26.045943], [119.302685, 26.045486], [119.302812, 26.04553], [119.302881, 26.045256], [119.303066, 26.045308], [119.302938, 26.045551], [119.303571, 26.045819], [119.303721, 26.04564], [119.304646, 26.045819], [119.305132, 26.045609], [119.3054, 26.045542], [119.305601, 26.045611], [119.305896, 26.045836], [119.306146, 26.046072], [119.306527, 26.046103], [119.306883, 26.046081], [119.307146, 26.045855], [119.307618, 26.045679], [119.307953, 26.046055], [119.308098, 26.046009], [119.308227, 26.045879], [119.308007, 26.045568], [119.308393, 26.045426], [119.308828, 26.045371], [119.309268, 26.044939], [119.309415, 26.044785], [119.30952, 26.044366], [119.309456, 26.044314], [119.30914, 26.044072], [119.30914, 26.04387], [119.309468, 26.043038], [119.309572, 26.042542], [119.309312, 26.04221], [119.308802, 26.041956], [119.308614, 26.041732], [119.308493, 26.041288], [119.308558, 26.04107], [119.308024, 26.040473], [119.307969, 26.039946], [119.308346, 26.039838], [119.309491, 26.039511], [119.309791, 26.039433], [119.310311, 26.039281], [119.310582, 26.039204], [119.310728, 26.040147], [119.310736, 26.040213], [119.310818, 26.040204], [119.310852, 26.040463], [119.31125, 26.040433], [119.311264, 26.040767], [119.31134, 26.040761], [119.311343, 26.040973], [119.311275, 26.041188], [119.31136, 26.041187], [119.311528, 26.041185], [119.311885, 26.04119], [119.312027, 26.041151], [119.312044, 26.040984], [119.312057, 26.040781], [119.312505, 26.040824], [119.312574, 26.040835], [119.312624, 26.04099], [119.312754, 26.041007], [119.312973, 26.040024], [119.312942, 26.040019], [119.313021, 26.039584], [119.312862, 26.039623], [119.312755, 26.039268], [119.312233, 26.039409], [119.312206, 26.03934], [119.312086, 26.03937], [119.312363, 26.040156], [119.312289, 26.040172], [119.311629, 26.040318], [119.311621, 26.040295], [119.31127, 26.039231], [119.311203, 26.039029], [119.312688, 26.038611], [119.312971, 26.038547], [119.313269, 26.038496], [119.313466, 26.038478], [119.313679, 26.038468], [119.313872, 26.038464], [119.314462, 26.038488], [119.315237, 26.038532], [119.315785, 26.038543], [119.316188, 26.038565], [119.316813, 26.038598], [119.316615, 26.03918], [119.316867, 26.039371], [119.317758, 26.039509], [119.317847, 26.038645], [119.320807, 26.038819], [119.320714, 26.038914], [119.318885, 26.041065], [119.317867, 26.042306], [119.317623, 26.042672], [119.317541, 26.042828], [119.317452, 26.043058], [119.317404, 26.043256], [119.317335, 26.043563], [119.31729, 26.043832], [119.316809, 26.046128], [119.315876, 26.046406], [119.314922, 26.047471], [119.314431, 26.048057], [119.31407, 26.048543], [119.314003, 26.048645], [119.313939, 26.048632], [119.312917, 26.04809], [119.31232, 26.047711], [119.312203, 26.047592], [119.312142, 26.047698], [119.312108, 26.047759], [119.31207, 26.047826], [119.312037, 26.047892], [119.31201, 26.047955], [119.311989, 26.048016], [119.311977, 26.048072], [119.31197, 26.048118], [119.311968, 26.048162], [119.311967, 26.048206], [119.311969, 26.048275], [119.311976, 26.048342], [119.311983, 26.048393], [119.311994, 26.048441], [119.31201, 26.0485], [119.312023, 26.048564], [119.31202, 26.048626], [119.312001, 26.048679], [119.311972, 26.048719], [119.311931, 26.048764], [119.311786, 26.048896], [119.311391, 26.049256], [119.310883, 26.049418], [119.309905, 26.049403], [119.309017, 26.049285], [119.308693, 26.049841], [119.308436, 26.049721], [119.307518, 26.049716], [119.307224, 26.050619], [119.307595, 26.0518], [119.306717, 26.051], [119.305794, 26.049496], [119.304485, 26.048571], [119.303163, 26.048134], [119.300891, 26.047981]], [[119.308417, 26.04744], [119.308526, 26.047514], [119.308431, 26.047665], [119.308606, 26.047783], [119.308457, 26.048073], [119.308589, 26.048162], [119.308891, 26.048149], [119.309005, 26.048007], [119.309156, 26.048089], [119.309566, 26.047564], [119.309, 26.047075], [119.308987, 26.047061], [119.308763, 26.047043], [119.308493, 26.047352], [119.308417, 26.04744]], [[119.315954, 26.042472], [119.316366, 26.042627], [119.316348, 26.04284], [119.316608, 26.04291], [119.316828, 26.042969], [119.31692, 26.04284], [119.317401, 26.043016], [119.317464, 26.042441], [119.317076, 26.042388], [119.316135, 26.042085], [119.316041, 26.042208], [119.315954, 26.042472]]]}, "properties": {"display_name": "仓前街道, 仓山区, 福州市, 福建省, 350007, 中国", "type": "administrative", "osm_type": "relation", "osm_id": 17995292, "class": null, "keyword": "subdistrict"}}, {"type": "Feature", "geometry": {"type": "Polygon", "coordinates": [[[119.292303, 26.099415], [119.292973, 26.095682], [119.2943, 26.090029], [119.294634, 26.090093], [119.295238, 26.090207], [119.2958, 26.090315], [119.296348, 26.090543], [119.296827, 26.09074], [119.296847, 26.090763], [119.296858, 26.090789], [119.29685, 26.090821], [119.296621, 26.091214], [119.29687, 26.091307], [119.29715, 26.091412], [119.297267, 26.091451], [119.297415, 26.091499], [119.297594, 26.091544], [119.297747, 26.091559], [119.297918, 26.091566], [119.298095, 26.09156], [119.298205, 26.091549], [119.298323, 26.091522], [119.298504, 26.091464], [119.298642, 26.09141], [119.298765, 26.091382], [119.298951, 26.091357], [119.299125, 26.091355], [119.299339, 26.091387], [119.299549, 26.091468], [119.299631, 26.091503], [119.299737, 26.09156], [119.300381, 26.091902], [119.300608, 26.091982], [119.300824, 26.092051], [119.301054, 26.092095], [119.3014, 26.092141], [119.302303, 26.092168], [119.302443, 26.092188], [119.302039, 26.093547], [119.301921, 26.094087], [119.301878, 26.094578], [119.301857, 26.096342], [119.301562, 26.101008], [119.30132, 26.10535], [119.295886, 26.104247], [119.295642, 26.103276], [119.295624, 26.102992], [119.295683, 26.102425], [119.295725, 26.102214], [119.295843, 26.101918], [119.296054, 26.101609], [119.296381, 26.101186], [119.29667, 26.100855], [119.296525, 26.100793], [119.295387, 26.100297], [119.294331, 26.099887], [119.29374, 26.099709], [119.292303, 26.099415]]]}, "properties": {"display_name": "鼓东街道, 鼓楼区, 福州市, 福建省, 中国", "type": "administrative", "osm_type": "relation", "osm_id": 12099706, "class": null, "keyword": "subdistrict"}}, {"type": "Feature", "geometry": {"type": "Polygon", "coordinates": [[[119.285484, 26.052256], [119.28775, 26.050787], [119.28984, 26.052908], [119.291004, 26.054007], [119.291843, 26.054368], [119.292091, 26.05435], [119.292209, 26.05431], [119.292272, 26.054521], [119.292338, 26.054674], [119.2926, 26.055044], [119.29274, 26.055247], [119.292992, 26.055957], [119.293239, 26.056683], [119.293512, 26.057897], [119.293568, 26.058275], [119.29356, 26.05858], [119.29352, 26.058832], [119.293354, 26.059239], [119.292861, 26.060202], [119.293381, 26.060257], [119.293542, 26.059926], [119.293967, 26.059097], [119.294138, 26.058695], [119.294442, 26.058759], [119.294869, 26.05911], [119.294589, 26.059905], [119.294566, 26.060137], [119.294679, 26.060183], [119.298013, 26.060311], [119.298196, 26.061079], [119.298729, 26.063212], [119.299175, 26.065091], [119.299496, 26.065881], [119.299485, 26.066146], [119.299126, 26.066079], [119.298681, 26.066026], [119.298437, 26.066023], [119.290833, 26.065929], [119.288381, 26.065833], [119.288671, 26.05993], [119.288689, 26.059315], [119.288697, 26.058748], [119.288397, 26.058465], [119.288236, 26.058031], [119.288033, 26.056479], [119.288031, 26.055906], [119.287311, 26.055883], [119.287276, 26.055602], [119.28755, 26.055482], [119.285484, 26.052256]]]}, "properties": {"display_name": "义洲街道, 台江区, 福州市, 福建省, 中国", "type": "administrative", "osm_type": "relation", "osm_id": 12100068, "class": null, "keyword": "subdistrict"}}, {"type": "Feature", "geometry": {"type": "Polygon", "coordinates": [[[119.307224, 26.050619], [119.307518, 26.049716], [119.308436, 26.049721], [119.308693, 26.049841], [119.309017, 26.049285], [119.309905, 26.049403], [119.310883, 26.049418], [119.311391, 26.049256], [119.311786, 26.048896], [119.311931, 26.048764], [119.311972, 26.048719], [119.312001, 26.048679], [119.31202, 26.048626], [119.312023, 26.048564], [119.31201, 26.0485], [119.311994, 26.048441], [119.311983, 26.048393], [119.311976, 26.048342], [119.311969, 26.048275], [119.311967, 26.048206], [119.311968, 26.048162], [119.31197, 26.048118], [119.311977, 26.048072], [119.311989, 26.048016], [119.31201, 26.047955], [119.312037, 26.047892], [119.31207, 26.047826], [119.312108, 26.047759], [119.312142, 26.047698], [119.312203, 26.047592], [119.31232, 26.047711], [119.312917, 26.04809], [119.313939, 26.048632], [119.314003, 26.048645], [119.31407, 26.048543], [119.314431, 26.048057], [119.314922, 26.047471], [119.315876, 26.046406], [119.316809, 26.046128], [119.31687, 26.046104], [119.317028, 26.046055], [119.317804, 26.045859], [119.317877, 26.045838], [119.317947, 26.045814], [119.318127, 26.04575], [119.318761, 26.045525], [119.318841, 26.045493], [119.3189, 26.045576], [119.31921, 26.046031], [119.319248, 26.046077], [119.319288, 26.046117], [119.319333, 26.046157], [119.319625, 26.046362], [119.32058, 26.047064], [119.320697, 26.04715], [119.321319, 26.047605], [119.321862, 26.048006], [119.322004, 26.048105], [119.322203, 26.048215], [119.322785, 26.0485], [119.323653, 26.048935], [119.323926, 26.049065], [119.323978, 26.049055], [119.323991, 26.049097], [119.324089, 26.049417], [119.324185, 26.049706], [119.32426, 26.049855], [119.324448, 26.050171], [119.324186, 26.05035], [119.322712, 26.051454], [119.322496, 26.051633], [119.322182, 26.051991], [119.322099, 26.052109], [119.322394, 26.054239], [119.319227, 26.054335], [119.316394, 26.053776], [119.313662, 26.05349], [119.310856, 26.053002], [119.310586, 26.052943], [119.308691, 26.052458], [119.307595, 26.0518], [119.307224, 26.050619]]]}, "properties": {"display_name": "临江街道, 仓山区, 福州市, 福建省, 中国", "type": "administrative", "osm_type": "relation", "osm_id": 12099231, "class": null, "keyword": "subdistrict"}}, {"type": "Feature", "geometry": {"type": "Polygon", "coordinates": [[[119.294138, 26.058695], [119.294461, 26.057703], [119.294707, 26.056862], [119.295108, 26.055525], [119.295264, 26.05513], [119.296821, 26.052559], [119.296881, 26.052576], [119.297168, 26.052667], [119.297686, 26.052866], [119.297818, 26.05292], [119.297911, 26.052961], [119.298003, 26.053004], [119.298075, 26.053043], [119.29814, 26.053081], [119.298218, 26.053132], [119.298277, 26.053181], [119.298292, 26.053195], [119.298322, 26.053224], [119.298385, 26.053296], [119.298449, 26.053371], [119.298494, 26.05342], [119.29854, 26.05346], [119.29859, 26.053504], [119.298871, 26.053747], [119.299137, 26.053991], [119.29947, 26.054299], [119.300472, 26.053198], [119.300546, 26.053128], [119.300625, 26.053042], [119.300738, 26.053076], [119.300845, 26.053112], [119.30092, 26.053141], [119.300973, 26.053167], [119.301028, 26.053204], [119.301074, 26.053251], [119.301111, 26.053302], [119.30115, 26.053378], [119.30132, 26.05383], [119.301334, 26.053904], [119.301351, 26.054007], [119.301382, 26.05424], [119.301419, 26.054476], [119.301472, 26.054826], [119.301487, 26.054879], [119.301503, 26.054915], [119.301533, 26.054961], [119.301581, 26.055014], [119.301621, 26.05505], [119.301673, 26.05509], [119.30187, 26.055209], [119.302285, 26.055439], [119.302447, 26.055543], [119.302685, 26.055719], [119.302775, 26.0558], [119.302903, 26.05593], [119.303016, 26.056075], [119.303076, 26.056174], [119.303118, 26.056231], [119.30364, 26.055694], [119.30424, 26.054912], [119.304508, 26.054528], [119.304734, 26.054216], [119.305048, 26.053781], [119.305125, 26.053886], [119.305183, 26.053947], [119.305258, 26.054014], [119.305729, 26.054353], [119.305956, 26.054508], [119.30597, 26.05448], [119.30606, 26.054295], [119.306111, 26.054201], [119.306131, 26.054163], [119.306162, 26.054111], [119.306209, 26.054045], [119.306301, 26.053939], [119.307595, 26.0518], [119.308691, 26.052458], [119.310586, 26.052943], [119.310249, 26.054055], [119.309888, 26.055334], [119.309712, 26.055859], [119.309364, 26.058014], [119.309253, 26.058934], [119.309059, 26.060402], [119.308911, 26.061646], [119.308412, 26.061544], [119.30838, 26.061298], [119.308267, 26.061101], [119.307854, 26.060783], [119.307516, 26.060812], [119.307012, 26.061197], [119.30639, 26.060942], [119.306057, 26.06059], [119.305483, 26.060161], [119.305199, 26.059901], [119.305068, 26.059616], [119.305271, 26.058912], [119.305272, 26.058857], [119.305265, 26.058818], [119.30525, 26.058778], [119.305232, 26.058752], [119.304605, 26.058486], [119.304222, 26.058344], [119.303661, 26.058128], [119.303499, 26.057999], [119.303216, 26.05841], [119.302419, 26.059536], [119.302257, 26.059798], [119.301771, 26.059588], [119.300971, 26.059146], [119.299512, 26.058218], [119.298991, 26.057924], [119.297822, 26.057409], [119.297751, 26.057642], [119.297712, 26.057778], [119.297686, 26.057906], [119.297669, 26.0581], [119.297664, 26.058226], [119.297671, 26.058467], [119.297678, 26.058576], [119.298013, 26.060311], [119.294679, 26.060183], [119.294566, 26.060137], [119.294589, 26.059905], [119.294869, 26.05911], [119.294442, 26.058759], [119.294138, 26.058695]]]}, "properties": {"display_name": "后洲街道, 台江区, 福州市, 福建省, 中国", "type": "administrative", "osm_type": "relation", "osm_id": 12100066, "class": null, "keyword": "subdistrict"}}, {"type": "Feature", "geometry": {"type": "Polygon", "coordinates": [[[119.298318, 26.074824], [119.298327, 26.074367], [119.298476, 26.073908], [119.298585, 26.073404], [119.298688, 26.073104], [119.298831, 26.072756], [119.298999, 26.072589], [119.299052, 26.072219], [119.299176, 26.071899], [119.299323, 26.071329], [119.299394, 26.070983], [119.2994, 26.070694], [119.29945, 26.070466], [119.299536, 26.070345], [119.299856, 26.070191], [119.299978, 26.069886], [119.300087, 26.069524], [119.300058, 26.069407], [119.300011, 26.069256], [119.299889, 26.069053], [119.299839, 26.068946], [119.299792, 26.068807], [119.29978, 26.068683], [119.299786, 26.068549], [119.299899, 26.068054], [119.299929, 26.067943], [119.299813, 26.067579], [119.299056, 26.067471], [119.298925, 26.067072], [119.298925, 26.066725], [119.298429, 26.06619], [119.298437, 26.066023], [119.298681, 26.066026], [119.299126, 26.066079], [119.299485, 26.066146], [119.299668, 26.06618], [119.301154, 26.066691], [119.30153, 26.066753], [119.302077, 26.066792], [119.30809, 26.066975], [119.308316, 26.066975], [119.307543, 26.073663], [119.307291, 26.075412], [119.307058, 26.076283], [119.305894, 26.07607], [119.30486, 26.076021], [119.304434, 26.076001], [119.302981, 26.075864], [119.302539, 26.075819], [119.301537, 26.075634], [119.300219, 26.07539], [119.299492, 26.07512], [119.298318, 26.074824]]]}, "properties": {"display_name": "茶亭街道, 台江区, 福州市, 福建省, 中国", "type": "administrative", "osm_type": "relation", "osm_id": 12100071, "class": null, "keyword": "subdistrict"}}, {"type": "Feature", "geometry": {"type": "Polygon", "coordinates": [[[119.297664, 26.058226], [119.297669, 26.0581], [119.297686, 26.057906], [119.297712, 26.057778], [119.297751, 26.057642], [119.297822, 26.057409], [119.298991, 26.057924], [119.299512, 26.058218], [119.300971, 26.059146], [119.301771, 26.059588], [119.302257, 26.059798], [119.302419, 26.059536], [119.303216, 26.05841], [119.303499, 26.057999], [119.303661, 26.058128], [119.304222, 26.058344], [119.304605, 26.058486], [119.305232, 26.058752], [119.30525, 26.058778], [119.305265, 26.058818], [119.305272, 26.058857], [119.305271, 26.058912], [119.305068, 26.059616], [119.305199, 26.059901], [119.305483, 26.060161], [119.306057, 26.06059], [119.30639, 26.060942], [119.307012, 26.061197], [119.307516, 26.060812], [119.307854, 26.060783], [119.308267, 26.061101], [119.30838, 26.061298], [119.308412, 26.061544], [119.308911, 26.061646], [119.308838, 26.06226], [119.308812, 26.06261], [119.308736, 26.063306], [119.308635, 26.064247], [119.308557, 26.064832], [119.308475, 26.06553], [119.308412, 26.066109], [119.308316, 26.066975], [119.30809, 26.066975], [119.302077, 26.066792], [119.30153, 26.066753], [119.301154, 26.066691], [119.299668, 26.06618], [119.299485, 26.066146], [119.299496, 26.065881], [119.299175, 26.065091], [119.298729, 26.063212], [119.298196, 26.061079], [119.298013, 26.060311], [119.297678, 26.058576], [119.297671, 26.058467], [119.297664, 26.058226]]]}, "properties": {"display_name": "洋中街道, 台江区, 福州市, 福建省, 350004, 中国", "type": "administrative", "osm_type": "relation", "osm_id": 12100065, "class": null, "keyword": "subdistrict"}}, {"type": "Feature", "geometry": {"type": "Polygon", "coordinates": [[[119.472682, 26.005537], [119.473518, 26.004885], [119.473624, 26.004834], [119.473266, 26.004484], [119.47369, 26.004169], [119.47492, 26.003115], [119.474786, 26.002896], [119.47417, 26.002293], [119.474801, 26.001752], [119.474662, 26.001618], [119.475123, 26.001237], [119.47587, 26.000791], [119.477323, 26.002839], [119.477398, 26.002917], [119.481711, 26.01422], [119.481139, 26.014394], [119.481853, 26.015466], [119.480755, 26.015502], [119.480485, 26.015524], [119.480208, 26.015558], [119.479762, 26.015658], [119.478323, 26.016146], [119.478102, 26.016165], [119.4771, 26.015886], [119.476632, 26.015888], [119.476121, 26.015877], [119.475783, 26.0157], [119.475249, 26.015242], [119.475142, 26.014943], [119.47502, 26.014703], [119.47669, 26.013354], [119.476832, 26.013283], [119.476772, 26.013076], [119.476734, 26.013079], [119.476691, 26.013075], [119.476657, 26.013058], [119.476611, 26.013021], [119.476572, 26.012975], [119.476539, 26.01289], [119.47585, 26.011112], [119.475339, 26.009907], [119.475224, 26.009626], [119.475171, 26.009526], [119.475064, 26.009351], [119.474874, 26.009133], [119.47477, 26.009039], [119.474189, 26.008468], [119.473078, 26.007428], [119.472774, 26.007134], [119.473223, 26.006991], [119.472682, 26.005537]]]}, "properties": {"display_name": "Fuzhou Qingzhou Container Terminal, 罗星街道, 马尾区, 双峰村, 福建省, 中国", "type": "harbour", "osm_type": "way", "osm_id": 776103152, "class": null, "keyword": "district"}}, {"type": "Feature", "geometry": {"type": "Polygon", "coordinates": [[[119.2943, 26.090029], [119.294524, 26.089038], [119.2955, 26.085169], [119.295908, 26.083897], [119.301434, 26.084994], [119.30147, 26.084869], [119.30158, 26.084533], [119.30168, 26.084124], [119.302087, 26.084061], [119.302425, 26.083743], [119.303713, 26.083685], [119.303911, 26.083642], [119.304442, 26.083464], [119.304625, 26.083435], [119.305106, 26.083571], [119.304518, 26.086051], [119.303563, 26.089616], [119.303273, 26.090397], [119.302443, 26.092188], [119.302303, 26.092168], [119.3014, 26.092141], [119.301054, 26.092095], [119.300824, 26.092051], [119.300608, 26.091982], [119.300381, 26.091902], [119.299737, 26.09156], [119.299631, 26.091503], [119.299549, 26.091468], [119.299339, 26.091387], [119.299125, 26.091355], [119.298951, 26.091357], [119.298765, 26.091382], [119.298642, 26.09141], [119.298504, 26.091464], [119.298323, 26.091522], [119.298205, 26.091549], [119.298095, 26.09156], [119.297918, 26.091566], [119.297747, 26.091559], [119.297594, 26.091544], [119.297415, 26.091499], [119.297267, 26.091451], [119.29715, 26.091412], [119.29687, 26.091307], [119.296621, 26.091214], [119.29685, 26.090821], [119.296858, 26.090789], [119.296847, 26.090763], [119.296827, 26.09074], [119.296348, 26.090543], [119.2958, 26.090315], [119.295238, 26.090207], [119.294634, 26.090093], [119.2943, 26.090029]]]}, "properties": {"display_name": "东街街道, 鼓楼区, 福州市, 福建省, 中国", "type": "administrative", "osm_type": "relation", "osm_id": 12099707, "class": null, "keyword": "subdistrict"}}, {"type": "Feature", "geometry": {"type": "Polygon", "coordinates": [[[119.476121, 25.986753], [119.476302, 25.986617], [119.483045, 25.983504], [119.487147, 25.990844], [119.481321, 25.993563], [119.481102, 25.993468], [119.480761, 25.993423], [119.480201, 25.993153], [119.479631, 25.993003], [119.479501, 25.992233], [119.478971, 25.991193], [119.478421, 25.990663], [119.478092, 25.990489], [119.477592, 25.989864], [119.476427, 25.987357], [119.476121, 25.986753]]]}, "properties": {"display_name": "华能(福建)能源开发有限公司福州分公司, 长乐区, 福州市, 福建省, 350200, 中国", "type": "industrial", "osm_type": "way", "osm_id": 390077993, "class": null, "keyword": "district"}}, {"type": "Feature", "geometry": {"type": "MultiPolygon", "coordinates": [[[[119.315785, 26.038543], [119.316046, 26.036436], [119.316968, 26.036506], [119.317933, 26.036592], [119.31806, 26.03608], [119.318466, 26.036222], [119.318521, 26.03631], [119.318609, 26.036333], [119.318664, 26.036268], [119.31908, 26.036513], [119.319518, 26.03662], [119.319853, 26.037064], [119.320001, 26.036956], [119.320581, 26.036884], [119.321015, 26.037], [119.321095, 26.037166], [119.321112, 26.037069], [119.321195, 26.036791], [119.32135, 26.03666], [119.321466, 26.035987], [119.321117, 26.035904], [119.321465, 26.034523], [119.319957, 26.034208], [119.320359, 26.032823], [119.320909, 26.031038], [119.320583, 26.031243], [119.320326, 26.031139], [119.320189, 26.030766], [119.32025, 26.03009], [119.319447, 26.030033], [119.319543, 26.028964], [119.31957, 26.028677], [119.319647, 26.026865], [119.321894, 26.027095], [119.322073, 26.027433], [119.321741, 26.028205], [119.322018, 26.028256], [119.323385, 26.028547], [119.323415, 26.028428], [119.323718, 26.028478], [119.324898, 26.028854], [119.325421, 26.028885], [119.328514, 26.029599], [119.328811, 26.029091], [119.329904, 26.02942], [119.328502, 26.030884], [119.327089, 26.032321], [119.326526, 26.032892], [119.326037, 26.033387], [119.325412, 26.034022], [119.324453, 26.034994], [119.324247, 26.0352], [119.323866, 26.035586], [119.323813, 26.035641], [119.322389, 26.037123], [119.322047, 26.037572], [119.321603, 26.038131], [119.320807, 26.038819], [119.317847, 26.038645], [119.316813, 26.038598], [119.316188, 26.038565], [119.315785, 26.038543]], [[119.321764, 26.030911], [119.322202, 26.030914], [119.322132, 26.031277], [119.32342, 26.031445], [119.323994, 26.031492], [119.324142, 26.031544], [119.324196, 26.031646], [119.325625, 26.031982], [119.325804, 26.031441], [119.32589, 26.031248], [119.326042, 26.031345], [119.326143, 26.031186], [119.326228, 26.031236], [119.32632, 26.031097], [119.326413, 26.03116], [119.32669, 26.03078], [119.32584, 26.030456], [119.321905, 26.029716], [119.321764, 26.030911]]], [[[119.318614, 26.035401], [119.318721, 26.034976], [119.319168, 26.035017], [119.319125, 26.035208], [119.318719, 26.035144], [119.318686, 26.035287], [119.319081, 26.035369], [119.319042, 26.035502], [119.318614, 26.035401]]]]}, "properties": {"display_name": "东升街道, 仓山区, 福州市, 福建省, 中国", "type": "administrative", "osm_type": "relation", "osm_id": 17995290, "class": null, "keyword": "subdistrict"}}, {"type": "Feature", "geometry": {"type": "MultiPolygon", "coordinates": [[[[119.320807, 26.038819], [119.321603, 26.038131], [119.322047, 26.037572], [119.322389, 26.037123], [119.323813, 26.035641], [119.323866, 26.035586], [119.324247, 26.0352], [119.324453, 26.034994], [119.325412, 26.034022], [119.326037, 26.033387], [119.326526, 26.032892], [119.327089, 26.032321], [119.329291, 26.033802], [119.329049, 26.034061], [119.329572, 26.034427], [119.32885, 26.035417], [119.329319, 26.035725], [119.328368, 26.036799], [119.32839, 26.036837], [119.329136, 26.037146], [119.329138, 26.037241], [119.32954, 26.037312], [119.329555, 26.037212], [119.330095, 26.037341], [119.33005, 26.038864], [119.328979, 26.038909], [119.328412, 26.038815], [119.328648, 26.03784], [119.328142, 26.037711], [119.327855, 26.039017], [119.327147, 26.038899], [119.327117, 26.039039], [119.326893, 26.039008], [119.326907, 26.038859], [119.326478, 26.038812], [119.326433, 26.039104], [119.327011, 26.039169], [119.326964, 26.039471], [119.326296, 26.039282], [119.326238, 26.039426], [119.324955, 26.039272], [119.32493, 26.039269], [119.323654, 26.039123], [119.323866, 26.03805], [119.324581, 26.038176], [119.324746, 26.037539], [119.323617, 26.03716], [119.323358, 26.038157], [119.323112, 26.038123], [119.322858, 26.039039], [119.322271, 26.038982], [119.320952, 26.038842], [119.320807, 26.038819]], [[119.324033, 26.036765], [119.325412, 26.037211], [119.325508, 26.036854], [119.325615, 26.036447], [119.325261, 26.036203], [119.325035, 26.036472], [119.324303, 26.036248], [119.324033, 26.036765]]], [[[119.32963, 26.032288], [119.329986, 26.031814], [119.330581, 26.031993], [119.330322, 26.033025], [119.329976, 26.032948], [119.330059, 26.032583], [119.32963, 26.032288]]], [[[119.3352, 26.042661], [119.3363, 26.04189], [119.337026, 26.042262], [119.336984, 26.043136], [119.336856, 26.0434], [119.3352, 26.042661]]], [[[119.337125, 26.040522], [119.337464, 26.040263], [119.337464, 26.039082], [119.337621, 26.038986], [119.33824, 26.039078], [119.338682, 26.039239], [119.338685, 26.040166], [119.339719, 26.04017], [119.339653, 26.041057], [119.338729, 26.041045], [119.338735, 26.041175], [119.338793, 26.042401], [119.337339, 26.042389], [119.337387, 26.040969], [119.337393, 26.040799], [119.337125, 26.040522]]], [[[119.339871, 26.042412], [119.33994, 26.041225], [119.340513, 26.041249], [119.342138, 26.040106], [119.342801, 26.040796], [119.340806, 26.042276], [119.340304, 26.042645], [119.339871, 26.042412]]]]}, "properties": {"display_name": "三叉街街道, 仓山区, 福州市, 福建省, 中国", "type": "administrative", "osm_type": "relation", "osm_id": 17995289, "class": null, "keyword": "subdistrict"}}, {"type": "Feature", "geometry": {"type": "MultiPolygon", "coordinates": [[[[119.355825, 26.031253], [119.355848, 26.031124], [119.355919, 26.030982], [119.356069, 26.03083], [119.356573, 26.030688], [119.357281, 26.030778], [119.357896, 26.030858], [119.358462, 26.030992], [119.359112, 26.031151], [119.359415, 26.031335], [119.359604, 26.030902], [119.359866, 26.030603], [119.359984, 26.030468], [119.360235, 26.030313], [119.360565, 26.030111], [119.361023, 26.029952], [119.360859, 26.029619], [119.360614, 26.028789], [119.360511, 26.028235], [119.360469, 26.027682], [119.36049, 26.02717], [119.360618, 26.026837], [119.360864, 26.026643], [119.361046, 26.026636], [119.361203, 26.026629], [119.361497, 26.026788], [119.361713, 26.027048], [119.361926, 26.027441], [119.362242, 26.028205], [119.362454, 26.029045], [119.36257, 26.030038], [119.362503, 26.030445], [119.362262, 26.030747], [119.361979, 26.030842], [119.361701, 26.03077], [119.361392, 26.030569], [119.361303, 26.030791], [119.361071, 26.031156], [119.360585, 26.03152], [119.360225, 26.031695], [119.360379, 26.031869], [119.360444, 26.032129], [119.360355, 26.032459], [119.360076, 26.032647], [119.359711, 26.032731], [119.35903, 26.032695], [119.357944, 26.032483], [119.356815, 26.032112], [119.356093, 26.031717], [119.355946, 26.031582], [119.355853, 26.031421], [119.355825, 26.031253]]], [[[119.356274, 26.032706], [119.356365, 26.032551], [119.356597, 26.032496], [119.356877, 26.032508], [119.35731, 26.03257], [119.357758, 26.032666], [119.358142, 26.032776], [119.3585, 26.032889], [119.358765, 26.033007], [119.358981, 26.033151], [119.359065, 26.033329], [119.359012, 26.033492], [119.358791, 26.033609], [119.358344, 26.033608], [119.357692, 26.033499], [119.35697, 26.03331], [119.35652, 26.03313], [119.356285, 26.032909], [119.356274, 26.032706]]], [[[119.362435, 26.027411], [119.362504, 26.027204], [119.362678, 26.027127], [119.362904, 26.027143], [119.363142, 26.027361], [119.36333, 26.02777], [119.363517, 26.028424], [119.363619, 26.029014], [119.363606, 26.029415], [119.36347, 26.029611], [119.363287, 26.029653], [119.363091, 26.029572], [119.362938, 26.029373], [119.362814, 26.029132], [119.362699, 26.028807], [119.362589, 26.028459], [119.362495, 26.028053], [119.36244, 26.027663], [119.362435, 26.027411]]]]}, "properties": {"display_name": "海峡国际会展中心, 198号, 环岛绿道, 盖山镇, 仓山区, 福建省, 350000, 中国", "type": "yes", "osm_type": "relation", "osm_id": 11000404, "class": null, "keyword": "city center"}}, {"type": "Feature", "geometry": {"type": "Polygon", "coordinates": [[[119.190136, 26.045479], [119.190142, 26.045381], [119.190526, 26.045297], [119.190902, 26.045247], [119.190935, 26.045176], [119.191003, 26.045053], [119.191123, 26.044984], [119.19132, 26.044947], [119.191501, 26.044962], [119.191622, 26.045033], [119.191781, 26.045282], [119.1919, 26.045309], [119.19206, 26.045345], [119.192287, 26.045703], [119.192493, 26.04615], [119.192547, 26.046504], [119.192561, 26.046991], [119.192537, 26.047026], [119.19219, 26.047053], [119.191559, 26.047088], [119.191085, 26.04712], [119.191082, 26.047121], [119.190331, 26.047211], [119.190136, 26.045479]]]}, "properties": {"display_name": "福州大学城文化艺术中心, 闽侯县, 福州市, 福建省, 350100, 中国", "type": "recreation_ground", "osm_type": "way", "osm_id": 1416222942, "class": null, "keyword": "中心城区"}}, {"type": "Feature", "geometry": {"type": "Polygon", "coordinates": [[[119.73671, 25.60118], [119.738923, 25.599754], [119.738981, 25.599716], [119.739124, 25.599807], [119.739374, 25.599988], [119.739522, 25.600103], [119.739777, 25.600314], [119.740127, 25.600625], [119.740084, 25.600677], [119.737591, 25.602256], [119.737437, 25.602068], [119.73671, 25.60118]]]}, "properties": {"display_name": "平潭驾考中心, 苏平路, 苏平镇, 平潭综合实验区, 平潭县, 福建省, 中国", "type": "driving_school", "osm_type": "way", "osm_id": 1277709265, "class": null, "keyword": "市中心"}}, {"type": "Feature", "geometry": {"type": "Polygon", "coordinates": [[[119.37072, 25.751512], [119.370809, 25.751414], [119.37291, 25.751495], [119.373087, 25.751666], [119.372999, 25.752952], [119.372877, 25.753069], [119.370883, 25.753032], [119.370788, 25.752965], [119.37072, 25.751512]]]}, "properties": {"display_name": "中庚香汇新时代, 阳下街道, 福清市, 福州市, 福建省, 350300, 中国", "type": "residential", "osm_type": "way", "osm_id": 763419849, "class": null, "keyword": "市中心"}}, {"type": "Feature", "geometry": {"type": "Polygon", "coordinates": [[[119.597763, 25.900632], [119.597797, 25.900442], [119.598983, 25.899713], [119.599012, 25.899718], [119.600372, 25.901578], [119.599114, 25.902338], [119.598953, 25.902314], [119.597763, 25.900632]]]}, "properties": {"display_name": "新投时代中心(建设中), 长乐区, 福州市, 福建省, 350200, 中国", "type": "commercial", "osm_type": "way", "osm_id": 1332851869, "class": null, "keyword": "市中心"}}, {"type": "Feature", "geometry": {"type": "Polygon", "coordinates": [[[119.302003, 26.140135], [119.302011, 26.140081], [119.302181, 26.139654], [119.302299, 26.139197], [119.302329, 26.139123], [119.302371, 26.139081], [119.302421, 26.139055], [119.302486, 26.139034], [119.302541, 26.139026], [119.302597, 26.139028], [119.303929, 26.139396], [119.304071, 26.139442], [119.30465, 26.139626], [119.303867, 26.140828], [119.303831, 26.14087], [119.303793, 26.140895], [119.303761, 26.140907], [119.303707, 26.140916], [119.303646, 26.140917], [119.303585, 26.140909], [119.303508, 26.140891], [119.302107, 26.140269], [119.302067, 26.140237], [119.302037, 26.140203], [119.302014, 26.140169], [119.302003, 26.140135]]]}, "properties": {"display_name": "中庚香山新时代, 晋安区, 福州市, 福建省, 中国", "type": "residential", "osm_type": "way", "osm_id": 1280999407, "class": null, "keyword": "市中心"}}, {"type": "Feature", "geometry": {"type": "Polygon", "coordinates": [[[119.594913, 25.896248], [119.596002, 25.895561], [119.596134, 25.895583], [119.596938, 25.896733], [119.596885, 25.896874], [119.595866, 25.897508], [119.594913, 25.896248]]]}, "properties": {"display_name": "福州市疾病预防控制中心, 丹东线, 漳港街道, 长乐区, 福州市, 福建省, 350200, 中国", "type": "laboratory", "osm_type": "way", "osm_id": 1332851860, "class": null, "keyword": "市中心"}}, {"type": "Feature", "geometry": {"type": "Polygon", "coordinates": [[[119.34801, 26.086322], [119.348016, 26.085663], [119.348033, 26.085592], [119.348074, 26.085529], [119.348124, 26.085487], [119.348202, 26.08545], [119.35035, 26.085565], [119.350295, 26.086437], [119.348622, 26.086372], [119.348624, 26.086336], [119.34801, 26.086322]]]}, "properties": {"display_name": "福兴家居物联网展示中心, 前横路, 鼓山镇, 晋安区, 福州市, 福建省, 350014, 中国", "type": "wholesale", "osm_type": "way", "osm_id": 1310616295, "class": null, "keyword": "市中心"}}, {"type": "Feature", "geometry": {"type": "Polygon", "coordinates": [[[119.433092, 26.010717], [119.433231, 26.010596], [119.433525, 26.010261], [119.433552, 26.010257], [119.43386, 26.00989], [119.433971, 26.009767], [119.434161, 26.009895], [119.434159, 26.009943], [119.434356, 26.010081], [119.434383, 26.010049], [119.434612, 26.010203], [119.434587, 26.010237], [119.434895, 26.010461], [119.435038, 26.01053], [119.434904, 26.01078], [119.434846, 26.010864], [119.434476, 26.011371], [119.434384, 26.011485], [119.43431, 26.011554], [119.434153, 26.01168], [119.434084, 26.011643], [119.433862, 26.011467], [119.433854, 26.0114], [119.433569, 26.011184], [119.433534, 26.011218], [119.43315, 26.010917], [119.433162, 26.010903], [119.433099, 26.010863], [119.433099, 26.010818], [119.433149, 26.010764], [119.433092, 26.010717]]]}, "properties": {"display_name": "福州市和平中心小学, 莲峰路, 马尾镇, 马尾区, 福建省, 350015, 中国", "type": "school", "osm_type": "way", "osm_id": 1232564148, "class": null, "keyword": "市中心"}}, {"type": "Feature", "geometry": {"type": "Polygon", "coordinates": [[[119.24001, 26.065706], [119.240014, 26.065664], [119.24003, 26.065628], [119.240055, 26.0656], [119.240092, 26.065564], [119.241269, 26.064925], [119.242138, 26.066149], [119.242107, 26.066201], [119.242063, 26.066243], [119.242005, 26.066285], [119.241277, 26.066513], [119.24117, 26.066513], [119.240954, 26.066456], [119.240105, 26.065864], [119.240061, 26.065828], [119.240028, 26.065785], [119.240016, 26.065747], [119.24001, 26.065706]]]}, "properties": {"display_name": "福州市国德老年康养中心, 金塘路, 马榕新村, 建新镇, 仓山区, 福州市, 福建省, 350008, 中国", "type": "social_facility", "osm_type": "way", "osm_id": 1078951394, "class": null, "keyword": "市中心"}}, {"type": "Feature", "geometry": {"type": "Polygon", "coordinates": [[[119.297477, 26.091386], [119.297562, 26.091072], [119.297919, 26.089739], [119.298294, 26.08979], [119.2984, 26.089804], [119.298318, 26.090277], [119.298762, 26.090326], [119.298714, 26.090658], [119.299055, 26.090701], [119.298964, 26.091009], [119.298667, 26.090982], [119.298588, 26.091393], [119.298513, 26.091411], [119.298074, 26.091492], [119.297718, 26.091497], [119.297526, 26.091465], [119.297483, 26.091434], [119.297477, 26.091386]]]}, "properties": {"display_name": "福建省福州第一中学, 66, 东街, 东街街道, 鼓楼区, 福州市, 福建省, 350001, 中国", "type": "school", "osm_type": "way", "osm_id": 1361425422, "class": null, "keyword": "district"}}, {"type": "Feature", "geometry": {"type": "Polygon", "coordinates": [[[119.318953, 26.123275], [119.320454, 26.122633], [119.32035, 26.124128], [119.320159, 26.124109], [119.320011, 26.124272], [119.319654, 26.124438], [119.318953, 26.123275]]]}, "properties": {"display_name": "福州市西园中心小学, 西园路, 晋安区, 后山村, 福建省, 350003, 中国", "type": "school", "osm_type": "way", "osm_id": 606142588, "class": null, "keyword": "市中心"}}, {"type": "Feature", "geometry": {"type": "Polygon", "coordinates": [[[119.311828, 26.123342], [119.311893, 26.123273], [119.312734, 26.122693], [119.312755, 26.122774], [119.312785, 26.122851], [119.312824, 26.122919], [119.312891, 26.122992], [119.312995, 26.123086], [119.312968, 26.123178], [119.313053, 26.123279], [119.313098, 26.123345], [119.31313, 26.123406], [119.313185, 26.123536], [119.313445, 26.123656], [119.31352, 26.123706], [119.31383, 26.123938], [119.313229, 26.124581], [119.313033, 26.124341], [119.313056, 26.124299], [119.313154, 26.124095], [119.31203, 26.123618], [119.311987, 26.123597], [119.311922, 26.123563], [119.311888, 26.123532], [119.31186, 26.123488], [119.311841, 26.12341], [119.311828, 26.123342]]]}, "properties": {"display_name": "中化地质矿山福建实验中心, 西凤路, 晋安区, 新店镇, 福建省, 350003, 中国", "type": "research_institute", "osm_type": "way", "osm_id": 1304708357, "class": null, "keyword": "市中心"}}, {"type": "Feature", "geometry": {"type": "Polygon", "coordinates": [[[119.346066, 26.075935], [119.346528, 26.075804], [119.34661, 26.075704], [119.346941, 26.075609], [119.347172, 26.075502], [119.347145, 26.075426], [119.347432, 26.075334], [119.347736, 26.075943], [119.347812, 26.076053], [119.347792, 26.076107], [119.347194, 26.07627], [119.34619, 26.076539], [119.346091, 26.076189], [119.34607, 26.076097], [119.346066, 26.075935]]]}, "properties": {"display_name": "中国寿山石交易中心, 鼓山镇, 晋安区, 福州市, 福建省, 中国", "type": "commercial", "osm_type": "way", "osm_id": 1310963814, "class": null, "keyword": "市中心"}}, {"type": "Feature", "geometry": {"type": "Polygon", "coordinates": [[[119.348192, 25.728954], [119.348285, 25.728102], [119.348296, 25.728002], [119.348367, 25.728008], [119.348377, 25.727916], [119.348453, 25.727922], [119.348446, 25.727985], [119.348477, 25.727988], [119.348484, 25.727925], [119.348552, 25.727931], [119.348559, 25.727867], [119.348826, 25.727891], [119.348808, 25.728058], [119.348837, 25.72806], [119.348849, 25.727956], [119.348924, 25.727963], [119.348918, 25.728024], [119.348945, 25.728026], [119.348952, 25.727964], [119.349031, 25.727971], [119.349024, 25.728039], [119.349073, 25.728043], [119.349088, 25.727908], [119.349269, 25.727924], [119.349252, 25.728075], [119.349463, 25.728094], [119.349421, 25.728474], [119.34939, 25.728761], [119.349314, 25.728754], [119.349309, 25.728801], [119.349174, 25.728788], [119.349178, 25.72875], [119.349155, 25.728748], [119.349177, 25.728548], [119.348966, 25.72853], [119.348917, 25.728973], [119.348741, 25.728957], [119.348749, 25.728883], [119.348457, 25.728857], [119.348448, 25.728934], [119.348268, 25.728917], [119.348263, 25.72896], [119.348192, 25.728954]]]}, "properties": {"display_name": "福清市文化艺术中心, 万安路, 音西街道, 福清市, 福建省, 350300, 中国", "type": "public", "osm_type": "way", "osm_id": 754389395, "class": null, "keyword": "市中心"}}, {"type": "Feature", "geometry": {"type": "Polygon", "coordinates": [[[119.592872, 25.863349], [119.593042, 25.862943], [119.592973, 25.862911], [119.592937, 25.862632], [119.592976, 25.862489], [119.592991, 25.862342], [119.593542, 25.861083], [119.593591, 25.861144], [119.593706, 25.862171], [119.593148, 25.863443], [119.592872, 25.863349]]]}, "properties": {"display_name": "福州市水上项目管理中心, 云彩路, 长乐区, 福州市, 福建省, 350200, 中国", "type": "pavilion", "osm_type": "way", "osm_id": 1289045850, "class": null, "keyword": "市中心"}}, {"type": "Feature", "geometry": {"type": "Polygon", "coordinates": [[[119.733169, 25.602412], [119.733712, 25.602092], [119.734413, 25.60306], [119.733869, 25.60338], [119.733169, 25.602412]]]}, "properties": {"display_name": "金工实习中心, X162, 苏平镇, 平潭综合实验区, 平潭县, 中楼, 福建省, 中国", "type": "yes", "osm_type": "way", "osm_id": 1277725894, "class": null, "keyword": "市中心"}}, {"type": "Feature", "geometry": {"type": "Polygon", "coordinates": [[[119.515113, 25.965492], [119.515191, 25.965396], [119.51529, 25.965128], [119.515315, 25.965095], [119.515526, 25.964817], [119.515777, 25.96487], [119.515907, 25.964887], [119.515886, 25.96502], [119.51598, 25.965172], [119.51614, 25.965369], [119.516216, 25.965487], [119.515642, 25.965791], [119.515322, 25.965789], [119.515133, 25.965573], [119.515113, 25.965492]]]}, "properties": {"display_name": "吴航中心小学, 高隍巷, 上巷, 吴航街道, 长乐区, 福州市, 福建省, 350200, 中国", "type": "school", "osm_type": "way", "osm_id": 1000474032, "class": null, "keyword": "中心商務區"}}, {"type": "Feature", "geometry": {"type": "MultiPolygon", "coordinates": [[[[119.33108, 26.067601], [119.331086, 26.067464], [119.331494, 26.067477], [119.331491, 26.067546], [119.3316, 26.06755], [119.331595, 26.067675], [119.331455, 26.06767], [119.331457, 26.067613], [119.33108, 26.067601]]], [[[119.331626, 26.067901], [119.331676, 26.067646], [119.331919, 26.06763], [119.331949, 26.067589], [119.332091, 26.067618], [119.332137, 26.067577], [119.33247, 26.067768], [119.33251, 26.067715], [119.332687, 26.067918], [119.332513, 26.068039], [119.332543, 26.06814], [119.332328, 26.068191], [119.332352, 26.068331], [119.332244, 26.068338], [119.332223, 26.068203], [119.332172, 26.068101], [119.332061, 26.067998], [119.331868, 26.067927], [119.331626, 26.067901]]], [[[119.332382, 26.068395], [119.332385, 26.068193], [119.332768, 26.068197], [119.332773, 26.068113], [119.332977, 26.068122], [119.332964, 26.068366], [119.332759, 26.068358], [119.332765, 26.068399], [119.332382, 26.068395]]], [[[119.332606, 26.067639], [119.332797, 26.067582], [119.332935, 26.067954], [119.332743, 26.068011], [119.332606, 26.067639]]]]}, "properties": {"display_name": "福州电视中心, 连江中路, 鼓山镇, 晋安区, 吴墩村, 福建省, 350009, 中国", "type": "government", "osm_type": "relation", "osm_id": 11024140, "class": null, "keyword": "市中心"}}, {"type": "Feature", "geometry": {"type": "Polygon", "coordinates": [[[119.306576, 26.135521], [119.306645, 26.135192], [119.307867, 26.135404], [119.307753, 26.135845], [119.307738, 26.135869], [119.307721, 26.135883], [119.307688, 26.135896], [119.307653, 26.135898], [119.307612, 26.135892], [119.306657, 26.13566], [119.306625, 26.135641], [119.306602, 26.135619], [119.306587, 26.135592], [119.306578, 26.135562], [119.306576, 26.135521]]]}, "properties": {"display_name": "金城商业中心, 晋安区, 福州市, 福建省, 中国", "type": "commercial", "osm_type": "way", "osm_id": 450312369, "class": null, "keyword": "中心城区"}}, {"type": "Feature", "geometry": {"type": "Polygon", "coordinates": [[[119.302442, 26.075258], [119.302468, 26.074752], [119.303493, 26.074839], [119.30345, 26.075475], [119.303058, 26.075451], [119.302983, 26.075311], [119.302442, 26.075258]]]}, "properties": {"display_name": "福州市民服务中心, 高桥路, 茶亭街道, 台江区, 福州市, 福建省, 350000, 中国", "type": "office", "osm_type": "way", "osm_id": 537562022, "class": null, "keyword": "市中心"}}, {"type": "Feature", "geometry": {"type": "Polygon", "coordinates": [[[119.563767, 26.085638], [119.563999, 26.085566], [119.564146, 26.085563], [119.564184, 26.085552], [119.564223, 26.085541], [119.564308, 26.085469], [119.564577, 26.085417], [119.564583, 26.085653], [119.564851, 26.085647], [119.564753, 26.085863], [119.564426, 26.08597], [119.563847, 26.086165], [119.563812, 26.086059], [119.563779, 26.085699], [119.563767, 26.085638]]]}, "properties": {"display_name": "福州市琅岐中心幼儿园, 通和路, 琅岐镇, 马尾区, 福州市, 福建省, 中国", "type": "kindergarten", "osm_type": "way", "osm_id": 1296479744, "class": null, "keyword": "市中心"}}, {"type": "Feature", "geometry": {"type": "Polygon", "coordinates": [[[119.190377, 26.03277], [119.190382, 26.03267], [119.190475, 26.032586], [119.191608, 26.032639], [119.191576, 26.033185], [119.190728, 26.033145], [119.190739, 26.032949], [119.190728, 26.032948], [119.19073, 26.032901], [119.190746, 26.032901], [119.190749, 26.032834], [119.190732, 26.032834], [119.190734, 26.032784], [119.190377, 26.03277]], [[119.190866, 26.032946], [119.191369, 26.032971], [119.191377, 26.032836], [119.190874, 26.032812], [119.190866, 26.032946]]]}, "properties": {"display_name": "实训中心, 学府南路, 闽侯县, 岐头村, 福建省, 350100, 中国", "type": "university", "osm_type": "relation", "osm_id": 18912174, "class": null, "keyword": "市中心"}}, {"type": "Feature", "geometry": {"type": "Polygon", "coordinates": [[[119.348785, 26.097914], [119.348864, 26.097546], [119.348887, 26.097492], [119.348913, 26.097453], [119.348944, 26.097433], [119.348978, 26.097414], [119.34902, 26.097401], [119.349077, 26.097395], [119.349438, 26.097439], [119.349566, 26.097445], [119.349619, 26.097448], [119.349674, 26.097461], [119.349729, 26.09747], [119.349762, 26.097478], [119.349804, 26.097485], [119.34988, 26.097483], [119.349971, 26.097483], [119.349945, 26.097641], [119.349629, 26.097606], [119.349611, 26.097626], [119.349602, 26.097666], [119.34957, 26.097922], [119.349552, 26.097949], [119.34952, 26.097972], [119.349473, 26.09799], [119.349431, 26.097993], [119.348785, 26.097914]]]}, "properties": {"display_name": "福州市鼓山中心幼儿园鹿溪分部, 重北路, 鼓山镇, 晋安区, 东山村, 福建省, 350014, 中国", "type": "kindergarten", "osm_type": "way", "osm_id": 1227452550, "class": null, "keyword": "市中心"}}, {"type": "Feature", "geometry": {"type": "MultiPolygon", "coordinates": [[[[119.540866, 26.198992], [119.540874, 26.198982], [119.540925, 26.198913], [119.540944, 26.198887], [119.541079, 26.19875], [119.541107, 26.198722], [119.541122, 26.198714], [119.541139, 26.198706], [119.541428, 26.198939], [119.541464, 26.198965], [119.541514, 26.199003], [119.541478, 26.199044], [119.541465, 26.19906], [119.541415, 26.199117], [119.541472, 26.199153], [119.541453, 26.199175], [119.541494, 26.1992], [119.541524, 26.199219], [119.541513, 26.199231], [119.5415, 26.199244], [119.54142, 26.19933], [119.540866, 26.198992]]], [[[119.54146, 26.198884], [119.541474, 26.19887], [119.541524, 26.198823], [119.541535, 26.198813], [119.541551, 26.198798], [119.541585, 26.198765], [119.541722, 26.198633], [119.541506, 26.198455], [119.541544, 26.198397], [119.541599, 26.198412], [119.541687, 26.198435], [119.541967, 26.198512], [119.541984, 26.198518], [119.542004, 26.198528], [119.542024, 26.198545], [119.542034, 26.19857], [119.542031, 26.198605], [119.542017, 26.198689], [119.542014, 26.198705], [119.542005, 26.198736], [119.541991, 26.198783], [119.541971, 26.198827], [119.541939, 26.198873], [119.541905, 26.198915], [119.541859, 26.198962], [119.541837, 26.198983], [119.541767, 26.199054], [119.541735, 26.199087], [119.54173, 26.199088], [119.541725, 26.199089], [119.541724, 26.199099], [119.541718, 26.199094], [119.541683, 26.199065], [119.541521, 26.198934], [119.54146, 26.198884]]]]}, "properties": {"display_name": "连江县教师进修学校第二附属小学, 150, 为民路, 杭下, 凤城镇, 连江县, 福州市, 福建省, 350599, 中国", "type": "school", "osm_type": "relation", "osm_id": 18420281, "class": null, "keyword": "中心城区"}}, {"type": "Feature", "geometry": {"type": "Polygon", "coordinates": [[[119.311762, 26.14492], [119.311769, 26.1449], [119.311965, 26.144597], [119.312544, 26.144898], [119.312572, 26.14492], [119.312594, 26.144951], [119.31261, 26.144977], [119.312623, 26.145015], [119.312623, 26.145053], [119.312617, 26.145091], [119.312605, 26.145128], [119.312354, 26.14549], [119.312038, 26.145367], [119.312055, 26.145307], [119.312063, 26.145262], [119.312063, 26.145214], [119.312061, 26.145184], [119.312056, 26.145159], [119.312048, 26.145131], [119.312031, 26.145102], [119.312006, 26.145079], [119.311805, 26.144982], [119.311788, 26.144971], [119.311772, 26.144957], [119.311763, 26.144941], [119.311762, 26.14492]]]}, "properties": {"display_name": "福州市新店中心幼儿园-战峰分部, 九牧巷, 战坂, 晋安区, 溪里村, 福建省, 350012, 中国", "type": "kindergarten", "osm_type": "way", "osm_id": 1230398793, "class": null, "keyword": "市中心"}}, {"type": "Feature", "geometry": {"type": "Polygon", "coordinates": [[[119.30089, 26.141025], [119.301066, 26.140472], [119.301065, 26.140442], [119.301055, 26.140411], [119.301041, 26.140384], [119.301023, 26.140359], [119.301076, 26.140184], [119.301424, 26.140274], [119.301462, 26.14029], [119.301497, 26.140314], [119.301522, 26.140336], [119.301548, 26.140361], [119.301562, 26.140379], [119.301566, 26.140402], [119.301362, 26.141133], [119.30089, 26.141025]]]}, "properties": {"display_name": "福州市新店中心幼儿园, 后塘路, 晋安区, 新店村, 福建省, 350003, 中国", "type": "kindergarten", "osm_type": "way", "osm_id": 1230398805, "class": null, "keyword": "市中心"}}, {"type": "Feature", "geometry": {"type": "Polygon", "coordinates": [[[119.35614, 26.09536], [119.356249, 26.094794], [119.356869, 26.094868], [119.3569, 26.094893], [119.356919, 26.094931], [119.356925, 26.094976], [119.356924, 26.095026], [119.356916, 26.095067], [119.3569, 26.095112], [119.35688, 26.095156], [119.356874, 26.095198], [119.356858, 26.095454], [119.35614, 26.09536]]]}, "properties": {"display_name": "福州市鼓山中心幼儿园, 拥上路, 横屿佳苑社区, 鼓山镇, 晋安区, 东山村, 福建省, 350014, 中国", "type": "kindergarten", "osm_type": "way", "osm_id": 1227436321, "class": null, "keyword": "市中心"}}, {"type": "Feature", "geometry": {"type": "Polygon", "coordinates": [[[119.345821, 25.983341], [119.345919, 25.983106], [119.34589, 25.983027], [119.346325, 25.982934], [119.34651, 25.982899], [119.346612, 25.983223], [119.346748, 25.983195], [119.346789, 25.983363], [119.34589, 25.983561], [119.345821, 25.983341]]]}, "properties": {"display_name": "福州市螺洲中心小学, 环岛绿道, 螺洲镇, 仓山区, 福州市, 福建省, 380018, 中国", "type": "school", "osm_type": "way", "osm_id": 1257098126, "class": null, "keyword": "市中心"}}, {"type": "Feature", "geometry": {"type": "Polygon", "coordinates": [[[119.332368, 26.029553], [119.332517, 26.029068], [119.332805, 26.029123], [119.333207, 26.029206], [119.333072, 26.029765], [119.332789, 26.029686], [119.33244, 26.029576], [119.332368, 26.029553]]]}, "properties": {"display_name": "福州市海洋与渔业技术中心, 双湖二路, 盖山镇, 仓山区, 福建省, 350007, 中国", "type": "research_institute", "osm_type": "way", "osm_id": 1060037670, "class": null, "keyword": "市中心"}}, {"type": "Feature", "geometry": {"type": "Polygon", "coordinates": [[[119.503439, 25.942642], [119.504134, 25.942594], [119.50418, 25.943128], [119.503484, 25.943175], [119.503439, 25.942642]]]}, "properties": {"display_name": "中石化森美长乐中心加油站, G316, 莲柄港, 长乐区, 联村村, 福建省, 350200, 中国", "type": "fuel", "osm_type": "way", "osm_id": 1319392925, "class": null, "keyword": "市中心"}}, {"type": "Feature", "geometry": {"type": "Polygon", "coordinates": [[[119.234189, 26.070265], [119.234403, 26.069649], [119.234871, 26.06978], [119.234954, 26.069803], [119.23474, 26.070419], [119.234189, 26.070265]]]}, "properties": {"display_name": "福州市建新镇中心幼儿园, 洪塘支路, 建新镇, 仓山区, 福州市, 福建省, 350008, 中国", "type": "kindergarten", "osm_type": "way", "osm_id": 1078128298, "class": null, "keyword": "市中心"}}, {"type": "Feature", "geometry": {"type": "Polygon", "coordinates": [[[119.302414, 26.043339], [119.302698, 26.043162], [119.302845, 26.043329], [119.303181, 26.043164], [119.3032, 26.043136], [119.303214, 26.043099], [119.303255, 26.04298], [119.303247, 26.04286], [119.303337, 26.042804], [119.303312, 26.042945], [119.303423, 26.043089], [119.303586, 26.043052], [119.303618, 26.043066], [119.303609, 26.043098], [119.303537, 26.043148], [119.303503, 26.043248], [119.303391, 26.043387], [119.303046, 26.043572], [119.3029, 26.043628], [119.302842, 26.043633], [119.30278, 26.043624], [119.30273, 26.043612], [119.302662, 26.043591], [119.302576, 26.043535], [119.302414, 26.043339]]]}, "properties": {"display_name": "福建省高等学校师资培训中心, 对湖街道, 仓山区, 福州市, 福建省, 中国", "type": "education", "osm_type": "way", "osm_id": 1057128301, "class": null, "keyword": "市中心"}}, {"type": "Feature", "geometry": {"type": "Polygon", "coordinates": [[[119.287093, 26.13312], [119.288213, 26.133288], [119.288132, 26.133872], [119.287691, 26.133808], [119.287661, 26.13379], [119.287634, 26.133768], [119.287607, 26.133738], [119.287587, 26.1337], [119.287635, 26.133274], [119.287099, 26.133187], [119.287093, 26.13312]]]}, "properties": {"display_name": "福州市鼓山中心幼儿园-西庄分部, 西庄路, 晋安区, 新店村, 福建省, 350003, 中国", "type": "kindergarten", "osm_type": "way", "osm_id": 1230373354, "class": null, "keyword": "市中心"}}, {"type": "Feature", "geometry": {"type": "Polygon", "coordinates": [[[119.352007, 26.077933], [119.352051, 26.07759], [119.352069, 26.077531], [119.352092, 26.077496], [119.352121, 26.077475], [119.352165, 26.077455], [119.35221, 26.077443], [119.352751, 26.077482], [119.352711, 26.077987], [119.352007, 26.077933]]]}, "properties": {"display_name": "福州市公安局执法办案中心, 双福路, 鼓山镇, 晋安区, 吴墩村, 福建省, 350014, 中国", "type": "police", "osm_type": "way", "osm_id": 791650679, "class": null, "keyword": "市中心"}}, {"type": "Feature", "geometry": {"type": "Polygon", "coordinates": [[[119.295371, 26.082744], [119.295489, 26.08226], [119.296152, 26.082373], [119.296, 26.082878], [119.295584, 26.082787], [119.295371, 26.082744]]]}, "properties": {"display_name": "福州清真寺, 八一七北路, 安泰街道, 鼓楼区, 福州市, 福建省, 350000, 中国", "type": "place_of_worship", "osm_type": "way", "osm_id": 1343714123, "class": null, "keyword": "district"}}, {"type": "Feature", "geometry": {"type": "Polygon", "coordinates": [[[119.470367, 25.853156], [119.470934, 25.853006], [119.471059, 25.853341], [119.471141, 25.853454], [119.470837, 25.853733], [119.470734, 25.853639], [119.470652, 25.85349], [119.470465, 25.85344], [119.470367, 25.853156]]]}, "properties": {"display_name": "罗联中心幼儿园, 营融线, 蕉岭, 长乐区, 福建省, 350200, 中国", "type": "kindergarten", "osm_type": "way", "osm_id": 1327715177, "class": null, "keyword": "中心商務區"}}, {"type": "Feature", "geometry": {"type": "Polygon", "coordinates": [[[119.542263, 26.214894], [119.542268, 26.214858], [119.542499, 26.21426], [119.542903, 26.214374], [119.542634, 26.215046], [119.542345, 26.214974], [119.542316, 26.214963], [119.542293, 26.214948], [119.542273, 26.214924], [119.542263, 26.214894]]]}, "properties": {"display_name": "连江县凤城中心幼儿园, 金安东路, 文笔社区, 凤城镇, 连江县, 福州市, 福建省, 350599, 中国", "type": "kindergarten", "osm_type": "way", "osm_id": 1287924479, "class": null, "keyword": "中心城区"}}, {"type": "Feature", "geometry": {"type": "Polygon", "coordinates": [[[119.35538, 25.721037], [119.355589, 25.7205], [119.355772, 25.720564], [119.355822, 25.720581], [119.355866, 25.720582], [119.355901, 25.720589], [119.355933, 25.720598], [119.355952, 25.720608], [119.355978, 25.720623], [119.355998, 25.720644], [119.356019, 25.720668], [119.356027, 25.720687], [119.356059, 25.720684], [119.356067, 25.720711], [119.35607, 25.720736], [119.356067, 25.720763], [119.356052, 25.720791], [119.356031, 25.720811], [119.356001, 25.720827], [119.355993, 25.720807], [119.355969, 25.72082], [119.355917, 25.720838], [119.355863, 25.720842], [119.355787, 25.720824], [119.35574, 25.720942], [119.355817, 25.720967], [119.355746, 25.721145], [119.35538, 25.721037]]]}, "properties": {"display_name": "福清市广播电视中心, 景观大道, 音西街道, 福清市, 福州市, 福清市, 福建省, 350300, 中国", "type": "government", "osm_type": "way", "osm_id": 733899016, "class": null, "keyword": "市中心"}}, {"type": "Feature", "geometry": {"type": "Polygon", "coordinates": [[[119.185948, 26.072347], [119.185948, 26.072118], [119.186289, 26.072128], [119.18639, 26.072131], [119.186481, 26.072147], [119.186546, 26.07217], [119.18662, 26.07222], [119.18667, 26.072271], [119.1867, 26.072342], [119.186707, 26.072429], [119.186699, 26.072523], [119.186711, 26.072629], [119.186738, 26.072695], [119.186777, 26.07275], [119.186833, 26.072806], [119.186903, 26.072855], [119.186804, 26.072979], [119.186729, 26.07294], [119.186689, 26.072905], [119.186654, 26.072864], [119.186616, 26.072819], [119.186586, 26.072779], [119.186562, 26.072705], [119.18655, 26.072637], [119.186546, 26.072568], [119.186546, 26.072476], [119.186539, 26.072405], [119.186524, 26.072347], [119.186483, 26.072291], [119.186418, 26.072259], [119.186303, 26.072253], [119.186203, 26.072254], [119.186199, 26.072356], [119.185948, 26.072347]]]}, "properties": {"display_name": "动物实验中心, 源通东路, 闽侯县, 中美村, 福建省, 350100, 中国", "type": "university", "osm_type": "way", "osm_id": 963537278, "class": null, "keyword": "市中心"}}, {"type": "Feature", "geometry": {"type": "Polygon", "coordinates": [[[119.507005, 25.975516], [119.507356, 25.975424], [119.507496, 25.975892], [119.507142, 25.975996], [119.507005, 25.975516]]]}, "properties": {"display_name": "航城中心幼儿园, 里仁路, 坊口, 吴航街道, 长乐区, 福州市, 福建省, 350200, 中国", "type": "school", "osm_type": "way", "osm_id": 1000510276, "class": null, "keyword": "中心城区"}}, {"type": "Feature", "geometry": {"type": "Polygon", "coordinates": [[[118.851044, 26.223132], [118.851341, 26.222782], [118.851386, 26.222713], [118.851423, 26.222683], [118.851479, 26.222655], [118.851649, 26.222624], [118.851553, 26.222863], [118.851301, 26.223188], [118.851185, 26.22312], [118.851044, 26.223132]]]}, "properties": {"display_name": "福州市公路事业发展中心闽清分中心, 梅溪路, 闽清县, 福建省, 中国", "type": "government", "osm_type": "way", "osm_id": 1301199501, "class": null, "keyword": "市中心"}}, {"type": "Feature", "geometry": {"type": "Polygon", "coordinates": [[[119.525414, 25.951731], [119.525686, 25.951715], [119.52574, 25.952167], [119.525592, 25.952217], [119.525489, 25.9521], [119.525414, 25.951731]]]}, "properties": {"display_name": "闽投长乐青少年法中心汽车充电站, 南美路, 岭口, 吴航街道, 长乐区, 福州市, 福建省, 350200, 中国", "type": "charging_station", "osm_type": "way", "osm_id": 1419609595, "class": null, "keyword": "中心商務區"}}, {"type": "Feature", "geometry": {"type": "Polygon", "coordinates": [[[119.356678, 26.005992], [119.356814, 26.005627], [119.356915, 26.00566], [119.356943, 26.005682], [119.356971, 26.005722], [119.356998, 26.005777], [119.357016, 26.005827], [119.357028, 26.00588], [119.357039, 26.005931], [119.357044, 26.005979], [119.357048, 26.006027], [119.357043, 26.006082], [119.35699, 26.006086], [119.356979, 26.006087], [119.356678, 26.005992]]]}, "properties": {"display_name": "福州市道路交通事故快速处理(城南)服务中心, 福峡路, 城门镇, 仓山区, 福建省, 380018, 中国", "type": "yes", "osm_type": "way", "osm_id": 968094272, "class": null, "keyword": "中心城区"}}, {"type": "Feature", "geometry": {"type": "Polygon", "coordinates": [[[119.271848, 26.032611], [119.271931, 26.032345], [119.27205, 26.032375], [119.27204, 26.032409], [119.272154, 26.032438], [119.272162, 26.03241], [119.272465, 26.032486], [119.272423, 26.03262], [119.272057, 26.032528], [119.272018, 26.032654], [119.271848, 26.032611]]]}, "properties": {"display_name": "福建广播电视中心金山工作区, 金洲南路, 建华小区, 建新镇, 仓山区, 福州市, 福建省, 350008, 中国", "type": "studio", "osm_type": "way", "osm_id": 1375460379, "class": null, "keyword": "市中心"}}, {"type": "Feature", "geometry": {"type": "Polygon", "coordinates": [[[119.53761, 26.201917], [119.537685, 26.201599], [119.537859, 26.20163], [119.537778, 26.201952], [119.53761, 26.201917]]]}, "properties": {"display_name": "凤城镇社区卫生服务中心, 文山南路, 百凤社区, 凤城镇, 连江县, 福州市, 福建省, 350599, 中国", "type": "clinic", "osm_type": "way", "osm_id": 1290139413, "class": null, "keyword": "中心城区"}}, {"type": "Feature", "geometry": {"type": "Polygon", "coordinates": [[[119.363878, 25.994573], [119.363882, 25.994457], [119.36434, 25.99447], [119.364336, 25.994585], [119.363878, 25.994573]]]}, "properties": {"display_name": "城门镇计划生育服务中心, 白云路, 城门镇, 仓山区, 福建省, 350018, 中国", "type": "yes", "osm_type": "way", "osm_id": 1250207262, "class": null, "keyword": "中心城区"}}, {"type": "Feature", "geometry": {"type": "Polygon", "coordinates": [[[119.519105, 25.961016], [119.51926, 25.96092], [119.519419, 25.960999], [119.51933, 25.961176], [119.519185, 25.961176], [119.519105, 25.961016]]]}, "properties": {"display_name": "和平古街游客中心, 郑和东路, 鳌头, 吴航街道, 长乐区, 福州市, 福建省, 350200, 中国", "type": "office", "osm_type": "way", "osm_id": 1370141455, "class": null, "keyword": "中心商務區"}}, {"type": "Feature", "geometry": {"type": "Polygon", "coordinates": [[[119.540143, 26.201089], [119.540169, 26.201024], [119.540315, 26.201071], [119.540338, 26.201015], [119.540543, 26.201082], [119.540486, 26.201223], [119.540311, 26.201166], [119.540319, 26.201146], [119.540143, 26.201089]]]}, "properties": {"display_name": "连江县新时代文明实践中心, 玉荷东路, 杭下, 凤城镇, 连江县, 福州市, 福建省, 350599, 中国", "type": "government", "osm_type": "way", "osm_id": 1352776201, "class": null, "keyword": "市中心"}}, {"type": "Feature", "geometry": {"type": "Polygon", "coordinates": [[[119.37373, 25.984587], [119.373846, 25.984434], [119.374008, 25.984532], [119.373894, 25.984689], [119.37373, 25.984587]]]}, "properties": {"display_name": "麦当劳, 福峡路, 城门镇, 仓山区, 福建省, 380018, 中国", "type": "fast_food", "osm_type": "way", "osm_id": 1246078719, "class": null, "keyword": "老城区"}}, {"type": "Feature", "geometry": {"type": "Polygon", "coordinates": [[[119.532831, 26.199333], [119.532832, 26.199331], [119.532867, 26.199241], [119.532904, 26.199253], [119.53301, 26.199287], [119.533124, 26.199323], [119.533119, 26.199337], [119.533088, 26.199415], [119.532974, 26.199379], [119.532868, 26.199345], [119.532831, 26.199333]]]}, "properties": {"display_name": "麦当劳, 化龙街, 西北街社区, 凤城镇, 连江县, 福州市, 福建省, 350599, 中国", "type": "fast_food", "osm_type": "way", "osm_id": 1418091423, "class": null, "keyword": "老城区"}}, {"type": "Feature", "geometry": {"type": "Polygon", "coordinates": [[[119.532299, 26.201159], [119.532367, 26.201131], [119.532412, 26.201122], [119.532445, 26.201128], [119.532439, 26.201147], [119.532433, 26.201165], [119.532324, 26.20121], [119.532299, 26.201159]]]}, "properties": {"display_name": "养老服务站, 北门路, 西南街社区, 凤城镇, 连江县, 福州市, 福建省, 350599, 中国", "type": "social_facility", "osm_type": "way", "osm_id": 1368213647, "class": null, "keyword": "老城区"}}]}