{"type": "FeatureCollection", "features": [{"type": "Feature", "geometry": {"type": "Polygon", "coordinates": [[[112.260551, 34.57599], [112.26082, 34.5749], [112.26216, 34.57223], [112.26226, 34.57183], [112.262239, 34.568925], [112.262277, 34.568316], [112.262241, 34.56746], [112.26184, 34.56685], [112.26172, 34.56653], [112.26167, 34.56566], [112.26183, 34.56524], [112.262461, 34.56453], [112.263331, 34.563737], [112.263361, 34.56371], [112.2642, 34.5626], [112.264722, 34.562053], [112.266111, 34.56082], [112.26724, 34.56013], [112.26752, 34.55982], [112.267801, 34.55848], [112.26797, 34.55676], [112.270051, 34.5569], [112.270201, 34.55686], [112.270431, 34.55619], [112.27241, 34.55241], [112.272991, 34.55083], [112.27447, 34.5474], [112.274701, 34.54704], [112.275136, 34.546754], [112.27594, 34.54645], [112.27751, 34.54638], [112.280861, 34.54701], [112.281981, 34.54705], [112.283251, 34.5472], [112.2844, 34.54714], [112.28606, 34.54676], [112.29365, 34.54939], [112.29448, 34.55055], [112.298865, 34.557434], [112.300061, 34.55864], [112.303761, 34.56012], [112.305031, 34.56049], [112.305972, 34.560859], [112.316011, 34.56557], [112.317532, 34.567309], [112.320204, 34.569628], [112.324476, 34.569539], [112.332568, 34.571209], [112.34117, 34.577153], [112.342936, 34.579999], [112.347467, 34.582465], [112.3447, 34.585569], [112.347946, 34.587781], [112.346782, 34.590531], [112.344003, 34.58945], [112.342318, 34.593474], [112.345011, 34.594268], [112.345022, 34.594441], [112.345167, 34.59482], [112.345451, 34.595213], [112.345542, 34.595615], [112.345526, 34.595927], [112.345621, 34.595942], [112.345703, 34.595951], [112.345873, 34.59597], [112.345896, 34.59597], [112.34603, 34.595973], [112.34619, 34.596003], [112.346287, 34.59601], [112.346422, 34.596019], [112.346596, 34.596041], [112.34674, 34.596135], [112.346766, 34.596219], [112.346726, 34.596485], [112.346682, 34.596639], [112.346613, 34.596902], [112.346566, 34.597074], [112.346501, 34.597213], [112.346479, 34.597259], [112.346475, 34.597361], [112.346452, 34.597463], [112.346505, 34.597462], [112.346578, 34.597462], [112.346791, 34.597495], [112.346898, 34.597526], [112.346992, 34.597579], [112.346913, 34.597678], [112.346889, 34.59779], [112.346869, 34.597883], [112.346795, 34.598048], [112.346668, 34.598224], [112.346262, 34.598945], [112.345623, 34.598801], [112.345835, 34.598267], [112.345456, 34.598154], [112.345255, 34.598773], [112.344719, 34.598625], [112.344611, 34.598939], [112.344516, 34.599216], [112.344516, 34.599217], [112.344457, 34.59947], [112.344455, 34.599481], [112.344425, 34.599667], [112.344524, 34.599697], [112.34468, 34.599673], [112.344758, 34.599661], [112.344899, 34.599637], [112.344921, 34.599641], [112.344932, 34.599666], [112.34493, 34.599704], [112.344851, 34.599834], [112.344782, 34.600076], [112.344781, 34.60008], [112.34478, 34.600084], [112.344771, 34.600124], [112.344712, 34.600377], [112.34469, 34.600515], [112.344658, 34.600608], [112.344644, 34.600626], [112.344598, 34.600685], [112.344649, 34.600727], [112.344682, 34.600738], [112.344829, 34.600807], [112.345049, 34.60091], [112.345247, 34.601004], [112.345178, 34.601163], [112.345129, 34.601309], [112.345112, 34.601345], [112.34508, 34.601409], [112.344951, 34.601361], [112.344916, 34.601347], [112.344683, 34.601252], [112.344584, 34.601216], [112.344518, 34.601192], [112.344493, 34.601183], [112.344479, 34.601176], [112.344257, 34.601062], [112.343988, 34.600958], [112.343947, 34.600942], [112.343891, 34.600914], [112.343769, 34.600853], [112.34366, 34.600798], [112.343547, 34.600759], [112.343369, 34.600698], [112.343243, 34.60067], [112.343183, 34.600712], [112.343144, 34.600772], [112.343043, 34.600949], [112.342947, 34.601099], [112.342814, 34.601294], [112.342747, 34.601441], [112.342685, 34.60161], [112.34258, 34.601807], [112.342546, 34.60191], [112.342522, 34.601976], [112.342487, 34.602076], [112.342428, 34.602246], [112.34241, 34.602299], [112.342355, 34.602502], [112.342266, 34.6027], [112.34223, 34.602813], [112.342146, 34.603071], [112.342099, 34.60324], [112.342111, 34.603335], [112.341986, 34.603336], [112.341654, 34.603235], [112.34148, 34.603217], [112.341144, 34.603126], [112.340942, 34.603048], [112.340574, 34.602896], [112.340363, 34.602818], [112.340167, 34.602752], [112.340053, 34.602729], [112.339949, 34.60286], [112.339855, 34.602972], [112.339748, 34.603113], [112.339639, 34.603263], [112.339559, 34.603343], [112.339467, 34.603425], [112.339434, 34.603454], [112.339246, 34.60361], [112.339111, 34.603726], [112.339089, 34.603745], [112.339056, 34.603789], [112.338933, 34.603954], [112.338753, 34.604272], [112.338549, 34.60465], [112.338398, 34.604861], [112.338111, 34.605486], [112.33788, 34.606055], [112.337623, 34.606661], [112.337648, 34.60667], [112.337884, 34.606763], [112.338042, 34.606809], [112.338202, 34.606857], [112.338287, 34.606878], [112.338375, 34.606899], [112.338646, 34.606927], [112.338665, 34.606929], [112.338713, 34.606932], [112.338943, 34.606947], [112.339193, 34.606901], [112.339561, 34.606831], [112.33989, 34.606762], [112.340114, 34.606738], [112.340307, 34.606738], [112.34031, 34.606871], [112.34028, 34.607162], [112.340187, 34.607346], [112.339994, 34.607557], [112.339917, 34.607762], [112.339888, 34.607865], [112.339868, 34.60809], [112.339842, 34.608375], [112.339826, 34.608649], [112.33984, 34.608816], [112.339867, 34.608913], [112.339931, 34.609015], [112.339953, 34.609096], [112.33995, 34.609135], [112.33992, 34.609269], [112.339903, 34.609365], [112.339886, 34.609401], [112.339845, 34.60946], [112.339755, 34.609551], [112.339613, 34.609738], [112.339622, 34.609766], [112.339669, 34.609901], [112.339703, 34.610006], [112.33973, 34.610076], [112.33976, 34.610113], [112.339799, 34.610152], [112.339826, 34.610273], [112.339841, 34.610344], [112.339836, 34.6106], [112.339822, 34.610706], [112.339582, 34.610642], [112.339481, 34.610617], [112.33946, 34.610612], [112.339332, 34.61058], [112.339136, 34.610487], [112.338937, 34.610423], [112.338737, 34.610359], [112.338568, 34.610302], [112.338303, 34.610233], [112.338269, 34.610238], [112.338214, 34.610245], [112.338159, 34.610252], [112.338074, 34.610318], [112.337977, 34.610435], [112.337931, 34.61049], [112.337891, 34.610532], [112.337856, 34.610562], [112.337814, 34.610584], [112.33759, 34.610594], [112.337373, 34.610557], [112.337355, 34.610559], [112.337341, 34.610571], [112.337302, 34.610777], [112.337293, 34.610923], [112.337094, 34.610876], [112.336945, 34.610824], [112.336841, 34.610798], [112.336806, 34.610801], [112.33677, 34.610816], [112.336688, 34.610851], [112.336613, 34.610875], [112.336588, 34.610883], [112.336573, 34.610905], [112.336568, 34.610945], [112.336577, 34.610981], [112.336601, 34.610995], [112.336717, 34.611016], [112.336742, 34.611023], [112.336892, 34.611066], [112.337023, 34.611092], [112.337162, 34.61112], [112.337189, 34.611129], [112.337204, 34.611144], [112.337204, 34.611161], [112.337199, 34.611181], [112.337175, 34.6112], [112.337164, 34.611249], [112.337162, 34.611274], [112.337174, 34.611308], [112.337186, 34.611337], [112.337204, 34.611349], [112.337338, 34.611367], [112.337409, 34.611371], [112.33745, 34.611379], [112.33748, 34.611388], [112.337507, 34.611402], [112.337522, 34.611419], [112.337565, 34.611502], [112.33757, 34.611646], [112.337539, 34.611781], [112.337499, 34.611876], [112.337411, 34.611948], [112.337342, 34.611838], [112.337239, 34.611729], [112.337116, 34.611582], [112.33703, 34.611551], [112.336988, 34.611536], [112.336837, 34.611516], [112.336751, 34.611521], [112.336719, 34.611529], [112.336681, 34.611565], [112.336669, 34.611576], [112.336626, 34.611676], [112.336586, 34.611787], [112.33653, 34.611784], [112.336506, 34.611782], [112.336438, 34.611776], [112.336355, 34.61175], [112.336277, 34.611701], [112.336244, 34.61168], [112.336188, 34.611668], [112.33617, 34.61167], [112.336138, 34.611673], [112.336103, 34.6117], [112.336095, 34.611731], [112.336091, 34.611747], [112.336078, 34.611799], [112.336075, 34.611811], [112.336072, 34.611852], [112.336079, 34.611877], [112.336079, 34.611877], [112.336103, 34.611901], [112.336172, 34.611933], [112.336179, 34.611937], [112.336198, 34.611945], [112.336281, 34.611984], [112.336408, 34.612077], [112.33641, 34.612079], [112.336458, 34.612105], [112.336473, 34.612115], [112.336482, 34.612141], [112.336466, 34.612254], [112.336464, 34.612259], [112.336434, 34.61233], [112.336425, 34.612501], [112.336396, 34.61275], [112.336384, 34.612801], [112.336352, 34.612936], [112.336342, 34.613034], [112.336227, 34.61305], [112.336136, 34.613046], [112.336053, 34.613039], [112.336023, 34.613032], [112.336011, 34.613022], [112.336002, 34.612998], [112.336003, 34.612951], [112.336004, 34.612922], [112.336015, 34.612886], [112.336039, 34.612805], [112.336087, 34.612645], [112.336159, 34.612474], [112.336161, 34.612469], [112.336169, 34.612415], [112.336169, 34.612388], [112.336154, 34.612359], [112.336124, 34.612333], [112.336041, 34.612304], [112.335975, 34.6123], [112.335946, 34.612305], [112.335917, 34.612342], [112.335892, 34.612411], [112.335883, 34.612437], [112.33587, 34.612477], [112.335854, 34.612532], [112.335835, 34.612594], [112.335778, 34.612851], [112.335724, 34.612952], [112.335724, 34.612954], [112.335699, 34.613038], [112.335682, 34.613065], [112.335635, 34.613078], [112.335537, 34.613073], [112.335506, 34.613072], [112.335421, 34.613109], [112.335376, 34.613203], [112.335365, 34.613276], [112.335351, 34.613313], [112.33532, 34.613346], [112.335308, 34.613357], [112.335204, 34.613481], [112.33504, 34.613666], [112.335019, 34.613683], [112.335018, 34.613684], [112.334875, 34.6138], [112.334804, 34.613949], [112.334745, 34.614063], [112.334642, 34.61424], [112.334625, 34.614416], [112.334633, 34.614514], [112.334721, 34.614491], [112.334744, 34.614493], [112.334768, 34.6145], [112.334798, 34.614524], [112.334805, 34.614543], [112.334811, 34.614561], [112.334816, 34.614696], [112.334816, 34.6147], [112.334817, 34.614806], [112.334817, 34.614864], [112.334759, 34.615084], [112.334751, 34.615116], [112.334723, 34.615284], [112.334717, 34.615322], [112.33465, 34.615543], [112.334641, 34.615656], [112.334631, 34.615719], [112.334612, 34.61581], [112.334603, 34.615826], [112.334569, 34.615891], [112.334535, 34.61597], [112.334684, 34.61587], [112.33485, 34.615771], [112.33487, 34.615763], [112.334891, 34.615763], [112.33492, 34.615765], [112.334941, 34.61578], [112.334953, 34.615802], [112.334955, 34.615885], [112.334955, 34.616051], [112.334955, 34.616062], [112.334954, 34.616154], [112.334949, 34.616173], [112.334929, 34.616196], [112.334832, 34.616238], [112.334797, 34.616263], [112.334783, 34.616285], [112.334779, 34.616295], [112.334763, 34.616329], [112.334684, 34.616511], [112.334679, 34.616523], [112.334631, 34.616709], [112.334627, 34.616724], [112.334626, 34.616739], [112.334612, 34.616986], [112.334605, 34.617052], [112.334587, 34.617224], [112.334603, 34.617453], [112.334577, 34.617555], [112.334567, 34.617594], [112.334567, 34.617595], [112.334579, 34.617693], [112.334587, 34.617763], [112.334583, 34.617846], [112.334701, 34.61784], [112.334736, 34.617836], [112.334989, 34.617805], [112.335251, 34.617834], [112.335257, 34.617834], [112.335473, 34.617871], [112.335535, 34.617883], [112.335539, 34.617909], [112.335514, 34.618034], [112.335511, 34.618062], [112.3355, 34.618153], [112.3355, 34.618154], [112.335493, 34.618212], [112.335481, 34.618313], [112.335466, 34.618412], [112.335446, 34.618504], [112.335419, 34.618584], [112.335404, 34.618629], [112.335358, 34.618696], [112.335248, 34.618852], [112.335676, 34.618784], [112.336124, 34.618749], [112.336572, 34.618713], [112.336806, 34.618702], [112.33714, 34.618682], [112.337411, 34.618657], [112.337538, 34.618673], [112.337703, 34.618692], [112.337787, 34.618728], [112.337839, 34.618559], [112.337892, 34.618449], [112.338008, 34.618318], [112.33819, 34.618307], [112.338282, 34.618231], [112.338358, 34.618155], [112.338422, 34.618067], [112.33855, 34.617952], [112.338726, 34.617768], [112.33882, 34.617633], [112.33888, 34.617584], [112.33892, 34.617529], [112.339028, 34.617375], [112.339147, 34.61728], [112.339379, 34.617171], [112.339671, 34.617074], [112.339805, 34.61699], [112.339958, 34.616941], [112.340048, 34.616894], [112.340144, 34.616904], [112.340166, 34.616907], [112.340422, 34.616913], [112.340502, 34.616908], [112.340535, 34.616786], [112.340547, 34.616763], [112.340583, 34.616688], [112.340831, 34.616685], [112.340996, 34.616677], [112.341081, 34.616466], [112.341126, 34.616345], [112.341134, 34.616315], [112.341134, 34.616288], [112.341128, 34.616267], [112.341047, 34.616222], [112.340709, 34.61618], [112.34071, 34.616175], [112.340724, 34.616045], [112.341109, 34.616076], [112.341172, 34.616084], [112.3412, 34.616082], [112.341236, 34.616073], [112.341277, 34.616054], [112.3413, 34.616032], [112.341321, 34.616012], [112.341399, 34.615873], [112.341403, 34.615831], [112.341411, 34.615765], [112.341449, 34.615569], [112.34148, 34.615489], [112.341484, 34.61548], [112.341488, 34.615464], [112.3415, 34.615418], [112.341504, 34.615376], [112.341514, 34.615265], [112.341516, 34.615247], [112.341536, 34.615087], [112.341621, 34.615034], [112.341642, 34.615035], [112.341944, 34.615055], [112.342223, 34.615089], [112.342623, 34.615116], [112.342844, 34.615185], [112.343043, 34.615253], [112.343183, 34.615315], [112.34319, 34.615261], [112.343241, 34.614937], [112.343287, 34.614578], [112.343287, 34.614576], [112.343371, 34.614589], [112.343618, 34.614646], [112.34379, 34.614705], [112.34397, 34.614763], [112.344098, 34.614799], [112.344154, 34.61487], [112.344133, 34.61497], [112.344123, 34.615012], [112.344119, 34.615032], [112.344081, 34.615193], [112.344067, 34.6154], [112.344039, 34.615564], [112.344024, 34.615647], [112.344001, 34.615757], [112.343989, 34.615811], [112.343953, 34.615905], [112.343885, 34.616023], [112.343889, 34.616027], [112.343947, 34.61609], [112.344189, 34.616161], [112.344348, 34.616253], [112.344439, 34.616278], [112.344639, 34.616334], [112.344786, 34.616433], [112.345103, 34.616499], [112.345328, 34.616561], [112.345426, 34.616578], [112.34546, 34.616584], [112.345498, 34.616591], [112.345671, 34.616622], [112.345743, 34.616635], [112.345754, 34.61665], [112.345842, 34.616764], [112.345866, 34.616783], [112.345723, 34.616887], [112.345702, 34.616902], [112.345653, 34.616969], [112.345612, 34.617025], [112.34558, 34.617069], [112.345578, 34.617093], [112.345583, 34.617109], [112.345596, 34.617129], [112.345634, 34.617152], [112.345727, 34.617178], [112.34575, 34.617185], [112.345767, 34.61719], [112.345812, 34.617205], [112.345847, 34.617219], [112.345873, 34.617233], [112.345888, 34.617252], [112.345895, 34.61731], [112.345772, 34.617432], [112.345378, 34.617826], [112.345206, 34.617885], [112.345199, 34.617888], [112.344966, 34.618094], [112.344939, 34.618118], [112.344885, 34.618155], [112.344761, 34.618242], [112.344629, 34.618303], [112.344485, 34.618374], [112.344239, 34.618461], [112.344222, 34.618465], [112.344121, 34.618491], [112.343982, 34.618509], [112.343927, 34.618529], [112.343915, 34.618538], [112.343898, 34.618551], [112.343859, 34.618609], [112.343698, 34.618726], [112.343493, 34.618805], [112.343347, 34.61888], [112.343223, 34.618957], [112.343217, 34.618961], [112.343152, 34.619019], [112.34317, 34.6191], [112.343328, 34.61929], [112.34333, 34.619292], [112.34336, 34.61935], [112.343427, 34.619478], [112.343461, 34.619536], [112.343525, 34.619642], [112.343579, 34.61972], [112.343632, 34.619782], [112.343707, 34.619961], [112.343829, 34.620144], [112.343869, 34.620207], [112.343909, 34.620272], [112.343922, 34.620294], [112.344017, 34.620427], [112.344084, 34.620596], [112.344148, 34.620745], [112.344199, 34.620865], [112.34425, 34.621178], [112.344263, 34.621401], [112.344262, 34.621489], [112.344342, 34.621431], [112.344457, 34.621433], [112.344606, 34.621435], [112.344938, 34.621474], [112.345205, 34.621498], [112.345417, 34.621488], [112.34546, 34.621493], [112.345481, 34.621502], [112.345516, 34.621528], [112.345551, 34.621561], [112.345563, 34.621594], [112.345548, 34.621714], [112.345543, 34.621741], [112.345531, 34.621758], [112.345506, 34.621772], [112.345424, 34.621785], [112.345294, 34.621786], [112.345259, 34.621789], [112.345242, 34.621799], [112.345236, 34.621821], [112.345237, 34.621885], [112.345241, 34.622101], [112.345282, 34.622313], [112.345243, 34.622407], [112.345342, 34.622397], [112.345435, 34.622395], [112.345476, 34.622405], [112.34554, 34.622423], [112.345572, 34.622435], [112.345584, 34.622446], [112.345584, 34.622473], [112.345558, 34.622485], [112.345514, 34.62261], [112.345348, 34.622571], [112.345121, 34.622528], [112.345077, 34.622531], [112.345026, 34.622539], [112.345008, 34.622541], [112.344918, 34.622557], [112.344848, 34.622556], [112.344587, 34.622551], [112.344512, 34.622557], [112.34446, 34.622572], [112.344419, 34.622589], [112.344368, 34.622656], [112.344326, 34.622731], [112.344319, 34.622832], [112.344296, 34.622997], [112.344282, 34.623033], [112.344262, 34.62306], [112.344204, 34.623092], [112.344096, 34.623205], [112.343974, 34.623372], [112.343923, 34.62342], [112.343871, 34.623447], [112.343812, 34.623467], [112.3437, 34.623504], [112.343516, 34.623564], [112.343509, 34.623567], [112.343509, 34.623567], [112.343389, 34.62363], [112.343285, 34.623669], [112.343339, 34.623748], [112.343341, 34.623765], [112.343352, 34.623843], [112.343346, 34.62386], [112.343304, 34.623897], [112.343148, 34.623975], [112.34301, 34.624048], [112.342999, 34.624096], [112.343006, 34.624123], [112.343032, 34.624151], [112.343129, 34.624186], [112.343298, 34.624229], [112.343335, 34.624251], [112.343362, 34.624282], [112.343416, 34.62437], [112.343511, 34.624517], [112.343575, 34.624555], [112.343679, 34.624606], [112.343751, 34.624642], [112.343818, 34.624718], [112.343854, 34.624853], [112.343854, 34.625014], [112.343787, 34.625224], [112.34371, 34.625309], [112.34358, 34.625468], [112.343491, 34.625579], [112.343461, 34.62563], [112.343461, 34.625817], [112.343478, 34.625923], [112.343558, 34.625881], [112.343812, 34.625853], [112.344114, 34.625852], [112.34431, 34.625846], [112.344635, 34.625829], [112.344907, 34.62583], [112.345082, 34.625831], [112.345094, 34.625937], [112.345098, 34.625974], [112.345116, 34.626039], [112.345273, 34.626073], [112.345489, 34.626106], [112.345519, 34.62611], [112.345592, 34.626174], [112.345632, 34.626248], [112.345649, 34.626448], [112.345676, 34.626688], [112.3457, 34.62689], [112.345717, 34.627223], [112.34572, 34.627435], [112.345628, 34.627502], [112.345472, 34.627542], [112.345344, 34.627575], [112.345111, 34.627626], [112.344896, 34.627664], [112.344747, 34.627685], [112.344594, 34.627708], [112.344419, 34.627706], [112.344009, 34.627721], [112.343797, 34.627732], [112.343823, 34.627701], [112.343847, 34.627673], [112.343857, 34.627578], [112.34383, 34.627502], [112.343829, 34.627316], [112.343832, 34.627127], [112.343841, 34.626933], [112.343827, 34.626823], [112.343823, 34.626786], [112.34378, 34.626573], [112.343762, 34.626533], [112.343751, 34.626525], [112.343738, 34.626516], [112.343707, 34.626508], [112.343683, 34.626506], [112.343648, 34.626517], [112.34362, 34.626535], [112.343614, 34.62654], [112.343594, 34.626558], [112.343583, 34.626577], [112.343572, 34.626616], [112.343563, 34.626776], [112.343562, 34.626826], [112.343562, 34.626876], [112.343562, 34.626947], [112.343562, 34.626978], [112.343555, 34.627201], [112.343551, 34.627418], [112.343552, 34.627682], [112.343552, 34.627705], [112.343552, 34.627724], [112.343559, 34.627888], [112.343578, 34.628037], [112.343615, 34.628114], [112.343658, 34.628256], [112.343669, 34.628291], [112.343683, 34.628361], [112.343692, 34.628409], [112.343688, 34.628527], [112.343665, 34.628628], [112.343576, 34.628819], [112.343481, 34.628995], [112.343467, 34.629013], [112.343414, 34.629078], [112.34336, 34.629205], [112.34328, 34.629463], [112.34326, 34.629513], [112.343254, 34.629542], [112.343259, 34.629579], [112.343333, 34.629679], [112.34342, 34.62976], [112.343514, 34.629853], [112.343457, 34.629951], [112.34343, 34.629995], [112.343401, 34.630023], [112.34337, 34.630034], [112.343312, 34.630043], [112.343263, 34.630058], [112.343224, 34.630078], [112.343205, 34.630104], [112.343192, 34.63014], [112.343154, 34.630294], [112.343143, 34.630572], [112.343164, 34.630656], [112.34307, 34.630657], [112.342866, 34.630646], [112.34284, 34.630642], [112.342774, 34.630632], [112.342682, 34.630616], [112.342631, 34.6306], [112.342613, 34.630586], [112.342603, 34.630565], [112.342597, 34.630539], [112.342594, 34.630368], [112.342598, 34.63018], [112.342617, 34.630009], [112.342632, 34.629858], [112.342542, 34.629864], [112.342292, 34.62983], [112.342156, 34.629815], [112.341892, 34.629805], [112.341864, 34.629973], [112.341841, 34.630098], [112.341822, 34.630131], [112.341804, 34.630147], [112.341764, 34.630165], [112.341713, 34.630185], [112.341601, 34.630219], [112.341534, 34.63024], [112.341502, 34.630255], [112.341481, 34.630278], [112.341473, 34.630296], [112.341468, 34.630322], [112.341465, 34.630416], [112.341459, 34.630511], [112.341448, 34.63055], [112.341438, 34.630565], [112.341404, 34.630586], [112.34126, 34.630609], [112.341121, 34.630622], [112.340768, 34.630666], [112.340722, 34.630679], [112.340698, 34.630693], [112.340681, 34.630712], [112.340673, 34.630725], [112.340695, 34.630756], [112.340741, 34.630778], [112.340782, 34.630789], [112.340823, 34.630795], [112.340976, 34.630809], [112.341315, 34.630781], [112.341601, 34.630718], [112.341745, 34.630688], [112.341921, 34.630655], [112.342014, 34.630625], [112.342094, 34.630609], [112.342147, 34.63061], [112.342178, 34.630621], [112.342206, 34.630647], [112.342254, 34.630714], [112.342185, 34.630775], [112.342113, 34.630826], [112.342038, 34.630861], [112.341952, 34.630892], [112.341841, 34.630918], [112.341768, 34.630924], [112.341543, 34.630942], [112.341411, 34.631005], [112.341267, 34.631039], [112.341238, 34.631046], [112.341074, 34.631088], [112.34095, 34.63112], [112.340843, 34.631129], [112.340838, 34.63122], [112.340824, 34.631309], [112.340809, 34.631354], [112.340792, 34.631387], [112.340764, 34.631428], [112.340635, 34.631568], [112.340519, 34.631634], [112.34038, 34.631718], [112.340241, 34.631803], [112.340127, 34.631889], [112.340075, 34.631946], [112.33996, 34.632054], [112.33991, 34.632091], [112.3399, 34.632098], [112.339846, 34.632121], [112.339783, 34.632132], [112.339729, 34.632132], [112.339682, 34.63213], [112.339621, 34.632116], [112.339534, 34.63207], [112.3395, 34.632048], [112.339481, 34.632045], [112.339444, 34.632048], [112.339415, 34.632066], [112.33938, 34.632112], [112.339319, 34.632263], [112.339288, 34.632315], [112.339248, 34.63238], [112.339215, 34.632491], [112.339124, 34.632653], [112.339102, 34.632742], [112.339005, 34.632682], [112.338839, 34.632576], [112.338795, 34.632552], [112.33864, 34.632469], [112.338449, 34.632373], [112.338348, 34.632317], [112.338287, 34.632284], [112.338211, 34.632256], [112.338158, 34.632247], [112.338122, 34.632249], [112.338082, 34.63227], [112.337997, 34.632344], [112.337916, 34.632437], [112.337859, 34.63252], [112.337839, 34.632543], [112.337807, 34.63258], [112.337786, 34.632593], [112.33776, 34.632595], [112.337731, 34.632594], [112.337692, 34.632591], [112.337597, 34.632563], [112.337432, 34.632517], [112.337293, 34.632453], [112.337082, 34.63237], [112.337137, 34.632258], [112.33715, 34.632227], [112.337175, 34.632172], [112.337296, 34.632039], [112.337326, 34.631971], [112.337328, 34.631944], [112.337313, 34.631918], [112.337302, 34.631912], [112.33725, 34.631893], [112.337144, 34.631854], [112.336929, 34.631735], [112.336792, 34.631693], [112.33669, 34.631665], [112.336617, 34.631646], [112.33642, 34.631579], [112.336216, 34.631507], [112.336139, 34.631485], [112.336011, 34.631451], [112.335901, 34.631419], [112.335811, 34.63139], [112.335722, 34.63135], [112.335671, 34.631317], [112.335635, 34.631299], [112.335588, 34.631293], [112.335549, 34.631297], [112.335497, 34.631298], [112.335464, 34.631309], [112.335431, 34.631337], [112.335368, 34.631421], [112.335345, 34.631464], [112.335326, 34.631516], [112.335313, 34.631568], [112.335299, 34.631627], [112.335287, 34.631673], [112.335102, 34.63158], [112.335074, 34.631569], [112.33499, 34.631536], [112.334803, 34.631486], [112.334668, 34.631452], [112.334424, 34.631373], [112.334247, 34.631331], [112.334153, 34.631304], [112.334047, 34.631284], [112.333811, 34.631287], [112.333793, 34.631287], [112.333624, 34.631244], [112.333506, 34.631197], [112.333415, 34.631161], [112.333336, 34.631111], [112.333283, 34.631068], [112.333209, 34.630986], [112.3331, 34.63085], [112.33303, 34.63079], [112.332945, 34.630736], [112.33292, 34.630717], [112.332911, 34.630711], [112.332848, 34.630688], [112.332804, 34.63068], [112.33264, 34.630679], [112.332461, 34.630696], [112.332305, 34.630707], [112.332269, 34.63072], [112.332194, 34.630753], [112.332111, 34.630778], [112.332046, 34.630787], [112.331971, 34.630786], [112.331793, 34.630764], [112.331689, 34.630743], [112.331624, 34.630729], [112.331566, 34.630723], [112.331514, 34.630724], [112.331452, 34.630733], [112.331336, 34.630743], [112.331242, 34.63075], [112.331096, 34.630739], [112.330895, 34.630724], [112.330681, 34.630716], [112.330578, 34.630713], [112.33045, 34.630718], [112.330175, 34.630835], [112.330122, 34.630871], [112.330103, 34.630889], [112.330096, 34.63091], [112.330092, 34.630958], [112.330066, 34.631116], [112.330041, 34.631364], [112.330026, 34.631488], [112.330008, 34.631582], [112.329958, 34.631717], [112.329766, 34.631743], [112.329557, 34.631705], [112.329502, 34.63169], [112.329486, 34.631679], [112.329479, 34.631659], [112.329478, 34.63163], [112.329483, 34.631588], [112.329492, 34.631505], [112.329508, 34.631366], [112.329522, 34.631209], [112.329524, 34.63107], [112.329516, 34.630964], [112.329515, 34.630955], [112.329452, 34.630912], [112.329327, 34.630886], [112.329145, 34.630864], [112.32911, 34.630866], [112.329075, 34.630885], [112.329053, 34.630904], [112.329012, 34.630969], [112.329011, 34.630971], [112.329002, 34.631005], [112.328996, 34.631069], [112.328988, 34.631126], [112.328977, 34.631154], [112.328932, 34.631189], [112.328892, 34.63122], [112.328348, 34.631132], [112.328018, 34.631109], [112.327816, 34.631059], [112.327547, 34.631049], [112.327319, 34.631017], [112.327154, 34.630998], [112.326953, 34.631], [112.326832, 34.631007], [112.326573, 34.631031], [112.326568, 34.631391], [112.326555, 34.631408], [112.326532, 34.631413], [112.326487, 34.631416], [112.326384, 34.631406], [112.326299, 34.631396], [112.32617, 34.631391], [112.326032, 34.631382], [112.325562, 34.631385], [112.325475, 34.63136], [112.325532, 34.63154], [112.325545, 34.631556], [112.325584, 34.631566], [112.325729, 34.631576], [112.325932, 34.631603], [112.32636, 34.631645], [112.326567, 34.631664], [112.32681, 34.631725], [112.326746, 34.631801], [112.32672, 34.631823], [112.326699, 34.631833], [112.326666, 34.63184], [112.326587, 34.631839], [112.326443, 34.631825], [112.326176, 34.631818], [112.325854, 34.631835], [112.325753, 34.63182], [112.325776, 34.631894], [112.325776, 34.632], [112.32578, 34.632033], [112.312427, 34.632468], [112.307279, 34.631811], [112.30535, 34.63134], [112.297665, 34.630404], [112.291081, 34.62977], [112.288331, 34.62962], [112.28647, 34.62963], [112.28402, 34.6299], [112.27852, 34.63134], [112.275922, 34.632459], [112.274355, 34.631775], [112.27358, 34.631061], [112.273116, 34.630124], [112.272354, 34.629471], [112.270828, 34.628863], [112.270721, 34.624338], [112.27066, 34.62423], [112.27029, 34.62424], [112.26978, 34.62413], [112.268531, 34.62362], [112.26789, 34.62345], [112.26711, 34.62333], [112.26562, 34.62337], [112.265031, 34.6233], [112.26468, 34.62316], [112.26445, 34.62282], [112.26436, 34.6224], [112.264441, 34.6219], [112.26501, 34.62043], [112.266311, 34.61835], [112.26641, 34.61804], [112.26648, 34.6164], [112.266561, 34.61604], [112.266681, 34.6156], [112.267231, 34.61437], [112.26781, 34.6134], [112.27053, 34.60976], [112.27084, 34.60907], [112.270851, 34.60781], [112.27071, 34.60571], [112.27032, 34.6046], [112.27, 34.60415], [112.268311, 34.60328], [112.26749, 34.60239], [112.267121, 34.60152], [112.266831, 34.599924], [112.266851, 34.59918], [112.26699, 34.59876], [112.26724, 34.59843], [112.2673, 34.5979], [112.266871, 34.59663], [112.26671, 34.59439], [112.266711, 34.593455], [112.26669, 34.59276], [112.266541, 34.59175], [112.266051, 34.59104], [112.2658, 34.59037], [112.26567, 34.58894], [112.265406, 34.587456], [112.265201, 34.58716], [112.26374, 34.58582], [112.26207, 34.58408], [112.261781, 34.58368], [112.261561, 34.58313], [112.261419, 34.581958], [112.26131, 34.58111], [112.26112, 34.58035], [112.260878, 34.578393], [112.260551, 34.57599]]]}, "properties": {"display_name": "辛店街道, 洛阳高新技术产业开发区, 涧西区, 洛阳市, 河南省, 中国", "type": "administrative", "osm_type": "relation", "osm_id": 13125983, "class": null, "keyword": "subdistrict"}}, {"type": "Feature", "geometry": {"type": "Polygon", "coordinates": [[[112.383961, 34.73767], [112.383961, 34.73661], [112.38431, 34.73493], [112.385396, 34.732179], [112.38601, 34.73049], [112.386837, 34.728715], [112.38791, 34.72673], [112.38923, 34.72386], [112.389401, 34.72318], [112.38943, 34.72265], [112.38935, 34.7224], [112.38896, 34.72213], [112.386441, 34.72166], [112.38804, 34.718137], [112.388468, 34.709323], [112.390288, 34.707876], [112.390002, 34.700775], [112.394219, 34.700797], [112.394324, 34.701063], [112.397218, 34.701065], [112.398098, 34.701022], [112.398318, 34.70086], [112.398578, 34.700618], [112.404451, 34.700612], [112.404245, 34.708103], [112.411899, 34.707816], [112.412102, 34.705516], [112.41445, 34.705349], [112.415451, 34.707734], [112.421504, 34.707693], [112.421269, 34.703047], [112.421525, 34.701207], [112.422227, 34.697873], [112.422566, 34.696354], [112.423425, 34.692506], [112.423436, 34.687756], [112.431964, 34.687321], [112.438899, 34.686827], [112.441193, 34.686808], [112.444293, 34.686876], [112.446002, 34.687068], [112.448554, 34.687505], [112.448907, 34.686899], [112.448553, 34.68682], [112.446181, 34.686455], [112.446297, 34.685963], [112.445833, 34.685884], [112.445717, 34.686383], [112.444768, 34.686268], [112.443448, 34.686202], [112.442445, 34.686184], [112.442595, 34.68438], [112.443813, 34.68445], [112.444178, 34.68228], [112.444586, 34.681954], [112.444679, 34.681543], [112.444972, 34.681083], [112.443757, 34.680595], [112.444516, 34.679144], [112.451629, 34.681892], [112.452987, 34.679532], [112.453175, 34.678956], [112.453398, 34.678325], [112.453491, 34.67758], [112.45344, 34.676731], [112.453316, 34.675833], [112.45503, 34.675847], [112.455146, 34.675848], [112.455784, 34.674944], [112.456247, 34.674137], [112.456466, 34.673766], [112.456676, 34.673399], [112.456889, 34.673032], [112.457603, 34.672123], [112.457606, 34.672118], [112.460192, 34.668237], [112.469293, 34.669538], [112.485318, 34.669701], [112.493965, 34.670779], [112.490978, 34.673296], [112.490519, 34.674306], [112.49016, 34.674779], [112.487756, 34.676763], [112.486829, 34.677189], [112.485401, 34.677848], [112.485151, 34.678061], [112.484642, 34.679242], [112.482254, 34.678871], [112.482154, 34.680471], [112.481035, 34.680658], [112.480988, 34.681024], [112.480915, 34.681585], [112.480824, 34.682296], [112.480668, 34.684082], [112.480551, 34.685816], [112.480426, 34.687679], [112.48025, 34.68993], [112.48015, 34.690157], [112.480067, 34.692024], [112.480042, 34.692264], [112.479858, 34.692463], [112.479491, 34.692621], [112.478639, 34.692772], [112.477863, 34.692731], [112.476753, 34.6926], [112.4752, 34.692209], [112.474415, 34.692065], [112.473413, 34.692051], [112.472846, 34.692106], [112.472554, 34.692243], [112.472397, 34.692399], [112.472184, 34.692448], [112.471868, 34.692399], [112.464765, 34.690519], [112.464573, 34.690829], [112.471785, 34.69595], [112.472495, 34.696389], [112.473847, 34.696808], [112.473672, 34.697192], [112.472201, 34.696775], [112.471201, 34.696492], [112.469122, 34.69573], [112.467762, 34.695298], [112.466927, 34.696135], [112.466668, 34.696492], [112.466334, 34.697117], [112.465549, 34.698236], [112.465683, 34.698695], [112.465775, 34.699224], [112.465624, 34.700068], [112.465452, 34.701875], [112.465459, 34.701947], [112.46539, 34.70276], [112.465385, 34.702827], [112.464656, 34.702896], [112.46406, 34.704491], [112.463963, 34.704749], [112.464982, 34.705092], [112.465775, 34.705044], [112.466309, 34.70538], [112.466843, 34.705538], [112.467895, 34.705668], [112.467904, 34.706108], [112.467987, 34.706485], [112.468162, 34.706732], [112.468396, 34.706835], [112.469122, 34.706849], [112.46888, 34.707947], [112.468446, 34.708565], [112.468429, 34.709292], [112.468897, 34.709649], [112.470299, 34.709772], [112.470633, 34.711021], [112.471134, 34.712215], [112.47444, 34.712037], [112.475475, 34.711392], [112.477128, 34.710047], [112.478765, 34.709567], [112.478965, 34.710321], [112.478798, 34.711941], [112.478297, 34.712902], [112.477679, 34.713423], [112.477145, 34.713698], [112.476761, 34.713862], [112.47611, 34.714672], [112.475709, 34.715125], [112.475675, 34.715695], [112.475341, 34.716223], [112.474497, 34.716633], [112.474111, 34.717235], [112.474212, 34.718049], [112.475392, 34.719229], [112.475559, 34.719668], [112.475025, 34.720285], [112.475008, 34.720697], [112.475242, 34.721081], [112.477212, 34.722632], [112.477711, 34.723553], [112.480221, 34.73085], [112.479941, 34.73093], [112.47835, 34.73227], [112.476601, 34.73388], [112.475181, 34.73576], [112.47487, 34.73603], [112.4739, 34.73656], [112.472332, 34.737611], [112.47133, 34.73816], [112.469321, 34.73841], [112.469156, 34.738442], [112.46526, 34.73926], [112.463481, 34.73978], [112.45827, 34.7418], [112.45638, 34.74284], [112.456101, 34.74292], [112.45571, 34.74296], [112.45286, 34.74266], [112.45103, 34.74229], [112.449444, 34.741724], [112.449171, 34.74159], [112.448301, 34.74087], [112.446463, 34.739544], [112.44485, 34.7384], [112.44273, 34.73737], [112.44166, 34.73707], [112.441101, 34.73706], [112.439891, 34.73768], [112.43879, 34.73857], [112.43756, 34.73898], [112.437491, 34.739037], [112.437252, 34.739235], [112.436371, 34.74041], [112.435809, 34.740916], [112.435361, 34.74109], [112.434941, 34.74144], [112.434721, 34.74153], [112.4341, 34.74153], [112.433851, 34.74166], [112.43374, 34.74183], [112.433661, 34.742579], [112.43324, 34.74302], [112.432941, 34.74309], [112.432191, 34.74308], [112.431261, 34.74252], [112.43061, 34.74201], [112.429731, 34.74193], [112.42881, 34.74213], [112.42834, 34.74248], [112.427843, 34.743213], [112.42768, 34.74345], [112.427251, 34.74381], [112.42588, 34.74524], [112.42306, 34.74744], [112.42223, 34.74788], [112.42038, 34.74812], [112.416824, 34.749449], [112.41619, 34.74968], [112.41121, 34.75204], [112.41062, 34.7522], [112.40752, 34.75232], [112.40688, 34.7525], [112.404479, 34.753565], [112.40386, 34.75385], [112.40146, 34.75454], [112.40107, 34.75467], [112.398991, 34.75454], [112.39804, 34.754688], [112.397011, 34.75552], [112.396331, 34.75655], [112.39366, 34.75822], [112.39315, 34.75847], [112.392102, 34.758738], [112.391661, 34.75866], [112.390561, 34.75818], [112.38717, 34.75729], [112.38678, 34.75703], [112.386571, 34.756794], [112.386121, 34.75621], [112.38607, 34.75592], [112.386281, 34.75433], [112.38741, 34.75305], [112.38928, 34.75049], [112.39018, 34.74726], [112.390191, 34.747], [112.38985, 34.74526], [112.389501, 34.74452], [112.388317, 34.742825], [112.3879, 34.74225], [112.387673, 34.742064], [112.38595, 34.74049], [112.38456, 34.73891], [112.38431, 34.73855], [112.383961, 34.73767]]]}, "properties": {"display_name": "老城区, 洛阳市, 河南省, 中国", "type": "administrative", "osm_type": "relation", "osm_id": 3246481, "class": null, "keyword": "老城区"}}, {"type": "Feature", "geometry": {"type": "Polygon", "coordinates": [[[112.63772, 34.74873], [112.637801, 34.74825], [112.63805, 34.74789], [112.6386, 34.74735], [112.63873, 34.747], [112.63873, 34.7467], [112.63845, 34.74536], [112.63844, 34.74487], [112.63858, 34.74378], [112.638769, 34.743333], [112.638767, 34.742441], [112.638716, 34.741326], [112.638706, 34.74061], [112.638485, 34.739543], [112.638426, 34.738625], [112.638256, 34.737942], [112.638258, 34.737825], [112.638254, 34.737728], [112.638217, 34.737553], [112.638173, 34.73731], [112.638151, 34.73715], [112.637988, 34.736644], [112.637862, 34.736334], [112.638188, 34.736335], [112.638295, 34.736335], [112.638489, 34.736322], [112.638962, 34.736303], [112.639823, 34.736272], [112.639861, 34.735789], [112.639842, 34.735653], [112.639848, 34.735132], [112.639848, 34.73507], [112.639848, 34.735041], [112.639848, 34.734812], [112.639822, 34.734586], [112.639821, 34.734567], [112.639814, 34.734417], [112.639809, 34.734323], [112.639815, 34.73395], [112.639789, 34.733819], [112.639808, 34.733424], [112.639803, 34.733373], [112.639789, 34.733246], [112.639769, 34.732825], [112.639801, 34.732394], [112.640381, 34.732368], [112.640591, 34.732364], [112.640646, 34.732363], [112.640669, 34.732363], [112.641134, 34.732368], [112.641415, 34.732347], [112.641857, 34.732302], [112.641926, 34.732295], [112.641996, 34.732295], [112.642423, 34.732248], [112.642869, 34.73221], [112.642924, 34.732205], [112.643246, 34.732127], [112.643259, 34.73199], [112.643214, 34.731827], [112.643182, 34.731654], [112.643156, 34.731291], [112.643111, 34.731123], [112.643109, 34.731103], [112.643072, 34.730734], [112.643002, 34.730235], [112.642989, 34.730116], [112.64295, 34.729762], [112.642925, 34.729552], [112.64288, 34.729326], [112.642799, 34.729356], [112.642381, 34.729399], [112.64216, 34.729446], [112.641732, 34.729534], [112.641639, 34.729531], [112.641548, 34.729527], [112.641533, 34.729232], [112.641527, 34.729094], [112.641495, 34.728973], [112.641444, 34.728794], [112.641422, 34.728683], [112.641347, 34.7283], [112.641339, 34.728236], [112.641302, 34.727959], [112.641267, 34.727734], [112.641238, 34.727491], [112.641206, 34.727333], [112.641161, 34.727139], [112.641078, 34.726818], [112.641065, 34.726671], [112.641008, 34.726329], [112.640969, 34.726051], [112.640958, 34.725991], [112.640956, 34.725977], [112.640892, 34.725799], [112.640879, 34.725594], [112.640854, 34.725352], [112.640541, 34.72531], [112.640539, 34.725293], [112.640425, 34.724395], [112.640393, 34.724222], [112.640361, 34.724064], [112.640326, 34.723678], [112.640308, 34.723479], [112.640303, 34.723423], [112.640329, 34.723381], [112.64045, 34.72337], [112.640424, 34.723034], [112.640408, 34.722768], [112.640407, 34.722761], [112.640398, 34.722596], [112.640393, 34.722526], [112.640369, 34.722283], [112.640354, 34.722137], [112.640251, 34.721639], [112.640204, 34.721477], [112.640149, 34.72114], [112.640109, 34.721037], [112.640078, 34.72081], [112.64003, 34.720441], [112.639983, 34.720305], [112.639936, 34.719937], [112.639936, 34.719814], [112.639911, 34.719437], [112.639903, 34.719302], [112.639903, 34.719004], [112.639887, 34.718909], [112.639915, 34.718795], [112.639897, 34.717979], [112.639869, 34.717853], [112.63985, 34.717768], [112.639807, 34.717557], [112.639755, 34.717374], [112.639748, 34.716985], [112.639717, 34.716848], [112.639678, 34.716475], [112.63962, 34.716364], [112.639569, 34.716102], [112.63958, 34.716013], [112.640437, 34.716031], [112.64059, 34.716011], [112.640977, 34.716005], [112.640987, 34.716], [112.641068, 34.715955], [112.641097, 34.715832], [112.641085, 34.715438], [112.641091, 34.715231], [112.64109, 34.714931], [112.641066, 34.714774], [112.641066, 34.714668], [112.641066, 34.714523], [112.641066, 34.714247], [112.641065, 34.713932], [112.641071, 34.713769], [112.641071, 34.713321], [112.641603, 34.713312], [112.641883, 34.713287], [112.642487, 34.713287], [112.642905, 34.713292], [112.642832, 34.713127], [112.642707, 34.712557], [112.642687, 34.712466], [112.642686, 34.712457], [112.642585, 34.711961], [112.642365, 34.711961], [112.642338, 34.71154], [112.64231, 34.711038], [112.64231, 34.711028], [112.642307, 34.710971], [112.6423, 34.710862], [112.642309, 34.710663], [112.642321, 34.710395], [112.641576, 34.710578], [112.64159, 34.710499], [112.641669, 34.71006], [112.641643, 34.7098], [112.641616, 34.709538], [112.641625, 34.709373], [112.641627, 34.709329], [112.641631, 34.709106], [112.64162, 34.708865], [112.641622, 34.708744], [112.641606, 34.708348], [112.641639, 34.707955], [112.641648, 34.707594], [112.641578, 34.706204], [112.64158, 34.705792], [112.641582, 34.705445], [112.642397, 34.705429], [112.645204, 34.705663], [112.653802, 34.706378], [112.655312, 34.706253], [112.659534, 34.705734], [112.664613, 34.705336], [112.668993, 34.703517], [112.672382, 34.703991], [112.677411, 34.703921], [112.678515, 34.703906], [112.681905, 34.704739], [112.683327, 34.705089], [112.686564, 34.706241], [112.689465, 34.706357], [112.692689, 34.706884], [112.697904, 34.706187], [112.702798, 34.705182], [112.702826, 34.70514], [112.703687, 34.704956], [112.707219, 34.70421], [112.710261, 34.704702], [112.714869, 34.707584], [112.715628, 34.708059], [112.717999, 34.710381], [112.720897, 34.712562], [112.72574, 34.714965], [112.728424, 34.716213], [112.730201, 34.71704], [112.735627, 34.718375], [112.735365, 34.719423], [112.733448, 34.719333], [112.733751, 34.722156], [112.730867, 34.722341], [112.729721, 34.722415], [112.729924, 34.72529], [112.725019, 34.725587], [112.724856, 34.725597], [112.725366, 34.729251], [112.725527, 34.7304], [112.726504, 34.730369], [112.727737, 34.735753], [112.72924, 34.737448], [112.729762, 34.74296], [112.729261, 34.746265], [112.729295, 34.749849], [112.729514, 34.751595], [112.730126, 34.754515], [112.728571, 34.756203], [112.728187, 34.757796], [112.726306, 34.757948], [112.724736, 34.758074], [112.72387, 34.757615], [112.723077, 34.758704], [112.721209, 34.759066], [112.719806, 34.760264], [112.721123, 34.760818], [112.720998, 34.7609], [112.719876, 34.761643], [112.719729, 34.762453], [112.715947, 34.762943], [112.714415, 34.761787], [112.71257, 34.761308], [112.711455, 34.760617], [112.71002, 34.758282], [112.711226, 34.757457], [112.71078, 34.755996], [112.710745, 34.755882], [112.70964, 34.755696], [112.709705, 34.754887], [112.709534, 34.754722], [112.708706, 34.753925], [112.708145, 34.754371], [112.707766, 34.75377], [112.70409, 34.755471], [112.703863, 34.754363], [112.705003, 34.754247], [112.70348, 34.751609], [112.700632, 34.751885], [112.699822, 34.752131], [112.699389, 34.752912], [112.6982, 34.752558], [112.698257, 34.753365], [112.697041, 34.753718], [112.6961, 34.753597], [112.696531, 34.752716], [112.696093, 34.752745], [112.689079, 34.753217], [112.688957, 34.753225], [112.688899, 34.75437], [112.688255, 34.754816], [112.689201, 34.755207], [112.689456, 34.755708], [112.690661, 34.754783], [112.690117, 34.756137], [112.690218, 34.757078], [112.691591, 34.756419], [112.691822, 34.757728], [112.689745, 34.757892], [112.688581, 34.756764], [112.687971, 34.756873], [112.688853, 34.75814], [112.688547, 34.759086], [112.689294, 34.759749], [112.688985, 34.760595], [112.690095, 34.761051], [112.690609, 34.762221], [112.692327, 34.7625], [112.69018, 34.763203], [112.694591, 34.76755], [112.694283, 34.767493], [112.692585, 34.767175], [112.6921, 34.767383], [112.688462, 34.766962], [112.687863, 34.76761], [112.6856, 34.766598], [112.684787, 34.766711], [112.68532, 34.764886], [112.683726, 34.764706], [112.682396, 34.765431], [112.681495, 34.765275], [112.68119, 34.766289], [112.679838, 34.766039], [112.679528, 34.766817], [112.678556, 34.767133], [112.678821, 34.768173], [112.677512, 34.767955], [112.67748, 34.768183], [112.677369, 34.768967], [112.675698, 34.76899], [112.676093, 34.770364], [112.675982, 34.770383], [112.673694, 34.770767], [112.670648, 34.769362], [112.668306, 34.770505], [112.666981, 34.769547], [112.666631, 34.770764], [112.664154, 34.770932], [112.663532, 34.770402], [112.661091, 34.772176], [112.660599, 34.772596], [112.659886, 34.772617], [112.66023, 34.77232], [112.66049, 34.77195], [112.660744, 34.77121], [112.66135, 34.77012], [112.661661, 34.76932], [112.661881, 34.76797], [112.66228, 34.76632], [112.662681, 34.76509], [112.662731, 34.76438], [112.66252, 34.76288], [112.66249, 34.76133], [112.66268, 34.75987], [112.662621, 34.75895], [112.66248, 34.75767], [112.66194, 34.75526], [112.66139, 34.75377], [112.659451, 34.75064], [112.65875, 34.74994], [112.657961, 34.74958], [112.65676, 34.74917], [112.655063, 34.749113], [112.65406, 34.74921], [112.65, 34.75047], [112.64818, 34.75082], [112.64785, 34.75108], [112.647721, 34.75174], [112.6475, 34.75209], [112.64739, 34.75221], [112.64711, 34.7523], [112.643871, 34.75207], [112.641004, 34.75141], [112.640577, 34.751362], [112.63878, 34.75121], [112.63839, 34.7511], [112.63816, 34.75094], [112.637961, 34.75047], [112.63777, 34.74959], [112.63772, 34.74873]]]}, "properties": {"display_name": "首阳山街道, 偃师区, 洛阳市, 河南省, 471943, 中国", "type": "administrative", "osm_type": "relation", "osm_id": 9972703, "class": null, "keyword": "subdistrict"}}, {"type": "Feature", "geometry": {"type": "Polygon", "coordinates": [[[112.420612, 34.564994], [112.421035, 34.564939], [112.421105, 34.564738], [112.421057, 34.564292], [112.422012, 34.564159], [112.422109, 34.563589], [112.423735, 34.563217], [112.423611, 34.562733], [112.425374, 34.562515], [112.425515, 34.562843], [112.426652, 34.562737], [112.426604, 34.562423], [112.425671, 34.562459], [112.425596, 34.562224], [112.426701, 34.562021], [112.426872, 34.562428], [112.427731, 34.562167], [112.428203, 34.562149], [112.428235, 34.562021], [112.428954, 34.56192], [112.428864, 34.561663], [112.431704, 34.553236], [112.433457, 34.550075], [112.435254, 34.546889], [112.434345, 34.546251], [112.430844, 34.545114], [112.429026, 34.544532], [112.427579, 34.544393], [112.425727, 34.544588], [112.423157, 34.544519], [112.423246, 34.544275], [112.426993, 34.542966], [112.428416, 34.542781], [112.428986, 34.54286], [112.429436, 34.542535], [112.42981, 34.54227], [112.42981, 34.542135], [112.430101, 34.541983], [112.430317, 34.541673], [112.430528, 34.54137], [112.430606, 34.541258], [112.431032, 34.541366], [112.431063, 34.541181], [112.431149, 34.540968], [112.431286, 34.540749], [112.431338, 34.540569], [112.431344, 34.540433], [112.431302, 34.540294], [112.431283, 34.540088], [112.431273, 34.539845], [112.431408, 34.539756], [112.431947, 34.539667], [112.431943, 34.539456], [112.431849, 34.539339], [112.431299, 34.539416], [112.431194, 34.539654], [112.430997, 34.53973], [112.430702, 34.539071], [112.430333, 34.538983], [112.429512, 34.539132], [112.429204, 34.53834], [112.428167, 34.538439], [112.428108, 34.537981], [112.428148, 34.537866], [112.428273, 34.537719], [112.428669, 34.537602], [112.428273, 34.536686], [112.42826, 34.536583], [112.428288, 34.536493], [112.428505, 34.535924], [112.428654, 34.535744], [112.428804, 34.535587], [112.429023, 34.535451], [112.428823, 34.535264], [112.428291, 34.535806], [112.428228, 34.535427], [112.428528, 34.53512], [112.428858, 34.534901], [112.428792, 34.534775], [112.428517, 34.534141], [112.428301, 34.533875], [112.428254, 34.533765], [112.428322, 34.533621], [112.428321, 34.533537], [112.428259, 34.533383], [112.42826, 34.533232], [112.428463, 34.533161], [112.428379, 34.532981], [112.427828, 34.532595], [112.427817, 34.532491], [112.427875, 34.532432], [112.42843, 34.532412], [112.42823, 34.531808], [112.428343, 34.531574], [112.428377, 34.531062], [112.428606, 34.530554], [112.428959, 34.530177], [112.428952, 34.529783], [112.428862, 34.529357], [112.428792, 34.529242], [112.428775, 34.528969], [112.428429, 34.5285], [112.428293, 34.528358], [112.42816, 34.528182], [112.428136, 34.527893], [112.428199, 34.527658], [112.428298, 34.527399], [112.428427, 34.527216], [112.428909, 34.527068], [112.428897, 34.526627], [112.429016, 34.525841], [112.42812, 34.525603], [112.428409, 34.525024], [112.428464, 34.524804], [112.42842, 34.524415], [112.428297, 34.523912], [112.425935, 34.524197], [112.425824, 34.523955], [112.425912, 34.523626], [112.426889, 34.523257], [112.426838, 34.522861], [112.426843, 34.522722], [112.426875, 34.522664], [112.427064, 34.52247], [112.425839, 34.522083], [112.426309, 34.521721], [112.42666, 34.521822], [112.426987, 34.52178], [112.427284, 34.521679], [112.427286, 34.521792], [112.427416, 34.522034], [112.427501, 34.522068], [112.427748, 34.522019], [112.428251, 34.521862], [112.428491, 34.521788], [112.428768, 34.521672], [112.429221, 34.521343], [112.429247, 34.521217], [112.429867, 34.521124], [112.430107, 34.521378], [112.430888, 34.521335], [112.431221, 34.521307], [112.431794, 34.521142], [112.432303, 34.521051], [112.432803, 34.521014], [112.432829, 34.52113], [112.433004, 34.521485], [112.433106, 34.521668], [112.433644, 34.521681], [112.433774, 34.521786], [112.433814, 34.521878], [112.434019, 34.521889], [112.434257, 34.521887], [112.434408, 34.521844], [112.434518, 34.521745], [112.434603, 34.521706], [112.434934, 34.521672], [112.435254, 34.521689], [112.43571, 34.521656], [112.435844, 34.5216], [112.435904, 34.521508], [112.436008, 34.521354], [112.436467, 34.521352], [112.436649, 34.521425], [112.43681, 34.521481], [112.43689, 34.521591], [112.436835, 34.521724], [112.436541, 34.522073], [112.436196, 34.522398], [112.435869, 34.52245], [112.435756, 34.522656], [112.436115, 34.522796], [112.437414, 34.52251], [112.438288, 34.522445], [112.439225, 34.522366], [112.438934, 34.521731], [112.438934, 34.521389], [112.439344, 34.521341], [112.441929, 34.521107], [112.444542, 34.520862], [112.446327, 34.520692], [112.446402, 34.520122], [112.446407, 34.519726], [112.447776, 34.519391], [112.447919, 34.520383], [112.450646, 34.520779], [112.452018, 34.520587], [112.452342, 34.520554], [112.452559, 34.520497], [112.45267, 34.520292], [112.45292, 34.52031], [112.452963, 34.519773], [112.454065, 34.519491], [112.454092, 34.518986], [112.454199, 34.518403], [112.454446, 34.517967], [112.455379, 34.517821], [112.456252, 34.518436], [112.456989, 34.518385], [112.456983, 34.518217], [112.457196, 34.518185], [112.457584, 34.518231], [112.45899, 34.518768], [112.459534, 34.518827], [112.460852, 34.519154], [112.461958, 34.519465], [112.462134, 34.519508], [112.463362, 34.519856], [112.464185, 34.519708], [112.464595, 34.519328], [112.464968, 34.519078], [112.465611, 34.518533], [112.466123, 34.518173], [112.466289, 34.518055], [112.469122, 34.516873], [112.470265, 34.516395], [112.470702, 34.516013], [112.47223, 34.515158], [112.472171, 34.516467], [112.472174, 34.516944], [112.473612, 34.516792], [112.474137, 34.516722], [112.475821, 34.516534], [112.475908, 34.516525], [112.476388, 34.516471], [112.476717, 34.516343], [112.477154, 34.516168], [112.477448, 34.516011], [112.477573, 34.515999], [112.477689, 34.515988], [112.478093, 34.515978], [112.478772, 34.51587], [112.479073, 34.51566], [112.479236, 34.515563], [112.479421, 34.515536], [112.479622, 34.515584], [112.4799, 34.51569], [112.479968, 34.51595], [112.480494, 34.515862], [112.481264, 34.515724], [112.481868, 34.515626], [112.481809, 34.515163], [112.482046, 34.515143], [112.482029, 34.514933], [112.482533, 34.514894], [112.482417, 34.514351], [112.482625, 34.514197], [112.483082, 34.513862], [112.483562, 34.51357], [112.4838, 34.513449], [112.484049, 34.513371], [112.484389, 34.513209], [112.484613, 34.513138], [112.485145, 34.513082], [112.485472, 34.51307], [112.486233, 34.512643], [112.48637, 34.51245], [112.486463, 34.512347], [112.486598, 34.512186], [112.486628, 34.512063], [112.486555, 34.511961], [112.486545, 34.511768], [112.486629, 34.511529], [112.486671, 34.511414], [112.486728, 34.511408], [112.4881, 34.511377], [112.488033, 34.511071], [112.488714, 34.511041], [112.489105, 34.510947], [112.489397, 34.510564], [112.489922, 34.510501], [112.491042, 34.510397], [112.491222, 34.510395], [112.491705, 34.510311], [112.491689, 34.51011], [112.491682, 34.509949], [112.491894, 34.509846], [112.492167, 34.509722], [112.492457, 34.509666], [112.492988, 34.509561], [112.495116, 34.509357], [112.496366, 34.509244], [112.496853, 34.509248], [112.497415, 34.509301], [112.501432, 34.508799], [112.50518, 34.508363], [112.505973, 34.508233], [112.510689, 34.506855], [112.511252, 34.506724], [112.511457, 34.506687], [112.513932, 34.506083], [112.514837, 34.505724], [112.515186, 34.506114], [112.515701, 34.506688], [112.517234, 34.506534], [112.517388, 34.507067], [112.517397, 34.507258], [112.517409, 34.507501], [112.51743, 34.50783], [112.517418, 34.508213], [112.517468, 34.508851], [112.517986, 34.508864], [112.518075, 34.509226], [112.517927, 34.509218], [112.517925, 34.509423], [112.517449, 34.509557], [112.517076, 34.509618], [112.51715, 34.509971], [112.517534, 34.509913], [112.517657, 34.510495], [112.517741, 34.510924], [112.51751, 34.510948], [112.517619, 34.511463], [112.517838, 34.511415], [112.518, 34.511974], [112.518167, 34.512586], [112.517842, 34.512726], [112.518036, 34.513231], [112.518474, 34.513169], [112.518678, 34.513694], [112.519048, 34.514169], [112.519523, 34.514358], [112.51959, 34.514595], [112.519872, 34.51536], [112.520407, 34.516026], [112.520514, 34.516131], [112.520277, 34.516278], [112.51999, 34.51633], [112.519752, 34.516225], [112.519449, 34.51612], [112.519236, 34.516196], [112.519161, 34.516064], [112.518222, 34.516125], [112.517302, 34.516185], [112.517212, 34.516054], [112.517169, 34.516017], [112.517096, 34.516053], [112.517, 34.51621], [112.516969, 34.51642], [112.516794, 34.516368], [112.516333, 34.516446], [112.516239, 34.516358], [112.515773, 34.516494], [112.515878, 34.517291], [112.515998, 34.518198], [112.515818, 34.518378], [112.516044, 34.518641], [112.514978, 34.51885], [112.514763, 34.519564], [112.514164, 34.519553], [112.513938, 34.519551], [112.513814, 34.519607], [112.513861, 34.519782], [112.51396, 34.520085], [112.513984, 34.52052], [112.513392, 34.521113], [112.511476, 34.524022], [112.509382, 34.52612], [112.509282, 34.527138], [112.509989, 34.529029], [112.497362, 34.542168], [112.493426, 34.561337], [112.494416, 34.56454], [112.494746, 34.564399], [112.494988, 34.564312], [112.495066, 34.564452], [112.495319, 34.564528], [112.496961, 34.563979], [112.497599, 34.564785], [112.49754, 34.564821], [112.497998, 34.565511], [112.499256, 34.567262], [112.499419, 34.568334], [112.499404, 34.569136], [112.496443, 34.569936], [112.496614, 34.570646], [112.495306, 34.570731], [112.495135, 34.570742], [112.495228, 34.571556], [112.494418, 34.571604], [112.493528, 34.57253], [112.493308, 34.572606], [112.493431, 34.573169], [112.491768, 34.5735], [112.490815, 34.572506], [112.489162, 34.572843], [112.48252, 34.574054], [112.479379, 34.574627], [112.479838, 34.579201], [112.481762, 34.581259], [112.48362, 34.5851], [112.476433, 34.586], [112.47601, 34.584652], [112.475836, 34.584226], [112.475668, 34.583861], [112.470996, 34.58356], [112.47081, 34.580975], [112.469803, 34.580987], [112.469792, 34.580363], [112.468027, 34.580176], [112.468022, 34.579863], [112.466886, 34.579669], [112.464096, 34.578992], [112.464046, 34.57898], [112.459936, 34.577983], [112.460045, 34.577045], [112.455867, 34.576151], [112.451589, 34.575235], [112.447114, 34.573931], [112.446947, 34.573704], [112.446749, 34.573512], [112.446823, 34.573326], [112.446848, 34.573257], [112.446888, 34.573145], [112.44723, 34.572984], [112.447469, 34.572871], [112.447701, 34.572586], [112.447088, 34.572663], [112.446924, 34.572715], [112.446583, 34.572825], [112.446443, 34.572875], [112.446111, 34.572993], [112.445989, 34.572847], [112.445805, 34.5727], [112.445565, 34.572791], [112.445547, 34.572798], [112.44499, 34.572961], [112.444688, 34.57305], [112.443911, 34.57315], [112.443862, 34.573156], [112.443154, 34.573183], [112.443142, 34.573183], [112.442358, 34.573212], [112.441793, 34.573233], [112.441873, 34.573031], [112.442175, 34.572737], [112.442361, 34.572572], [112.442774, 34.572544], [112.44326, 34.572511], [112.44376, 34.572506], [112.443764, 34.572506], [112.443914, 34.572505], [112.443985, 34.572504], [112.44381, 34.572227], [112.443514, 34.571954], [112.44344, 34.571885], [112.443274, 34.571874], [112.442947, 34.571853], [112.442728, 34.571849], [112.442641, 34.571847], [112.442489, 34.571844], [112.442319, 34.57184], [112.4422, 34.571824], [112.441932, 34.571788], [112.441846, 34.57161], [112.441979, 34.571552], [112.442012, 34.571552], [112.442424, 34.571551], [112.442546, 34.571546], [112.442723, 34.571539], [112.442922, 34.571532], [112.443108, 34.571462], [112.443115, 34.57143], [112.443132, 34.571354], [112.443042, 34.571258], [112.442775, 34.571079], [112.442395, 34.571168], [112.442272, 34.571197], [112.442161, 34.57118], [112.442149, 34.571085], [112.442267, 34.570791], [112.442245, 34.570765], [112.442115, 34.570611], [112.441962, 34.570409], [112.441639, 34.570093], [112.441473, 34.569942], [112.441316, 34.569799], [112.441185, 34.569499], [112.441119, 34.569439], [112.441081, 34.569403], [112.440942, 34.569441], [112.440771, 34.569486], [112.440251, 34.569889], [112.438934, 34.56997], [112.438833, 34.56997], [112.438722, 34.569949], [112.438582, 34.569945], [112.438233, 34.569959], [112.438068, 34.569972], [112.437947, 34.569974], [112.437813, 34.569961], [112.437532, 34.569961], [112.437359, 34.569978], [112.437118, 34.56999], [112.436847, 34.570009], [112.436611, 34.570006], [112.436454, 34.570013], [112.436268, 34.570003], [112.435632, 34.57008], [112.435564, 34.569966], [112.435565, 34.569858], [112.435565, 34.569849], [112.435545, 34.56954], [112.435551, 34.569268], [112.435539, 34.56912], [112.435529, 34.569039], [112.435528, 34.569034], [112.436941, 34.569044], [112.436884, 34.567748], [112.436792, 34.566553], [112.43672, 34.56657], [112.436499, 34.566621], [112.435769, 34.566788], [112.435687, 34.566382], [112.435609, 34.566386], [112.435513, 34.566422], [112.435279, 34.566455], [112.435112, 34.566479], [112.434961, 34.5665], [112.434758, 34.566496], [112.434696, 34.566502], [112.434328, 34.566542], [112.43397, 34.566581], [112.433836, 34.566588], [112.433738, 34.566545], [112.433785, 34.566462], [112.433821, 34.566425], [112.434035, 34.56635], [112.434324, 34.566319], [112.435107, 34.566233], [112.435584, 34.566181], [112.435492, 34.565669], [112.435963, 34.565645], [112.436223, 34.565629], [112.436509, 34.565623], [112.436628, 34.565641], [112.437857, 34.565608], [112.438014, 34.56558], [112.438127, 34.565549], [112.438182, 34.565528], [112.438235, 34.565471], [112.438242, 34.565466], [112.438283, 34.565443], [112.438306, 34.565427], [112.438385, 34.565414], [112.438418, 34.565395], [112.43842, 34.565394], [112.438434, 34.565338], [112.438435, 34.565203], [112.438421, 34.565106], [112.438414, 34.565014], [112.438367, 34.564933], [112.438324, 34.56492], [112.438279, 34.564924], [112.438162, 34.565076], [112.438028, 34.56513], [112.437868, 34.56517], [112.437774, 34.565202], [112.437518, 34.565195], [112.437273, 34.565202], [112.43717, 34.56521], [112.437151, 34.565206], [112.437129, 34.565176], [112.437084, 34.565072], [112.437043, 34.564993], [112.437074, 34.564904], [112.436972, 34.564869], [112.43685, 34.564869], [112.436766, 34.564869], [112.436695, 34.564868], [112.436393, 34.564889], [112.435982, 34.564896], [112.435971, 34.564896], [112.435794, 34.564885], [112.435793, 34.564885], [112.435623, 34.5649], [112.435575, 34.564926], [112.435565, 34.564945], [112.435559, 34.565025], [112.435533, 34.565038], [112.435461, 34.565041], [112.435244, 34.565049], [112.43501, 34.565065], [112.434676, 34.565047], [112.43466, 34.565046], [112.43456, 34.565003], [112.434586, 34.564898], [112.434638, 34.564796], [112.434659, 34.564714], [112.434659, 34.564713], [112.43467, 34.564682], [112.434689, 34.564626], [112.434742, 34.564471], [112.434741, 34.564416], [112.434727, 34.564357], [112.434668, 34.564304], [112.434326, 34.564126], [112.434146, 34.563965], [112.434093, 34.563909], [112.434024, 34.563861], [112.433966, 34.563838], [112.4339, 34.563827], [112.433721, 34.563814], [112.433657, 34.563822], [112.433621, 34.563826], [112.433574, 34.563837], [112.433531, 34.56386], [112.433382, 34.563977], [112.433315, 34.563912], [112.433307, 34.563909], [112.433261, 34.563891], [112.433218, 34.563858], [112.43306, 34.563823], [112.433015, 34.563799], [112.432967, 34.563774], [112.432902, 34.563741], [112.432769, 34.563707], [112.432479, 34.563616], [112.432336, 34.563586], [112.432136, 34.563565], [112.431928, 34.563554], [112.431685, 34.563557], [112.431654, 34.563561], [112.431641, 34.563579], [112.431641, 34.563593], [112.43165, 34.563608], [112.431742, 34.56367], [112.431799, 34.563685], [112.431927, 34.5638], [112.432243, 34.564028], [112.432318, 34.564102], [112.432468, 34.56425], [112.43253, 34.56429], [112.432573, 34.564323], [112.43259, 34.564347], [112.432592, 34.564373], [112.43252, 34.564431], [112.4324, 34.564472], [112.432279, 34.564474], [112.432187, 34.564457], [112.432096, 34.564423], [112.431912, 34.564306], [112.431901, 34.564298], [112.431866, 34.564273], [112.431771, 34.564154], [112.43165, 34.564071], [112.431464, 34.563942], [112.431346, 34.563835], [112.431187, 34.563724], [112.431164, 34.563711], [112.431092, 34.563668], [112.431041, 34.563588], [112.431111, 34.563528], [112.431115, 34.563522], [112.431185, 34.563412], [112.431332, 34.56329], [112.43135, 34.563262], [112.431414, 34.563164], [112.431489, 34.562914], [112.431507, 34.562825], [112.43167, 34.562684], [112.431739, 34.562644], [112.431793, 34.56263], [112.431831, 34.562629], [112.431943, 34.562661], [112.432066, 34.562676], [112.432116, 34.562614], [112.432168, 34.562549], [112.432168, 34.562394], [112.432155, 34.562327], [112.432123, 34.562275], [112.43208, 34.562232], [112.432073, 34.562225], [112.432007, 34.56216], [112.431854, 34.562236], [112.431852, 34.562237], [112.431832, 34.562296], [112.431817, 34.56231], [112.431787, 34.562312], [112.43168, 34.56228], [112.43163, 34.562261], [112.43157, 34.562254], [112.431504, 34.562258], [112.43145, 34.562277], [112.431409, 34.562306], [112.43135, 34.562326], [112.431304, 34.562342], [112.43129, 34.562347], [112.431254, 34.562359], [112.431146, 34.562385], [112.431109, 34.562402], [112.431067, 34.562421], [112.430995, 34.562463], [112.430953, 34.562481], [112.430915, 34.562485], [112.43076, 34.562609], [112.430606, 34.562785], [112.430571, 34.562812], [112.43054, 34.562818], [112.430485, 34.562817], [112.430465, 34.562797], [112.430379, 34.562669], [112.430376, 34.562665], [112.430363, 34.562531], [112.430358, 34.562509], [112.430349, 34.56247], [112.430297, 34.562255], [112.4303, 34.562232], [112.430306, 34.562181], [112.430281, 34.562119], [112.430275, 34.562112], [112.430275, 34.562112], [112.430263, 34.562099], [112.430141, 34.561958], [112.430095, 34.561916], [112.429942, 34.561777], [112.429938, 34.561918], [112.429935, 34.562003], [112.42992, 34.562066], [112.4299, 34.562086], [112.429846, 34.562144], [112.429697, 34.562244], [112.429545, 34.56231], [112.429501, 34.562324], [112.429412, 34.562342], [112.429227, 34.562373], [112.42921, 34.56229], [112.429167, 34.562196], [112.42914, 34.562152], [112.429104, 34.562131], [112.42905, 34.562122], [112.428791, 34.562149], [112.42875, 34.562161], [112.428718, 34.56219], [112.428684, 34.562258], [112.428688, 34.562311], [112.428697, 34.56234], [112.42871, 34.562353], [112.428731, 34.562367], [112.42876, 34.56237], [112.428794, 34.562372], [112.428824, 34.562383], [112.42887, 34.562409], [112.428884, 34.562429], [112.428889, 34.562449], [112.428887, 34.562473], [112.428877, 34.562504], [112.428849, 34.562527], [112.428807, 34.562536], [112.428754, 34.562541], [112.428652, 34.562603], [112.428414, 34.56263], [112.42826, 34.562659], [112.428064, 34.562727], [112.427905, 34.562769], [112.427861, 34.562795], [112.427829, 34.562826], [112.427785, 34.562924], [112.427759, 34.562962], [112.427724, 34.562985], [112.427724, 34.562985], [112.427665, 34.563006], [112.427582, 34.563015], [112.427404, 34.563015], [112.427316, 34.563022], [112.427206, 34.563031], [112.427048, 34.563024], [112.42704, 34.563021], [112.42695, 34.562993], [112.426786, 34.563024], [112.426699, 34.563041], [112.426599, 34.563072], [112.426533, 34.563093], [112.42641, 34.563131], [112.42634, 34.563172], [112.426227, 34.563276], [112.42611, 34.563344], [112.426059, 34.56345], [112.426013, 34.563505], [112.425963, 34.563553], [112.4259, 34.563613], [112.425676, 34.563687], [112.425785, 34.563679], [112.425995, 34.563653], [112.426102, 34.56359], [112.426293, 34.563549], [112.426406, 34.563525], [112.42654, 34.563512], [112.426607, 34.563506], [112.426663, 34.563501], [112.426901, 34.56345], [112.427, 34.56342], [112.427044, 34.563417], [112.427077, 34.563434], [112.427114, 34.563461], [112.427133, 34.563494], [112.427141, 34.563536], [112.427125, 34.563561], [112.427092, 34.563613], [112.427091, 34.563614], [112.427024, 34.563728], [112.426971, 34.563749], [112.426932, 34.563765], [112.426904, 34.563773], [112.426715, 34.563826], [112.426542, 34.563857], [112.426242, 34.563949], [112.425633, 34.564018], [112.425518, 34.564017], [112.425342, 34.564039], [112.4252, 34.564049], [112.425005, 34.564054], [112.424969, 34.564055], [112.424862, 34.564034], [112.424848, 34.564113], [112.424844, 34.564214], [112.424807, 34.564286], [112.424799, 34.564397], [112.424774, 34.564438], [112.424756, 34.564447], [112.42472, 34.564447], [112.424688, 34.564442], [112.424627, 34.564436], [112.424589, 34.56445], [112.424579, 34.564464], [112.424579, 34.5645], [112.424596, 34.564549], [112.424595, 34.564634], [112.424586, 34.56473], [112.42458, 34.564847], [112.42456, 34.564878], [112.424519, 34.564921], [112.424477, 34.564947], [112.424437, 34.564968], [112.424341, 34.565048], [112.424233, 34.565033], [112.424196, 34.565034], [112.423872, 34.565048], [112.423621, 34.565074], [112.423268, 34.565098], [112.423128, 34.56513], [112.421692, 34.565255], [112.421082, 34.565292], [112.420859, 34.565304], [112.420612, 34.565326], [112.420612, 34.564994]]]}, "properties": {"display_name": "龙门石窟街道, 洛龙区, 洛阳市, 河南省, 中国", "type": "administrative", "osm_type": "relation", "osm_id": 9974312, "class": null, "keyword": "subdistrict"}}, {"type": "Feature", "geometry": {"type": "Polygon", "coordinates": [[[112.407884, 34.527258], [112.408232, 34.527028], [112.4101, 34.525799], [112.413259, 34.525931], [112.417187, 34.523357], [112.418813, 34.521926], [112.420097, 34.520794], [112.418959, 34.519712], [112.421259, 34.517241], [112.424088, 34.515943], [112.424371, 34.514592], [112.424258, 34.514551], [112.421605, 34.513612], [112.41906, 34.513642], [112.417093, 34.511233], [112.417169, 34.507327], [112.417199, 34.505993], [112.420123, 34.504273], [112.424003, 34.498918], [112.425324, 34.498818], [112.423843, 34.495548], [112.42423, 34.494363], [112.424075, 34.491189], [112.423235, 34.489739], [112.423292, 34.489546], [112.423909, 34.487456], [112.429165, 34.485287], [112.426723, 34.485315], [112.429107, 34.481832], [112.427064, 34.480287], [112.425704, 34.479258], [112.423247, 34.478444], [112.42162, 34.478547], [112.4195, 34.479583], [112.419258, 34.47731], [112.418315, 34.47572], [112.417236, 34.478093], [112.415313, 34.478789], [112.413674, 34.478134], [112.413807, 34.477942], [112.417251, 34.472951], [112.41681, 34.471017], [112.424665, 34.466037], [112.423921, 34.464191], [112.426359, 34.462607], [112.430262, 34.460071], [112.428833, 34.459835], [112.426215, 34.461467], [112.427097, 34.459434], [112.426177, 34.459192], [112.423785, 34.46217], [112.421664, 34.463122], [112.419018, 34.463152], [112.41808, 34.461815], [112.418365, 34.460631], [112.416646, 34.461241], [112.4152, 34.459994], [112.413786, 34.459928], [112.407969, 34.459655], [112.408219, 34.459463], [112.412087, 34.45649], [112.412051, 34.454298], [112.412431, 34.452692], [112.410981, 34.451192], [112.411259, 34.449587], [112.410692, 34.448903], [112.410636, 34.448836], [112.413477, 34.444057], [112.421299, 34.442468], [112.428085, 34.437881], [112.429233, 34.438478], [112.432022, 34.437956], [112.433846, 34.439283], [112.435573, 34.441761], [112.43656, 34.441088], [112.442579, 34.439159], [112.455785, 34.437757], [112.457454, 34.44222], [112.457631, 34.442708], [112.461944, 34.454591], [112.462022, 34.454807], [112.46207, 34.454792], [112.462225, 34.456623], [112.462959, 34.460271], [112.462665, 34.464215], [112.462406, 34.467707], [112.461993, 34.473232], [112.462045, 34.47601], [112.462344, 34.484975], [112.462535, 34.490675], [112.462189, 34.494295], [112.463069, 34.499637], [112.463311, 34.501108], [112.465056, 34.511694], [112.465296, 34.513155], [112.465928, 34.516993], [112.466044, 34.517696], [112.466123, 34.518173], [112.465611, 34.518533], [112.464968, 34.519078], [112.464595, 34.519328], [112.464185, 34.519708], [112.463362, 34.519856], [112.462134, 34.519508], [112.461958, 34.519465], [112.460852, 34.519154], [112.459534, 34.518827], [112.45899, 34.518768], [112.457584, 34.518231], [112.457196, 34.518185], [112.456983, 34.518217], [112.456989, 34.518385], [112.456252, 34.518436], [112.455379, 34.517821], [112.454446, 34.517967], [112.454199, 34.518403], [112.454092, 34.518986], [112.454065, 34.519491], [112.452963, 34.519773], [112.45292, 34.52031], [112.45267, 34.520292], [112.452559, 34.520497], [112.452342, 34.520554], [112.452018, 34.520587], [112.450646, 34.520779], [112.447919, 34.520383], [112.447776, 34.519391], [112.446407, 34.519726], [112.446402, 34.520122], [112.446327, 34.520692], [112.444542, 34.520862], [112.441929, 34.521107], [112.439344, 34.521341], [112.438934, 34.521389], [112.438934, 34.521731], [112.439225, 34.522366], [112.438288, 34.522445], [112.437414, 34.52251], [112.436115, 34.522796], [112.435756, 34.522656], [112.435869, 34.52245], [112.436196, 34.522398], [112.436541, 34.522073], [112.436835, 34.521724], [112.43689, 34.521591], [112.43681, 34.521481], [112.436649, 34.521425], [112.436467, 34.521352], [112.436008, 34.521354], [112.435904, 34.521508], [112.435844, 34.5216], [112.43571, 34.521656], [112.435254, 34.521689], [112.434934, 34.521672], [112.434603, 34.521706], [112.434518, 34.521745], [112.434408, 34.521844], [112.434257, 34.521887], [112.434019, 34.521889], [112.433814, 34.521878], [112.433774, 34.521786], [112.433644, 34.521681], [112.433106, 34.521668], [112.433004, 34.521485], [112.432829, 34.52113], [112.432803, 34.521014], [112.432303, 34.521051], [112.431794, 34.521142], [112.431221, 34.521307], [112.430888, 34.521335], [112.430107, 34.521378], [112.429867, 34.521124], [112.429247, 34.521217], [112.429221, 34.521343], [112.428768, 34.521672], [112.428491, 34.521788], [112.428251, 34.521862], [112.427748, 34.522019], [112.427501, 34.522068], [112.427416, 34.522034], [112.427286, 34.521792], [112.427284, 34.521679], [112.426987, 34.52178], [112.42666, 34.521822], [112.426309, 34.521721], [112.425839, 34.522083], [112.427064, 34.52247], [112.426875, 34.522664], [112.426843, 34.522722], [112.426838, 34.522861], [112.426889, 34.523257], [112.425912, 34.523626], [112.425824, 34.523955], [112.425935, 34.524197], [112.428297, 34.523912], [112.42842, 34.524415], [112.428464, 34.524804], [112.428409, 34.525024], [112.42812, 34.525603], [112.429016, 34.525841], [112.428897, 34.526627], [112.428909, 34.527068], [112.428427, 34.527216], [112.428298, 34.527399], [112.428199, 34.527658], [112.428136, 34.527893], [112.42816, 34.528182], [112.428293, 34.528358], [112.428429, 34.5285], [112.428775, 34.528969], [112.428792, 34.529242], [112.428862, 34.529357], [112.428952, 34.529783], [112.428959, 34.530177], [112.428606, 34.530554], [112.428377, 34.531062], [112.428343, 34.531574], [112.42823, 34.531808], [112.42843, 34.532412], [112.427875, 34.532432], [112.427817, 34.532491], [112.427828, 34.532595], [112.428379, 34.532981], [112.428463, 34.533161], [112.42826, 34.533232], [112.428259, 34.533383], [112.428321, 34.533537], [112.428322, 34.533621], [112.428254, 34.533765], [112.428301, 34.533875], [112.428517, 34.534141], [112.428792, 34.534775], [112.428858, 34.534901], [112.428528, 34.53512], [112.428228, 34.535427], [112.428291, 34.535806], [112.428823, 34.535264], [112.429023, 34.535451], [112.428804, 34.535587], [112.428654, 34.535744], [112.428505, 34.535924], [112.428288, 34.536493], [112.42826, 34.536583], [112.428273, 34.536686], [112.428669, 34.537602], [112.428273, 34.537719], [112.428148, 34.537866], [112.428108, 34.537981], [112.428167, 34.538439], [112.429204, 34.53834], [112.429512, 34.539132], [112.430333, 34.538983], [112.430702, 34.539071], [112.430997, 34.53973], [112.431194, 34.539654], [112.431299, 34.539416], [112.431849, 34.539339], [112.431943, 34.539456], [112.431947, 34.539667], [112.431408, 34.539756], [112.431273, 34.539845], [112.431283, 34.540088], [112.431302, 34.540294], [112.431344, 34.540433], [112.431338, 34.540569], [112.431286, 34.540749], [112.431149, 34.540968], [112.431063, 34.541181], [112.431032, 34.541366], [112.430606, 34.541258], [112.430528, 34.54137], [112.430317, 34.541673], [112.430101, 34.541983], [112.42981, 34.542135], [112.42981, 34.54227], [112.429436, 34.542535], [112.428986, 34.54286], [112.428416, 34.542781], [112.427466, 34.540854], [112.421381, 34.536373], [112.418523, 34.536069], [112.417674, 34.534056], [112.415425, 34.533577], [112.414679, 34.531562], [112.409752, 34.529343], [112.407884, 34.527258]]]}, "properties": {"display_name": "河滨街道, 伊川县, 洛阳市, 河南省, 中国", "type": "administrative", "osm_type": "relation", "osm_id": 14113191, "class": null, "keyword": "subdistrict"}}, {"type": "Feature", "geometry": {"type": "Polygon", "coordinates": [[[112.366476, 34.423797], [112.367057, 34.422021], [112.369164, 34.420227], [112.369065, 34.420001], [112.370582, 34.419874], [112.370569, 34.419031], [112.3727, 34.418754], [112.377342, 34.41651], [112.383873, 34.414049], [112.384721, 34.41373], [112.38938, 34.412497], [112.389755, 34.410638], [112.393899, 34.407028], [112.394129, 34.406828], [112.398519, 34.405565], [112.398079, 34.403547], [112.398783, 34.403118], [112.398062, 34.402536], [112.396944, 34.402548], [112.397442, 34.401953], [112.400994, 34.401491], [112.401081, 34.400647], [112.40197, 34.399035], [112.402602, 34.39884], [112.403386, 34.398597], [112.402976, 34.398364], [112.398458, 34.395788], [112.396855, 34.391086], [112.399905, 34.391051], [112.396687, 34.387126], [112.403467, 34.386516], [112.415749, 34.390994], [112.42494, 34.394873], [112.436169, 34.406816], [112.438057, 34.408823], [112.44197, 34.412984], [112.442516, 34.414038], [112.443968, 34.416837], [112.444348, 34.417333], [112.445101, 34.418678], [112.447914, 34.423702], [112.447945, 34.423759], [112.449256, 34.4261], [112.452052, 34.431096], [112.452186, 34.431335], [112.455785, 34.437757], [112.442579, 34.439159], [112.43656, 34.441088], [112.435573, 34.441761], [112.433846, 34.439283], [112.432022, 34.437956], [112.429233, 34.438478], [112.428085, 34.437881], [112.421299, 34.442468], [112.413477, 34.444057], [112.410636, 34.448836], [112.40903, 34.450119], [112.4074, 34.450053], [112.406158, 34.448719], [112.402845, 34.451454], [112.399967, 34.451303], [112.397324, 34.449832], [112.396316, 34.448327], [112.395028, 34.446402], [112.392182, 34.446603], [112.391016, 34.44375], [112.387929, 34.441678], [112.388567, 34.441466], [112.393191, 34.439932], [112.390962, 34.437636], [112.38874, 34.435347], [112.386707, 34.435454], [112.386795, 34.43461], [112.38405, 34.434726], [112.387476, 34.432748], [112.385725, 34.431419], [112.386323, 34.430654], [112.387641, 34.430386], [112.389189, 34.431717], [112.389261, 34.430924], [112.389619, 34.426992], [112.388995, 34.426156], [112.386232, 34.426434], [112.380917, 34.429788], [112.379211, 34.43124], [112.37728, 34.431346], [112.375979, 34.432626], [112.37225, 34.430189], [112.372174, 34.430139], [112.373261, 34.428189], [112.372156, 34.429044], [112.37133, 34.428294], [112.37179, 34.426069], [112.371802, 34.426013], [112.370791, 34.426446], [112.369736, 34.424098], [112.36741, 34.424967], [112.366476, 34.423797]]]}, "properties": {"display_name": "城关街道, 伊川县, 洛阳市, 河南省, 中国", "type": "administrative", "osm_type": "relation", "osm_id": 9972530, "class": null, "keyword": "subdistrict"}}, {"type": "Feature", "geometry": {"type": "Polygon", "coordinates": [[[111.560913, 33.734604], [111.563913, 33.734438], [111.56658, 33.735214], [111.568714, 33.736989], [111.570381, 33.737099], [111.572514, 33.73782], [111.578115, 33.739317], [111.579182, 33.740759], [111.582649, 33.741424], [111.586516, 33.741923], [111.588916, 33.74342], [111.59085, 33.743587], [111.59125, 33.740814], [111.590183, 33.738264], [111.58825, 33.734715], [111.596784, 33.735658], [111.603385, 33.734992], [111.605985, 33.737044], [111.609519, 33.737432], [111.610319, 33.739872], [111.612186, 33.743642], [111.614987, 33.747467], [111.614786, 33.74902], [111.615387, 33.751404], [111.617787, 33.753399], [111.620187, 33.754785], [111.621054, 33.755395], [111.621921, 33.757114], [111.621787, 33.761659], [111.623654, 33.765595], [111.625855, 33.77607], [111.622654, 33.776347], [111.624521, 33.782831], [111.627188, 33.784771], [111.628855, 33.786489], [111.632189, 33.790368], [111.631122, 33.79203], [111.629322, 33.793582], [111.628922, 33.795133], [111.628322, 33.796241], [111.626055, 33.797848], [111.626188, 33.801726], [111.627655, 33.802557], [111.630789, 33.801505], [111.633522, 33.803056], [111.634589, 33.805605], [111.632789, 33.80915], [111.631589, 33.812419], [111.626788, 33.814358], [111.624852, 33.814294], [111.622121, 33.812807], [111.619587, 33.811976], [111.617254, 33.813139], [111.615587, 33.813416], [111.613986, 33.812973], [111.612586, 33.811256], [111.611186, 33.807765], [111.610053, 33.802114], [111.604052, 33.798679], [111.595851, 33.801893], [111.59365, 33.802114], [111.594184, 33.798735], [111.595117, 33.79336], [111.592984, 33.787819], [111.590917, 33.786821], [111.589983, 33.783829], [111.594251, 33.781113], [111.59245, 33.780116], [111.59165, 33.780614], [111.590317, 33.779728], [111.591583, 33.778231], [111.58845, 33.771248], [111.586249, 33.77014], [111.582982, 33.772966], [111.580649, 33.773133], [111.579782, 33.77147], [111.579582, 33.769585], [111.581649, 33.766648], [111.579048, 33.763932], [111.578915, 33.762823], [111.577782, 33.760052], [111.578915, 33.757834], [111.577115, 33.754286], [111.578515, 33.748244], [111.577181, 33.745971], [111.575848, 33.744862], [111.571981, 33.744585], [111.569247, 33.741646], [111.565913, 33.740537], [111.563646, 33.738874], [111.560913, 33.734604]]]}, "properties": {"display_name": "耕莘街道, 栾川县, 洛阳市, 河南省, 471500, 中国", "type": "administrative", "osm_type": "relation", "osm_id": 9979426, "class": null, "keyword": "subdistrict"}}, {"type": "Feature", "geometry": {"type": "Polygon", "coordinates": [[[112.275922, 34.632459], [112.27852, 34.63134], [112.28402, 34.6299], [112.28647, 34.62963], [112.288331, 34.62962], [112.291081, 34.62977], [112.297665, 34.630404], [112.30535, 34.63134], [112.307279, 34.631811], [112.312427, 34.632468], [112.32578, 34.632033], [112.325805, 34.632043], [112.325972, 34.632037], [112.326096, 34.632046], [112.326187, 34.632067], [112.326245, 34.632072], [112.32635, 34.632076], [112.326605, 34.632084], [112.326893, 34.632079], [112.327123, 34.632072], [112.327348, 34.632091], [112.327601, 34.632086], [112.328057, 34.632108], [112.328181, 34.632118], [112.328262, 34.632124], [112.328286, 34.63235], [112.328292, 34.632365], [112.328303, 34.632372], [112.32833, 34.632378], [112.32841, 34.632386], [112.328646, 34.632401], [112.328847, 34.6324], [112.329048, 34.632415], [112.329128, 34.632407], [112.329344, 34.632452], [112.329426, 34.632483], [112.329414, 34.632551], [112.329403, 34.632578], [112.329377, 34.63261], [112.329348, 34.632635], [112.329316, 34.632658], [112.329256, 34.632694], [112.329075, 34.632768], [112.329006, 34.632768], [112.328973, 34.632773], [112.328955, 34.632784], [112.328914, 34.632827], [112.32882, 34.632866], [112.328856, 34.63287], [112.328911, 34.632876], [112.329111, 34.632851], [112.329212, 34.632838], [112.3294, 34.632825], [112.329491, 34.632823], [112.329526, 34.632824], [112.32954, 34.632837], [112.329547, 34.632859], [112.329545, 34.632878], [112.329535, 34.632907], [112.329512, 34.63298], [112.329504, 34.633008], [112.329461, 34.633071], [112.329514, 34.633077], [112.329546, 34.63308], [112.329787, 34.633083], [112.330034, 34.633111], [112.330372, 34.633112], [112.330466, 34.633091], [112.330439, 34.633198], [112.330442, 34.633235], [112.330457, 34.63328], [112.33048, 34.633327], [112.330507, 34.633354], [112.330528, 34.633369], [112.33054, 34.633378], [112.330783, 34.633521], [112.330806, 34.633532], [112.330837, 34.633541], [112.330883, 34.633544], [112.330903, 34.633538], [112.330936, 34.633524], [112.331007, 34.633483], [112.33107, 34.633463], [112.331095, 34.633461], [112.331118, 34.633474], [112.331125, 34.63349], [112.331127, 34.633519], [112.331127, 34.633546], [112.331124, 34.63357], [112.331101, 34.633682], [112.331061, 34.633752], [112.331149, 34.633768], [112.331324, 34.633761], [112.331727, 34.633835], [112.331856, 34.633835], [112.331869, 34.633835], [112.331947, 34.633863], [112.331967, 34.633948], [112.331967, 34.634103], [112.331943, 34.634238], [112.331941, 34.634265], [112.331935, 34.634403], [112.33192, 34.634481], [112.331993, 34.634473], [112.332, 34.634472], [112.332152, 34.634495], [112.332318, 34.634519], [112.332454, 34.634535], [112.332495, 34.634551], [112.332512, 34.634568], [112.332527, 34.63459], [112.332533, 34.634636], [112.332507, 34.634776], [112.332451, 34.634894], [112.332401, 34.634976], [112.332346, 34.635041], [112.332255, 34.635119], [112.332402, 34.635201], [112.332446, 34.635217], [112.332481, 34.635225], [112.332543, 34.635226], [112.332594, 34.635238], [112.332638, 34.635261], [112.332694, 34.635395], [112.332733, 34.63543], [112.33275, 34.635436], [112.33277, 34.635436], [112.332828, 34.635432], [112.332902, 34.635433], [112.332923, 34.635441], [112.332937, 34.635453], [112.332946, 34.635468], [112.33295, 34.635489], [112.332955, 34.635514], [112.332947, 34.635591], [112.332939, 34.635674], [112.332849, 34.635714], [112.332648, 34.635771], [112.332716, 34.635785], [112.332774, 34.635802], [112.332987, 34.635885], [112.333105, 34.635912], [112.33317, 34.635966], [112.333163, 34.636047], [112.333137, 34.636252], [112.333094, 34.636412], [112.333077, 34.636475], [112.333018, 34.636615], [112.332962, 34.636728], [112.332901, 34.636803], [112.33299, 34.636848], [112.333213, 34.6369], [112.333414, 34.636932], [112.33354, 34.636968], [112.333575, 34.636978], [112.333759, 34.637063], [112.3339, 34.63714], [112.334079, 34.637263], [112.334188, 34.637358], [112.334288, 34.637446], [112.334435, 34.637742], [112.334463, 34.637861], [112.334525, 34.638001], [112.334566, 34.638071], [112.334664, 34.638173], [112.334764, 34.638252], [112.334883, 34.638327], [112.334982, 34.638357], [112.334982, 34.638396], [112.334973, 34.638423], [112.334936, 34.638463], [112.334893, 34.638475], [112.334836, 34.638484], [112.334761, 34.63848], [112.334673, 34.638471], [112.33452, 34.638433], [112.334298, 34.638344], [112.334216, 34.638321], [112.333979, 34.638203], [112.333869, 34.638126], [112.333744, 34.638063], [112.333595, 34.637991], [112.333408, 34.637893], [112.333249, 34.637828], [112.33309, 34.637783], [112.332947, 34.637708], [112.332883, 34.637684], [112.332793, 34.637651], [112.332639, 34.637614], [112.332442, 34.637567], [112.332333, 34.637546], [112.332253, 34.637545], [112.332183, 34.637556], [112.332081, 34.637613], [112.332042, 34.637644], [112.332011, 34.637682], [112.331976, 34.637723], [112.332012, 34.637741], [112.332204, 34.637839], [112.332274, 34.637875], [112.33243, 34.637936], [112.332591, 34.637961], [112.332782, 34.637998], [112.333077, 34.638121], [112.333242, 34.638199], [112.333373, 34.638271], [112.333591, 34.638345], [112.333688, 34.638368], [112.333903, 34.638464], [112.333999, 34.638556], [112.334081, 34.638571], [112.334096, 34.638574], [112.334222, 34.638588], [112.334288, 34.638601], [112.33437, 34.638633], [112.334483, 34.638695], [112.33456, 34.638739], [112.334634, 34.638765], [112.334679, 34.638781], [112.334728, 34.638801], [112.334789, 34.638827], [112.334966, 34.638925], [112.33513, 34.639024], [112.335154, 34.639038], [112.335201, 34.639076], [112.335303, 34.639172], [112.335348, 34.639226], [112.335404, 34.639314], [112.33549, 34.639394], [112.335573, 34.639443], [112.335511, 34.639672], [112.334846, 34.639978], [112.334824, 34.640179], [112.334905, 34.640605], [112.334862, 34.640802], [112.334757, 34.640943], [112.334647, 34.64106], [112.334674, 34.641537], [112.332504, 34.641832], [112.332753, 34.642432], [112.332845, 34.642565], [112.334113, 34.642119], [112.334127, 34.643995], [112.336761, 34.644037], [112.336375, 34.644889], [112.345954, 34.64711], [112.346126, 34.648942], [112.349639, 34.648968], [112.349633, 34.650415], [112.352137, 34.650342], [112.352174, 34.650758], [112.352244, 34.651777], [112.352321, 34.652239], [112.352369, 34.652446], [112.352452, 34.652703], [112.352834, 34.653489], [112.351127, 34.653732], [112.351196, 34.654096], [112.352736, 34.654004], [112.3528, 34.654184], [112.351069, 34.654455], [112.351051, 34.654952], [112.350868, 34.655344], [112.350051, 34.655641], [112.350061, 34.656573], [112.34723, 34.65664], [112.347213, 34.65801], [112.347233, 34.658755], [112.34718, 34.65981], [112.34721, 34.66086], [112.347662, 34.661494], [112.348296, 34.661773], [112.348369, 34.662397], [112.347773, 34.662482], [112.347703, 34.662118], [112.347034, 34.661631], [112.347072, 34.662021], [112.345045, 34.661315], [112.344297, 34.661766], [112.344475, 34.664781], [112.344825, 34.66543], [112.342432, 34.666329], [112.337501, 34.668258], [112.33745, 34.668457], [112.332038, 34.669849], [112.331988, 34.669286], [112.327921, 34.669875], [112.327935, 34.670608], [112.32813, 34.67299], [112.328683, 34.680001], [112.328624, 34.680916], [112.328438, 34.682201], [112.328918, 34.683833], [112.329361, 34.68522], [112.330361, 34.68558], [112.330731, 34.68589], [112.331546, 34.687371], [112.331228, 34.687382], [112.330663, 34.687574], [112.330382, 34.68769], [112.329796, 34.688279], [112.329924, 34.689419], [112.329845, 34.690461], [112.330821, 34.691626], [112.331814, 34.69354], [112.331717, 34.694637], [112.331326, 34.695762], [112.331261, 34.696444], [112.330952, 34.697462], [112.330382, 34.698198], [112.329128, 34.698144], [112.327338, 34.696859], [112.325873, 34.696605], [112.325107, 34.696444], [112.324277, 34.696418], [112.323952, 34.695909], [112.324505, 34.694731], [112.324619, 34.693955], [112.325091, 34.692897], [112.325058, 34.692335], [112.3247, 34.691706], [112.323821, 34.691278], [112.323138, 34.691104], [112.322063, 34.691224], [112.320272, 34.691867], [112.319981, 34.691972], [112.319084, 34.692295], [112.318579, 34.692884], [112.317391, 34.693393], [112.316447, 34.694196], [112.314444, 34.694798], [112.312719, 34.694557], [112.311433, 34.69441], [112.309837, 34.694477], [112.308958, 34.695039], [112.308437, 34.694905], [112.307513, 34.693875], [112.307177, 34.68682], [112.309896, 34.686982], [112.310294, 34.684837], [112.31028, 34.680809], [112.309944, 34.679069], [112.307978, 34.668976], [112.307356, 34.668433], [112.306688, 34.668128], [112.304905, 34.667858], [112.303941, 34.666925], [112.303253, 34.665705], [112.301219, 34.665386], [112.300595, 34.66408], [112.300765, 34.661934], [112.299857, 34.661001], [112.296398, 34.659088], [112.29135, 34.657688], [112.290499, 34.657362], [112.290633, 34.656623], [112.291463, 34.655589], [112.295036, 34.65041], [112.29566, 34.64817], [112.29549, 34.645324], [112.294753, 34.644344], [112.290102, 34.643224], [112.288287, 34.642151], [112.285735, 34.641451], [112.280745, 34.638089], [112.280281, 34.636209], [112.281558, 34.634224], [112.275922, 34.632459]]]}, "properties": {"display_name": "工农街道, 涧西区, 洛阳市, 河南省, 中国", "type": "administrative", "osm_type": "relation", "osm_id": 9977849, "class": null, "keyword": "subdistrict"}}, {"type": "Feature", "geometry": {"type": "Polygon", "coordinates": [[[112.385396, 34.732179], [112.38601, 34.73049], [112.386837, 34.728715], [112.38791, 34.72673], [112.38923, 34.72386], [112.389401, 34.72318], [112.38943, 34.72265], [112.38935, 34.7224], [112.38896, 34.72213], [112.386441, 34.72166], [112.38804, 34.718137], [112.388468, 34.709323], [112.390288, 34.707876], [112.390002, 34.700775], [112.394219, 34.700797], [112.394324, 34.701063], [112.397218, 34.701065], [112.398098, 34.701022], [112.398318, 34.70086], [112.398578, 34.700618], [112.404451, 34.700612], [112.404245, 34.708103], [112.411899, 34.707816], [112.412102, 34.705516], [112.41445, 34.705349], [112.415451, 34.707734], [112.421504, 34.707693], [112.422342, 34.707669], [112.423028, 34.707701], [112.424178, 34.707873], [112.425021, 34.708112], [112.426167, 34.708597], [112.428564, 34.710053], [112.43098, 34.711554], [112.432536, 34.712513], [112.433761, 34.713247], [112.434344, 34.713605], [112.436304, 34.71481], [112.436138, 34.715207], [112.436029, 34.715588], [112.435922, 34.716065], [112.435468, 34.718099], [112.434967, 34.720208], [112.434607, 34.721896], [112.434188, 34.723917], [112.433913, 34.725319], [112.433747, 34.727075], [112.433732, 34.727526], [112.433768, 34.729018], [112.434189, 34.73172], [112.434379, 34.732551], [112.434578, 34.733377], [112.434725, 34.733938], [112.435102, 34.734897], [112.435738, 34.736209], [112.437011, 34.738479], [112.437491, 34.739037], [112.437252, 34.739235], [112.436371, 34.74041], [112.435809, 34.740916], [112.435361, 34.74109], [112.434941, 34.74144], [112.434721, 34.74153], [112.4341, 34.74153], [112.433851, 34.74166], [112.43374, 34.74183], [112.433661, 34.742579], [112.43324, 34.74302], [112.432941, 34.74309], [112.432191, 34.74308], [112.431261, 34.74252], [112.43061, 34.74201], [112.429731, 34.74193], [112.42881, 34.74213], [112.42834, 34.74248], [112.427843, 34.743213], [112.42768, 34.74345], [112.427251, 34.74381], [112.42588, 34.74524], [112.42306, 34.74744], [112.42223, 34.74788], [112.42038, 34.74812], [112.416824, 34.749449], [112.41619, 34.74968], [112.41121, 34.75204], [112.41062, 34.7522], [112.40752, 34.75232], [112.40688, 34.7525], [112.404479, 34.753565], [112.40386, 34.75385], [112.40146, 34.75454], [112.40107, 34.75467], [112.398991, 34.75454], [112.39804, 34.754688], [112.397011, 34.75552], [112.396331, 34.75655], [112.39366, 34.75822], [112.39315, 34.75847], [112.392102, 34.758738], [112.391661, 34.75866], [112.390561, 34.75818], [112.38717, 34.75729], [112.38678, 34.75703], [112.386571, 34.756794], [112.386121, 34.75621], [112.38607, 34.75592], [112.386281, 34.75433], [112.38741, 34.75305], [112.38928, 34.75049], [112.39018, 34.74726], [112.390191, 34.747], [112.38985, 34.74526], [112.389501, 34.74452], [112.388317, 34.742825], [112.389944, 34.743085], [112.390072, 34.743508], [112.403076, 34.746373], [112.404159, 34.745588], [112.404535, 34.743852], [112.403955, 34.743102], [112.40387, 34.742829], [112.402314, 34.742477], [112.402518, 34.74118], [112.399621, 34.740519], [112.39901, 34.740563], [112.398709, 34.741401], [112.396563, 34.740943], [112.39666, 34.740616], [112.396102, 34.740484], [112.395973, 34.740837], [112.388828, 34.739391], [112.388978, 34.738359], [112.389246, 34.737478], [112.387326, 34.737063], [112.388785, 34.732337], [112.385396, 34.732179]]]}, "properties": {"display_name": "邙山街道, 老城区, 洛阳市, 河南省, 中国", "type": "administrative", "osm_type": "relation", "osm_id": 9975344, "class": null, "keyword": "subdistrict"}}, {"type": "Feature", "geometry": {"type": "Polygon", "coordinates": [[[112.724856, 34.725597], [112.725019, 34.725587], [112.729924, 34.72529], [112.729721, 34.722415], [112.730867, 34.722341], [112.733751, 34.722156], [112.733448, 34.719333], [112.735365, 34.719423], [112.735627, 34.718375], [112.737449, 34.718687], [112.740325, 34.718022], [112.739513, 34.714081], [112.744566, 34.713779], [112.746921, 34.713638], [112.752634, 34.712042], [112.757591, 34.710088], [112.76221, 34.708168], [112.76423, 34.7112], [112.767286, 34.709361], [112.76831, 34.713313], [112.770423, 34.713013], [112.770833, 34.716978], [112.76959, 34.717599], [112.768415, 34.718225], [112.766721, 34.718539], [112.767505, 34.722514], [112.768173, 34.726036], [112.769763, 34.726571], [112.770775, 34.730491], [112.77173, 34.730325], [112.771894, 34.733251], [112.776693, 34.732727], [112.77707, 34.734168], [112.776667, 34.734393], [112.778588, 34.74123], [112.780659, 34.74088], [112.781599, 34.742902], [112.782662, 34.747647], [112.7809, 34.749223], [112.775078, 34.751562], [112.775205, 34.752721], [112.772993, 34.752249], [112.771805, 34.753882], [112.770736, 34.753459], [112.77032, 34.754038], [112.769515, 34.753612], [112.769049, 34.753842], [112.768308, 34.75336], [112.76759, 34.754162], [112.766163, 34.754132], [112.765458, 34.755023], [112.763394, 34.755282], [112.762346, 34.756829], [112.761313, 34.75713], [112.760825, 34.756211], [112.755762, 34.75684], [112.75704, 34.75943], [112.755314, 34.757856], [112.755081, 34.75934], [112.752546, 34.759982], [112.74903, 34.756667], [112.74915, 34.757507], [112.747426, 34.758003], [112.747332, 34.757415], [112.745757, 34.757135], [112.74587, 34.757655], [112.742744, 34.757363], [112.742789, 34.756555], [112.741568, 34.755731], [112.739069, 34.75612], [112.739957, 34.757304], [112.736434, 34.757824], [112.736424, 34.758312], [112.732361, 34.758067], [112.731128, 34.758589], [112.729524, 34.759908], [112.726792, 34.760838], [112.728449, 34.759071], [112.728187, 34.757796], [112.728571, 34.756203], [112.730126, 34.754515], [112.729514, 34.751595], [112.729295, 34.749849], [112.729261, 34.746265], [112.729762, 34.74296], [112.72924, 34.737448], [112.727737, 34.735753], [112.726504, 34.730369], [112.725527, 34.7304], [112.725366, 34.729251], [112.724856, 34.725597]]]}, "properties": {"display_name": "商城街道, 偃师区, 洛阳市, 河南省, 中国", "type": "administrative", "osm_type": "relation", "osm_id": 9972701, "class": null, "keyword": "subdistrict"}}, {"type": "Feature", "geometry": {"type": "Polygon", "coordinates": [[[112.330663, 34.687574], [112.331228, 34.687382], [112.331546, 34.687371], [112.331945, 34.687356], [112.333328, 34.687824], [112.335184, 34.688788], [112.335982, 34.689524], [112.336877, 34.690127], [112.338684, 34.691412], [112.339726, 34.692523], [112.339726, 34.69346], [112.339824, 34.693982], [112.340491, 34.694075], [112.340915, 34.694022], [112.34155, 34.693754], [112.342347, 34.69358], [112.342868, 34.693125], [112.344073, 34.692723], [112.344952, 34.691773], [112.345147, 34.690836], [112.345846, 34.689658], [112.345929, 34.688132], [112.346067, 34.686916], [112.34624, 34.68642], [112.3465, 34.686119], [112.347003, 34.685706], [112.347806, 34.6855], [112.348609, 34.685465], [112.349378, 34.685578], [112.349788, 34.685726], [112.35021, 34.685978], [112.35044, 34.686172], [112.350626, 34.686337], [112.350688, 34.6865], [112.350617, 34.687008], [112.350518, 34.687339], [112.350552, 34.687556], [112.351155, 34.688975], [112.351594, 34.689551], [112.352229, 34.690327], [112.353792, 34.690823], [112.354457, 34.690536], [112.355745, 34.688681], [112.356364, 34.688226], [112.35721, 34.688306], [112.36019, 34.688092], [112.362314, 34.68818], [112.36307, 34.688212], [112.363739, 34.688239], [112.36452, 34.688788], [112.364829, 34.689605], [112.364666, 34.690167], [112.363869, 34.690742], [112.363918, 34.691492], [112.364308, 34.692094], [112.36719, 34.693326], [112.369078, 34.693834], [112.369583, 34.693808], [112.370201, 34.693915], [112.370739, 34.694316], [112.372464, 34.69449], [112.37349, 34.694303], [112.374711, 34.693513], [112.374629, 34.69275], [112.374092, 34.692362], [112.37406, 34.692001], [112.373913, 34.691679], [112.373034, 34.691492], [112.372806, 34.69109], [112.373132, 34.690716], [112.373539, 34.689912], [112.375981, 34.687677], [112.377527, 34.686981], [112.378179, 34.686312], [112.379139, 34.686071], [112.381719, 34.686106], [112.382086, 34.686111], [112.382737, 34.686285], [112.384641, 34.687155], [112.385813, 34.687396], [112.38609, 34.68753], [112.386872, 34.687731], [112.387669, 34.687463], [112.388467, 34.687677], [112.39003, 34.688761], [112.39023, 34.689054], [112.38988, 34.68942], [112.389081, 34.690821], [112.388991, 34.69097], [112.388971, 34.69122], [112.38893, 34.69173], [112.389051, 34.69231], [112.38942, 34.69304], [112.389621, 34.69321], [112.39054, 34.69333], [112.390751, 34.69347], [112.390831, 34.69388], [112.39081, 34.69478], [112.39068, 34.69543], [112.39051, 34.69571], [112.38988, 34.69584], [112.38963, 34.69601], [112.38937, 34.69635], [112.389448, 34.69808], [112.38947, 34.69828], [112.38994, 34.698723], [112.389939, 34.69908], [112.389933, 34.699543], [112.389964, 34.700516], [112.390002, 34.700775], [112.390288, 34.707876], [112.388468, 34.709323], [112.38804, 34.718137], [112.386441, 34.72166], [112.38191, 34.72097], [112.381041, 34.72096], [112.38034, 34.72135], [112.37967, 34.72145], [112.37893, 34.72141], [112.378491, 34.7212], [112.375901, 34.71885], [112.37576, 34.71849], [112.3756, 34.71846], [112.37549, 34.71851], [112.373724, 34.720969], [112.37295, 34.72213], [112.372621, 34.72291], [112.37245, 34.72366], [112.37182, 34.72961], [112.371231, 34.73006], [112.3708, 34.73072], [112.370491, 34.73317], [112.370231, 34.73428], [112.36989, 34.73473], [112.369486, 34.734923], [112.36858, 34.73496], [112.36815, 34.73483], [112.364972, 34.732786], [112.36353, 34.73183], [112.36256, 34.7309], [112.361811, 34.73034], [112.35877, 34.72868], [112.357481, 34.72823], [112.356291, 34.72795], [112.348901, 34.72669], [112.34809, 34.72647], [112.34778, 34.72623], [112.34727, 34.7255], [112.34725, 34.72512], [112.34779, 34.72328], [112.347831, 34.72268], [112.347512, 34.722435], [112.34547, 34.72187], [112.344141, 34.72165], [112.343595, 34.721647], [112.342244, 34.721025], [112.341685, 34.720244], [112.342107, 34.720197], [112.341689, 34.719076], [112.341573, 34.718603], [112.341371, 34.718212], [112.341985, 34.717944], [112.343468, 34.717647], [112.343842, 34.71747], [112.343767, 34.712073], [112.342844, 34.710512], [112.342415, 34.708519], [112.341707, 34.708422], [112.341535, 34.707028], [112.341553, 34.705732], [112.340683, 34.705691], [112.340622, 34.703266], [112.340579, 34.700432], [112.340528, 34.699985], [112.340489, 34.698814], [112.340442, 34.698315], [112.340332, 34.697696], [112.340109, 34.697038], [112.339868, 34.696452], [112.339528, 34.695804], [112.338557, 34.694547], [112.337041, 34.69323], [112.333834, 34.690522], [112.333186, 34.689962], [112.332021, 34.688966], [112.331555, 34.68854], [112.330935, 34.687901], [112.330663, 34.687574]]]}, "properties": {"display_name": "红山街道, 西工区, 洛阳市, 河南省, 中国", "type": "administrative", "osm_type": "relation", "osm_id": 9976048, "class": null, "keyword": "subdistrict"}}, {"type": "Feature", "geometry": {"type": "Polygon", "coordinates": [[[112.433732, 34.727526], [112.433747, 34.727075], [112.433913, 34.725319], [112.434188, 34.723917], [112.434607, 34.721896], [112.434967, 34.720208], [112.435468, 34.718099], [112.435922, 34.716065], [112.436029, 34.715588], [112.436138, 34.715207], [112.436304, 34.71481], [112.436667, 34.714163], [112.437037, 34.713664], [112.43878, 34.71133], [112.439674, 34.710138], [112.440074, 34.709605], [112.440665, 34.708748], [112.441402, 34.707636], [112.441951, 34.706689], [112.442374, 34.705885], [112.443469, 34.703756], [112.444021, 34.702699], [112.444663, 34.701327], [112.445031, 34.700448], [112.44545, 34.699305], [112.445494, 34.699051], [112.446011, 34.697197], [112.446257, 34.696027], [112.446376, 34.695201], [112.449361, 34.695536], [112.44957, 34.694573], [112.450781, 34.694727], [112.452198, 34.694907], [112.452903, 34.694996], [112.453924, 34.694351], [112.454329, 34.69399], [112.456202, 34.691819], [112.456818, 34.692048], [112.456545, 34.693376], [112.456415, 34.693363], [112.455392, 34.693267], [112.455252, 34.694215], [112.455231, 34.694428], [112.455206, 34.69467], [112.455173, 34.694769], [112.455012, 34.695238], [112.454951, 34.695418], [112.457241, 34.695717], [112.4583, 34.695676], [112.458103, 34.69616], [112.458153, 34.697034], [112.453554, 34.696129], [112.453099, 34.699468], [112.45526, 34.699495], [112.456741, 34.699474], [112.45745, 34.699342], [112.457914, 34.699162], [112.458893, 34.69862], [112.459635, 34.698399], [112.459804, 34.697233], [112.460015, 34.697025], [112.460428, 34.695221], [112.460842, 34.695207], [112.462226, 34.6952], [112.462335, 34.6945], [112.466014, 34.694958], [112.466175, 34.695235], [112.465609, 34.695582], [112.464301, 34.696858], [112.463331, 34.696817], [112.460715, 34.696428], [112.460683, 34.697004], [112.460445, 34.699883], [112.460285, 34.700667], [112.465452, 34.701875], [112.465459, 34.701947], [112.46539, 34.70276], [112.465385, 34.702827], [112.464656, 34.702896], [112.46406, 34.704491], [112.463963, 34.704749], [112.464982, 34.705092], [112.465775, 34.705044], [112.466309, 34.70538], [112.466843, 34.705538], [112.467895, 34.705668], [112.467904, 34.706108], [112.467987, 34.706485], [112.468162, 34.706732], [112.468396, 34.706835], [112.469122, 34.706849], [112.46888, 34.707947], [112.468446, 34.708565], [112.468429, 34.709292], [112.468897, 34.709649], [112.470299, 34.709772], [112.470633, 34.711021], [112.471134, 34.712215], [112.47444, 34.712037], [112.475475, 34.711392], [112.477128, 34.710047], [112.478765, 34.709567], [112.478965, 34.710321], [112.478798, 34.711941], [112.478297, 34.712902], [112.477679, 34.713423], [112.477145, 34.713698], [112.476761, 34.713862], [112.47611, 34.714672], [112.475709, 34.715125], [112.475675, 34.715695], [112.475341, 34.716223], [112.474497, 34.716633], [112.474111, 34.717235], [112.474212, 34.718049], [112.475392, 34.719229], [112.475559, 34.719668], [112.475025, 34.720285], [112.475008, 34.720697], [112.475242, 34.721081], [112.477212, 34.722632], [112.477711, 34.723553], [112.480221, 34.73085], [112.479941, 34.73093], [112.47835, 34.73227], [112.476601, 34.73388], [112.475181, 34.73576], [112.47487, 34.73603], [112.4739, 34.73656], [112.472332, 34.737611], [112.47133, 34.73816], [112.469321, 34.73841], [112.469156, 34.738442], [112.46526, 34.73926], [112.463481, 34.73978], [112.45827, 34.7418], [112.45638, 34.74284], [112.456101, 34.74292], [112.45571, 34.74296], [112.45286, 34.74266], [112.45103, 34.74229], [112.449444, 34.741724], [112.449171, 34.74159], [112.448301, 34.74087], [112.446463, 34.739544], [112.44485, 34.7384], [112.44273, 34.73737], [112.44166, 34.73707], [112.441101, 34.73706], [112.439891, 34.73768], [112.43879, 34.73857], [112.43756, 34.73898], [112.437491, 34.739037], [112.437011, 34.738479], [112.435738, 34.736209], [112.435102, 34.734897], [112.434725, 34.733938], [112.434578, 34.733377], [112.434379, 34.732551], [112.434189, 34.73172], [112.433768, 34.729018], [112.433732, 34.727526]]]}, "properties": {"display_name": "翠云峰街道, 老城区, 洛阳市, 河南省, 中国", "type": "administrative", "osm_type": "relation", "osm_id": 9975343, "class": null, "keyword": "subdistrict"}}, {"type": "Feature", "geometry": {"type": "Polygon", "coordinates": [[[112.361186, 34.602445], [112.363428, 34.598116], [112.368273, 34.601353], [112.369333, 34.60023], [112.368092, 34.597199], [112.379016, 34.603236], [112.397273, 34.613952], [112.399661, 34.615353], [112.406511, 34.622501], [112.410777, 34.629097], [112.407757, 34.6302], [112.407259, 34.630477], [112.406905, 34.63072], [112.406598, 34.631042], [112.406377, 34.631335], [112.406205, 34.631685], [112.405959, 34.632547], [112.403852, 34.639865], [112.403181, 34.64128], [112.399413, 34.639845], [112.396858, 34.638857], [112.396777, 34.638827], [112.396501, 34.638722], [112.394908, 34.638114], [112.39533, 34.637301], [112.395008, 34.637193], [112.394892, 34.637413], [112.395103, 34.63749], [112.39479, 34.638055], [112.394783, 34.638068], [112.390002, 34.636246], [112.388575, 34.635585], [112.387883, 34.635349], [112.387512, 34.63528], [112.387057, 34.635224], [112.386534, 34.635238], [112.385801, 34.635335], [112.385075, 34.63555], [112.383569, 34.636211], [112.382453, 34.636702], [112.382083, 34.63686], [112.378387, 34.638585], [112.380013, 34.642303], [112.379776, 34.642391], [112.378848, 34.642736], [112.378638, 34.64292], [112.378589, 34.642936], [112.378533, 34.642955], [112.378457, 34.64319], [112.380648, 34.643785], [112.38458, 34.644859], [112.384353, 34.646012], [112.384102, 34.646078], [112.384088, 34.646604], [112.384065, 34.646842], [112.382594, 34.646823], [112.382167, 34.647335], [112.382662, 34.648606], [112.38263, 34.64916], [112.382894, 34.649886], [112.383009, 34.650143], [112.380692, 34.650954], [112.379981, 34.651148], [112.379497, 34.65008], [112.378566, 34.650871], [112.377402, 34.651719], [112.377307, 34.651874], [112.375675, 34.652915], [112.375068, 34.651572], [112.371939, 34.651606], [112.37134, 34.652011], [112.37083, 34.6523], [112.370428, 34.652408], [112.370386, 34.652915], [112.370075, 34.652904], [112.36855, 34.652812], [112.368456, 34.653818], [112.368439, 34.653946], [112.368398, 34.65424], [112.367595, 34.654504], [112.367099, 34.654421], [112.367054, 34.654208], [112.366731, 34.652294], [112.366673, 34.65229], [112.36584, 34.652224], [112.365899, 34.651933], [112.36628, 34.650071], [112.364833, 34.649766], [112.365002, 34.648683], [112.365015, 34.648577], [112.36811, 34.64862], [112.368135, 34.647865], [112.367698, 34.647863], [112.36769, 34.647461], [112.366378, 34.647344], [112.366142, 34.643964], [112.366115, 34.640912], [112.365018, 34.640676], [112.365074, 34.640076], [112.364691, 34.639528], [112.364656, 34.638621], [112.364312, 34.638619], [112.364312, 34.638276], [112.364468, 34.638275], [112.364468, 34.638236], [112.364664, 34.638236], [112.364677, 34.638255], [112.365962, 34.638222], [112.365967, 34.637922], [112.364948, 34.637922], [112.36494, 34.637615], [112.364683, 34.637622], [112.36465, 34.637339], [112.363859, 34.637363], [112.363887, 34.637125], [112.363922, 34.636984], [112.36397, 34.636819], [112.364018, 34.636674], [112.364039, 34.636611], [112.364104, 34.636453], [112.36417, 34.636304], [112.364235, 34.636186], [112.364255, 34.636122], [112.364362, 34.635963], [112.364449, 34.63586], [112.364547, 34.635732], [112.364639, 34.635644], [112.364717, 34.635585], [112.364754, 34.635559], [112.364768, 34.635555], [112.36478, 34.635557], [112.364791, 34.635566], [112.364799, 34.635613], [112.364806, 34.635731], [112.364835, 34.635857], [112.364842, 34.635968], [112.364781, 34.63602], [112.364879, 34.636014], [112.365006, 34.635981], [112.365132, 34.635945], [112.36519, 34.635929], [112.36532, 34.635908], [112.365493, 34.635879], [112.365605, 34.635866], [112.365698, 34.635855], [112.365859, 34.635837], [112.366086, 34.635795], [112.36618, 34.635778], [112.366192, 34.635776], [112.366293, 34.635763], [112.366297, 34.635762], [112.366407, 34.635747], [112.36665, 34.635699], [112.366943, 34.635646], [112.367181, 34.635615], [112.367279, 34.63561], [112.367307, 34.635607], [112.367411, 34.635593], [112.367505, 34.635572], [112.367524, 34.635568], [112.367777, 34.635542], [112.368048, 34.635521], [112.368163, 34.63553], [112.368091, 34.635461], [112.368061, 34.635425], [112.368014, 34.63537], [112.367919, 34.635269], [112.367793, 34.635191], [112.367656, 34.635107], [112.36757, 34.635063], [112.367428, 34.634977], [112.36735, 34.634929], [112.367329, 34.634915], [112.367237, 34.634853], [112.367131, 34.634796], [112.367107, 34.634786], [112.367005, 34.634745], [112.366845, 34.634721], [112.366826, 34.634718], [112.3667, 34.634691], [112.366674, 34.634689], [112.366609, 34.634682], [112.366513, 34.634655], [112.366472, 34.634623], [112.36646, 34.634603], [112.366447, 34.634582], [112.366353, 34.634381], [112.366336, 34.634282], [112.366334, 34.634273], [112.366323, 34.634228], [112.366316, 34.634202], [112.366294, 34.634112], [112.366274, 34.634022], [112.36626, 34.633959], [112.366243, 34.633898], [112.366239, 34.633872], [112.366221, 34.633613], [112.366199, 34.633468], [112.366187, 34.633327], [112.366186, 34.633322], [112.366181, 34.633099], [112.366177, 34.632946], [112.366176, 34.632902], [112.366172, 34.632786], [112.366169, 34.632698], [112.366165, 34.632594], [112.366162, 34.632491], [112.366141, 34.632255], [112.366195, 34.632216], [112.366214, 34.632203], [112.36641, 34.63214], [112.366562, 34.632097], [112.366605, 34.632085], [112.366801, 34.632027], [112.366934, 34.632001], [112.366964, 34.631995], [112.366972, 34.631993], [112.367063, 34.631976], [112.367085, 34.6319], [112.367091, 34.631719], [112.367082, 34.631632], [112.367054, 34.631514], [112.367031, 34.631319], [112.367016, 34.631244], [112.367003, 34.631178], [112.366999, 34.631154], [112.366994, 34.631128], [112.366989, 34.631103], [112.366956, 34.630942], [112.366938, 34.630857], [112.366923, 34.630777], [112.366918, 34.630752], [112.366907, 34.630699], [112.366876, 34.630535], [112.36687, 34.63046], [112.366858, 34.630399], [112.366838, 34.630308], [112.366832, 34.630279], [112.366797, 34.630172], [112.366787, 34.630128], [112.36675, 34.629963], [112.366753, 34.62987], [112.36674, 34.629776], [112.366721, 34.629681], [112.366713, 34.629596], [112.366685, 34.629485], [112.366668, 34.629378], [112.366655, 34.629256], [112.36661, 34.629188], [112.366513, 34.629178], [112.366253, 34.629201], [112.366158, 34.629186], [112.366156, 34.629186], [112.366079, 34.629174], [112.366015, 34.629154], [112.365975, 34.629149], [112.365953, 34.629149], [112.365876, 34.629147], [112.365852, 34.629138], [112.365838, 34.629127], [112.365829, 34.629084], [112.365846, 34.628887], [112.365843, 34.628845], [112.365842, 34.628819], [112.365833, 34.628803], [112.365793, 34.628789], [112.365657, 34.628763], [112.36545, 34.628766], [112.365265, 34.628766], [112.364942, 34.628777], [112.364633, 34.628771], [112.364559, 34.628768], [112.36457, 34.628672], [112.364564, 34.628424], [112.364582, 34.628211], [112.364584, 34.627971], [112.364585, 34.627929], [112.364576, 34.627678], [112.364583, 34.627563], [112.364591, 34.627518], [112.364611, 34.627412], [112.36463, 34.627346], [112.36452, 34.627324], [112.364231, 34.627312], [112.364002, 34.627302], [112.36385, 34.6273], [112.363769, 34.627308], [112.363762, 34.627296], [112.363717, 34.627218], [112.363712, 34.627204], [112.363712, 34.627165], [112.36372, 34.627021], [112.363722, 34.626889], [112.363752, 34.626661], [112.363766, 34.626595], [112.363784, 34.626508], [112.363784, 34.626506], [112.363795, 34.62636], [112.363807, 34.626242], [112.363812, 34.626203], [112.363825, 34.626134], [112.363834, 34.625967], [112.363835, 34.625957], [112.363837, 34.625938], [112.36384, 34.625908], [112.363842, 34.625895], [112.363846, 34.625855], [112.363856, 34.625804], [112.36388, 34.625698], [112.363897, 34.625628], [112.363907, 34.625539], [112.36391, 34.625511], [112.363914, 34.625365], [112.363923, 34.625289], [112.363781, 34.625011], [112.363712, 34.624958], [112.363669, 34.624918], [112.363614, 34.624884], [112.363601, 34.624876], [112.363572, 34.624866], [112.363491, 34.624861], [112.363295, 34.624847], [112.363318, 34.624716], [112.363412, 34.624499], [112.363535, 34.624267], [112.3636, 34.624171], [112.36364, 34.624071], [112.363642, 34.624066], [112.363682, 34.62395], [112.363712, 34.623881], [112.363756, 34.623846], [112.363816, 34.623834], [112.363939, 34.623834], [112.364002, 34.623836], [112.364073, 34.623833], [112.364328, 34.623841], [112.364359, 34.623834], [112.364379, 34.623808], [112.364389, 34.623756], [112.364388, 34.623724], [112.364367, 34.623694], [112.364343, 34.623675], [112.364265, 34.623626], [112.364225, 34.62362], [112.364181, 34.623621], [112.364088, 34.623643], [112.363915, 34.62369], [112.36386, 34.623695], [112.363823, 34.623687], [112.363797, 34.62367], [112.363716, 34.623561], [112.363832, 34.623536], [112.36402, 34.623441], [112.36416, 34.623424], [112.364384, 34.623407], [112.36443, 34.623398], [112.364458, 34.623369], [112.364469, 34.623348], [112.364481, 34.623139], [112.364354, 34.623162], [112.363872, 34.623249], [112.363713, 34.623279], [112.363296, 34.623352], [112.363261, 34.62312], [112.363352, 34.623106], [112.363562, 34.623055], [112.363855, 34.622999], [112.363979, 34.622964], [112.364085, 34.622922], [112.364126, 34.622885], [112.364135, 34.622849], [112.364148, 34.622796], [112.364106, 34.622629], [112.364076, 34.622524], [112.364016, 34.622352], [112.363986, 34.622279], [112.363975, 34.622224], [112.363972, 34.622189], [112.363973, 34.62211], [112.363985, 34.622058], [112.364001, 34.622021], [112.364034, 34.621995], [112.36407, 34.621988], [112.364151, 34.621983], [112.364208, 34.621965], [112.364228, 34.621945], [112.364238, 34.621924], [112.364235, 34.621894], [112.364222, 34.621876], [112.364206, 34.621868], [112.364177, 34.621864], [112.363896, 34.62182], [112.363755, 34.621776], [112.363808, 34.621668], [112.363978, 34.621711], [112.364337, 34.62177], [112.364456, 34.621782], [112.364624, 34.621799], [112.36473, 34.621794], [112.364743, 34.621846], [112.365766, 34.622031], [112.367213, 34.622271], [112.368259, 34.622445], [112.369239, 34.620769], [112.369474, 34.619963], [112.369619, 34.619086], [112.369753, 34.617858], [112.369796, 34.61758], [112.369902, 34.617038], [112.36999, 34.6167], [112.370111, 34.616304], [112.370279, 34.615825], [112.371101, 34.613842], [112.368322, 34.612817], [112.367979, 34.612602], [112.367817, 34.612432], [112.366512, 34.610883], [112.365852, 34.610078], [112.365538, 34.6098], [112.365384, 34.609702], [112.365155, 34.609584], [112.364443, 34.609388], [112.364577, 34.609045], [112.363306, 34.608684], [112.363436, 34.608349], [112.362324, 34.608024], [112.364267, 34.603635], [112.364312, 34.603542], [112.361186, 34.602445]]]}, "properties": {"display_name": "瀛洲街道, 洛阳高新技术产业开发区, 涧西区, 洛阳市, 河南省, 471032, 中国", "type": "administrative", "osm_type": "relation", "osm_id": 13125982, "class": null, "keyword": "subdistrict"}}, {"type": "Feature", "geometry": {"type": "Polygon", "coordinates": [[[112.769763, 34.726571], [112.773113, 34.725974], [112.776794, 34.725367], [112.783625, 34.724228], [112.782617, 34.720037], [112.785031, 34.71953], [112.787707, 34.719141], [112.790126, 34.718733], [112.794169, 34.71805], [112.794889, 34.721152], [112.79529, 34.72086], [112.796702, 34.720183], [112.798564, 34.719583], [112.798638, 34.71832], [112.798329, 34.716272], [112.79822, 34.714978], [112.802795, 34.714524], [112.803415, 34.712142], [112.803333, 34.71115], [112.80541, 34.709252], [112.806938, 34.708287], [112.807303, 34.708197], [112.807302, 34.707255], [112.811174, 34.707231], [112.81104, 34.704844], [112.817884, 34.704759], [112.818269, 34.707462], [112.820243, 34.707349], [112.820261, 34.708112], [112.8209, 34.711293], [112.819767, 34.711646], [112.821822, 34.714324], [112.822249, 34.71701], [112.819488, 34.718448], [112.815284, 34.721893], [112.815221, 34.72462], [112.818331, 34.727014], [112.818932, 34.729377], [112.818364, 34.729503], [112.818714, 34.734294], [112.81901, 34.734794], [112.820451, 34.734487], [112.820627, 34.735998], [112.821832, 34.737057], [112.82062, 34.738472], [112.819886, 34.7385], [112.820726, 34.741448], [112.823934, 34.740879], [112.824569, 34.742872], [112.82203, 34.743297], [112.823225, 34.744776], [112.824564, 34.749131], [112.82372, 34.749446], [112.821677, 34.74946], [112.821787, 34.748903], [112.81593, 34.749563], [112.815418, 34.749453], [112.815325, 34.748916], [112.819813, 34.7472], [112.819874, 34.746307], [112.818881, 34.746541], [112.818143, 34.74635], [112.816411, 34.746393], [112.816256, 34.746748], [112.815403, 34.746896], [112.815114, 34.74584], [112.813869, 34.745774], [112.814973, 34.744984], [112.812737, 34.744344], [112.812596, 34.745322], [112.812312, 34.745393], [112.812235, 34.745613], [112.811322, 34.744836], [112.808939, 34.742146], [112.808395, 34.744308], [112.805292, 34.74787], [112.801176, 34.748896], [112.796692, 34.750808], [112.795762, 34.750233], [112.794479, 34.750268], [112.794484, 34.749578], [112.790358, 34.750127], [112.791403, 34.749438], [112.790637, 34.748878], [112.791379, 34.748362], [112.790063, 34.747826], [112.789271, 34.747939], [112.788871, 34.746413], [112.792124, 34.746954], [112.791498, 34.744389], [112.789059, 34.743949], [112.785641, 34.745047], [112.787082, 34.748526], [112.784943, 34.748625], [112.784186, 34.747542], [112.782662, 34.747647], [112.781599, 34.742902], [112.780659, 34.74088], [112.778588, 34.74123], [112.776667, 34.734393], [112.77707, 34.734168], [112.776693, 34.732727], [112.771894, 34.733251], [112.77173, 34.730325], [112.770775, 34.730491], [112.769763, 34.726571]]]}, "properties": {"display_name": "槐新街道, 偃师区, 洛阳市, 河南省, 中国", "type": "administrative", "osm_type": "relation", "osm_id": 9972699, "class": null, "keyword": "subdistrict"}}, {"type": "Feature", "geometry": {"type": "Polygon", "coordinates": [[[112.325475, 34.63136], [112.325562, 34.631385], [112.326032, 34.631382], [112.32617, 34.631391], [112.326299, 34.631396], [112.326384, 34.631406], [112.326487, 34.631416], [112.326532, 34.631413], [112.326555, 34.631408], [112.326568, 34.631391], [112.326573, 34.631031], [112.326832, 34.631007], [112.326953, 34.631], [112.327154, 34.630998], [112.327319, 34.631017], [112.327547, 34.631049], [112.327816, 34.631059], [112.328018, 34.631109], [112.328348, 34.631132], [112.328892, 34.63122], [112.328932, 34.631189], [112.328977, 34.631154], [112.328988, 34.631126], [112.328996, 34.631069], [112.329002, 34.631005], [112.329011, 34.630971], [112.329012, 34.630969], [112.329053, 34.630904], [112.329075, 34.630885], [112.32911, 34.630866], [112.329145, 34.630864], [112.329327, 34.630886], [112.329452, 34.630912], [112.329515, 34.630955], [112.329516, 34.630964], [112.329524, 34.63107], [112.329522, 34.631209], [112.329508, 34.631366], [112.329492, 34.631505], [112.329483, 34.631588], [112.329478, 34.63163], [112.329479, 34.631659], [112.329486, 34.631679], [112.329502, 34.63169], [112.329557, 34.631705], [112.329766, 34.631743], [112.329958, 34.631717], [112.330008, 34.631582], [112.330026, 34.631488], [112.330041, 34.631364], [112.330066, 34.631116], [112.330092, 34.630958], [112.330096, 34.63091], [112.330103, 34.630889], [112.330122, 34.630871], [112.330175, 34.630835], [112.33045, 34.630718], [112.330578, 34.630713], [112.330681, 34.630716], [112.330895, 34.630724], [112.331096, 34.630739], [112.331242, 34.63075], [112.331336, 34.630743], [112.331452, 34.630733], [112.331514, 34.630724], [112.331566, 34.630723], [112.331624, 34.630729], [112.331689, 34.630743], [112.331793, 34.630764], [112.331971, 34.630786], [112.332046, 34.630787], [112.332111, 34.630778], [112.332194, 34.630753], [112.332269, 34.63072], [112.332305, 34.630707], [112.332461, 34.630696], [112.33264, 34.630679], [112.332804, 34.63068], [112.332848, 34.630688], [112.332911, 34.630711], [112.33292, 34.630717], [112.332945, 34.630736], [112.33303, 34.63079], [112.3331, 34.63085], [112.333209, 34.630986], [112.333283, 34.631068], [112.333336, 34.631111], [112.333415, 34.631161], [112.333506, 34.631197], [112.333624, 34.631244], [112.333793, 34.631287], [112.333811, 34.631287], [112.334047, 34.631284], [112.334153, 34.631304], [112.334247, 34.631331], [112.334424, 34.631373], [112.334668, 34.631452], [112.334803, 34.631486], [112.33499, 34.631536], [112.335074, 34.631569], [112.335102, 34.63158], [112.335287, 34.631673], [112.335299, 34.631627], [112.335313, 34.631568], [112.335326, 34.631516], [112.335345, 34.631464], [112.335368, 34.631421], [112.335431, 34.631337], [112.335464, 34.631309], [112.335497, 34.631298], [112.335549, 34.631297], [112.335588, 34.631293], [112.335635, 34.631299], [112.335671, 34.631317], [112.335722, 34.63135], [112.335811, 34.63139], [112.335901, 34.631419], [112.336011, 34.631451], [112.336139, 34.631485], [112.336216, 34.631507], [112.33642, 34.631579], [112.336617, 34.631646], [112.33669, 34.631665], [112.336792, 34.631693], [112.336929, 34.631735], [112.337144, 34.631854], [112.33725, 34.631893], [112.337302, 34.631912], [112.337313, 34.631918], [112.337328, 34.631944], [112.337326, 34.631971], [112.337296, 34.632039], [112.337175, 34.632172], [112.33715, 34.632227], [112.337137, 34.632258], [112.337082, 34.63237], [112.337293, 34.632453], [112.337432, 34.632517], [112.337597, 34.632563], [112.337692, 34.632591], [112.337731, 34.632594], [112.33776, 34.632595], [112.337786, 34.632593], [112.337807, 34.63258], [112.337839, 34.632543], [112.337859, 34.63252], [112.337916, 34.632437], [112.337997, 34.632344], [112.338082, 34.63227], [112.338122, 34.632249], [112.338158, 34.632247], [112.338211, 34.632256], [112.338287, 34.632284], [112.338348, 34.632317], [112.338449, 34.632373], [112.33864, 34.632469], [112.338795, 34.632552], [112.338839, 34.632576], [112.339005, 34.632682], [112.339102, 34.632742], [112.339124, 34.632653], [112.339215, 34.632491], [112.339248, 34.63238], [112.339288, 34.632315], [112.339319, 34.632263], [112.33938, 34.632112], [112.339415, 34.632066], [112.339444, 34.632048], [112.339481, 34.632045], [112.3395, 34.632048], [112.339534, 34.63207], [112.339621, 34.632116], [112.339682, 34.63213], [112.339729, 34.632132], [112.339783, 34.632132], [112.339846, 34.632121], [112.3399, 34.632098], [112.33991, 34.632091], [112.33996, 34.632054], [112.340075, 34.631946], [112.340127, 34.631889], [112.340241, 34.631803], [112.34038, 34.631718], [112.340519, 34.631634], [112.340635, 34.631568], [112.340764, 34.631428], [112.340792, 34.631387], [112.340809, 34.631354], [112.340824, 34.631309], [112.340838, 34.63122], [112.340843, 34.631129], [112.34095, 34.63112], [112.341074, 34.631088], [112.341238, 34.631046], [112.341267, 34.631039], [112.341411, 34.631005], [112.341543, 34.630942], [112.341768, 34.630924], [112.341841, 34.630918], [112.341952, 34.630892], [112.342038, 34.630861], [112.342113, 34.630826], [112.342185, 34.630775], [112.342254, 34.630714], [112.342206, 34.630647], [112.342178, 34.630621], [112.342147, 34.63061], [112.342094, 34.630609], [112.342014, 34.630625], [112.341921, 34.630655], [112.341745, 34.630688], [112.341601, 34.630718], [112.341315, 34.630781], [112.340976, 34.630809], [112.340823, 34.630795], [112.340782, 34.630789], [112.340741, 34.630778], [112.340695, 34.630756], [112.340673, 34.630725], [112.340681, 34.630712], [112.340698, 34.630693], [112.340722, 34.630679], [112.340768, 34.630666], [112.341121, 34.630622], [112.34126, 34.630609], [112.341404, 34.630586], [112.341438, 34.630565], [112.341448, 34.63055], [112.341459, 34.630511], [112.341465, 34.630416], [112.341468, 34.630322], [112.341473, 34.630296], [112.341481, 34.630278], [112.341502, 34.630255], [112.341534, 34.63024], [112.341601, 34.630219], [112.341713, 34.630185], [112.341764, 34.630165], [112.341804, 34.630147], [112.341822, 34.630131], [112.341841, 34.630098], [112.341864, 34.629973], [112.341892, 34.629805], [112.342156, 34.629815], [112.342292, 34.62983], [112.342542, 34.629864], [112.342632, 34.629858], [112.342617, 34.630009], [112.342598, 34.63018], [112.342594, 34.630368], [112.342597, 34.630539], [112.342603, 34.630565], [112.342613, 34.630586], [112.342631, 34.6306], [112.342682, 34.630616], [112.342774, 34.630632], [112.34284, 34.630642], [112.342866, 34.630646], [112.34307, 34.630657], [112.343164, 34.630656], [112.343143, 34.630572], [112.343154, 34.630294], [112.343192, 34.63014], [112.343205, 34.630104], [112.343224, 34.630078], [112.343263, 34.630058], [112.343312, 34.630043], [112.34337, 34.630034], [112.343401, 34.630023], [112.34343, 34.629995], [112.343457, 34.629951], [112.343514, 34.629853], [112.34342, 34.62976], [112.343333, 34.629679], [112.343259, 34.629579], [112.343254, 34.629542], [112.34326, 34.629513], [112.34328, 34.629463], [112.34336, 34.629205], [112.343414, 34.629078], [112.343467, 34.629013], [112.343481, 34.628995], [112.343576, 34.628819], [112.343665, 34.628628], [112.343688, 34.628527], [112.343692, 34.628409], [112.343683, 34.628361], [112.343669, 34.628291], [112.343658, 34.628256], [112.343615, 34.628114], [112.343578, 34.628037], [112.343559, 34.627888], [112.343552, 34.627724], [112.343552, 34.627705], [112.343552, 34.627682], [112.343551, 34.627418], [112.343555, 34.627201], [112.343562, 34.626978], [112.343562, 34.626947], [112.343562, 34.626876], [112.343562, 34.626826], [112.343563, 34.626776], [112.343572, 34.626616], [112.343583, 34.626577], [112.343594, 34.626558], [112.343614, 34.62654], [112.34362, 34.626535], [112.343648, 34.626517], [112.343683, 34.626506], [112.343707, 34.626508], [112.343738, 34.626516], [112.343751, 34.626525], [112.343762, 34.626533], [112.34378, 34.626573], [112.343823, 34.626786], [112.343827, 34.626823], [112.343841, 34.626933], [112.343832, 34.627127], [112.343829, 34.627316], [112.34383, 34.627502], [112.343857, 34.627578], [112.343847, 34.627673], [112.343823, 34.627701], [112.343797, 34.627732], [112.344009, 34.627721], [112.344419, 34.627706], [112.344594, 34.627708], [112.344747, 34.627685], [112.344896, 34.627664], [112.345111, 34.627626], [112.345344, 34.627575], [112.345472, 34.627542], [112.345628, 34.627502], [112.34572, 34.627435], [112.345717, 34.627223], [112.3457, 34.62689], [112.345676, 34.626688], [112.345649, 34.626448], [112.345632, 34.626248], [112.345592, 34.626174], [112.345519, 34.62611], [112.345489, 34.626106], [112.345273, 34.626073], [112.345116, 34.626039], [112.345098, 34.625974], [112.345094, 34.625937], [112.345082, 34.625831], [112.344907, 34.62583], [112.344635, 34.625829], [112.34431, 34.625846], [112.344114, 34.625852], [112.343812, 34.625853], [112.343558, 34.625881], [112.343478, 34.625923], [112.343461, 34.625817], [112.343461, 34.62563], [112.343491, 34.625579], [112.34358, 34.625468], [112.34371, 34.625309], [112.343787, 34.625224], [112.343854, 34.625014], [112.343854, 34.624853], [112.343818, 34.624718], [112.343751, 34.624642], [112.343679, 34.624606], [112.343575, 34.624555], [112.343511, 34.624517], [112.343416, 34.62437], [112.343362, 34.624282], [112.343335, 34.624251], [112.343298, 34.624229], [112.343129, 34.624186], [112.343032, 34.624151], [112.343006, 34.624123], [112.342999, 34.624096], [112.34301, 34.624048], [112.343148, 34.623975], [112.343304, 34.623897], [112.343346, 34.62386], [112.343352, 34.623843], [112.343341, 34.623765], [112.343339, 34.623748], [112.343285, 34.623669], [112.343389, 34.62363], [112.343509, 34.623567], [112.343509, 34.623567], [112.343516, 34.623564], [112.3437, 34.623504], [112.343812, 34.623467], [112.343871, 34.623447], [112.343923, 34.62342], [112.343974, 34.623372], [112.344096, 34.623205], [112.344204, 34.623092], [112.344262, 34.62306], [112.344282, 34.623033], [112.344296, 34.622997], [112.344319, 34.622832], [112.344326, 34.622731], [112.344368, 34.622656], [112.344419, 34.622589], [112.34446, 34.622572], [112.344512, 34.622557], [112.344587, 34.622551], [112.344848, 34.622556], [112.344918, 34.622557], [112.345008, 34.622541], [112.345026, 34.622539], [112.345077, 34.622531], [112.345121, 34.622528], [112.345348, 34.622571], [112.345514, 34.62261], [112.345558, 34.622485], [112.345584, 34.622473], [112.345584, 34.622446], [112.345572, 34.622435], [112.34554, 34.622423], [112.345476, 34.622405], [112.345435, 34.622395], [112.345342, 34.622397], [112.345243, 34.622407], [112.345282, 34.622313], [112.345241, 34.622101], [112.345237, 34.621885], [112.345236, 34.621821], [112.345242, 34.621799], [112.345259, 34.621789], [112.345294, 34.621786], [112.345424, 34.621785], [112.345506, 34.621772], [112.345531, 34.621758], [112.345543, 34.621741], [112.345548, 34.621714], [112.345563, 34.621594], [112.345551, 34.621561], [112.345516, 34.621528], [112.345481, 34.621502], [112.34546, 34.621493], [112.345417, 34.621488], [112.345205, 34.621498], [112.344938, 34.621474], [112.344606, 34.621435], [112.344457, 34.621433], [112.344342, 34.621431], [112.344262, 34.621489], [112.344263, 34.621401], [112.34425, 34.621178], [112.344199, 34.620865], [112.344148, 34.620745], [112.344084, 34.620596], [112.344017, 34.620427], [112.343922, 34.620294], [112.343909, 34.620272], [112.343869, 34.620207], [112.343829, 34.620144], [112.343707, 34.619961], [112.343632, 34.619782], [112.343579, 34.61972], [112.343525, 34.619642], [112.343461, 34.619536], [112.343427, 34.619478], [112.34336, 34.61935], [112.34333, 34.619292], [112.343328, 34.61929], [112.34317, 34.6191], [112.343152, 34.619019], [112.343217, 34.618961], [112.343223, 34.618957], [112.343347, 34.61888], [112.343493, 34.618805], [112.343698, 34.618726], [112.343859, 34.618609], [112.343898, 34.618551], [112.343915, 34.618538], [112.343927, 34.618529], [112.343982, 34.618509], [112.344121, 34.618491], [112.344222, 34.618465], [112.344239, 34.618461], [112.344485, 34.618374], [112.344629, 34.618303], [112.344761, 34.618242], [112.344885, 34.618155], [112.344939, 34.618118], [112.344966, 34.618094], [112.345199, 34.617888], [112.345206, 34.617885], [112.345378, 34.617826], [112.345772, 34.617432], [112.345895, 34.61731], [112.345888, 34.617252], [112.345873, 34.617233], [112.345847, 34.617219], [112.345812, 34.617205], [112.345767, 34.61719], [112.34575, 34.617185], [112.345727, 34.617178], [112.345634, 34.617152], [112.345596, 34.617129], [112.345583, 34.617109], [112.345578, 34.617093], [112.34558, 34.617069], [112.345612, 34.617025], [112.345653, 34.616969], [112.345702, 34.616902], [112.345723, 34.616887], [112.345866, 34.616783], [112.345842, 34.616764], [112.345754, 34.61665], [112.345743, 34.616635], [112.345671, 34.616622], [112.345498, 34.616591], [112.34546, 34.616584], [112.345426, 34.616578], [112.345328, 34.616561], [112.345103, 34.616499], [112.344786, 34.616433], [112.344639, 34.616334], [112.344439, 34.616278], [112.344348, 34.616253], [112.344189, 34.616161], [112.343947, 34.61609], [112.343889, 34.616027], [112.343885, 34.616023], [112.343953, 34.615905], [112.343989, 34.615811], [112.344001, 34.615757], [112.344024, 34.615647], [112.344039, 34.615564], [112.344067, 34.6154], [112.344081, 34.615193], [112.344119, 34.615032], [112.344123, 34.615012], [112.344133, 34.61497], [112.344154, 34.61487], [112.344098, 34.614799], [112.34397, 34.614763], [112.34379, 34.614705], [112.343618, 34.614646], [112.343371, 34.614589], [112.343287, 34.614576], [112.343287, 34.614578], [112.343241, 34.614937], [112.34319, 34.615261], [112.343183, 34.615315], [112.343043, 34.615253], [112.342844, 34.615185], [112.342623, 34.615116], [112.342223, 34.615089], [112.341944, 34.615055], [112.341642, 34.615035], [112.341621, 34.615034], [112.341536, 34.615087], [112.341516, 34.615247], [112.341514, 34.615265], [112.341504, 34.615376], [112.3415, 34.615418], [112.341488, 34.615464], [112.341484, 34.61548], [112.34148, 34.615489], [112.341449, 34.615569], [112.341411, 34.615765], [112.341403, 34.615831], [112.341399, 34.615873], [112.341321, 34.616012], [112.3413, 34.616032], [112.341277, 34.616054], [112.341236, 34.616073], [112.3412, 34.616082], [112.341172, 34.616084], [112.341109, 34.616076], [112.340724, 34.616045], [112.34071, 34.616175], [112.340709, 34.61618], [112.341047, 34.616222], [112.341128, 34.616267], [112.341134, 34.616288], [112.341134, 34.616315], [112.341126, 34.616345], [112.341081, 34.616466], [112.340996, 34.616677], [112.340831, 34.616685], [112.340583, 34.616688], [112.340547, 34.616763], [112.340535, 34.616786], [112.340502, 34.616908], [112.340422, 34.616913], [112.340166, 34.616907], [112.340144, 34.616904], [112.340048, 34.616894], [112.339958, 34.616941], [112.339805, 34.61699], [112.339671, 34.617074], [112.339379, 34.617171], [112.339147, 34.61728], [112.339028, 34.617375], [112.33892, 34.617529], [112.33888, 34.617584], [112.33882, 34.617633], [112.338726, 34.617768], [112.33855, 34.617952], [112.338422, 34.618067], [112.338358, 34.618155], [112.338282, 34.618231], [112.33819, 34.618307], [112.338008, 34.618318], [112.337892, 34.618449], [112.337839, 34.618559], [112.337787, 34.618728], [112.337703, 34.618692], [112.337538, 34.618673], [112.337411, 34.618657], [112.33714, 34.618682], [112.336806, 34.618702], [112.336572, 34.618713], [112.336124, 34.618749], [112.335676, 34.618784], [112.335248, 34.618852], [112.335358, 34.618696], [112.335404, 34.618629], [112.335419, 34.618584], [112.335446, 34.618504], [112.335466, 34.618412], [112.335481, 34.618313], [112.335493, 34.618212], [112.3355, 34.618154], [112.3355, 34.618153], [112.335511, 34.618062], [112.335514, 34.618034], [112.335539, 34.617909], [112.335535, 34.617883], [112.335473, 34.617871], [112.335257, 34.617834], [112.335251, 34.617834], [112.334989, 34.617805], [112.334736, 34.617836], [112.334701, 34.61784], [112.334583, 34.617846], [112.334587, 34.617763], [112.334579, 34.617693], [112.334567, 34.617595], [112.334567, 34.617594], [112.334577, 34.617555], [112.334603, 34.617453], [112.334587, 34.617224], [112.334605, 34.617052], [112.334612, 34.616986], [112.334626, 34.616739], [112.334627, 34.616724], [112.334631, 34.616709], [112.334679, 34.616523], [112.334684, 34.616511], [112.334763, 34.616329], [112.334779, 34.616295], [112.334783, 34.616285], [112.334797, 34.616263], [112.334832, 34.616238], [112.334929, 34.616196], [112.334949, 34.616173], [112.334954, 34.616154], [112.334955, 34.616062], [112.334955, 34.616051], [112.334955, 34.615885], [112.334953, 34.615802], [112.334941, 34.61578], [112.33492, 34.615765], [112.334891, 34.615763], [112.33487, 34.615763], [112.33485, 34.615771], [112.334684, 34.61587], [112.334535, 34.61597], [112.334569, 34.615891], [112.334603, 34.615826], [112.334612, 34.61581], [112.334631, 34.615719], [112.334641, 34.615656], [112.33465, 34.615543], [112.334717, 34.615322], [112.334723, 34.615284], [112.334751, 34.615116], [112.334759, 34.615084], [112.334817, 34.614864], [112.334817, 34.614806], [112.334816, 34.6147], [112.334816, 34.614696], [112.334811, 34.614561], [112.334805, 34.614543], [112.334798, 34.614524], [112.334768, 34.6145], [112.334744, 34.614493], [112.334721, 34.614491], [112.334633, 34.614514], [112.334625, 34.614416], [112.334642, 34.61424], [112.334745, 34.614063], [112.334804, 34.613949], [112.334875, 34.6138], [112.335018, 34.613684], [112.335019, 34.613683], [112.33504, 34.613666], [112.335204, 34.613481], [112.335308, 34.613357], [112.33532, 34.613346], [112.335351, 34.613313], [112.335365, 34.613276], [112.335376, 34.613203], [112.335421, 34.613109], [112.335506, 34.613072], [112.335537, 34.613073], [112.335635, 34.613078], [112.335682, 34.613065], [112.335699, 34.613038], [112.335724, 34.612954], [112.335724, 34.612952], [112.335778, 34.612851], [112.335835, 34.612594], [112.335854, 34.612532], [112.33587, 34.612477], [112.335883, 34.612437], [112.335892, 34.612411], [112.335917, 34.612342], [112.335946, 34.612305], [112.335975, 34.6123], [112.336041, 34.612304], [112.336124, 34.612333], [112.336154, 34.612359], [112.336169, 34.612388], [112.336169, 34.612415], [112.336161, 34.612469], [112.336159, 34.612474], [112.336087, 34.612645], [112.336039, 34.612805], [112.336015, 34.612886], [112.336004, 34.612922], [112.336003, 34.612951], [112.336002, 34.612998], [112.336011, 34.613022], [112.336023, 34.613032], [112.336053, 34.613039], [112.336136, 34.613046], [112.336227, 34.61305], [112.336342, 34.613034], [112.336352, 34.612936], [112.336384, 34.612801], [112.336396, 34.61275], [112.336425, 34.612501], [112.336434, 34.61233], [112.336464, 34.612259], [112.336466, 34.612254], [112.336482, 34.612141], [112.336473, 34.612115], [112.336458, 34.612105], [112.33641, 34.612079], [112.336408, 34.612077], [112.336281, 34.611984], [112.336198, 34.611945], [112.336179, 34.611937], [112.336172, 34.611933], [112.336103, 34.611901], [112.336079, 34.611877], [112.336079, 34.611877], [112.336072, 34.611852], [112.336075, 34.611811], [112.336078, 34.611799], [112.336091, 34.611747], [112.336095, 34.611731], [112.336103, 34.6117], [112.336138, 34.611673], [112.33617, 34.61167], [112.336188, 34.611668], [112.336244, 34.61168], [112.336277, 34.611701], [112.336355, 34.61175], [112.336438, 34.611776], [112.336506, 34.611782], [112.33653, 34.611784], [112.336586, 34.611787], [112.336626, 34.611676], [112.336669, 34.611576], [112.336681, 34.611565], [112.336719, 34.611529], [112.336751, 34.611521], [112.336837, 34.611516], [112.336988, 34.611536], [112.33703, 34.611551], [112.337116, 34.611582], [112.337239, 34.611729], [112.337342, 34.611838], [112.337411, 34.611948], [112.337499, 34.611876], [112.337539, 34.611781], [112.33757, 34.611646], [112.337565, 34.611502], [112.337522, 34.611419], [112.337507, 34.611402], [112.33748, 34.611388], [112.33745, 34.611379], [112.337409, 34.611371], [112.337338, 34.611367], [112.337204, 34.611349], [112.337186, 34.611337], [112.337174, 34.611308], [112.337162, 34.611274], [112.337164, 34.611249], [112.337175, 34.6112], [112.337199, 34.611181], [112.337204, 34.611161], [112.337204, 34.611144], [112.337189, 34.611129], [112.337162, 34.61112], [112.337023, 34.611092], [112.336892, 34.611066], [112.336742, 34.611023], [112.336717, 34.611016], [112.336601, 34.610995], [112.336577, 34.610981], [112.336568, 34.610945], [112.336573, 34.610905], [112.336588, 34.610883], [112.336613, 34.610875], [112.336688, 34.610851], [112.33677, 34.610816], [112.336806, 34.610801], [112.336841, 34.610798], [112.336945, 34.610824], [112.337094, 34.610876], [112.337293, 34.610923], [112.337302, 34.610777], [112.337341, 34.610571], [112.337355, 34.610559], [112.337373, 34.610557], [112.33759, 34.610594], [112.337814, 34.610584], [112.337856, 34.610562], [112.337891, 34.610532], [112.337931, 34.61049], [112.337977, 34.610435], [112.338074, 34.610318], [112.338159, 34.610252], [112.338214, 34.610245], [112.338269, 34.610238], [112.338303, 34.610233], [112.338568, 34.610302], [112.338737, 34.610359], [112.338937, 34.610423], [112.339136, 34.610487], [112.339332, 34.61058], [112.33946, 34.610612], [112.339481, 34.610617], [112.339582, 34.610642], [112.339822, 34.610706], [112.339836, 34.6106], [112.339841, 34.610344], [112.339826, 34.610273], [112.339799, 34.610152], [112.33976, 34.610113], [112.33973, 34.610076], [112.339703, 34.610006], [112.339669, 34.609901], [112.339622, 34.609766], [112.339613, 34.609738], [112.339755, 34.609551], [112.339845, 34.60946], [112.339886, 34.609401], [112.339903, 34.609365], [112.33992, 34.609269], [112.33995, 34.609135], [112.339953, 34.609096], [112.339931, 34.609015], [112.339867, 34.608913], [112.33984, 34.608816], [112.339826, 34.608649], [112.339842, 34.608375], [112.339868, 34.60809], [112.339888, 34.607865], [112.339917, 34.607762], [112.339994, 34.607557], [112.340187, 34.607346], [112.34028, 34.607162], [112.34031, 34.606871], [112.340307, 34.606738], [112.340114, 34.606738], [112.33989, 34.606762], [112.339561, 34.606831], [112.339193, 34.606901], [112.338943, 34.606947], [112.338713, 34.606932], [112.338665, 34.606929], [112.338646, 34.606927], [112.338375, 34.606899], [112.338287, 34.606878], [112.338202, 34.606857], [112.338042, 34.606809], [112.337884, 34.606763], [112.337648, 34.60667], [112.337623, 34.606661], [112.33788, 34.606055], [112.338111, 34.605486], [112.338398, 34.604861], [112.338549, 34.60465], [112.338753, 34.604272], [112.338933, 34.603954], [112.339056, 34.603789], [112.339089, 34.603745], [112.339111, 34.603726], [112.339246, 34.60361], [112.339434, 34.603454], [112.339467, 34.603425], [112.339559, 34.603343], [112.339639, 34.603263], [112.339748, 34.603113], [112.339855, 34.602972], [112.339949, 34.60286], [112.340053, 34.602729], [112.340167, 34.602752], [112.340363, 34.602818], [112.340574, 34.602896], [112.340942, 34.603048], [112.341144, 34.603126], [112.34148, 34.603217], [112.341654, 34.603235], [112.341986, 34.603336], [112.342111, 34.603335], [112.342099, 34.60324], [112.342146, 34.603071], [112.34223, 34.602813], [112.342266, 34.6027], [112.342355, 34.602502], [112.34241, 34.602299], [112.342428, 34.602246], [112.342487, 34.602076], [112.342522, 34.601976], [112.342546, 34.60191], [112.34258, 34.601807], [112.342685, 34.60161], [112.342747, 34.601441], [112.342814, 34.601294], [112.342947, 34.601099], [112.343043, 34.600949], [112.343144, 34.600772], [112.343183, 34.600712], [112.343243, 34.60067], [112.343369, 34.600698], [112.343547, 34.600759], [112.34366, 34.600798], [112.343769, 34.600853], [112.343891, 34.600914], [112.343947, 34.600942], [112.343988, 34.600958], [112.344257, 34.601062], [112.344479, 34.601176], [112.344493, 34.601183], [112.344518, 34.601192], [112.344584, 34.601216], [112.344683, 34.601252], [112.344916, 34.601347], [112.344951, 34.601361], [112.34508, 34.601409], [112.345112, 34.601345], [112.345129, 34.601309], [112.345178, 34.601163], [112.345247, 34.601004], [112.345049, 34.60091], [112.344829, 34.600807], [112.344682, 34.600738], [112.344649, 34.600727], [112.344598, 34.600685], [112.344644, 34.600626], [112.344658, 34.600608], [112.34469, 34.600515], [112.344712, 34.600377], [112.344771, 34.600124], [112.34478, 34.600084], [112.344781, 34.60008], [112.344782, 34.600076], [112.344851, 34.599834], [112.34493, 34.599704], [112.344932, 34.599666], [112.344921, 34.599641], [112.344899, 34.599637], [112.344758, 34.599661], [112.34468, 34.599673], [112.344524, 34.599697], [112.344425, 34.599667], [112.344455, 34.599481], [112.344457, 34.59947], [112.344516, 34.599217], [112.344516, 34.599216], [112.344611, 34.598939], [112.344719, 34.598625], [112.345255, 34.598773], [112.345456, 34.598154], [112.345835, 34.598267], [112.345623, 34.598801], [112.346262, 34.598945], [112.346668, 34.598224], [112.346795, 34.598048], [112.346869, 34.597883], [112.346889, 34.59779], [112.346913, 34.597678], [112.346992, 34.597579], [112.346898, 34.597526], [112.346791, 34.597495], [112.346578, 34.597462], [112.346505, 34.597462], [112.346452, 34.597463], [112.346475, 34.597361], [112.346479, 34.597259], [112.346501, 34.597213], [112.346566, 34.597074], [112.346613, 34.596902], [112.346682, 34.596639], [112.346726, 34.596485], [112.346766, 34.596219], [112.34674, 34.596135], [112.346596, 34.596041], [112.346422, 34.596019], [112.346287, 34.59601], [112.34619, 34.596003], [112.34603, 34.595973], [112.345896, 34.59597], [112.345873, 34.59597], [112.345703, 34.595951], [112.345621, 34.595942], [112.345526, 34.595927], [112.345542, 34.595615], [112.345451, 34.595213], [112.345167, 34.59482], [112.345022, 34.594441], [112.345011, 34.594268], [112.342318, 34.593474], [112.344003, 34.58945], [112.346782, 34.590531], [112.347946, 34.587781], [112.3447, 34.585569], [112.347467, 34.582465], [112.34922, 34.584269], [112.3519, 34.587028], [112.356524, 34.590068], [112.36275, 34.594161], [112.368092, 34.597199], [112.369333, 34.60023], [112.368273, 34.601353], [112.363428, 34.598116], [112.361186, 34.602445], [112.364312, 34.603542], [112.364267, 34.603635], [112.362324, 34.608024], [112.363436, 34.608349], [112.363306, 34.608684], [112.364577, 34.609045], [112.364443, 34.609388], [112.365155, 34.609584], [112.365384, 34.609702], [112.365538, 34.6098], [112.365852, 34.610078], [112.366512, 34.610883], [112.367817, 34.612432], [112.367979, 34.612602], [112.368322, 34.612817], [112.371101, 34.613842], [112.370279, 34.615825], [112.370111, 34.616304], [112.36999, 34.6167], [112.369902, 34.617038], [112.369796, 34.61758], [112.369753, 34.617858], [112.369619, 34.619086], [112.369474, 34.619963], [112.369239, 34.620769], [112.368259, 34.622445], [112.367213, 34.622271], [112.365766, 34.622031], [112.364743, 34.621846], [112.36473, 34.621794], [112.364624, 34.621799], [112.364456, 34.621782], [112.364337, 34.62177], [112.363978, 34.621711], [112.363808, 34.621668], [112.363755, 34.621776], [112.363896, 34.62182], [112.364177, 34.621864], [112.364206, 34.621868], [112.364222, 34.621876], [112.364235, 34.621894], [112.364238, 34.621924], [112.364228, 34.621945], [112.364208, 34.621965], [112.364151, 34.621983], [112.36407, 34.621988], [112.364034, 34.621995], [112.364001, 34.622021], [112.363985, 34.622058], [112.363973, 34.62211], [112.363972, 34.622189], [112.363975, 34.622224], [112.363986, 34.622279], [112.364016, 34.622352], [112.364076, 34.622524], [112.364106, 34.622629], [112.364148, 34.622796], [112.364135, 34.622849], [112.364126, 34.622885], [112.364085, 34.622922], [112.363979, 34.622964], [112.363855, 34.622999], [112.363562, 34.623055], [112.363352, 34.623106], [112.363261, 34.62312], [112.363296, 34.623352], [112.363713, 34.623279], [112.363872, 34.623249], [112.364354, 34.623162], [112.364481, 34.623139], [112.364469, 34.623348], [112.364458, 34.623369], [112.36443, 34.623398], [112.364384, 34.623407], [112.36416, 34.623424], [112.36402, 34.623441], [112.363832, 34.623536], [112.363716, 34.623561], [112.363797, 34.62367], [112.363823, 34.623687], [112.36386, 34.623695], [112.363915, 34.62369], [112.364088, 34.623643], [112.364181, 34.623621], [112.364225, 34.62362], [112.364265, 34.623626], [112.364343, 34.623675], [112.364367, 34.623694], [112.364388, 34.623724], [112.364389, 34.623756], [112.364379, 34.623808], [112.364359, 34.623834], [112.364328, 34.623841], [112.364073, 34.623833], [112.364002, 34.623836], [112.363939, 34.623834], [112.363816, 34.623834], [112.363756, 34.623846], [112.363712, 34.623881], [112.363682, 34.62395], [112.363642, 34.624066], [112.36364, 34.624071], [112.3636, 34.624171], [112.363535, 34.624267], [112.363412, 34.624499], [112.363318, 34.624716], [112.363295, 34.624847], [112.363491, 34.624861], [112.363572, 34.624866], [112.363601, 34.624876], [112.363614, 34.624884], [112.363669, 34.624918], [112.363712, 34.624958], [112.363781, 34.625011], [112.363923, 34.625289], [112.363914, 34.625365], [112.36391, 34.625511], [112.363907, 34.625539], [112.363897, 34.625628], [112.36388, 34.625698], [112.363856, 34.625804], [112.363846, 34.625855], [112.363842, 34.625895], [112.36384, 34.625908], [112.363837, 34.625938], [112.363835, 34.625957], [112.363834, 34.625967], [112.363825, 34.626134], [112.363812, 34.626203], [112.363807, 34.626242], [112.363795, 34.62636], [112.363784, 34.626506], [112.363784, 34.626508], [112.363766, 34.626595], [112.363752, 34.626661], [112.363722, 34.626889], [112.36372, 34.627021], [112.363712, 34.627165], [112.363712, 34.627204], [112.363717, 34.627218], [112.363762, 34.627296], [112.363769, 34.627308], [112.36385, 34.6273], [112.364002, 34.627302], [112.364231, 34.627312], [112.36452, 34.627324], [112.36463, 34.627346], [112.364611, 34.627412], [112.364591, 34.627518], [112.364583, 34.627563], [112.364576, 34.627678], [112.364585, 34.627929], [112.364584, 34.627971], [112.364582, 34.628211], [112.364564, 34.628424], [112.36457, 34.628672], [112.364559, 34.628768], [112.364633, 34.628771], [112.364942, 34.628777], [112.365265, 34.628766], [112.36545, 34.628766], [112.365657, 34.628763], [112.365793, 34.628789], [112.365833, 34.628803], [112.365842, 34.628819], [112.365843, 34.628845], [112.365846, 34.628887], [112.365829, 34.629084], [112.365838, 34.629127], [112.365852, 34.629138], [112.365876, 34.629147], [112.365953, 34.629149], [112.365975, 34.629149], [112.366015, 34.629154], [112.366079, 34.629174], [112.366156, 34.629186], [112.366158, 34.629186], [112.366253, 34.629201], [112.366513, 34.629178], [112.36661, 34.629188], [112.366655, 34.629256], [112.366668, 34.629378], [112.366685, 34.629485], [112.366713, 34.629596], [112.366721, 34.629681], [112.36674, 34.629776], [112.366753, 34.62987], [112.36675, 34.629963], [112.366787, 34.630128], [112.366797, 34.630172], [112.366832, 34.630279], [112.366838, 34.630308], [112.366858, 34.630399], [112.36687, 34.63046], [112.366876, 34.630535], [112.366907, 34.630699], [112.366918, 34.630752], [112.366923, 34.630777], [112.366938, 34.630857], [112.366956, 34.630942], [112.366989, 34.631103], [112.366994, 34.631128], [112.366999, 34.631154], [112.367003, 34.631178], [112.367016, 34.631244], [112.367031, 34.631319], [112.367054, 34.631514], [112.367082, 34.631632], [112.367091, 34.631719], [112.367085, 34.6319], [112.367063, 34.631976], [112.366972, 34.631993], [112.366964, 34.631995], [112.366934, 34.632001], [112.366801, 34.632027], [112.366605, 34.632085], [112.366562, 34.632097], [112.36641, 34.63214], [112.366214, 34.632203], [112.366195, 34.632216], [112.366141, 34.632255], [112.366162, 34.632491], [112.366165, 34.632594], [112.366169, 34.632698], [112.366172, 34.632786], [112.366176, 34.632902], [112.366177, 34.632946], [112.366181, 34.633099], [112.366186, 34.633322], [112.366187, 34.633327], [112.366199, 34.633468], [112.366221, 34.633613], [112.366239, 34.633872], [112.366243, 34.633898], [112.36626, 34.633959], [112.366274, 34.634022], [112.366294, 34.634112], [112.366316, 34.634202], [112.366323, 34.634228], [112.366334, 34.634273], [112.366336, 34.634282], [112.366353, 34.634381], [112.366447, 34.634582], [112.36646, 34.634603], [112.366472, 34.634623], [112.366513, 34.634655], [112.366609, 34.634682], [112.366674, 34.634689], [112.3667, 34.634691], [112.366826, 34.634718], [112.366845, 34.634721], [112.367005, 34.634745], [112.367107, 34.634786], [112.367131, 34.634796], [112.367237, 34.634853], [112.367329, 34.634915], [112.36735, 34.634929], [112.367428, 34.634977], [112.36757, 34.635063], [112.367656, 34.635107], [112.367793, 34.635191], [112.367919, 34.635269], [112.368014, 34.63537], [112.368061, 34.635425], [112.368091, 34.635461], [112.368163, 34.63553], [112.368048, 34.635521], [112.367777, 34.635542], [112.367524, 34.635568], [112.367505, 34.635572], [112.367411, 34.635593], [112.367307, 34.635607], [112.367279, 34.63561], [112.367181, 34.635615], [112.366943, 34.635646], [112.36665, 34.635699], [112.366407, 34.635747], [112.366297, 34.635762], [112.366293, 34.635763], [112.366192, 34.635776], [112.36618, 34.635778], [112.366086, 34.635795], [112.365859, 34.635837], [112.365698, 34.635855], [112.365605, 34.635866], [112.365493, 34.635879], [112.36532, 34.635908], [112.36519, 34.635929], [112.365132, 34.635945], [112.365006, 34.635981], [112.364879, 34.636014], [112.364781, 34.63602], [112.364842, 34.635968], [112.364835, 34.635857], [112.364806, 34.635731], [112.364799, 34.635613], [112.364791, 34.635566], [112.36478, 34.635557], [112.364768, 34.635555], [112.364754, 34.635559], [112.364717, 34.635585], [112.364639, 34.635644], [112.364547, 34.635732], [112.364449, 34.63586], [112.364362, 34.635963], [112.364255, 34.636122], [112.364235, 34.636186], [112.36417, 34.636304], [112.364104, 34.636453], [112.364039, 34.636611], [112.364018, 34.636674], [112.36397, 34.636819], [112.363922, 34.636984], [112.363887, 34.637125], [112.363859, 34.637363], [112.363832, 34.637439], [112.363782, 34.637439], [112.363648, 34.637439], [112.363343, 34.63744], [112.363169, 34.637458], [112.363131, 34.637457], [112.363039, 34.637456], [112.362954, 34.637462], [112.362936, 34.637468], [112.362922, 34.637481], [112.362917, 34.637494], [112.362917, 34.63757], [112.362928, 34.637738], [112.362932, 34.637802], [112.362936, 34.637866], [112.362945, 34.638101], [112.362929, 34.638219], [112.362823, 34.638226], [112.362662, 34.63825], [112.362427, 34.638286], [112.362264, 34.638306], [112.362056, 34.638309], [112.361936, 34.638311], [112.361788, 34.638301], [112.361754, 34.638299], [112.361497, 34.63831], [112.361479, 34.638315], [112.361474, 34.638328], [112.361473, 34.63836], [112.361496, 34.638576], [112.361512, 34.638642], [112.361515, 34.638654], [112.361544, 34.638642], [112.361611, 34.638612], [112.361656, 34.638602], [112.361748, 34.638587], [112.361792, 34.638584], [112.36184, 34.638581], [112.361945, 34.638572], [112.362018, 34.63857], [112.362075, 34.63857], [112.362158, 34.63857], [112.362162, 34.638678], [112.362165, 34.638764], [112.362173, 34.638974], [112.362189, 34.639679], [112.362183, 34.640391], [112.362077, 34.640396], [112.362048, 34.640398], [112.361831, 34.640428], [112.361699, 34.640434], [112.361497, 34.640446], [112.361368, 34.640463], [112.361196, 34.640485], [112.36115, 34.640494], [112.360987, 34.640526], [112.36096, 34.640535], [112.360944, 34.640555], [112.360936, 34.640568], [112.360926, 34.640598], [112.360923, 34.640614], [112.360908, 34.640683], [112.360912, 34.640744], [112.36092, 34.640769], [112.360936, 34.640814], [112.360951, 34.640843], [112.360974, 34.64087], [112.361067, 34.640925], [112.360822, 34.640944], [112.360567, 34.640973], [112.360338, 34.641007], [112.360156, 34.641052], [112.360017, 34.641094], [112.359987, 34.641106], [112.359966, 34.641121], [112.359956, 34.641141], [112.359948, 34.64121], [112.359937, 34.641275], [112.35993, 34.641298], [112.359906, 34.641317], [112.359883, 34.641329], [112.359859, 34.641339], [112.359788, 34.641351], [112.359561, 34.64138], [112.359304, 34.641408], [112.359084, 34.641461], [112.359049, 34.641477], [112.359012, 34.641494], [112.35896, 34.641528], [112.358944, 34.641552], [112.358943, 34.641556], [112.358941, 34.641571], [112.358941, 34.641591], [112.358947, 34.64161], [112.35896, 34.641642], [112.358985, 34.641681], [112.359018, 34.641784], [112.35902, 34.64181], [112.359031, 34.641831], [112.359051, 34.641854], [112.359076, 34.641877], [112.359092, 34.64189], [112.359119, 34.641908], [112.35914, 34.641926], [112.359174, 34.641946], [112.359265, 34.641992], [112.359268, 34.641994], [112.35937, 34.641976], [112.359404, 34.641964], [112.359553, 34.641911], [112.359742, 34.641851], [112.359851, 34.641812], [112.359978, 34.641787], [112.360141, 34.641779], [112.360276, 34.641785], [112.360327, 34.641795], [112.360371, 34.641807], [112.360408, 34.641826], [112.360485, 34.641879], [112.360516, 34.641905], [112.360563, 34.641999], [112.36059, 34.642055], [112.36063, 34.642137], [112.360664, 34.642247], [112.360687, 34.642304], [112.3607, 34.642334], [112.360699, 34.642358], [112.360686, 34.642423], [112.360639, 34.642559], [112.36063, 34.642584], [112.360535, 34.642794], [112.360426, 34.642945], [112.360338, 34.64306], [112.360253, 34.643149], [112.360203, 34.643247], [112.360162, 34.643336], [112.360119, 34.643405], [112.360075, 34.643471], [112.360038, 34.643551], [112.360005, 34.643619], [112.359859, 34.643578], [112.359757, 34.643556], [112.359658, 34.643534], [112.359558, 34.643512], [112.359428, 34.64348], [112.35924, 34.643416], [112.359119, 34.643371], [112.359078, 34.643343], [112.35904, 34.643317], [112.359001, 34.643347], [112.358955, 34.643382], [112.358902, 34.643423], [112.358829, 34.643462], [112.358752, 34.643494], [112.358528, 34.643564], [112.358305, 34.643686], [112.358279, 34.643699], [112.358135, 34.64377], [112.357999, 34.643867], [112.357982, 34.643886], [112.357958, 34.643913], [112.357892, 34.643987], [112.357806, 34.644104], [112.35774, 34.64417], [112.357681, 34.644244], [112.357666, 34.644263], [112.357564, 34.644405], [112.357435, 34.644613], [112.357361, 34.644721], [112.357271, 34.644843], [112.357229, 34.644898], [112.357168, 34.644977], [112.357066, 34.645111], [112.356997, 34.645221], [112.356958, 34.645295], [112.356914, 34.64538], [112.356821, 34.645543], [112.356766, 34.645647], [112.356742, 34.645692], [112.356727, 34.64572], [112.356681, 34.645805], [112.356591, 34.645924], [112.356536, 34.64605], [112.356514, 34.64609], [112.356506, 34.646104], [112.356454, 34.646198], [112.356436, 34.646231], [112.356374, 34.646346], [112.356332, 34.646458], [112.356315, 34.646505], [112.356274, 34.64661], [112.356254, 34.646664], [112.356219, 34.646725], [112.356106, 34.646676], [112.356014, 34.646643], [112.355969, 34.646627], [112.355938, 34.646614], [112.355867, 34.646585], [112.355852, 34.646578], [112.355608, 34.646501], [112.355351, 34.646412], [112.355284, 34.646379], [112.355146, 34.646311], [112.355092, 34.646291], [112.354963, 34.646245], [112.354832, 34.646196], [112.354688, 34.646135], [112.354433, 34.646049], [112.354403, 34.646039], [112.354161, 34.64596], [112.354063, 34.645926], [112.353914, 34.645896], [112.353679, 34.645847], [112.353313, 34.645771], [112.352955, 34.645726], [112.352737, 34.645678], [112.352682, 34.645666], [112.352422, 34.645635], [112.352178, 34.64557], [112.351926, 34.645498], [112.351753, 34.645449], [112.3515, 34.645332], [112.351197, 34.645208], [112.351045, 34.645119], [112.350802, 34.64505], [112.35071, 34.645039], [112.350635, 34.645016], [112.350512, 34.645014], [112.350226, 34.645029], [112.350012, 34.64504], [112.349851, 34.645046], [112.349772, 34.645065], [112.349707, 34.645091], [112.349514, 34.645112], [112.34933, 34.645129], [112.349051, 34.645144], [112.348841, 34.645163], [112.34859, 34.64518], [112.348376, 34.645194], [112.348105, 34.645223], [112.347872, 34.645232], [112.347604, 34.645203], [112.347398, 34.645192], [112.347277, 34.645169], [112.346978, 34.645137], [112.346683, 34.645054], [112.346544, 34.644974], [112.346364, 34.644844], [112.346114, 34.644665], [112.345994, 34.644521], [112.345796, 34.644303], [112.345724, 34.644236], [112.345603, 34.644219], [112.345474, 34.644233], [112.345151, 34.644266], [112.345113, 34.64427], [112.344866, 34.644312], [112.344596, 34.644324], [112.344498, 34.644329], [112.344336, 34.644339], [112.344119, 34.644317], [112.344109, 34.644317], [112.343843, 34.644306], [112.343615, 34.644238], [112.34331, 34.644183], [112.343041, 34.644118], [112.342839, 34.644027], [112.342735, 34.643979], [112.342663, 34.643925], [112.342602, 34.64387], [112.34254, 34.643748], [112.342337, 34.643601], [112.342123, 34.643533], [112.341832, 34.643475], [112.341612, 34.643412], [112.341392, 34.64336], [112.341106, 34.643245], [112.340917, 34.6432], [112.340878, 34.643191], [112.340609, 34.643122], [112.340568, 34.643111], [112.340567, 34.643111], [112.340448, 34.643019], [112.340322, 34.642957], [112.340223, 34.6429], [112.340183, 34.642877], [112.34018, 34.642874], [112.340039, 34.642734], [112.339942, 34.642656], [112.339767, 34.642537], [112.339749, 34.642525], [112.339718, 34.642505], [112.339591, 34.642411], [112.339447, 34.642304], [112.339442, 34.6423], [112.339308, 34.642201], [112.339227, 34.642091], [112.339027, 34.641867], [112.338891, 34.64174], [112.33873, 34.641608], [112.33858, 34.641439], [112.338543, 34.641397], [112.338454, 34.641303], [112.338332, 34.641193], [112.338268, 34.641135], [112.338141, 34.641101], [112.338032, 34.641072], [112.337937, 34.641022], [112.337784, 34.64094], [112.33777, 34.640932], [112.337711, 34.640853], [112.337675, 34.640804], [112.337672, 34.6408], [112.337617, 34.640613], [112.337589, 34.640553], [112.337557, 34.640485], [112.337529, 34.640426], [112.337357, 34.640272], [112.33723, 34.640169], [112.337141, 34.640111], [112.337104, 34.640093], [112.336932, 34.640012], [112.336844, 34.639995], [112.336775, 34.639982], [112.336386, 34.63995], [112.336139, 34.639925], [112.336049, 34.639906], [112.335999, 34.63989], [112.335955, 34.639864], [112.335913, 34.639817], [112.335777, 34.639669], [112.33567, 34.639491], [112.335634, 34.639454], [112.335573, 34.639443], [112.33549, 34.639394], [112.335404, 34.639314], [112.335348, 34.639226], [112.335303, 34.639172], [112.335201, 34.639076], [112.335154, 34.639038], [112.33513, 34.639024], [112.334966, 34.638925], [112.334789, 34.638827], [112.334728, 34.638801], [112.334679, 34.638781], [112.334634, 34.638765], [112.33456, 34.638739], [112.334483, 34.638695], [112.33437, 34.638633], [112.334288, 34.638601], [112.334222, 34.638588], [112.334096, 34.638574], [112.334081, 34.638571], [112.333999, 34.638556], [112.333903, 34.638464], [112.333688, 34.638368], [112.333591, 34.638345], [112.333373, 34.638271], [112.333242, 34.638199], [112.333077, 34.638121], [112.332782, 34.637998], [112.332591, 34.637961], [112.33243, 34.637936], [112.332274, 34.637875], [112.332204, 34.637839], [112.332012, 34.637741], [112.331976, 34.637723], [112.332011, 34.637682], [112.332042, 34.637644], [112.332081, 34.637613], [112.332183, 34.637556], [112.332253, 34.637545], [112.332333, 34.637546], [112.332442, 34.637567], [112.332639, 34.637614], [112.332793, 34.637651], [112.332883, 34.637684], [112.332947, 34.637708], [112.33309, 34.637783], [112.333249, 34.637828], [112.333408, 34.637893], [112.333595, 34.637991], [112.333744, 34.638063], [112.333869, 34.638126], [112.333979, 34.638203], [112.334216, 34.638321], [112.334298, 34.638344], [112.33452, 34.638433], [112.334673, 34.638471], [112.334761, 34.63848], [112.334836, 34.638484], [112.334893, 34.638475], [112.334936, 34.638463], [112.334973, 34.638423], [112.334982, 34.638396], [112.334982, 34.638357], [112.334883, 34.638327], [112.334764, 34.638252], [112.334664, 34.638173], [112.334566, 34.638071], [112.334525, 34.638001], [112.334463, 34.637861], [112.334435, 34.637742], [112.334288, 34.637446], [112.334188, 34.637358], [112.334079, 34.637263], [112.3339, 34.63714], [112.333759, 34.637063], [112.333575, 34.636978], [112.33354, 34.636968], [112.333414, 34.636932], [112.333213, 34.6369], [112.33299, 34.636848], [112.332901, 34.636803], [112.332962, 34.636728], [112.333018, 34.636615], [112.333077, 34.636475], [112.333094, 34.636412], [112.333137, 34.636252], [112.333163, 34.636047], [112.33317, 34.635966], [112.333105, 34.635912], [112.332987, 34.635885], [112.332774, 34.635802], [112.332716, 34.635785], [112.332648, 34.635771], [112.332849, 34.635714], [112.332939, 34.635674], [112.332947, 34.635591], [112.332955, 34.635514], [112.33295, 34.635489], [112.332946, 34.635468], [112.332937, 34.635453], [112.332923, 34.635441], [112.332902, 34.635433], [112.332828, 34.635432], [112.33277, 34.635436], [112.33275, 34.635436], [112.332733, 34.63543], [112.332694, 34.635395], [112.332638, 34.635261], [112.332594, 34.635238], [112.332543, 34.635226], [112.332481, 34.635225], [112.332446, 34.635217], [112.332402, 34.635201], [112.332255, 34.635119], [112.332346, 34.635041], [112.332401, 34.634976], [112.332451, 34.634894], [112.332507, 34.634776], [112.332533, 34.634636], [112.332527, 34.63459], [112.332512, 34.634568], [112.332495, 34.634551], [112.332454, 34.634535], [112.332318, 34.634519], [112.332152, 34.634495], [112.332, 34.634472], [112.331993, 34.634473], [112.33192, 34.634481], [112.331935, 34.634403], [112.331941, 34.634265], [112.331943, 34.634238], [112.331967, 34.634103], [112.331967, 34.633948], [112.331947, 34.633863], [112.331869, 34.633835], [112.331856, 34.633835], [112.331727, 34.633835], [112.331324, 34.633761], [112.331149, 34.633768], [112.331061, 34.633752], [112.331101, 34.633682], [112.331124, 34.63357], [112.331127, 34.633546], [112.331127, 34.633519], [112.331125, 34.63349], [112.331118, 34.633474], [112.331095, 34.633461], [112.33107, 34.633463], [112.331007, 34.633483], [112.330936, 34.633524], [112.330903, 34.633538], [112.330883, 34.633544], [112.330837, 34.633541], [112.330806, 34.633532], [112.330783, 34.633521], [112.33054, 34.633378], [112.330528, 34.633369], [112.330507, 34.633354], [112.33048, 34.633327], [112.330457, 34.63328], [112.330442, 34.633235], [112.330439, 34.633198], [112.330466, 34.633091], [112.330372, 34.633112], [112.330034, 34.633111], [112.329787, 34.633083], [112.329546, 34.63308], [112.329514, 34.633077], [112.329461, 34.633071], [112.329504, 34.633008], [112.329512, 34.63298], [112.329535, 34.632907], [112.329545, 34.632878], [112.329547, 34.632859], [112.32954, 34.632837], [112.329526, 34.632824], [112.329491, 34.632823], [112.3294, 34.632825], [112.329212, 34.632838], [112.329111, 34.632851], [112.328911, 34.632876], [112.328856, 34.63287], [112.32882, 34.632866], [112.328914, 34.632827], [112.328955, 34.632784], [112.328973, 34.632773], [112.329006, 34.632768], [112.329075, 34.632768], [112.329256, 34.632694], [112.329316, 34.632658], [112.329348, 34.632635], [112.329377, 34.63261], [112.329403, 34.632578], [112.329414, 34.632551], [112.329426, 34.632483], [112.329344, 34.632452], [112.329128, 34.632407], [112.329048, 34.632415], [112.328847, 34.6324], [112.328646, 34.632401], [112.32841, 34.632386], [112.32833, 34.632378], [112.328303, 34.632372], [112.328292, 34.632365], [112.328286, 34.63235], [112.328262, 34.632124], [112.328181, 34.632118], [112.328057, 34.632108], [112.327601, 34.632086], [112.327348, 34.632091], [112.327123, 34.632072], [112.326893, 34.632079], [112.326605, 34.632084], [112.32635, 34.632076], [112.326245, 34.632072], [112.326187, 34.632067], [112.326096, 34.632046], [112.325972, 34.632037], [112.325805, 34.632043], [112.32578, 34.632033], [112.325776, 34.632], [112.325776, 34.631894], [112.325753, 34.63182], [112.325854, 34.631835], [112.326176, 34.631818], [112.326443, 34.631825], [112.326587, 34.631839], [112.326666, 34.63184], [112.326699, 34.631833], [112.32672, 34.631823], [112.326746, 34.631801], [112.32681, 34.631725], [112.326567, 34.631664], [112.32636, 34.631645], [112.325932, 34.631603], [112.325729, 34.631576], [112.325584, 34.631566], [112.325545, 34.631556], [112.325532, 34.63154], [112.325475, 34.63136]]]}, "properties": {"display_name": "徐家营街道, 洛阳高新技术产业开发区, 涧西区, 洛阳市, 河南省, 中国", "type": "administrative", "osm_type": "relation", "osm_id": 9977854, "class": null, "keyword": "subdistrict"}}, {"type": "Feature", "geometry": {"type": "MultiPolygon", "coordinates": [[[[112.433319, 34.604969], [112.433784, 34.59929], [112.433822, 34.598702], [112.434369, 34.589128], [112.434517, 34.586319], [112.434629, 34.585242], [112.434865, 34.584177], [112.435267, 34.582888], [112.435636, 34.583056], [112.43569, 34.583095], [112.435694, 34.583098], [112.43572, 34.583116], [112.435789, 34.583164], [112.43588, 34.583211], [112.436016, 34.583258], [112.436176, 34.583276], [112.436208, 34.58328], [112.436396, 34.58328], [112.436442, 34.58329], [112.436514, 34.58329], [112.436597, 34.583278], [112.436674, 34.583262], [112.436709, 34.583253], [112.436919, 34.58315], [112.436958, 34.583122], [112.437039, 34.583063], [112.437085, 34.583002], [112.437106, 34.582946], [112.437091, 34.582869], [112.437052, 34.582818], [112.437051, 34.582818], [112.436999, 34.582734], [112.436931, 34.582544], [112.436891, 34.582345], [112.436892, 34.58228], [112.436906, 34.582211], [112.436933, 34.58214], [112.43697, 34.582094], [112.437002, 34.58201], [112.43696, 34.58193], [112.436916, 34.581855], [112.43687, 34.581778], [112.436817, 34.581655], [112.43674, 34.581555], [112.436722, 34.581526], [112.436691, 34.581431], [112.436681, 34.581376], [112.436688, 34.581317], [112.436695, 34.581259], [112.436723, 34.581177], [112.436745, 34.581114], [112.436755, 34.581036], [112.436768, 34.581006], [112.436813, 34.580943], [112.43691, 34.580825], [112.436928, 34.58081], [112.437004, 34.580742], [112.437171, 34.580572], [112.437198, 34.580558], [112.437241, 34.580545], [112.437457, 34.580419], [112.43749, 34.580389], [112.43751, 34.580336], [112.437524, 34.580257], [112.4376, 34.580185], [112.437633, 34.580098], [112.437655, 34.580059], [112.437658, 34.580048], [112.43767, 34.580005], [112.437655, 34.579647], [112.437642, 34.579574], [112.437648, 34.579507], [112.437653, 34.579436], [112.437673, 34.579387], [112.437705, 34.579352], [112.437727, 34.579352], [112.437796, 34.579386], [112.437883, 34.579475], [112.437915, 34.579504], [112.437938, 34.579524], [112.43796, 34.579527], [112.437978, 34.579529], [112.43805, 34.579525], [112.438167, 34.579376], [112.438155, 34.579312], [112.438146, 34.579121], [112.438146, 34.579121], [112.438151, 34.578938], [112.438153, 34.578885], [112.438154, 34.578848], [112.438129, 34.578724], [112.43813, 34.578514], [112.438137, 34.578397], [112.438137, 34.578395], [112.438159, 34.578344], [112.438235, 34.578169], [112.438266, 34.578151], [112.43829, 34.578138], [112.438353, 34.578063], [112.438353, 34.578063], [112.438436, 34.577998], [112.438476, 34.577985], [112.438725, 34.577962], [112.438856, 34.57796], [112.438935, 34.577956], [112.43953, 34.57796], [112.439652, 34.577977], [112.439806, 34.578054], [112.439967, 34.578131], [112.44015, 34.578066], [112.440545, 34.577963], [112.440722, 34.577819], [112.440941, 34.577702], [112.440989, 34.577675], [112.441072, 34.577518], [112.441299, 34.577333], [112.441676, 34.577124], [112.441881, 34.577096], [112.442225, 34.577072], [112.442533, 34.576897], [112.442722, 34.576835], [112.442926, 34.576887], [112.443156, 34.576788], [112.443187, 34.576631], [112.442988, 34.576549], [112.442679, 34.576411], [112.442374, 34.576387], [112.442176, 34.57638], [112.442129, 34.576404], [112.44208, 34.576429], [112.441929, 34.576487], [112.441672, 34.576265], [112.441441, 34.576057], [112.44144, 34.576057], [112.441277, 34.575903], [112.441299, 34.575706], [112.441538, 34.575569], [112.441855, 34.575482], [112.442212, 34.57539], [112.442652, 34.575295], [112.442956, 34.575233], [112.443483, 34.575149], [112.443803, 34.575096], [112.443808, 34.575096], [112.444021, 34.574995], [112.444414, 34.574934], [112.444585, 34.574917], [112.445176, 34.574855], [112.445664, 34.574771], [112.445863, 34.574729], [112.44575, 34.574553], [112.445653, 34.574464], [112.44573, 34.574425], [112.445889, 34.574343], [112.446104, 34.57426], [112.446537, 34.574077], [112.446889, 34.573977], [112.447114, 34.573931], [112.451589, 34.575235], [112.455867, 34.576151], [112.460045, 34.577045], [112.459936, 34.577983], [112.464046, 34.57898], [112.464096, 34.578992], [112.466886, 34.579669], [112.468022, 34.579863], [112.468027, 34.580176], [112.469792, 34.580363], [112.469803, 34.580987], [112.47081, 34.580975], [112.470996, 34.58356], [112.475668, 34.583861], [112.475836, 34.584226], [112.47601, 34.584652], [112.476433, 34.586], [112.477114, 34.588808], [112.474356, 34.589362], [112.47396, 34.588326], [112.472071, 34.588245], [112.472184, 34.587515], [112.469543, 34.587651], [112.468683, 34.59923], [112.465713, 34.598906], [112.451456, 34.597068], [112.451176, 34.598236], [112.45076, 34.602737], [112.450755, 34.602799], [112.450483, 34.605738], [112.450463, 34.605958], [112.433319, 34.604969]]], [[[112.479379, 34.574627], [112.48252, 34.574054], [112.489162, 34.572843], [112.490815, 34.572506], [112.491768, 34.5735], [112.493431, 34.573169], [112.493308, 34.572606], [112.493528, 34.57253], [112.494418, 34.571604], [112.495228, 34.571556], [112.495135, 34.570742], [112.495306, 34.570731], [112.496614, 34.570646], [112.496443, 34.569936], [112.499404, 34.569136], [112.499419, 34.568334], [112.499256, 34.567262], [112.499929, 34.566717], [112.501914, 34.567167], [112.503427, 34.568086], [112.50442, 34.569237], [112.503735, 34.573385], [112.504025, 34.574061], [112.505147, 34.57668], [112.505527, 34.58213], [112.503273, 34.586234], [112.503273, 34.592087], [112.499511, 34.599556], [112.492849, 34.594567], [112.489929, 34.59235], [112.488535, 34.589506], [112.48362, 34.5851], [112.481762, 34.581259], [112.479838, 34.579201], [112.479379, 34.574627]]]]}, "properties": {"display_name": "龙门街道, 洛龙区, 洛阳市, 河南省, 中国", "type": "administrative", "osm_type": "relation", "osm_id": 9974311, "class": null, "keyword": "subdistrict"}}, {"type": "Feature", "geometry": {"type": "Polygon", "coordinates": [[[112.450755, 34.602799], [112.45076, 34.602737], [112.451176, 34.598236], [112.451456, 34.597068], [112.465713, 34.598906], [112.468683, 34.59923], [112.469543, 34.587651], [112.472184, 34.587515], [112.472071, 34.588245], [112.47396, 34.588326], [112.474356, 34.589362], [112.477114, 34.588808], [112.476433, 34.586], [112.48362, 34.5851], [112.488535, 34.589506], [112.489929, 34.59235], [112.492849, 34.594567], [112.499511, 34.599556], [112.49964, 34.603123], [112.500732, 34.604484], [112.503475, 34.612375], [112.506273, 34.614673], [112.509161, 34.616188], [112.513978, 34.619397], [112.526164, 34.62354], [112.526442, 34.625679], [112.526887, 34.628657], [112.520788, 34.626956], [112.519088, 34.626469], [112.510724, 34.624091], [112.506493, 34.622856], [112.505271, 34.622586], [112.504268, 34.62244], [112.50324, 34.622364], [112.500561, 34.622271], [112.487928, 34.621529], [112.488472, 34.616718], [112.484425, 34.616686], [112.484442, 34.616885], [112.484043, 34.616898], [112.484084, 34.619168], [112.482867, 34.618964], [112.479692, 34.618856], [112.479827, 34.615617], [112.480816, 34.615769], [112.48225, 34.615677], [112.48229, 34.614848], [112.480431, 34.614768], [112.480423, 34.614886], [112.476467, 34.615051], [112.476486, 34.615695], [112.475781, 34.615702], [112.475762, 34.61506], [112.474759, 34.615094], [112.474826, 34.614789], [112.472685, 34.614963], [112.471775, 34.614928], [112.471733, 34.615462], [112.467367, 34.615219], [112.467534, 34.613281], [112.456232, 34.612628], [112.456988, 34.603479], [112.450755, 34.602799]], [[112.467482, 34.600167], [112.468, 34.600186], [112.468019, 34.599849], [112.467501, 34.599829], [112.467482, 34.600167]]]}, "properties": {"display_name": "关林街道, 洛龙区, 洛阳市, 河南省, 中国", "type": "administrative", "osm_type": "relation", "osm_id": 9974305, "class": null, "keyword": "subdistrict"}}, {"type": "Feature", "geometry": {"type": "Polygon", "coordinates": [[[112.465884, 34.633509], [112.466002, 34.631748], [112.466996, 34.619957], [112.467367, 34.615219], [112.471733, 34.615462], [112.471775, 34.614928], [112.472685, 34.614963], [112.474826, 34.614789], [112.474759, 34.615094], [112.475762, 34.61506], [112.475781, 34.615702], [112.476486, 34.615695], [112.476467, 34.615051], [112.480423, 34.614886], [112.480431, 34.614768], [112.48229, 34.614848], [112.48225, 34.615677], [112.480816, 34.615769], [112.479827, 34.615617], [112.479692, 34.618856], [112.482867, 34.618964], [112.484084, 34.619168], [112.484043, 34.616898], [112.484442, 34.616885], [112.484425, 34.616686], [112.488472, 34.616718], [112.487928, 34.621529], [112.500561, 34.622271], [112.50324, 34.622364], [112.504268, 34.62244], [112.505271, 34.622586], [112.506493, 34.622856], [112.510724, 34.624091], [112.519088, 34.626469], [112.520788, 34.626956], [112.520495, 34.630354], [112.513862, 34.629897], [112.513722, 34.63184], [112.512953, 34.636719], [112.507939, 34.636652], [112.506196, 34.636729], [112.505925, 34.636299], [112.505516, 34.636064], [112.5038, 34.635902], [112.503749, 34.636621], [112.494814, 34.635699], [112.491485, 34.635391], [112.48088, 34.634634], [112.480408, 34.638549], [112.479774, 34.638484], [112.47926, 34.638075], [112.477277, 34.637799], [112.477049, 34.639658], [112.475084, 34.63957], [112.4755, 34.637323], [112.473596, 34.637096], [112.473677, 34.636408], [112.471606, 34.636201], [112.471631, 34.635589], [112.471946, 34.633998], [112.465884, 34.633509]]]}, "properties": {"display_name": "太康东路街道, 洛龙区, 洛阳市, 河南省, 中国", "type": "administrative", "osm_type": "relation", "osm_id": 9974314, "class": null, "keyword": "subdistrict"}}, {"type": "Feature", "geometry": {"type": "Polygon", "coordinates": [[[112.397273, 34.613952], [112.400193, 34.609902], [112.401019, 34.608756], [112.404209, 34.604728], [112.405358, 34.605363], [112.410568, 34.608241], [112.411574, 34.608799], [112.416304, 34.611409], [112.422564, 34.61498], [112.422764, 34.615095], [112.423973, 34.615771], [112.424968, 34.616279], [112.425929, 34.616677], [112.426894, 34.617054], [112.427838, 34.617339], [112.429107, 34.617629], [112.430516, 34.617869], [112.432418, 34.618051], [112.431668, 34.628972], [112.431625, 34.629687], [112.43429, 34.630061], [112.434796, 34.630103], [112.435234, 34.630117], [112.43781, 34.630193], [112.437957, 34.631478], [112.431786, 34.631395], [112.432379, 34.63399], [112.432604, 34.634976], [112.434306, 34.638806], [112.434284, 34.639452], [112.434181, 34.642502], [112.433515, 34.644019], [112.433057, 34.644781], [112.430704, 34.648695], [112.421447, 34.642446], [112.412513, 34.63178], [112.410777, 34.629097], [112.406511, 34.622501], [112.399661, 34.615353], [112.397273, 34.613952]]]}, "properties": {"display_name": "古城街道, 洛龙区, 洛阳市, 河南省, 471026, 中国", "type": "administrative", "osm_type": "relation", "osm_id": 9974306, "class": null, "keyword": "subdistrict"}}, {"type": "Feature", "geometry": {"type": "Polygon", "coordinates": [[[112.498707, 34.741019], [112.504913, 34.717866], [112.507584, 34.718003], [112.511151, 34.707166], [112.511755, 34.706538], [112.512489, 34.705511], [112.518439, 34.706224], [112.518145, 34.708173], [112.517633, 34.708713], [112.517418, 34.710168], [112.51752, 34.710626], [112.518627, 34.713906], [112.522944, 34.718326], [112.532038, 34.726104], [112.52938, 34.72662], [112.529131, 34.72677], [112.528991, 34.72697], [112.52881, 34.72771], [112.528711, 34.72997], [112.52817, 34.73285], [112.52754, 34.73462], [112.52721, 34.73528], [112.526791, 34.73589], [112.526021, 34.73649], [112.52563, 34.73666], [112.522099, 34.737519], [112.520268, 34.737905], [112.51633, 34.73893], [112.510301, 34.739648], [112.506309, 34.740046], [112.49996, 34.74091], [112.498707, 34.741019]]]}, "properties": {"display_name": "杨文街道, 瀍河回族区, 洛阳市, 河南省, 中国", "type": "administrative", "osm_type": "relation", "osm_id": 9974926, "class": null, "keyword": "subdistrict"}}, {"type": "Feature", "geometry": {"type": "Polygon", "coordinates": [[[112.332504, 34.641832], [112.334674, 34.641537], [112.334647, 34.64106], [112.334757, 34.640943], [112.334862, 34.640802], [112.334905, 34.640605], [112.334824, 34.640179], [112.334846, 34.639978], [112.335511, 34.639672], [112.335573, 34.639443], [112.335634, 34.639454], [112.33567, 34.639491], [112.335777, 34.639669], [112.335913, 34.639817], [112.335955, 34.639864], [112.335999, 34.63989], [112.336049, 34.639906], [112.336139, 34.639925], [112.336386, 34.63995], [112.336775, 34.639982], [112.336844, 34.639995], [112.336932, 34.640012], [112.337104, 34.640093], [112.337141, 34.640111], [112.33723, 34.640169], [112.337357, 34.640272], [112.337529, 34.640426], [112.337557, 34.640485], [112.337589, 34.640553], [112.337617, 34.640613], [112.337672, 34.6408], [112.337675, 34.640804], [112.337711, 34.640853], [112.33777, 34.640932], [112.337784, 34.64094], [112.337937, 34.641022], [112.338032, 34.641072], [112.338141, 34.641101], [112.338268, 34.641135], [112.338332, 34.641193], [112.338454, 34.641303], [112.338543, 34.641397], [112.33858, 34.641439], [112.33873, 34.641608], [112.338891, 34.64174], [112.339027, 34.641867], [112.339227, 34.642091], [112.339308, 34.642201], [112.339442, 34.6423], [112.339447, 34.642304], [112.339591, 34.642411], [112.339718, 34.642505], [112.339749, 34.642525], [112.339767, 34.642537], [112.339942, 34.642656], [112.340039, 34.642734], [112.34018, 34.642874], [112.340183, 34.642877], [112.340223, 34.6429], [112.340322, 34.642957], [112.340448, 34.643019], [112.340567, 34.643111], [112.340568, 34.643111], [112.340609, 34.643122], [112.340878, 34.643191], [112.340917, 34.6432], [112.341106, 34.643245], [112.341392, 34.64336], [112.341612, 34.643412], [112.341832, 34.643475], [112.342123, 34.643533], [112.342337, 34.643601], [112.34254, 34.643748], [112.342602, 34.64387], [112.342663, 34.643925], [112.342735, 34.643979], [112.342839, 34.644027], [112.343041, 34.644118], [112.34331, 34.644183], [112.343615, 34.644238], [112.343843, 34.644306], [112.344109, 34.644317], [112.344119, 34.644317], [112.344336, 34.644339], [112.344498, 34.644329], [112.344596, 34.644324], [112.344866, 34.644312], [112.345113, 34.64427], [112.345151, 34.644266], [112.345474, 34.644233], [112.345603, 34.644219], [112.345724, 34.644236], [112.345796, 34.644303], [112.345994, 34.644521], [112.346114, 34.644665], [112.346364, 34.644844], [112.346544, 34.644974], [112.346683, 34.645054], [112.346978, 34.645137], [112.347277, 34.645169], [112.347398, 34.645192], [112.347604, 34.645203], [112.347872, 34.645232], [112.348105, 34.645223], [112.348376, 34.645194], [112.34859, 34.64518], [112.348841, 34.645163], [112.349051, 34.645144], [112.34933, 34.645129], [112.349514, 34.645112], [112.349707, 34.645091], [112.349772, 34.645065], [112.349851, 34.645046], [112.350012, 34.64504], [112.350226, 34.645029], [112.350512, 34.645014], [112.350635, 34.645016], [112.35071, 34.645039], [112.350802, 34.64505], [112.351045, 34.645119], [112.351197, 34.645208], [112.3515, 34.645332], [112.351753, 34.645449], [112.351926, 34.645498], [112.352178, 34.64557], [112.352422, 34.645635], [112.352682, 34.645666], [112.352737, 34.645678], [112.352955, 34.645726], [112.353313, 34.645771], [112.353679, 34.645847], [112.353914, 34.645896], [112.354063, 34.645926], [112.354161, 34.64596], [112.354403, 34.646039], [112.354433, 34.646049], [112.354688, 34.646135], [112.354832, 34.646196], [112.354963, 34.646245], [112.355092, 34.646291], [112.355146, 34.646311], [112.355284, 34.646379], [112.355351, 34.646412], [112.355608, 34.646501], [112.355852, 34.646578], [112.355867, 34.646585], [112.355938, 34.646614], [112.355969, 34.646627], [112.356014, 34.646643], [112.356106, 34.646676], [112.356219, 34.646725], [112.356254, 34.646664], [112.356274, 34.64661], [112.356315, 34.646505], [112.356332, 34.646458], [112.356374, 34.646346], [112.356436, 34.646231], [112.356454, 34.646198], [112.356506, 34.646104], [112.356514, 34.64609], [112.356536, 34.64605], [112.356591, 34.645924], [112.356681, 34.645805], [112.356727, 34.64572], [112.356742, 34.645692], [112.356766, 34.645647], [112.356821, 34.645543], [112.356914, 34.64538], [112.356958, 34.645295], [112.356997, 34.645221], [112.357066, 34.645111], [112.357168, 34.644977], [112.357229, 34.644898], [112.357271, 34.644843], [112.357361, 34.644721], [112.357435, 34.644613], [112.357564, 34.644405], [112.357666, 34.644263], [112.357681, 34.644244], [112.35774, 34.64417], [112.357806, 34.644104], [112.357892, 34.643987], [112.357958, 34.643913], [112.357982, 34.643886], [112.357999, 34.643867], [112.358135, 34.64377], [112.358279, 34.643699], [112.358305, 34.643686], [112.358528, 34.643564], [112.358752, 34.643494], [112.358829, 34.643462], [112.358902, 34.643423], [112.358955, 34.643382], [112.359001, 34.643347], [112.35904, 34.643317], [112.359078, 34.643343], [112.359119, 34.643371], [112.35924, 34.643416], [112.359428, 34.64348], [112.359558, 34.643512], [112.359658, 34.643534], [112.359757, 34.643556], [112.359859, 34.643578], [112.360005, 34.643619], [112.360038, 34.643551], [112.360075, 34.643471], [112.360119, 34.643405], [112.360162, 34.643336], [112.360203, 34.643247], [112.360253, 34.643149], [112.360338, 34.64306], [112.360426, 34.642945], [112.360535, 34.642794], [112.36063, 34.642584], [112.360639, 34.642559], [112.360686, 34.642423], [112.360699, 34.642358], [112.3607, 34.642334], [112.360687, 34.642304], [112.360664, 34.642247], [112.36063, 34.642137], [112.36059, 34.642055], [112.360563, 34.641999], [112.360516, 34.641905], [112.360485, 34.641879], [112.360408, 34.641826], [112.360371, 34.641807], [112.360327, 34.641795], [112.360276, 34.641785], [112.360141, 34.641779], [112.359978, 34.641787], [112.359851, 34.641812], [112.359742, 34.641851], [112.359553, 34.641911], [112.359404, 34.641964], [112.35937, 34.641976], [112.359268, 34.641994], [112.359265, 34.641992], [112.359174, 34.641946], [112.35914, 34.641926], [112.359119, 34.641908], [112.359092, 34.64189], [112.359076, 34.641877], [112.359051, 34.641854], [112.359031, 34.641831], [112.35902, 34.64181], [112.359018, 34.641784], [112.358985, 34.641681], [112.35896, 34.641642], [112.358947, 34.64161], [112.358941, 34.641591], [112.358941, 34.641571], [112.358943, 34.641556], [112.358944, 34.641552], [112.35896, 34.641528], [112.359012, 34.641494], [112.359049, 34.641477], [112.359084, 34.641461], [112.359304, 34.641408], [112.359561, 34.64138], [112.359788, 34.641351], [112.359859, 34.641339], [112.359883, 34.641329], [112.359906, 34.641317], [112.35993, 34.641298], [112.359937, 34.641275], [112.359948, 34.64121], [112.359956, 34.641141], [112.359966, 34.641121], [112.359987, 34.641106], [112.360017, 34.641094], [112.360156, 34.641052], [112.360338, 34.641007], [112.360567, 34.640973], [112.360822, 34.640944], [112.361067, 34.640925], [112.360974, 34.64087], [112.360951, 34.640843], [112.360936, 34.640814], [112.36092, 34.640769], [112.360912, 34.640744], [112.360908, 34.640683], [112.360923, 34.640614], [112.360926, 34.640598], [112.360936, 34.640568], [112.360944, 34.640555], [112.36096, 34.640535], [112.360987, 34.640526], [112.36115, 34.640494], [112.361196, 34.640485], [112.361368, 34.640463], [112.361497, 34.640446], [112.361699, 34.640434], [112.361831, 34.640428], [112.362048, 34.640398], [112.362077, 34.640396], [112.362183, 34.640391], [112.362189, 34.639679], [112.362173, 34.638974], [112.362165, 34.638764], [112.362162, 34.638678], [112.362158, 34.63857], [112.362075, 34.63857], [112.362018, 34.63857], [112.361945, 34.638572], [112.36184, 34.638581], [112.361792, 34.638584], [112.361748, 34.638587], [112.361656, 34.638602], [112.361611, 34.638612], [112.361544, 34.638642], [112.361515, 34.638654], [112.361512, 34.638642], [112.361496, 34.638576], [112.361473, 34.63836], [112.361474, 34.638328], [112.361479, 34.638315], [112.361497, 34.63831], [112.361754, 34.638299], [112.361788, 34.638301], [112.361936, 34.638311], [112.362056, 34.638309], [112.362264, 34.638306], [112.362427, 34.638286], [112.362662, 34.63825], [112.362823, 34.638226], [112.362929, 34.638219], [112.362945, 34.638101], [112.362936, 34.637866], [112.362932, 34.637802], [112.362928, 34.637738], [112.362917, 34.63757], [112.362917, 34.637494], [112.362922, 34.637481], [112.362936, 34.637468], [112.362954, 34.637462], [112.363039, 34.637456], [112.363131, 34.637457], [112.363169, 34.637458], [112.363343, 34.63744], [112.363648, 34.637439], [112.363782, 34.637439], [112.363832, 34.637439], [112.363859, 34.637363], [112.36465, 34.637339], [112.364683, 34.637622], [112.36494, 34.637615], [112.364948, 34.637922], [112.365967, 34.637922], [112.365962, 34.638222], [112.364677, 34.638255], [112.364664, 34.638236], [112.364468, 34.638236], [112.364468, 34.638275], [112.364312, 34.638276], [112.364312, 34.638619], [112.364656, 34.638621], [112.364691, 34.639528], [112.365074, 34.640076], [112.365018, 34.640676], [112.366115, 34.640912], [112.366142, 34.643964], [112.366378, 34.647344], [112.36769, 34.647461], [112.367698, 34.647863], [112.368135, 34.647865], [112.36811, 34.64862], [112.365015, 34.648577], [112.365002, 34.648683], [112.364833, 34.649766], [112.36628, 34.650071], [112.365899, 34.651933], [112.36584, 34.652224], [112.366673, 34.65229], [112.366731, 34.652294], [112.367054, 34.654208], [112.367099, 34.654421], [112.367595, 34.654504], [112.368398, 34.65424], [112.368439, 34.653946], [112.368456, 34.653818], [112.36855, 34.652812], [112.370075, 34.652904], [112.370386, 34.652915], [112.370428, 34.652408], [112.37083, 34.6523], [112.37134, 34.652011], [112.371939, 34.651606], [112.375068, 34.651572], [112.375675, 34.652915], [112.376596, 34.654951], [112.376452, 34.654988], [112.376229, 34.65499], [112.375447, 34.655167], [112.37528, 34.654946], [112.375256, 34.654818], [112.374542, 34.65478], [112.374008, 34.654755], [112.374108, 34.654088], [112.373949, 34.653865], [112.373498, 34.653988], [112.367605, 34.656652], [112.367782, 34.656981], [112.369109, 34.656421], [112.369283, 34.65673], [112.372547, 34.655825], [112.373548, 34.658218], [112.372504, 34.658485], [112.37334, 34.660479], [112.374563, 34.660127], [112.373666, 34.658277], [112.377565, 34.657164], [112.377937, 34.65806], [112.377961, 34.658122], [112.379125, 34.660869], [112.37207, 34.662901], [112.371791, 34.662982], [112.371684, 34.662215], [112.371539, 34.662034], [112.371454, 34.661658], [112.371261, 34.661426], [112.371208, 34.661049], [112.370419, 34.659142], [112.370372, 34.65903], [112.368987, 34.659479], [112.368712, 34.659568], [112.369686, 34.661459], [112.370362, 34.662084], [112.370461, 34.662229], [112.370898, 34.663226], [112.369934, 34.663521], [112.370806, 34.665612], [112.368303, 34.666325], [112.369075, 34.668255], [112.366367, 34.669086], [112.365498, 34.667111], [112.36415, 34.66749], [112.364446, 34.668281], [112.363522, 34.668564], [112.363027, 34.668179], [112.362089, 34.668554], [112.360567, 34.66896], [112.360323, 34.668405], [112.360151, 34.667977], [112.359831, 34.668054], [112.359837, 34.66824], [112.359546, 34.668323], [112.359451, 34.668436], [112.357575, 34.668975], [112.357637, 34.669118], [112.357521, 34.669165], [112.357689, 34.669597], [112.35583, 34.670158], [112.355958, 34.6705], [112.355259, 34.670709], [112.355075, 34.670359], [112.352844, 34.67099], [112.351021, 34.671508], [112.347805, 34.672542], [112.345813, 34.667843], [112.344825, 34.66543], [112.344475, 34.664781], [112.344297, 34.661766], [112.345045, 34.661315], [112.347072, 34.662021], [112.347034, 34.661631], [112.347703, 34.662118], [112.347773, 34.662482], [112.348369, 34.662397], [112.348296, 34.661773], [112.347662, 34.661494], [112.34721, 34.66086], [112.34718, 34.65981], [112.347233, 34.658755], [112.347213, 34.65801], [112.34723, 34.65664], [112.350061, 34.656573], [112.350051, 34.655641], [112.350868, 34.655344], [112.351051, 34.654952], [112.351069, 34.654455], [112.3528, 34.654184], [112.352736, 34.654004], [112.351196, 34.654096], [112.351127, 34.653732], [112.352834, 34.653489], [112.352452, 34.652703], [112.352369, 34.652446], [112.352321, 34.652239], [112.352244, 34.651777], [112.352174, 34.650758], [112.352137, 34.650342], [112.349633, 34.650415], [112.349639, 34.648968], [112.346126, 34.648942], [112.345954, 34.64711], [112.336375, 34.644889], [112.336761, 34.644037], [112.334127, 34.643995], [112.334113, 34.642119], [112.332845, 34.642565], [112.332753, 34.642432], [112.332504, 34.641832]]]}, "properties": {"display_name": "郑州路街道, 涧西区, 洛阳市, 河南省, 中国", "type": "administrative", "osm_type": "relation", "osm_id": 9977855, "class": null, "keyword": "subdistrict"}}, {"type": "Feature", "geometry": {"type": "MultiPolygon", "coordinates": [[[[112.383961, 34.73767], [112.383961, 34.73661], [112.38431, 34.73493], [112.385396, 34.732179], [112.388785, 34.732337], [112.387326, 34.737063], [112.389246, 34.737478], [112.388978, 34.738359], [112.388828, 34.739391], [112.395973, 34.740837], [112.396102, 34.740484], [112.39666, 34.740616], [112.396563, 34.740943], [112.398709, 34.741401], [112.39901, 34.740563], [112.399621, 34.740519], [112.402518, 34.74118], [112.402314, 34.742477], [112.40387, 34.742829], [112.403955, 34.743102], [112.404535, 34.743852], [112.404159, 34.745588], [112.403076, 34.746373], [112.390072, 34.743508], [112.389944, 34.743085], [112.388317, 34.742825], [112.3879, 34.74225], [112.387673, 34.742064], [112.38595, 34.74049], [112.38456, 34.73891], [112.38431, 34.73855], [112.383961, 34.73767]]], [[[112.38893, 34.69173], [112.388971, 34.69122], [112.391344, 34.690638], [112.394252, 34.690216], [112.401362, 34.689192], [112.403762, 34.688883], [112.412204, 34.688394], [112.416525, 34.688172], [112.423436, 34.687756], [112.423425, 34.692506], [112.422566, 34.696354], [112.422227, 34.697873], [112.421525, 34.701207], [112.421269, 34.703047], [112.421504, 34.707693], [112.415451, 34.707734], [112.41445, 34.705349], [112.412102, 34.705516], [112.411899, 34.707816], [112.404245, 34.708103], [112.404451, 34.700612], [112.398578, 34.700618], [112.398318, 34.70086], [112.398098, 34.701022], [112.397218, 34.701065], [112.394324, 34.701063], [112.394219, 34.700797], [112.390002, 34.700775], [112.389964, 34.700516], [112.389933, 34.699543], [112.389939, 34.69908], [112.38994, 34.698723], [112.38947, 34.69828], [112.389448, 34.69808], [112.38937, 34.69635], [112.38963, 34.69601], [112.38988, 34.69584], [112.39051, 34.69571], [112.39068, 34.69543], [112.39081, 34.69478], [112.390831, 34.69388], [112.390751, 34.69347], [112.39054, 34.69333], [112.389621, 34.69321], [112.38942, 34.69304], [112.389051, 34.69231], [112.38893, 34.69173]]]]}, "properties": {"display_name": "邙岭路街道, 西工区, 洛阳市, 河南省, 中国", "type": "administrative", "osm_type": "relation", "osm_id": 9976052, "class": null, "keyword": "subdistrict"}}, {"type": "Feature", "geometry": {"type": "Polygon", "coordinates": [[[112.508471, 34.699402], [112.508591, 34.697585], [112.510765, 34.697759], [112.5111, 34.695578], [112.511364, 34.693884], [112.511798, 34.691133], [112.511799, 34.691123], [112.511899, 34.690247], [112.511055, 34.690212], [112.509041, 34.689872], [112.510582, 34.683315], [112.512327, 34.683679], [112.512769, 34.682355], [112.513788, 34.680234], [112.518951, 34.684181], [112.52623, 34.687596], [112.53969, 34.689229], [112.538634, 34.696702], [112.53582, 34.696343], [112.535572, 34.695861], [112.534722, 34.695709], [112.533927, 34.699951], [112.536593, 34.701157], [112.536504, 34.706456], [112.524815, 34.705237], [112.524874, 34.704889], [112.524301, 34.704805], [112.523275, 34.704071], [112.52221, 34.703862], [112.511572, 34.702806], [112.511177, 34.702663], [112.510809, 34.702447], [112.510461, 34.702151], [112.510203, 34.701657], [112.509989, 34.70077], [112.509763, 34.700336], [112.509463, 34.700016], [112.509207, 34.699781], [112.508908, 34.699575], [112.508717, 34.699489], [112.508471, 34.699402]]]}, "properties": {"display_name": "塔湾街道, 瀍河回族区, 洛阳市, 河南省, 中国", "type": "administrative", "osm_type": "relation", "osm_id": 9977903, "class": null, "keyword": "subdistrict"}}, {"type": "Feature", "geometry": {"type": "MultiPolygon", "coordinates": [[[[112.360651, 34.675877], [112.366011, 34.674351], [112.365465, 34.673455], [112.367937, 34.672768], [112.366367, 34.669086], [112.369075, 34.668255], [112.368303, 34.666325], [112.370806, 34.665612], [112.369934, 34.663521], [112.370898, 34.663226], [112.371636, 34.663152], [112.371722, 34.663554], [112.371994, 34.663825], [112.372237, 34.664277], [112.372756, 34.664193], [112.373041, 34.664294], [112.373079, 34.664684], [112.373472, 34.665616], [112.374314, 34.665113], [112.375227, 34.665089], [112.37567, 34.665188], [112.376708, 34.665164], [112.377056, 34.665873], [112.377083, 34.665927], [112.378157, 34.665621], [112.378415, 34.665547], [112.378142, 34.665199], [112.377562, 34.665375], [112.377333, 34.664896], [112.377263, 34.664481], [112.377795, 34.66424], [112.377346, 34.663127], [112.377992, 34.662821], [112.379842, 34.66237], [112.380609, 34.663975], [112.380841, 34.664797], [112.385041, 34.663607], [112.386282, 34.663402], [112.387729, 34.66699], [112.385269, 34.667759], [112.385596, 34.668471], [112.387917, 34.667873], [112.388197, 34.668615], [112.38823, 34.668701], [112.385644, 34.669472], [112.386435, 34.671597], [112.387498, 34.673913], [112.384144, 34.674862], [112.386213, 34.679926], [112.386325, 34.680583], [112.384294, 34.681066], [112.385162, 34.683059], [112.386493, 34.682563], [112.387518, 34.682668], [112.382282, 34.684133], [112.381015, 34.684642], [112.381296, 34.685458], [112.381719, 34.686106], [112.379139, 34.686071], [112.378179, 34.686312], [112.377527, 34.686981], [112.375981, 34.687677], [112.373539, 34.689912], [112.373132, 34.690716], [112.372806, 34.69109], [112.371134, 34.68902], [112.37307, 34.68801], [112.372779, 34.687519], [112.372833, 34.686998], [112.370701, 34.687568], [112.369284, 34.687636], [112.368431, 34.687489], [112.367193, 34.68498], [112.366778, 34.684672], [112.365423, 34.680759], [112.364935, 34.679801], [112.363305, 34.680314], [112.362394, 34.678555], [112.361229, 34.676617], [112.360913, 34.676568], [112.360651, 34.675877]]], [[[112.396103, 34.685146], [112.396463, 34.684101], [112.396933, 34.68394], [112.397015, 34.683236], [112.397564, 34.682163], [112.398044, 34.680675], [112.398706, 34.680693], [112.398995, 34.679181], [112.40077, 34.678441], [112.401568, 34.678212], [112.402192, 34.678149], [112.402723, 34.678135], [112.402766, 34.677872], [112.40204, 34.677386], [112.402892, 34.676533], [112.403339, 34.676033], [112.404301, 34.675346], [112.405195, 34.674847], [112.405642, 34.675235], [112.406435, 34.674646], [112.40668, 34.674909], [112.40722, 34.674625], [112.407507, 34.674216], [112.407921, 34.674477], [112.407579, 34.675254], [112.40714, 34.676044], [112.407205, 34.676405], [112.407302, 34.676981], [112.407123, 34.677249], [112.405463, 34.678761], [112.403379, 34.680823], [112.401377, 34.681693], [112.400547, 34.682189], [112.399765, 34.682644], [112.399033, 34.683099], [112.39856, 34.683541], [112.398821, 34.684919], [112.398479, 34.685522], [112.397607, 34.686413], [112.396767, 34.686996], [112.396299, 34.685586], [112.396199, 34.685361], [112.396103, 34.685146]]]]}, "properties": {"display_name": "长安路街道, 涧西区, 洛阳市, 河南省, 中国", "type": "administrative", "osm_type": "relation", "osm_id": 9977846, "class": null, "keyword": "subdistrict"}}, {"type": "Feature", "geometry": {"type": "Polygon", "coordinates": [[[112.327921, 34.669875], [112.331988, 34.669286], [112.332038, 34.669849], [112.33745, 34.668457], [112.337501, 34.668258], [112.342432, 34.666329], [112.344825, 34.66543], [112.345813, 34.667843], [112.347805, 34.672542], [112.351021, 34.671508], [112.352844, 34.67099], [112.355075, 34.670359], [112.355259, 34.670709], [112.355958, 34.6705], [112.35583, 34.670158], [112.357689, 34.669597], [112.357521, 34.669165], [112.357637, 34.669118], [112.357575, 34.668975], [112.359451, 34.668436], [112.359546, 34.668323], [112.359837, 34.66824], [112.359831, 34.668054], [112.360151, 34.667977], [112.360323, 34.668405], [112.360567, 34.66896], [112.360512, 34.669086], [112.361496, 34.671345], [112.360665, 34.671584], [112.361863, 34.67443], [112.356628, 34.675968], [112.351415, 34.677415], [112.348079, 34.678506], [112.348486, 34.679278], [112.344695, 34.680581], [112.344913, 34.681308], [112.345194, 34.681986], [112.345718, 34.683204], [112.345511, 34.68327], [112.345102, 34.683364], [112.344918, 34.683061], [112.344634, 34.682965], [112.344353, 34.683036], [112.344336, 34.683262], [112.34448, 34.683516], [112.343369, 34.684282], [112.342615, 34.684646], [112.341293, 34.685399], [112.340624, 34.685843], [112.340566, 34.686277], [112.340648, 34.686732], [112.340789, 34.686979], [112.341061, 34.687201], [112.341165, 34.687365], [112.341184, 34.687491], [112.341207, 34.68757], [112.341159, 34.687724], [112.341111, 34.687809], [112.341069, 34.68786], [112.34035, 34.687891], [112.340576, 34.690765], [112.342087, 34.690671], [112.342347, 34.69358], [112.34155, 34.693754], [112.340915, 34.694022], [112.340491, 34.694075], [112.339824, 34.693982], [112.339726, 34.69346], [112.339726, 34.692523], [112.338684, 34.691412], [112.336877, 34.690127], [112.335982, 34.689524], [112.335184, 34.688788], [112.333328, 34.687824], [112.331945, 34.687356], [112.331546, 34.687371], [112.330731, 34.68589], [112.330361, 34.68558], [112.329361, 34.68522], [112.328918, 34.683833], [112.328438, 34.682201], [112.328624, 34.680916], [112.328683, 34.680001], [112.32813, 34.67299], [112.327935, 34.670608], [112.327921, 34.669875]], [[112.335249, 34.682954], [112.337217, 34.682355], [112.33749, 34.682267], [112.339662, 34.681492], [112.339702, 34.680203], [112.338342, 34.680142], [112.338074, 34.680186], [112.337646, 34.680397], [112.33745, 34.680713], [112.336607, 34.680632], [112.335403, 34.680552], [112.335349, 34.681971], [112.335249, 34.682954]]]}, "properties": {"display_name": "武汉路街道, 涧西区, 洛阳市, 河南省, 中国", "type": "administrative", "osm_type": "relation", "osm_id": 9977853, "class": null, "keyword": "subdistrict"}}, {"type": "Feature", "geometry": {"type": "Polygon", "coordinates": [[[112.431625, 34.629687], [112.431668, 34.628972], [112.432418, 34.618051], [112.432619, 34.618064], [112.432703, 34.618068], [112.443555, 34.618618], [112.461669, 34.619638], [112.466996, 34.619957], [112.466002, 34.631748], [112.457798, 34.631164], [112.454878, 34.631007], [112.451112, 34.630804], [112.44942, 34.630713], [112.445194, 34.630519], [112.445176, 34.630519], [112.439201, 34.630254], [112.43781, 34.630193], [112.435234, 34.630117], [112.434796, 34.630103], [112.43429, 34.630061], [112.431625, 34.629687]]]}, "properties": {"display_name": "开元路街道, 洛龙区, 洛阳市, 河南省, 中国", "type": "administrative", "osm_type": "relation", "osm_id": 9974307, "class": null, "keyword": "subdistrict"}}, {"type": "Feature", "geometry": {"type": "Polygon", "coordinates": [[[112.394784, 34.656449], [112.394994, 34.656029], [112.398625, 34.649629], [112.399317, 34.648375], [112.400762, 34.645755], [112.403181, 34.64128], [112.403852, 34.639865], [112.405959, 34.632547], [112.406205, 34.631685], [112.406377, 34.631335], [112.406598, 34.631042], [112.406905, 34.63072], [112.407259, 34.630477], [112.407757, 34.6302], [112.410777, 34.629097], [112.412513, 34.63178], [112.421447, 34.642446], [112.417994, 34.644651], [112.414952, 34.646593], [112.412381, 34.648546], [112.411942, 34.650924], [112.411942, 34.653951], [112.411633, 34.655732], [112.411662, 34.657244], [112.41117, 34.656781], [112.409964, 34.656351], [112.40891, 34.65828], [112.410411, 34.658966], [112.410141, 34.659466], [112.408581, 34.658814], [112.407231, 34.660999], [112.408033, 34.66136], [112.408935, 34.661735], [112.409171, 34.662061], [112.41004, 34.661998], [112.410243, 34.661806], [112.410441, 34.661759], [112.411629, 34.661889], [112.411911, 34.661823], [112.412091, 34.662131], [112.411541, 34.663157], [112.412225, 34.663164], [112.412267, 34.663455], [112.412436, 34.663587], [112.412281, 34.663848], [112.39897, 34.65821], [112.394784, 34.656449]]]}, "properties": {"display_name": "珠江路街道, 涧西区, 洛阳市, 河南省, 471003, 中国", "type": "administrative", "osm_type": "relation", "osm_id": 9977857, "class": null, "keyword": "subdistrict"}}, {"type": "Feature", "geometry": {"type": "Polygon", "coordinates": [[[112.388971, 34.69122], [112.388991, 34.69097], [112.389081, 34.690821], [112.38988, 34.68942], [112.39023, 34.689054], [112.390836, 34.68912], [112.391768, 34.689249], [112.392584, 34.689211], [112.393936, 34.688733], [112.396767, 34.686996], [112.397607, 34.686413], [112.398479, 34.685522], [112.398821, 34.684919], [112.39856, 34.683541], [112.399033, 34.683099], [112.399765, 34.682644], [112.400547, 34.682189], [112.401377, 34.681693], [112.403379, 34.680823], [112.405463, 34.678761], [112.407123, 34.677249], [112.407302, 34.676981], [112.407205, 34.676405], [112.40714, 34.676044], [112.407579, 34.675254], [112.407921, 34.674477], [112.408523, 34.674169], [112.409565, 34.673995], [112.410168, 34.674263], [112.410575, 34.674491], [112.411193, 34.674437], [112.41204, 34.673848], [112.412671, 34.672934], [112.414555, 34.674778], [112.413898, 34.675346], [112.413697, 34.67564], [112.413619, 34.675827], [112.413536, 34.676095], [112.416985, 34.676172], [112.416951, 34.677365], [112.417786, 34.677358], [112.41782, 34.677018], [112.417601, 34.677018], [112.417702, 34.676137], [112.42337, 34.676074], [112.424585, 34.676102], [112.424559, 34.676789], [112.425217, 34.676775], [112.425226, 34.676983], [112.426407, 34.676962], [112.426432, 34.67606], [112.427809, 34.676046], [112.427811, 34.682613], [112.42806, 34.682612], [112.427958, 34.685639], [112.427956, 34.685684], [112.431689, 34.685695], [112.431867, 34.685831], [112.431964, 34.687321], [112.423436, 34.687756], [112.416525, 34.688172], [112.412204, 34.688394], [112.403762, 34.688883], [112.401362, 34.689192], [112.394252, 34.690216], [112.391344, 34.690638], [112.388971, 34.69122]]]}, "properties": {"display_name": "金谷园街道, 西工区, 洛阳市, 河南省, 中国", "type": "administrative", "osm_type": "relation", "osm_id": 9976049, "class": null, "keyword": "subdistrict"}}, {"type": "Feature", "geometry": {"type": "MultiPolygon", "coordinates": [[[[112.335249, 34.682954], [112.335349, 34.681971], [112.335403, 34.680552], [112.336607, 34.680632], [112.33745, 34.680713], [112.337646, 34.680397], [112.338074, 34.680186], [112.338342, 34.680142], [112.339702, 34.680203], [112.339662, 34.681492], [112.33749, 34.682267], [112.337217, 34.682355], [112.335249, 34.682954]]], [[[112.34035, 34.687891], [112.341069, 34.68786], [112.341111, 34.687809], [112.341159, 34.687724], [112.341207, 34.68757], [112.341184, 34.687491], [112.341165, 34.687365], [112.341061, 34.687201], [112.340789, 34.686979], [112.340648, 34.686732], [112.340566, 34.686277], [112.340624, 34.685843], [112.341293, 34.685399], [112.342615, 34.684646], [112.343369, 34.684282], [112.34448, 34.683516], [112.344336, 34.683262], [112.344353, 34.683036], [112.344634, 34.682965], [112.344918, 34.683061], [112.345102, 34.683364], [112.345511, 34.68327], [112.345718, 34.683204], [112.345194, 34.681986], [112.344913, 34.681308], [112.344695, 34.680581], [112.348486, 34.679278], [112.348079, 34.678506], [112.351415, 34.677415], [112.356628, 34.675968], [112.361863, 34.67443], [112.360665, 34.671584], [112.361496, 34.671345], [112.360512, 34.669086], [112.360567, 34.66896], [112.362089, 34.668554], [112.363027, 34.668179], [112.363522, 34.668564], [112.364446, 34.668281], [112.36415, 34.66749], [112.365498, 34.667111], [112.366367, 34.669086], [112.367937, 34.672768], [112.365465, 34.673455], [112.366011, 34.674351], [112.360651, 34.675877], [112.360913, 34.676568], [112.361229, 34.676617], [112.362394, 34.678555], [112.363305, 34.680314], [112.364935, 34.679801], [112.365423, 34.680759], [112.366778, 34.684672], [112.367193, 34.68498], [112.368431, 34.687489], [112.369284, 34.687636], [112.370701, 34.687568], [112.372833, 34.686998], [112.372779, 34.687519], [112.37307, 34.68801], [112.371134, 34.68902], [112.372806, 34.69109], [112.373034, 34.691492], [112.373913, 34.691679], [112.37406, 34.692001], [112.374092, 34.692362], [112.374629, 34.69275], [112.374711, 34.693513], [112.37349, 34.694303], [112.372464, 34.69449], [112.370739, 34.694316], [112.370201, 34.693915], [112.369583, 34.693808], [112.369078, 34.693834], [112.36719, 34.693326], [112.364308, 34.692094], [112.363918, 34.691492], [112.363869, 34.690742], [112.364666, 34.690167], [112.364829, 34.689605], [112.36452, 34.688788], [112.363739, 34.688239], [112.36307, 34.688212], [112.362314, 34.68818], [112.36019, 34.688092], [112.35721, 34.688306], [112.356364, 34.688226], [112.355745, 34.688681], [112.354457, 34.690536], [112.353792, 34.690823], [112.352229, 34.690327], [112.351594, 34.689551], [112.351155, 34.688975], [112.350552, 34.687556], [112.350518, 34.687339], [112.350617, 34.687008], [112.350688, 34.6865], [112.350626, 34.686337], [112.35044, 34.686172], [112.35021, 34.685978], [112.349788, 34.685726], [112.349378, 34.685578], [112.348609, 34.685465], [112.347806, 34.6855], [112.347003, 34.685706], [112.3465, 34.686119], [112.34624, 34.68642], [112.346067, 34.686916], [112.345929, 34.688132], [112.345846, 34.689658], [112.345147, 34.690836], [112.344952, 34.691773], [112.344073, 34.692723], [112.342868, 34.693125], [112.342347, 34.69358], [112.342087, 34.690671], [112.340576, 34.690765], [112.34035, 34.687891]]]]}, "properties": {"display_name": "重庆路街道, 涧西区, 洛阳市, 河南省, 中国", "type": "administrative", "osm_type": "relation", "osm_id": 9977848, "class": null, "keyword": "subdistrict"}}, {"type": "Feature", "geometry": {"type": "MultiPolygon", "coordinates": [[[[112.483463, 34.712313], [112.483793, 34.710392], [112.485234, 34.710581], [112.485016, 34.712325], [112.483463, 34.712313]]], [[[112.484094, 34.696036], [112.484549, 34.694274], [112.484714, 34.693546], [112.484696, 34.691315], [112.484543, 34.690443], [112.49014, 34.691093], [112.490077, 34.692238], [112.493824, 34.692578], [112.497739, 34.69288], [112.498352, 34.688941], [112.500544, 34.689318], [112.504109, 34.68986], [112.511798, 34.691133], [112.511364, 34.693884], [112.5111, 34.695578], [112.510765, 34.697759], [112.508591, 34.697585], [112.508471, 34.699402], [112.508717, 34.699489], [112.508908, 34.699575], [112.509207, 34.699781], [112.509463, 34.700016], [112.509763, 34.700336], [112.509989, 34.70077], [112.510203, 34.701657], [112.510461, 34.702151], [112.510809, 34.702447], [112.511177, 34.702663], [112.511572, 34.702806], [112.52221, 34.703862], [112.523275, 34.704071], [112.524301, 34.704805], [112.524874, 34.704889], [112.524815, 34.705237], [112.521497, 34.704891], [112.520964, 34.706472], [112.518439, 34.706224], [112.512489, 34.705511], [112.508081, 34.705117], [112.505952, 34.704948], [112.504081, 34.704735], [112.502155, 34.704442], [112.499662, 34.703925], [112.498408, 34.703597], [112.498252, 34.7034], [112.497714, 34.702264], [112.497514, 34.701776], [112.496128, 34.702154], [112.495315, 34.702343], [112.494181, 34.702319], [112.485569, 34.700055], [112.485402, 34.699144], [112.485326, 34.698561], [112.485208, 34.698041], [112.484322, 34.696945], [112.484136, 34.696487], [112.484094, 34.696036]]], [[[112.485988, 34.705139], [112.486097, 34.704324], [112.487128, 34.704274], [112.487044, 34.704366], [112.486902, 34.705188], [112.485988, 34.705139]]]]}, "properties": {"display_name": "北窑街道, 瀍河回族区, 洛阳市, 河南省, 中国", "type": "administrative", "osm_type": "relation", "osm_id": 9974966, "class": null, "keyword": "subdistrict"}}, {"type": "Feature", "geometry": {"type": "Polygon", "coordinates": [[[112.411323, 34.65849], [112.411665, 34.657406], [112.411662, 34.657244], [112.413582, 34.657209], [112.413504, 34.655455], [112.41473, 34.65551], [112.416011, 34.653114], [112.417282, 34.65074], [112.417386, 34.650661], [112.419364, 34.64918], [112.418388, 34.645887], [112.417994, 34.644651], [112.421447, 34.642446], [112.430704, 34.648695], [112.427596, 34.654437], [112.42865, 34.65477], [112.429046, 34.654965], [112.429476, 34.655291], [112.429721, 34.655624], [112.429932, 34.656047], [112.429999, 34.656623], [112.429957, 34.656956], [112.428768, 34.659127], [112.429932, 34.659564], [112.430042, 34.659765], [112.431695, 34.660369], [112.430986, 34.661673], [112.430775, 34.661958], [112.430619, 34.662339], [112.428495, 34.66144], [112.427338, 34.663824], [112.42894, 34.664425], [112.427516, 34.666802], [112.431722, 34.668343], [112.430165, 34.670978], [112.423378, 34.668397], [112.423019, 34.66824], [112.420542, 34.667286], [112.418899, 34.666607], [112.413465, 34.664361], [112.413928, 34.663605], [112.414026, 34.663043], [112.413684, 34.662454], [112.413098, 34.661932], [112.411535, 34.659267], [112.411323, 34.65849]], [[112.423, 34.659035], [112.423406, 34.659264], [112.423208, 34.660125], [112.424498, 34.660546], [112.42452, 34.6605], [112.42454, 34.660455], [112.424529, 34.660445], [112.424633, 34.660316], [112.424976, 34.659559], [112.425083, 34.659323], [112.423505, 34.658747], [112.423166, 34.658623], [112.423124, 34.658727], [112.423, 34.659035]], [[112.424875, 34.656847], [112.426195, 34.657387], [112.4265, 34.656805], [112.425245, 34.656364], [112.42514, 34.656502], [112.424875, 34.656847]]]}, "properties": {"display_name": "王城路街道, 西工区, 洛阳市, 河南省, 中国", "type": "administrative", "osm_type": "relation", "osm_id": 9976054, "class": null, "keyword": "subdistrict"}}, {"type": "Feature", "geometry": {"type": "Polygon", "coordinates": [[[112.422566, 34.696354], [112.423425, 34.692506], [112.423436, 34.687756], [112.431964, 34.687321], [112.438899, 34.686827], [112.441193, 34.686808], [112.444293, 34.686876], [112.446002, 34.687068], [112.448554, 34.687505], [112.449663, 34.687727], [112.450482, 34.687956], [112.467956, 34.694775], [112.467762, 34.695298], [112.466927, 34.696135], [112.466668, 34.696492], [112.466334, 34.697117], [112.465549, 34.698236], [112.465683, 34.698695], [112.465775, 34.699224], [112.465624, 34.700068], [112.465452, 34.701875], [112.460285, 34.700667], [112.460445, 34.699883], [112.460683, 34.697004], [112.460715, 34.696428], [112.463331, 34.696817], [112.464301, 34.696858], [112.465609, 34.695582], [112.466175, 34.695235], [112.466014, 34.694958], [112.462335, 34.6945], [112.462226, 34.6952], [112.460842, 34.695207], [112.460428, 34.695221], [112.460015, 34.697025], [112.459804, 34.697233], [112.459635, 34.698399], [112.458893, 34.69862], [112.457914, 34.699162], [112.45745, 34.699342], [112.456741, 34.699474], [112.45526, 34.699495], [112.453099, 34.699468], [112.453554, 34.696129], [112.458153, 34.697034], [112.458103, 34.69616], [112.4583, 34.695676], [112.457241, 34.695717], [112.454951, 34.695418], [112.455012, 34.695238], [112.455173, 34.694769], [112.455206, 34.69467], [112.455231, 34.694428], [112.455252, 34.694215], [112.455392, 34.693267], [112.456415, 34.693363], [112.456545, 34.693376], [112.456818, 34.692048], [112.456202, 34.691819], [112.454329, 34.69399], [112.453924, 34.694351], [112.452903, 34.694996], [112.452198, 34.694907], [112.450781, 34.694727], [112.44957, 34.694573], [112.449361, 34.695536], [112.446376, 34.695201], [112.442927, 34.694814], [112.44267, 34.69575], [112.442118, 34.695474], [112.442366, 34.694002], [112.440886, 34.693483], [112.440362, 34.692867], [112.440175, 34.691937], [112.438495, 34.691703], [112.438047, 34.693488], [112.439694, 34.693779], [112.439432, 34.694488], [112.439543, 34.694939], [112.438239, 34.694729], [112.437956, 34.694167], [112.435931, 34.693767], [112.435916, 34.693815], [112.4359, 34.693866], [112.435429, 34.695357], [112.435412, 34.695412], [112.434213, 34.695285], [112.431286, 34.694933], [112.431142, 34.697099], [112.422566, 34.696354]]]}, "properties": {"display_name": "道北路街道, 老城区, 洛阳市, 河南省, 中国", "type": "administrative", "osm_type": "relation", "osm_id": 9975340, "class": null, "keyword": "subdistrict"}}, {"type": "Feature", "geometry": {"type": "Polygon", "coordinates": [[[112.381015, 34.684642], [112.382282, 34.684133], [112.387518, 34.682668], [112.386493, 34.682563], [112.385162, 34.683059], [112.384294, 34.681066], [112.386325, 34.680583], [112.386213, 34.679926], [112.384144, 34.674862], [112.387498, 34.673913], [112.386435, 34.671597], [112.385644, 34.669472], [112.38823, 34.668701], [112.388197, 34.668615], [112.387917, 34.667873], [112.385596, 34.668471], [112.385269, 34.667759], [112.387729, 34.66699], [112.386282, 34.663402], [112.386515, 34.663114], [112.388497, 34.66256], [112.390873, 34.661897], [112.396119, 34.660434], [112.396169, 34.660569], [112.396901, 34.662258], [112.397873, 34.66491], [112.39833, 34.665841], [112.395673, 34.666667], [112.398761, 34.673799], [112.40077, 34.678441], [112.398995, 34.679181], [112.398706, 34.680693], [112.398044, 34.680675], [112.397564, 34.682163], [112.397015, 34.683236], [112.396933, 34.68394], [112.396463, 34.684101], [112.396103, 34.685146], [112.396199, 34.685361], [112.396299, 34.685586], [112.396767, 34.686996], [112.393936, 34.688733], [112.392584, 34.689211], [112.391768, 34.689249], [112.390836, 34.68912], [112.39023, 34.689054], [112.39003, 34.688761], [112.388467, 34.687677], [112.387669, 34.687463], [112.386872, 34.687731], [112.38609, 34.68753], [112.385813, 34.687396], [112.384641, 34.687155], [112.382737, 34.686285], [112.382086, 34.686111], [112.381719, 34.686106], [112.381296, 34.685458], [112.381015, 34.684642]]]}, "properties": {"display_name": "天津路街道, 涧西区, 洛阳市, 河南省, 中国", "type": "administrative", "osm_type": "relation", "osm_id": 9977852, "class": null, "keyword": "subdistrict"}}, {"type": "Feature", "geometry": {"type": "Polygon", "coordinates": [[[112.427338, 34.663824], [112.428495, 34.66144], [112.430619, 34.662339], [112.435104, 34.663772], [112.434923, 34.664186], [112.435416, 34.664376], [112.435255, 34.664614], [112.43719, 34.665322], [112.437372, 34.665256], [112.438244, 34.664986], [112.438586, 34.664696], [112.440388, 34.665518], [112.441338, 34.663571], [112.441304, 34.663441], [112.441582, 34.663125], [112.441866, 34.663148], [112.442462, 34.663011], [112.442836, 34.662825], [112.442882, 34.661809], [112.442707, 34.66176], [112.441996, 34.66156], [112.442553, 34.660528], [112.444108, 34.657439], [112.453362, 34.663601], [112.451813, 34.665867], [112.450053, 34.669106], [112.45282, 34.670151], [112.454541, 34.670848], [112.456211, 34.671526], [112.457473, 34.672067], [112.457606, 34.672118], [112.457603, 34.672123], [112.456889, 34.673032], [112.456676, 34.673399], [112.456466, 34.673766], [112.456247, 34.674137], [112.455784, 34.674944], [112.455146, 34.675848], [112.45503, 34.675847], [112.453316, 34.675833], [112.45344, 34.676731], [112.453491, 34.67758], [112.453398, 34.678325], [112.453175, 34.678956], [112.452987, 34.679532], [112.445832, 34.676876], [112.436773, 34.673497], [112.430165, 34.670978], [112.431722, 34.668343], [112.427516, 34.666802], [112.42894, 34.664425], [112.427338, 34.663824]], [[112.445562, 34.665598], [112.445765, 34.665695], [112.446121, 34.664955], [112.446311, 34.665018], [112.447184, 34.663622], [112.44699, 34.663371], [112.44732, 34.662735], [112.447085, 34.662581], [112.445562, 34.665598]]]}, "properties": {"display_name": "西工街道, 西工区, 洛阳市, 河南省, 471000, 中国", "type": "administrative", "osm_type": "relation", "osm_id": 9976055, "class": null, "keyword": "subdistrict"}}, {"type": "Feature", "geometry": {"type": "Polygon", "coordinates": [[[112.455146, 34.675848], [112.455784, 34.674944], [112.456247, 34.674137], [112.456466, 34.673766], [112.456676, 34.673399], [112.456889, 34.673032], [112.457603, 34.672123], [112.457606, 34.672118], [112.460192, 34.668237], [112.469293, 34.669538], [112.485318, 34.669701], [112.493965, 34.670779], [112.490978, 34.673296], [112.490519, 34.674306], [112.49016, 34.674779], [112.487756, 34.676763], [112.486829, 34.677189], [112.485401, 34.677848], [112.485151, 34.678061], [112.484642, 34.679242], [112.482254, 34.678871], [112.482154, 34.680471], [112.481035, 34.680658], [112.480794, 34.680707], [112.479084, 34.680447], [112.478976, 34.680869], [112.476406, 34.680434], [112.473366, 34.679884], [112.47359, 34.678989], [112.472712, 34.679148], [112.472324, 34.679183], [112.47186, 34.679169], [112.469962, 34.678767], [112.467456, 34.678066], [112.466908, 34.677962], [112.466351, 34.677684], [112.466064, 34.677629], [112.465786, 34.677469], [112.46474, 34.67776], [112.460918, 34.677406], [112.457256, 34.676865], [112.456741, 34.676754], [112.456151, 34.676574], [112.455851, 34.676274], [112.455624, 34.675932], [112.455365, 34.67593], [112.455146, 34.675848]]]}, "properties": {"display_name": "南关街道, 老城区, 洛阳市, 河南省, 中国", "type": "administrative", "osm_type": "relation", "osm_id": 9975345, "class": null, "keyword": "subdistrict"}}, {"type": "Feature", "geometry": {"type": "Polygon", "coordinates": [[[112.482738, 34.683932], [112.483389, 34.682397], [112.483748, 34.68155], [112.484642, 34.679242], [112.485151, 34.678061], [112.485401, 34.677848], [112.486829, 34.677189], [112.487756, 34.676763], [112.49016, 34.674779], [112.490519, 34.674306], [112.490978, 34.673296], [112.493965, 34.670779], [112.502728, 34.67187], [112.508624, 34.676315], [112.507516, 34.677905], [112.506576, 34.679364], [112.505741, 34.680789], [112.505152, 34.682067], [112.504724, 34.683612], [112.504383, 34.686289], [112.504109, 34.68986], [112.500544, 34.689318], [112.498352, 34.688941], [112.498522, 34.687849], [112.496129, 34.687148], [112.494549, 34.686781], [112.49131, 34.686076], [112.487772, 34.685658], [112.487968, 34.684464], [112.487989, 34.684119], [112.487032, 34.68411], [112.486219, 34.684214], [112.484904, 34.68423], [112.484104, 34.684157], [112.482738, 34.683932]], [[112.493241, 34.681648], [112.494275, 34.681821], [112.494477, 34.681003], [112.493444, 34.68083], [112.493241, 34.681648]]]}, "properties": {"display_name": "华林街道, 瀍河回族区, 洛阳市, 河南省, 中国", "type": "administrative", "osm_type": "relation", "osm_id": 9974969, "class": null, "keyword": "subdistrict"}}, {"type": "Feature", "geometry": {"type": "Polygon", "coordinates": [[[112.394624, 34.656961], [112.394784, 34.656449], [112.39897, 34.65821], [112.412281, 34.663848], [112.412436, 34.663587], [112.412267, 34.663455], [112.412225, 34.663164], [112.411541, 34.663157], [112.412091, 34.662131], [112.411911, 34.661823], [112.411629, 34.661889], [112.410441, 34.661759], [112.410243, 34.661806], [112.41004, 34.661998], [112.409171, 34.662061], [112.408935, 34.661735], [112.408033, 34.66136], [112.407231, 34.660999], [112.408581, 34.658814], [112.410141, 34.659466], [112.410411, 34.658966], [112.40891, 34.65828], [112.409964, 34.656351], [112.41117, 34.656781], [112.411662, 34.657244], [112.411665, 34.657406], [112.411323, 34.65849], [112.411535, 34.659267], [112.413098, 34.661932], [112.413684, 34.662454], [112.414026, 34.663043], [112.413928, 34.663605], [112.413465, 34.664361], [112.412837, 34.664757], [112.411975, 34.665252], [112.411209, 34.666658], [112.411079, 34.668104], [112.411502, 34.668546], [112.412024, 34.668613], [112.412577, 34.668372], [112.412837, 34.667863], [112.412837, 34.66698], [112.413228, 34.666538], [112.413863, 34.666538], [112.414742, 34.666913], [112.4158, 34.668091], [112.416517, 34.669376], [112.41694, 34.669992], [112.41694, 34.670514], [112.416663, 34.670769], [112.416272, 34.670836], [112.415556, 34.670608], [112.415035, 34.670729], [112.414547, 34.671077], [112.413798, 34.671786], [112.41313, 34.672268], [112.412671, 34.672934], [112.41204, 34.673848], [112.411193, 34.674437], [112.410575, 34.674491], [112.410168, 34.674263], [112.409565, 34.673995], [112.408523, 34.674169], [112.407921, 34.674477], [112.407507, 34.674216], [112.40722, 34.674625], [112.40668, 34.674909], [112.406435, 34.674646], [112.405642, 34.675235], [112.405195, 34.674847], [112.404301, 34.675346], [112.403339, 34.676033], [112.402892, 34.676533], [112.40204, 34.677386], [112.402766, 34.677872], [112.402723, 34.678135], [112.402192, 34.678149], [112.401568, 34.678212], [112.40077, 34.678441], [112.398761, 34.673799], [112.395673, 34.666667], [112.39833, 34.665841], [112.397873, 34.66491], [112.396901, 34.662258], [112.396169, 34.660569], [112.396119, 34.660434], [112.394624, 34.656961]]]}, "properties": {"display_name": "长春路街道, 涧西区, 洛阳市, 河南省, 中国", "type": "administrative", "osm_type": "relation", "osm_id": 9977847, "class": null, "keyword": "subdistrict"}}, {"type": "Feature", "geometry": {"type": "MultiPolygon", "coordinates": [[[[112.411633, 34.655732], [112.411942, 34.653951], [112.411942, 34.650924], [112.412381, 34.648546], [112.414952, 34.646593], [112.417994, 34.644651], [112.418388, 34.645887], [112.419364, 34.64918], [112.417386, 34.650661], [112.417282, 34.65074], [112.416011, 34.653114], [112.41473, 34.65551], [112.413504, 34.655455], [112.413582, 34.657209], [112.411662, 34.657244], [112.411633, 34.655732]]], [[[112.423, 34.659035], [112.423124, 34.658727], [112.423166, 34.658623], [112.423505, 34.658747], [112.425083, 34.659323], [112.424976, 34.659559], [112.424633, 34.660316], [112.424529, 34.660445], [112.42454, 34.660455], [112.42452, 34.6605], [112.424498, 34.660546], [112.423208, 34.660125], [112.423406, 34.659264], [112.423, 34.659035]]], [[[112.42337, 34.676074], [112.423395, 34.675755], [112.426424, 34.675783], [112.426432, 34.67606], [112.426407, 34.676962], [112.425226, 34.676983], [112.425217, 34.676775], [112.424559, 34.676789], [112.424585, 34.676102], [112.42337, 34.676074]]], [[[112.424875, 34.656847], [112.42514, 34.656502], [112.425245, 34.656364], [112.4265, 34.656805], [112.426195, 34.657387], [112.424875, 34.656847]]], [[[112.427596, 34.654437], [112.430704, 34.648695], [112.436781, 34.65256], [112.444108, 34.657439], [112.442553, 34.660528], [112.441996, 34.66156], [112.442707, 34.66176], [112.442882, 34.661809], [112.442836, 34.662825], [112.442462, 34.663011], [112.441866, 34.663148], [112.441582, 34.663125], [112.441304, 34.663441], [112.441338, 34.663571], [112.440388, 34.665518], [112.438586, 34.664696], [112.438244, 34.664986], [112.437372, 34.665256], [112.43719, 34.665322], [112.435255, 34.664614], [112.435416, 34.664376], [112.434923, 34.664186], [112.435104, 34.663772], [112.430619, 34.662339], [112.430775, 34.661958], [112.430986, 34.661673], [112.431695, 34.660369], [112.430042, 34.659765], [112.429932, 34.659564], [112.428768, 34.659127], [112.429957, 34.656956], [112.429999, 34.656623], [112.429932, 34.656047], [112.429721, 34.655624], [112.429476, 34.655291], [112.429046, 34.654965], [112.42865, 34.65477], [112.427596, 34.654437]]], [[[112.445562, 34.665598], [112.447085, 34.662581], [112.44732, 34.662735], [112.44699, 34.663371], [112.447184, 34.663622], [112.446311, 34.665018], [112.446121, 34.664955], [112.445765, 34.665695], [112.445562, 34.665598]]], [[[112.450053, 34.669106], [112.451813, 34.665867], [112.453362, 34.663601], [112.454784, 34.664548], [112.460192, 34.668237], [112.457606, 34.672118], [112.457473, 34.672067], [112.456211, 34.671526], [112.454541, 34.670848], [112.45282, 34.670151], [112.450053, 34.669106]]]]}, "properties": {"display_name": "洛北街道, 西工区, 洛阳市, 河南省, 中国", "type": "administrative", "osm_type": "relation", "osm_id": 9976051, "class": null, "keyword": "subdistrict"}}, {"type": "Feature", "geometry": {"type": "Polygon", "coordinates": [[[112.442445, 34.686184], [112.442595, 34.68438], [112.443813, 34.68445], [112.444178, 34.68228], [112.444586, 34.681954], [112.444679, 34.681543], [112.444972, 34.681083], [112.443757, 34.680595], [112.444516, 34.679144], [112.451629, 34.681892], [112.452987, 34.679532], [112.453175, 34.678956], [112.453398, 34.678325], [112.453491, 34.67758], [112.45344, 34.676731], [112.453316, 34.675833], [112.45503, 34.675847], [112.455146, 34.675848], [112.455365, 34.67593], [112.455624, 34.675932], [112.455851, 34.676274], [112.456151, 34.676574], [112.456741, 34.676754], [112.457256, 34.676865], [112.460918, 34.677406], [112.46474, 34.67776], [112.465786, 34.677469], [112.465845, 34.677802], [112.465744, 34.678378], [112.465398, 34.679308], [112.465094, 34.681118], [112.464673, 34.681909], [112.464605, 34.682208], [112.464732, 34.682603], [112.464867, 34.683408], [112.464892, 34.683623], [112.464124, 34.689722], [112.464149, 34.690027], [112.464318, 34.690256], [112.464512, 34.690381], [112.464765, 34.690519], [112.464573, 34.690829], [112.471785, 34.69595], [112.472495, 34.696389], [112.473847, 34.696808], [112.473672, 34.697192], [112.472201, 34.696775], [112.471201, 34.696492], [112.469122, 34.69573], [112.467762, 34.695298], [112.467956, 34.694775], [112.450482, 34.687956], [112.449663, 34.687727], [112.448554, 34.687505], [112.448907, 34.686899], [112.448553, 34.68682], [112.446181, 34.686455], [112.446297, 34.685963], [112.445833, 34.685884], [112.445717, 34.686383], [112.444768, 34.686268], [112.443448, 34.686202], [112.442445, 34.686184]]]}, "properties": {"display_name": "西关街道, 老城区, 洛阳市, 河南省, 中国", "type": "administrative", "osm_type": "relation", "osm_id": 9975347, "class": null, "keyword": "subdistrict"}}, {"type": "Feature", "geometry": {"type": "Polygon", "coordinates": [[[112.46406, 34.704491], [112.464656, 34.702896], [112.465385, 34.702827], [112.46539, 34.70276], [112.465459, 34.701947], [112.465452, 34.701875], [112.465624, 34.700068], [112.465775, 34.699224], [112.465683, 34.698695], [112.465549, 34.698236], [112.466334, 34.697117], [112.466668, 34.696492], [112.466927, 34.696135], [112.467762, 34.695298], [112.469122, 34.69573], [112.471201, 34.696492], [112.472201, 34.696775], [112.473672, 34.697192], [112.473847, 34.696808], [112.472495, 34.696389], [112.471785, 34.69595], [112.464573, 34.690829], [112.464765, 34.690519], [112.471868, 34.692399], [112.472184, 34.692448], [112.472397, 34.692399], [112.472554, 34.692243], [112.472846, 34.692106], [112.473413, 34.692051], [112.474415, 34.692065], [112.4752, 34.692209], [112.476753, 34.6926], [112.477863, 34.692731], [112.478639, 34.692772], [112.479491, 34.692621], [112.479858, 34.692463], [112.480042, 34.692264], [112.480067, 34.692024], [112.48015, 34.690157], [112.48025, 34.68993], [112.480447, 34.689793], [112.480743, 34.689749], [112.481588, 34.689919], [112.482818, 34.690185], [112.484543, 34.690443], [112.484696, 34.691315], [112.484714, 34.693546], [112.484549, 34.694274], [112.484094, 34.696036], [112.484136, 34.696487], [112.484322, 34.696945], [112.485208, 34.698041], [112.485326, 34.698561], [112.485402, 34.699144], [112.485569, 34.700055], [112.48072, 34.698601], [112.479961, 34.699526], [112.481932, 34.699813], [112.483363, 34.700043], [112.483256, 34.700454], [112.483669, 34.70052], [112.483597, 34.70092], [112.484242, 34.70105], [112.48423, 34.701141], [112.484038, 34.701502], [112.483962, 34.701529], [112.483792, 34.70149], [112.483713, 34.701641], [112.48357, 34.701734], [112.483029, 34.701515], [112.481912, 34.701575], [112.481809, 34.701568], [112.481619, 34.702157], [112.480948, 34.702339], [112.480647, 34.703314], [112.479976, 34.703375], [112.478685, 34.703326], [112.478499, 34.70392], [112.479287, 34.704234], [112.479117, 34.704927], [112.478252, 34.704721], [112.477928, 34.705536], [112.477575, 34.706325], [112.477182, 34.707287], [112.477156, 34.707348], [112.476285, 34.707182], [112.475599, 34.706829], [112.475962, 34.705964], [112.47489, 34.705658], [112.474622, 34.706207], [112.473914, 34.705981], [112.474215, 34.705287], [112.473145, 34.705344], [112.4722, 34.707986], [112.469865, 34.707222], [112.470467, 34.705925], [112.469423, 34.705728], [112.471266, 34.703922], [112.470236, 34.703499], [112.469457, 34.704694], [112.467655, 34.70407], [112.468411, 34.702941], [112.467087, 34.702355], [112.466837, 34.70313], [112.466543, 34.704044], [112.466437, 34.704214], [112.46614, 34.704204], [112.465988, 34.704595], [112.465128, 34.704731], [112.464857, 34.704709], [112.46406, 34.704491]]]}, "properties": {"display_name": "瀍西街道, 瀍河回族区, 洛阳市, 河南省, 中国", "type": "administrative", "osm_type": "relation", "osm_id": 9974967, "class": null, "keyword": "subdistrict"}}, {"type": "Feature", "geometry": {"type": "Polygon", "coordinates": [[[112.584598, 34.587376], [112.584612, 34.577273], [112.605186, 34.577294], [112.605979, 34.577499], [112.60653, 34.577981], [112.60653, 34.578436], [112.606515, 34.587399], [112.584598, 34.587376]]]}, "properties": {"display_name": "中州时代新能源科技有限公司, 伊滨区, 洛龙区, 洛阳市, 河南省, 中国", "type": "industrial", "osm_type": "way", "osm_id": 1283841857, "class": null, "keyword": "市中心"}}, {"type": "Feature", "geometry": {"type": "Polygon", "coordinates": [[[112.427803, 34.675355], [112.427841, 34.675117], [112.428881, 34.673265], [112.436292, 34.676071], [112.436296, 34.676064], [112.436397, 34.675835], [112.436413, 34.675777], [112.436419, 34.67561], [112.436245, 34.675386], [112.436128, 34.675161], [112.436137, 34.674969], [112.436773, 34.673497], [112.445832, 34.676876], [112.452987, 34.679532], [112.451629, 34.681892], [112.444516, 34.679144], [112.443757, 34.680595], [112.444972, 34.681083], [112.444679, 34.681543], [112.444586, 34.681954], [112.444178, 34.68228], [112.443813, 34.68445], [112.442595, 34.68438], [112.442445, 34.686184], [112.443448, 34.686202], [112.444768, 34.686268], [112.445717, 34.686383], [112.445833, 34.685884], [112.446297, 34.685963], [112.446181, 34.686455], [112.448553, 34.68682], [112.448907, 34.686899], [112.448554, 34.687505], [112.446002, 34.687068], [112.444293, 34.686876], [112.441193, 34.686808], [112.438899, 34.686827], [112.431964, 34.687321], [112.431867, 34.685831], [112.431689, 34.685695], [112.427956, 34.685684], [112.427958, 34.685639], [112.42806, 34.682612], [112.427811, 34.682613], [112.427809, 34.676046], [112.427803, 34.675355]]]}, "properties": {"display_name": "唐宫路街道, 西工区, 洛阳市, 河南省, 中国", "type": "administrative", "osm_type": "relation", "osm_id": 9976053, "class": null, "keyword": "subdistrict"}}, {"type": "Feature", "geometry": {"type": "MultiPolygon", "coordinates": [[[[112.367605, 34.656652], [112.373498, 34.653988], [112.373949, 34.653865], [112.374108, 34.654088], [112.374008, 34.654755], [112.374542, 34.65478], [112.374821, 34.655792], [112.374652, 34.655826], [112.375293, 34.657338], [112.377399, 34.656755], [112.376596, 34.654951], [112.375675, 34.652915], [112.377307, 34.651874], [112.377402, 34.651719], [112.378566, 34.650871], [112.379497, 34.65008], [112.379981, 34.651148], [112.380692, 34.650954], [112.383009, 34.650143], [112.382894, 34.649886], [112.38263, 34.64916], [112.382662, 34.648606], [112.385195, 34.654709], [112.386926, 34.65864], [112.387141, 34.659152], [112.390229, 34.658227], [112.394624, 34.656961], [112.396119, 34.660434], [112.390873, 34.661897], [112.388497, 34.66256], [112.386515, 34.663114], [112.386282, 34.663402], [112.385041, 34.663607], [112.380841, 34.664797], [112.380609, 34.663975], [112.379842, 34.66237], [112.377992, 34.662821], [112.377346, 34.663127], [112.377795, 34.66424], [112.377263, 34.664481], [112.377333, 34.664896], [112.377562, 34.665375], [112.378142, 34.665199], [112.378415, 34.665547], [112.378157, 34.665621], [112.377083, 34.665927], [112.377056, 34.665873], [112.376708, 34.665164], [112.37567, 34.665188], [112.375227, 34.665089], [112.374314, 34.665113], [112.373472, 34.665616], [112.373079, 34.664684], [112.373041, 34.664294], [112.372756, 34.664193], [112.372237, 34.664277], [112.371994, 34.663825], [112.371722, 34.663554], [112.371636, 34.663152], [112.370898, 34.663226], [112.370461, 34.662229], [112.370362, 34.662084], [112.369686, 34.661459], [112.368712, 34.659568], [112.368987, 34.659479], [112.370372, 34.65903], [112.370419, 34.659142], [112.371208, 34.661049], [112.371261, 34.661426], [112.371454, 34.661658], [112.371539, 34.662034], [112.371684, 34.662215], [112.371791, 34.662982], [112.37207, 34.662901], [112.379125, 34.660869], [112.377961, 34.658122], [112.377937, 34.65806], [112.377565, 34.657164], [112.373666, 34.658277], [112.374563, 34.660127], [112.37334, 34.660479], [112.372504, 34.658485], [112.373548, 34.658218], [112.372547, 34.655825], [112.369283, 34.65673], [112.369109, 34.656421], [112.367782, 34.656981], [112.367605, 34.656652]]], [[[112.372303, 34.639065], [112.373407, 34.638596], [112.373133, 34.638123], [112.373182, 34.638072], [112.373054, 34.63798], [112.373174, 34.636439], [112.373477, 34.636383], [112.374896, 34.636449], [112.374964, 34.636164], [112.377436, 34.636389], [112.377559, 34.636407], [112.378337, 34.638341], [112.378387, 34.638585], [112.373989, 34.640713], [112.373645, 34.640933], [112.373555, 34.641], [112.373358, 34.640721], [112.372581, 34.639502], [112.372303, 34.639065]]]]}, "properties": {"display_name": "湖北路街道, 涧西区, 洛阳市, 河南省, 中国", "type": "administrative", "osm_type": "relation", "osm_id": 9977850, "class": null, "keyword": "subdistrict"}}, {"type": "Feature", "geometry": {"type": "MultiPolygon", "coordinates": [[[[112.48025, 34.68993], [112.480426, 34.687679], [112.480551, 34.685816], [112.480668, 34.684082], [112.480824, 34.682296], [112.480915, 34.681585], [112.480988, 34.681024], [112.481035, 34.680658], [112.482154, 34.680471], [112.482254, 34.678871], [112.484642, 34.679242], [112.483748, 34.68155], [112.483389, 34.682397], [112.482738, 34.683932], [112.484104, 34.684157], [112.484904, 34.68423], [112.486219, 34.684214], [112.487032, 34.68411], [112.487989, 34.684119], [112.487968, 34.684464], [112.487772, 34.685658], [112.49131, 34.686076], [112.494549, 34.686781], [112.496129, 34.687148], [112.498522, 34.687849], [112.498352, 34.688941], [112.497739, 34.69288], [112.493824, 34.692578], [112.490077, 34.692238], [112.49014, 34.691093], [112.484543, 34.690443], [112.482818, 34.690185], [112.481588, 34.689919], [112.480743, 34.689749], [112.480447, 34.689793], [112.48025, 34.68993]]], [[[112.493241, 34.681648], [112.493444, 34.68083], [112.494477, 34.681003], [112.494275, 34.681821], [112.493241, 34.681648]]], [[[112.504109, 34.68986], [112.504383, 34.686289], [112.504724, 34.683612], [112.505152, 34.682067], [112.505741, 34.680789], [112.506576, 34.679364], [112.507516, 34.677905], [112.508624, 34.676315], [112.511433, 34.678433], [112.513788, 34.680234], [112.512769, 34.682355], [112.512327, 34.683679], [112.510582, 34.683315], [112.509041, 34.689872], [112.511055, 34.690212], [112.511899, 34.690247], [112.511799, 34.691123], [112.511798, 34.691133], [112.504109, 34.68986]]]]}, "properties": {"display_name": "东关街道, 瀍河回族区, 洛阳市, 河南省, 中国", "type": "administrative", "osm_type": "relation", "osm_id": 9974968, "class": null, "keyword": "subdistrict"}}, {"type": "Feature", "geometry": {"type": "MultiPolygon", "coordinates": [[[[112.378387, 34.638585], [112.382083, 34.63686], [112.382453, 34.636702], [112.383569, 34.636211], [112.385075, 34.63555], [112.385801, 34.635335], [112.386534, 34.635238], [112.387057, 34.635224], [112.387512, 34.63528], [112.387883, 34.635349], [112.388575, 34.635585], [112.390002, 34.636246], [112.394783, 34.638068], [112.39479, 34.638055], [112.395103, 34.63749], [112.394892, 34.637413], [112.395008, 34.637193], [112.39533, 34.637301], [112.394908, 34.638114], [112.396501, 34.638722], [112.396777, 34.638827], [112.396858, 34.638857], [112.399413, 34.639845], [112.403181, 34.64128], [112.400762, 34.645755], [112.396193, 34.644015], [112.396126, 34.644142], [112.396015, 34.644353], [112.395726, 34.64489], [112.395732, 34.644959], [112.396484, 34.644971], [112.39651, 34.644981], [112.397223, 34.645245], [112.396804, 34.645978], [112.395196, 34.64598], [112.395025, 34.647384], [112.394985, 34.647718], [112.395458, 34.647897], [112.395394, 34.64801], [112.395556, 34.648066], [112.395455, 34.648255], [112.394197, 34.64788], [112.390707, 34.64659], [112.389527, 34.646254], [112.389283, 34.646789], [112.38865, 34.64695], [112.388564, 34.646756], [112.388558, 34.646743], [112.388445, 34.646469], [112.387658, 34.646241], [112.387182, 34.646144], [112.387159, 34.646201], [112.386725, 34.646085], [112.386783, 34.645889], [112.386914, 34.645508], [112.38458, 34.644859], [112.380648, 34.643785], [112.378457, 34.64319], [112.378533, 34.642955], [112.378589, 34.642936], [112.378638, 34.64292], [112.378848, 34.642736], [112.379776, 34.642391], [112.380013, 34.642303], [112.378387, 34.638585]]], [[[112.396429, 34.648782], [112.396487, 34.64868], [112.39791, 34.646033], [112.398688, 34.646362], [112.397846, 34.64779], [112.399317, 34.648375], [112.398625, 34.649629], [112.396429, 34.648782]]]]}, "properties": {"display_name": "周山路街道, 涧西区, 洛阳市, 河南省, 中国", "type": "administrative", "osm_type": "relation", "osm_id": 9977856, "class": null, "keyword": "subdistrict"}}, {"type": "Feature", "geometry": {"type": "MultiPolygon", "coordinates": [[[[112.374542, 34.65478], [112.375256, 34.654818], [112.37528, 34.654946], [112.375447, 34.655167], [112.376229, 34.65499], [112.376452, 34.654988], [112.376596, 34.654951], [112.377399, 34.656755], [112.375293, 34.657338], [112.374652, 34.655826], [112.374821, 34.655792], [112.374542, 34.65478]]], [[[112.382167, 34.647335], [112.382594, 34.646823], [112.384065, 34.646842], [112.384088, 34.646604], [112.384102, 34.646078], [112.384353, 34.646012], [112.38458, 34.644859], [112.386914, 34.645508], [112.386783, 34.645889], [112.386725, 34.646085], [112.387159, 34.646201], [112.387182, 34.646144], [112.387658, 34.646241], [112.388445, 34.646469], [112.388558, 34.646743], [112.388564, 34.646756], [112.38865, 34.64695], [112.389283, 34.646789], [112.389527, 34.646254], [112.390707, 34.64659], [112.394197, 34.64788], [112.395455, 34.648255], [112.395556, 34.648066], [112.395394, 34.64801], [112.395458, 34.647897], [112.394985, 34.647718], [112.395025, 34.647384], [112.395196, 34.64598], [112.396804, 34.645978], [112.397223, 34.645245], [112.39651, 34.644981], [112.396484, 34.644971], [112.395732, 34.644959], [112.395726, 34.64489], [112.396015, 34.644353], [112.396126, 34.644142], [112.396193, 34.644015], [112.400762, 34.645755], [112.399317, 34.648375], [112.397846, 34.64779], [112.398688, 34.646362], [112.39791, 34.646033], [112.396487, 34.64868], [112.396429, 34.648782], [112.398625, 34.649629], [112.394994, 34.656029], [112.394784, 34.656449], [112.394624, 34.656961], [112.390229, 34.658227], [112.387141, 34.659152], [112.386926, 34.65864], [112.385195, 34.654709], [112.382662, 34.648606], [112.382167, 34.647335]]]]}, "properties": {"display_name": "南昌路街道, 涧西区, 洛阳市, 河南省, 中国", "type": "administrative", "osm_type": "relation", "osm_id": 9977851, "class": null, "keyword": "subdistrict"}}, {"type": "Feature", "geometry": {"type": "Polygon", "coordinates": [[[112.411079, 34.668104], [112.411209, 34.666658], [112.411975, 34.665252], [112.412837, 34.664757], [112.413465, 34.664361], [112.418899, 34.666607], [112.420542, 34.667286], [112.423019, 34.66824], [112.423378, 34.668397], [112.430165, 34.670978], [112.436773, 34.673497], [112.436137, 34.674969], [112.436128, 34.675161], [112.436245, 34.675386], [112.436419, 34.67561], [112.436413, 34.675777], [112.436397, 34.675835], [112.436296, 34.676064], [112.436292, 34.676071], [112.428881, 34.673265], [112.427841, 34.675117], [112.427803, 34.675355], [112.427809, 34.676046], [112.426432, 34.67606], [112.426424, 34.675783], [112.423395, 34.675755], [112.42337, 34.676074], [112.417702, 34.676137], [112.417601, 34.677018], [112.41782, 34.677018], [112.417786, 34.677358], [112.416951, 34.677365], [112.416985, 34.676172], [112.413536, 34.676095], [112.413619, 34.675827], [112.413697, 34.67564], [112.413898, 34.675346], [112.414555, 34.674778], [112.412671, 34.672934], [112.41313, 34.672268], [112.413798, 34.671786], [112.414547, 34.671077], [112.415035, 34.670729], [112.415556, 34.670608], [112.416272, 34.670836], [112.416663, 34.670769], [112.41694, 34.670514], [112.41694, 34.669992], [112.416517, 34.669376], [112.4158, 34.668091], [112.414742, 34.666913], [112.413863, 34.666538], [112.413228, 34.666538], [112.412837, 34.66698], [112.412837, 34.667863], [112.412577, 34.668372], [112.412024, 34.668613], [112.411502, 34.668546], [112.411079, 34.668104]]]}, "properties": {"display_name": "汉屯路街道, 西工区, 洛阳市, 河南省, 中国", "type": "administrative", "osm_type": "relation", "osm_id": 9976047, "class": null, "keyword": "subdistrict"}}, {"type": "Feature", "geometry": {"type": "Polygon", "coordinates": [[[112.370291, 34.738575], [112.370532, 34.737819], [112.370817, 34.736916], [112.372719, 34.73737], [112.372938, 34.736669], [112.374175, 34.736951], [112.37428, 34.736605], [112.374617, 34.736693], [112.374711, 34.736455], [112.375768, 34.736684], [112.375744, 34.736805], [112.378177, 34.737292], [112.378222, 34.73699], [112.378477, 34.737028], [112.378652, 34.736909], [112.378687, 34.736808], [112.378745, 34.736815], [112.381747, 34.737455], [112.382064, 34.73648], [112.383723, 34.736782], [112.384222, 34.735188], [112.384397, 34.735228], [112.385558, 34.735487], [112.387427, 34.735905], [112.387164, 34.736581], [112.387018, 34.737066], [112.388036, 34.737259], [112.389184, 34.737475], [112.388986, 34.737985], [112.388855, 34.738375], [112.388786, 34.738805], [112.388731, 34.739408], [112.391786, 34.739999], [112.394265, 34.740508], [112.396024, 34.740907], [112.39615, 34.740563], [112.396561, 34.740654], [112.396464, 34.740995], [112.398781, 34.741471], [112.399085, 34.740563], [112.399565, 34.740566], [112.401525, 34.740986], [112.402475, 34.741202], [112.402255, 34.742488], [112.403695, 34.742801], [112.403711, 34.743183], [112.404064, 34.743511], [112.404131, 34.743584], [112.404202, 34.743678], [112.40422, 34.743761], [112.404216, 34.743863], [112.404143, 34.744149], [112.404002, 34.744607], [112.403808, 34.745258], [112.403766, 34.74537], [112.403701, 34.745458], [112.403593, 34.745541], [112.403372, 34.745703], [112.403229, 34.745734], [112.403092, 34.746239], [112.399524, 34.745469], [112.395861, 34.744729], [112.395772, 34.744969], [112.394495, 34.744665], [112.393331, 34.744392], [112.391482, 34.743851], [112.391499, 34.74381], [112.39011, 34.743432], [112.389411, 34.743106], [112.389174, 34.74301], [112.388903, 34.742935], [112.388259, 34.742812], [112.386982, 34.742538], [112.386028, 34.742351], [112.385164, 34.742205], [112.384407, 34.742082], [112.383632, 34.741978], [112.383026, 34.741884], [112.381497, 34.74154], [112.379614, 34.741169], [112.378646, 34.740958], [112.378654, 34.740883], [112.378102, 34.740768], [112.377756, 34.740667], [112.377372, 34.740583], [112.375921, 34.74029], [112.374242, 34.739935], [112.37208, 34.739525], [112.372287, 34.738844], [112.371485, 34.738741], [112.370291, 34.738575]]]}, "properties": {"display_name": "洛阳北郊机场, 洛麻线, 冢头社区, 邙岭路街道, 老城区, 洛阳市, 河南省, 中国", "type": "aerodrome", "osm_type": "way", "osm_id": 182072890, "class": null, "keyword": "district"}}, {"type": "Feature", "geometry": {"type": "Polygon", "coordinates": [[[112.327921, 34.669875], [112.331988, 34.669286], [112.332038, 34.669849], [112.33745, 34.668457], [112.337952, 34.671205], [112.340708, 34.671342], [112.340751, 34.671998], [112.340844, 34.672026], [112.341906, 34.672089], [112.341862, 34.672644], [112.34128, 34.680054], [112.341171, 34.680132], [112.340134, 34.680092], [112.338203, 34.679994], [112.337499, 34.67996], [112.335959, 34.679879], [112.334436, 34.67981], [112.334401, 34.679809], [112.334363, 34.680421], [112.333777, 34.680397], [112.332199, 34.680542], [112.331067, 34.680617], [112.331011, 34.680611], [112.330952, 34.680595], [112.330257, 34.680153], [112.330222, 34.680136], [112.330187, 34.680132], [112.328683, 34.680001], [112.32813, 34.67299], [112.327935, 34.670608], [112.327921, 34.669875]]]}, "properties": {"display_name": "中国人民解放军信息工程大学洛阳营区, 丝路大道, 尤东社区, 武汉路街道, 涧西区, 洛阳市, 河南省, 中国", "type": "base", "osm_type": "way", "osm_id": 897439357, "class": null, "keyword": "中心城区"}}, {"type": "Feature", "geometry": {"type": "Polygon", "coordinates": [[[112.456766, 34.652909], [112.460285, 34.65309], [112.460298, 34.653876], [112.464237, 34.653987], [112.464298, 34.652526], [112.464385, 34.65253], [112.468628, 34.652966], [112.468209, 34.654678], [112.47136, 34.654974], [112.473794, 34.655231], [112.480074, 34.655969], [112.479719, 34.65854], [112.479003, 34.658486], [112.478945, 34.658965], [112.478822, 34.660217], [112.475476, 34.659961], [112.475294, 34.662073], [112.473345, 34.66199], [112.473155, 34.663807], [112.471095, 34.663694], [112.471099, 34.663421], [112.470718, 34.663407], [112.470718, 34.663318], [112.469369, 34.663293], [112.469411, 34.662997], [112.468557, 34.66301], [112.468499, 34.662967], [112.468511, 34.662475], [112.467655, 34.662402], [112.467887, 34.659552], [112.4657, 34.660541], [112.464718, 34.66217], [112.466065, 34.662266], [112.466064, 34.664596], [112.465615, 34.664582], [112.463172, 34.664502], [112.46249, 34.664311], [112.463652, 34.662083], [112.464498, 34.662125], [112.465542, 34.66041], [112.467957, 34.659241], [112.46794, 34.65864], [112.463967, 34.658544], [112.463741, 34.660082], [112.462876, 34.659984], [112.462902, 34.659173], [112.463544, 34.659246], [112.463498, 34.658918], [112.460466, 34.657678], [112.460707, 34.655765], [112.458212, 34.655637], [112.458151, 34.653874], [112.45712, 34.653711], [112.456766, 34.652909]]]}, "properties": {"display_name": "定鼎门街道, 洛龙区, 洛阳市, 河南省, 中国", "type": "administrative", "osm_type": "relation", "osm_id": 9974299, "class": null, "keyword": "subdistrict"}}, {"type": "Feature", "geometry": {"type": "Polygon", "coordinates": [[[112.464124, 34.689722], [112.464892, 34.683623], [112.472556, 34.684886], [112.47502, 34.685198], [112.480551, 34.685816], [112.480426, 34.687679], [112.48025, 34.68993], [112.48015, 34.690157], [112.480067, 34.692024], [112.480042, 34.692264], [112.479858, 34.692463], [112.479491, 34.692621], [112.478639, 34.692772], [112.477863, 34.692731], [112.476753, 34.6926], [112.4752, 34.692209], [112.474415, 34.692065], [112.473413, 34.692051], [112.472846, 34.692106], [112.472554, 34.692243], [112.472397, 34.692399], [112.472184, 34.692448], [112.471868, 34.692399], [112.464765, 34.690519], [112.464512, 34.690381], [112.464318, 34.690256], [112.464149, 34.690027], [112.464124, 34.689722]]]}, "properties": {"display_name": "建安门街道, 老城区, 洛阳市, 河南省, 中国", "type": "administrative", "osm_type": "relation", "osm_id": 9975346, "class": null, "keyword": "subdistrict"}}, {"type": "Feature", "geometry": {"type": "Polygon", "coordinates": [[[112.464605, 34.682208], [112.464673, 34.681909], [112.465094, 34.681118], [112.465398, 34.679308], [112.465744, 34.678378], [112.465845, 34.677802], [112.465786, 34.677469], [112.466064, 34.677629], [112.466351, 34.677684], [112.466908, 34.677962], [112.467456, 34.678066], [112.469962, 34.678767], [112.47186, 34.679169], [112.472324, 34.679183], [112.472712, 34.679148], [112.47359, 34.678989], [112.473366, 34.679884], [112.476406, 34.680434], [112.478976, 34.680869], [112.479084, 34.680447], [112.480794, 34.680707], [112.481035, 34.680658], [112.480988, 34.681024], [112.480915, 34.681585], [112.480824, 34.682296], [112.480668, 34.684082], [112.480551, 34.685816], [112.47502, 34.685198], [112.472556, 34.684886], [112.464892, 34.683623], [112.464867, 34.683408], [112.464732, 34.682603], [112.464605, 34.682208]]]}, "properties": {"display_name": "丽景门街道, 老城区, 洛阳市, 河南省, 中国", "type": "administrative", "osm_type": "relation", "osm_id": 9975348, "class": null, "keyword": "subdistrict"}}, {"type": "Feature", "geometry": {"type": "MultiPolygon", "coordinates": [[[[112.555909, 34.58744], [112.555937, 34.582486], [112.557008, 34.582477], [112.557173, 34.582585], [112.557184, 34.583055], [112.557269, 34.58334], [112.557265, 34.586538], [112.557195, 34.586819], [112.557189, 34.587364], [112.557067, 34.58744], [112.555909, 34.58744]]], [[[112.557573, 34.583358], [112.557648, 34.583033], [112.557637, 34.582568], [112.557771, 34.582471], [112.562775, 34.582428], [112.562832, 34.58744], [112.561264, 34.58744], [112.557877, 34.58744], [112.557653, 34.587219], [112.557664, 34.586775], [112.557584, 34.586538], [112.557573, 34.583358]]]]}, "properties": {"display_name": "洛阳市体育中心, 奥体西街, 李村街道, 伊滨区, 洛龙区, 洛阳市, 河南省, 中国", "type": "stadium", "osm_type": "relation", "osm_id": 16436447, "class": null, "keyword": "市中心"}}, {"type": "Feature", "geometry": {"type": "Polygon", "coordinates": [[[112.707046, 34.71716], [112.708976, 34.717108], [112.70911, 34.717104], [112.710385, 34.71707], [112.710792, 34.717059], [112.712058, 34.717025], [112.712243, 34.71702], [112.714124, 34.716969], [112.714305, 34.719625], [112.714316, 34.719794], [112.714395, 34.720937], [112.711538, 34.72104], [112.710173, 34.721089], [112.70733, 34.721192], [112.707254, 34.720123], [112.707244, 34.719979], [112.707046, 34.71716]]]}, "properties": {"display_name": "偃师区行政服务中心, 首阳山街道, 偃师区, 洛阳市, 河南省, 中国", "type": "commercial", "osm_type": "way", "osm_id": 1069232818, "class": null, "keyword": "市中心"}}, {"type": "Feature", "geometry": {"type": "Polygon", "coordinates": [[[112.46665, 34.63133], [112.466822, 34.628881], [112.466902, 34.628764], [112.467058, 34.628706], [112.469761, 34.628937], [112.469909, 34.629129], [112.469675, 34.631963], [112.466902, 34.631598], [112.466699, 34.631482], [112.46665, 34.63133]]]}, "properties": {"display_name": "黄河流域非物质文化遗产保护展示中心, 二郎庙街, 鸿儒社区, 太康东路街道, 洛龙区, 洛阳市, 河南省, 471022, 中国", "type": "museum", "osm_type": "way", "osm_id": 978209834, "class": null, "keyword": "市中心"}}, {"type": "Feature", "geometry": {"type": "Polygon", "coordinates": [[[112.557779, 34.629341], [112.559138, 34.62649], [112.560983, 34.626984], [112.559489, 34.629965], [112.557779, 34.629341]]]}, "properties": {"display_name": "洛阳市文化艺术中心, 新源路, 孝文街道, 伊滨区, 洛龙区, 洛阳市, 河南省, 中国", "type": "community_centre", "osm_type": "way", "osm_id": 1370127387, "class": null, "keyword": "市中心"}}, {"type": "Feature", "geometry": {"type": "Polygon", "coordinates": [[[112.393401, 34.623762], [112.393405, 34.623652], [112.393759, 34.623352], [112.394291, 34.623121], [112.394538, 34.62308], [112.394941, 34.623098], [112.39513, 34.623755], [112.395774, 34.623645], [112.396355, 34.625764], [112.395561, 34.625864], [112.394888, 34.625921], [112.394082, 34.626006], [112.393884, 34.625364], [112.393401, 34.623762]]]}, "properties": {"display_name": "中石化炼化工程集团洛阳技术研发中心, 洛阳高新技术产业开发区, 涧西区, 洛阳市, 河南省, 中国", "type": "commercial", "osm_type": "way", "osm_id": 977025254, "class": null, "keyword": "市中心"}}, {"type": "Feature", "geometry": {"type": "Polygon", "coordinates": [[[112.371501, 34.620672], [112.372793, 34.617787], [112.374626, 34.618322], [112.374316, 34.618878], [112.374253, 34.618992], [112.374154, 34.61917], [112.373763, 34.619828], [112.373702, 34.619932], [112.373532, 34.620219], [112.373016, 34.621111], [112.372741, 34.621022], [112.372316, 34.620941], [112.371501, 34.620672]]]}, "properties": {"display_name": "普莱柯国家兽用药品工程技术研究中心, 洛阳高新技术产业开发区, 涧西区, 洛阳市, 河南省, 中国", "type": "industrial", "osm_type": "way", "osm_id": 1011690408, "class": null, "keyword": "中心城区"}}, {"type": "Feature", "geometry": {"type": "Polygon", "coordinates": [[[112.42242, 34.670075], [112.422643, 34.669669], [112.422667, 34.669548], [112.42278, 34.669314], [112.422976, 34.668892], [112.423054, 34.668696], [112.42309, 34.668632], [112.424642, 34.669208], [112.425117, 34.669377], [112.424805, 34.670008], [112.42436, 34.670812], [112.423317, 34.670463], [112.423355, 34.67038], [112.42242, 34.670075]]]}, "properties": {"display_name": "洛阳市中心医院, 288, 中州中路, 芳林北路社区, 汉屯路街道, 西工区, 洛阳市, 河南省, 471000, 中国", "type": "hospital", "osm_type": "way", "osm_id": 332361838, "class": null, "keyword": "市中心"}}, {"type": "Feature", "geometry": {"type": "Polygon", "coordinates": [[[112.395898, 34.621894], [112.397515, 34.621047], [112.39763, 34.621018], [112.398421, 34.622122], [112.396281, 34.622776], [112.3961, 34.622758], [112.396008, 34.622363], [112.395898, 34.621894]]]}, "properties": {"display_name": "中国烟草洛阳市卷烟配送中心, 洛阳高新技术产业开发区, 涧西区, 洛阳市, 河南省, 中国", "type": "industrial", "osm_type": "way", "osm_id": 977025262, "class": null, "keyword": "市中心"}}, {"type": "Feature", "geometry": {"type": "Polygon", "coordinates": [[[112.286195, 34.577964], [112.286535, 34.576117], [112.287677, 34.576533], [112.287424, 34.578126], [112.286195, 34.577964]]]}, "properties": {"display_name": "洛阳市辛店初级中学, S318, 后营社区, 辛店街道, 洛阳高新技术产业开发区, 涧西区, 洛阳市, 河南省, 中国", "type": "school", "osm_type": "way", "osm_id": 1284307307, "class": null, "keyword": "市中心"}}, {"type": "Feature", "geometry": {"type": "Polygon", "coordinates": [[[112.425574, 34.671873], [112.426197, 34.670703], [112.427436, 34.67116], [112.426795, 34.672324], [112.425574, 34.671873]]]}, "properties": {"display_name": "中泰新城, 汉屯路街道, 西工区, 洛阳市, 河南省, 中国", "type": "residential", "osm_type": "way", "osm_id": 332120900, "class": null, "keyword": "中心城区"}}, {"type": "Feature", "geometry": {"type": "Polygon", "coordinates": [[[112.446161, 34.62627], [112.446187, 34.625946], [112.447087, 34.625997], [112.447358, 34.626013], [112.448261, 34.626064], [112.448234, 34.626384], [112.447589, 34.626348], [112.447523, 34.627147], [112.446764, 34.627104], [112.446831, 34.626308], [112.446161, 34.62627]]]}, "properties": {"display_name": "洛阳市会议中心, 宜人路, 宜人社区, 开元路街道, 洛龙区, 洛阳市, 河南省, 471023, 中国", "type": "conference_centre", "osm_type": "way", "osm_id": 401101422, "class": null, "keyword": "市中心"}}, {"type": "Feature", "geometry": {"type": "Polygon", "coordinates": [[[112.375773, 34.649592], [112.376477, 34.64955], [112.376549, 34.65115], [112.37586, 34.651183], [112.375773, 34.649592]]]}, "properties": {"display_name": "洛阳市瀛洲初级中学, 白杨街, 孙旗屯村, 瀛洲街道, 洛阳高新技术产业开发区, 涧西区, 洛阳市, 河南省, 471003, 中国", "type": "school", "osm_type": "way", "osm_id": 1033183680, "class": null, "keyword": "市中心"}}, {"type": "Feature", "geometry": {"type": "Polygon", "coordinates": [[[112.36298, 34.672031], [112.36413, 34.671695], [112.364465, 34.672473], [112.363316, 34.672808], [112.36298, 34.672031]]]}, "properties": {"display_name": "洛阳市中信小学, 6, 青海路, 重庆路二社区, 重庆路街道, 涧西区, 洛阳市, 河南省, 471003, 中国", "type": "school", "osm_type": "way", "osm_id": 366620286, "class": null, "keyword": "市中心"}}, {"type": "Feature", "geometry": {"type": "Polygon", "coordinates": [[[112.394589, 34.635028], [112.395677, 34.634889], [112.395931, 34.635622], [112.395967, 34.635865], [112.395904, 34.635975], [112.394713, 34.635569], [112.394589, 34.635028]]]}, "properties": {"display_name": "洛阳市三山学校, 中区经二号街, 瀛洲街道, 洛阳高新技术产业开发区, 涧西区, 洛阳市, 河南省, 471032, 中国", "type": "school", "osm_type": "way", "osm_id": 1284307306, "class": null, "keyword": "市中心"}}, {"type": "Feature", "geometry": {"type": "Polygon", "coordinates": [[[112.402076, 34.704549], [112.402095, 34.704197], [112.403428, 34.704216], [112.403447, 34.703975], [112.403725, 34.703969], [112.403702, 34.704224], [112.404275, 34.704231], [112.404275, 34.704584], [112.402076, 34.704549]]]}, "properties": {"display_name": "洛阳市国花小学, 二乔路, 王城北路社区, 邙岭路街道, 西工区, 洛阳市, 河南省, 471000, 中国", "type": "school", "osm_type": "way", "osm_id": 1284325399, "class": null, "keyword": "市中心"}}, {"type": "Feature", "geometry": {"type": "Polygon", "coordinates": [[[112.443167, 34.625888], [112.443224, 34.625282], [112.444163, 34.625332], [112.44412, 34.625728], [112.444307, 34.625734], [112.444296, 34.625942], [112.443167, 34.625888]]]}, "properties": {"display_name": "河南师范大学附属洛阳中心幼儿园, 永泰街, 天元社区, 开元路街道, 洛龙区, 洛阳市, 河南省, 471023, 中国", "type": "kindergarten", "osm_type": "way", "osm_id": 976064631, "class": null, "keyword": "市中心"}}, {"type": "Feature", "geometry": {"type": "Polygon", "coordinates": [[[112.436053, 34.698351], [112.436155, 34.697915], [112.436859, 34.697998], [112.436905, 34.698084], [112.436742, 34.698786], [112.43652, 34.698761], [112.436552, 34.698611], [112.436418, 34.698596], [112.436053, 34.698351]]]}, "properties": {"display_name": "老城区群众来访接待中心, 状元红街道, 老城区, 洛阳市, 河南省, 中国", "type": "commercial", "osm_type": "way", "osm_id": 978098989, "class": null, "keyword": "中心城区"}}, {"type": "Feature", "geometry": {"type": "Polygon", "coordinates": [[[112.384489, 34.731097], [112.384686, 34.731089], [112.384696, 34.731173], [112.384619, 34.731176], [112.384626, 34.73145], [112.384985, 34.73145], [112.384966, 34.731124], [112.385408, 34.731116], [112.385412, 34.73124], [112.385418, 34.731455], [112.385785, 34.731455], [112.385791, 34.731179], [112.385688, 34.731176], [112.385691, 34.7311], [112.385888, 34.7311], [112.385885, 34.73154], [112.385378, 34.73154], [112.385365, 34.731693], [112.385059, 34.731696], [112.385042, 34.731548], [112.384499, 34.731543], [112.384489, 34.731097]]]}, "properties": {"display_name": "实验中心大楼, 洛麻线, 冢头社区, 麻屯镇, 孟津区, 洛阳市, 河南省, 中国", "type": "yes", "osm_type": "way", "osm_id": 999822570, "class": null, "keyword": "市中心"}}, {"type": "Feature", "geometry": {"type": "Polygon", "coordinates": [[[112.500564, 34.634569], [112.50063, 34.63385], [112.501128, 34.633881], [112.501062, 34.6346], [112.500973, 34.634594], [112.500564, 34.634569]]]}, "properties": {"display_name": "洛阳市恒杰汽车服务中心, 古城东路, 光合城社区, 太康东路街道, 洛龙区, 洛阳市, 河南省, 471022, 中国", "type": "car_repair", "osm_type": "way", "osm_id": 978180034, "class": null, "keyword": "市中心"}}, {"type": "Feature", "geometry": {"type": "Polygon", "coordinates": [[[112.443762, 34.621534], [112.443772, 34.621393], [112.444386, 34.621423], [112.444366, 34.621697], [112.444636, 34.62171], [112.444616, 34.621983], [112.443965, 34.621951], [112.443994, 34.621545], [112.443762, 34.621534]]]}, "properties": {"display_name": "洛阳市疾病预防控制中心, 政和路, 天元社区, 开元路街道, 洛龙区, 洛阳市, 河南省, 471026, 中国", "type": "hospital", "osm_type": "way", "osm_id": 975605082, "class": null, "keyword": "市中心"}}, {"type": "Feature", "geometry": {"type": "Polygon", "coordinates": [[[112.434735, 34.619535], [112.434868, 34.61943], [112.43502, 34.61939], [112.434896, 34.619335], [112.434765, 34.619229], [112.434888, 34.619068], [112.435057, 34.619161], [112.435104, 34.619135], [112.43518, 34.619136], [112.435226, 34.619186], [112.435401, 34.619103], [112.435509, 34.619262], [112.435361, 34.619346], [112.435204, 34.619406], [112.435363, 34.619461], [112.435489, 34.619565], [112.435356, 34.619715], [112.43519, 34.619633], [112.435134, 34.619669], [112.435067, 34.619668], [112.435025, 34.619629], [112.434833, 34.619687], [112.434735, 34.619535]]]}, "properties": {"display_name": "世贸中心, 开元大道, 天元社区, 开元路街道, 洛龙区, 洛阳市, 河南省, 471026, 中国", "type": "commercial", "osm_type": "way", "osm_id": 242873025, "class": null, "keyword": "市中心"}}, {"type": "Feature", "geometry": {"type": "Polygon", "coordinates": [[[112.42342, 34.669334], [112.423491, 34.669203], [112.423522, 34.669214], [112.42355, 34.669162], [112.423807, 34.669257], [112.423842, 34.669194], [112.424252, 34.669345], [112.424221, 34.669402], [112.42447, 34.669494], [112.424433, 34.669561], [112.424807, 34.669699], [112.424739, 34.669822], [112.42342, 34.669334]]]}, "properties": {"display_name": "洛阳市中心医院门诊, 中州中路, 芳林北路社区, 汉屯路街道, 西工区, 洛阳市, 河南省, 471000, 中国", "type": "hospital", "osm_type": "way", "osm_id": 295444522, "class": null, "keyword": "市中心"}}, {"type": "Feature", "geometry": {"type": "Polygon", "coordinates": [[[112.431686, 34.662568], [112.43177, 34.662414], [112.433051, 34.662926], [112.432964, 34.663082], [112.431686, 34.662568]]]}, "properties": {"display_name": "洛阳市西工区行政服务中心, 洛北街道, 西工区, 洛阳市, 河南省, 中国", "type": "commercial", "osm_type": "way", "osm_id": 992428840, "class": null, "keyword": "市中心"}}, {"type": "Feature", "geometry": {"type": "Polygon", "coordinates": [[[112.444257, 34.625596], [112.444271, 34.62542], [112.445347, 34.62548], [112.445333, 34.625655], [112.444257, 34.625596]]]}, "properties": {"display_name": "洛阳市会议中心-停车场, 市府西街, 天元社区, 开元路街道, 洛龙区, 洛阳市, 河南省, 471023, 中国", "type": "parking", "osm_type": "way", "osm_id": 976064628, "class": null, "keyword": "市中心"}}, {"type": "Feature", "geometry": {"type": "Polygon", "coordinates": [[[112.42996, 34.660646], [112.430016, 34.660547], [112.430038, 34.660557], [112.430296, 34.660651], [112.430543, 34.660748], [112.430628, 34.660779], [112.430612, 34.660809], [112.430571, 34.660879], [112.42996, 34.660646]]]}, "properties": {"display_name": "广播电视中心, 九都路, 芳林南路社区, 王城路街道, 西工区, 洛阳市, 河南省, 471000, 中国", "type": "yes", "osm_type": "way", "osm_id": 333747254, "class": null, "keyword": "市中心"}}, {"type": "Feature", "geometry": {"type": "Polygon", "coordinates": [[[112.472507, 34.550545], [112.472712, 34.550205], [112.472819, 34.550249], [112.472614, 34.550589], [112.472507, 34.550545]]]}, "properties": {"display_name": "擂鼓台建筑遗址展示中心, 二淅线, 魏湾社区, 龙门石窟街道, 洛龙区, 洛阳市, 河南省, 中国", "type": "yes", "osm_type": "way", "osm_id": 422644944, "class": null, "keyword": "市中心"}}, {"type": "Feature", "geometry": {"type": "Polygon", "coordinates": [[[112.447835, 34.610801], [112.447837, 34.610752], [112.447838, 34.61072], [112.447862, 34.610721], [112.447863, 34.610705], [112.447903, 34.610706], [112.447901, 34.610761], [112.447919, 34.610767], [112.447935, 34.610774], [112.447947, 34.610781], [112.447962, 34.610792], [112.447973, 34.610805], [112.447981, 34.610817], [112.447986, 34.610828], [112.44799, 34.610842], [112.447991, 34.610856], [112.44799, 34.610865], [112.447989, 34.610872], [112.447976, 34.610871], [112.447975, 34.610887], [112.447873, 34.610884], [112.447851, 34.610883], [112.447852, 34.610856], [112.447853, 34.610845], [112.447853, 34.610836], [112.447855, 34.610801], [112.447835, 34.610801]]]}, "properties": {"display_name": "新时代文明实践中心办公室, 兴洛广场, 泉舜社区, 翠云路街道, 洛龙区, 洛阳市, 河南省, 471026, 中国", "type": "yes", "osm_type": "way", "osm_id": 991117421, "class": null, "keyword": "市中心"}}]}