{"type": "FeatureCollection", "features": [{"type": "Feature", "geometry": {"type": "Polygon", "coordinates": [[[115.805816, 28.672449], [115.806073, 28.671842], [115.806363, 28.671219], [115.806579, 28.670787], [115.806805, 28.670258], [115.807039, 28.669739], [115.807352, 28.669146], [115.807677, 28.668623], [115.808047, 28.668193], [115.808445, 28.667778], [115.80907, 28.667292], [115.809674, 28.666947], [115.810731, 28.666441], [115.811699, 28.666016], [115.81269, 28.665569], [115.81332, 28.665271], [115.814093, 28.664937], [115.81467, 28.664672], [115.815027, 28.664495], [115.815141, 28.664599], [115.815364, 28.664801], [115.815637, 28.665054], [115.815917, 28.665309], [115.816775, 28.666103], [115.818167, 28.667346], [115.818422, 28.667475], [115.818786, 28.667695], [115.819358, 28.667929], [115.820001, 28.668235], [115.820607, 28.668401], [115.821181, 28.668512], [115.821908, 28.668608], [115.822092, 28.668622], [115.822505, 28.668619], [115.823031, 28.668595], [115.823289, 28.668573], [115.823471, 28.668545], [115.823431, 28.668511], [115.822884, 28.667659], [115.822431, 28.666834], [115.82211, 28.666287], [115.821867, 28.66586], [115.821636, 28.665436], [115.821392, 28.665046], [115.821108, 28.664621], [115.820892, 28.664202], [115.820688, 28.663857], [115.820453, 28.663538], [115.820229, 28.663178], [115.820001, 28.662817], [115.819913, 28.662587], [115.819906, 28.662439], [115.819812, 28.662339], [115.820661, 28.661983], [115.821507, 28.661633], [115.822145, 28.661332], [115.822855, 28.661015], [115.823561, 28.660715], [115.823905, 28.660552], [115.824338, 28.660384], [115.831248, 28.657345], [115.835635, 28.655415], [115.840636, 28.653485], [115.840733, 28.653139], [115.841351, 28.652859], [115.842135, 28.652427], [115.842687, 28.652077], [115.843266, 28.651669], [115.84399, 28.651162], [115.844741, 28.650637], [115.845406, 28.650222], [115.845984, 28.649773], [115.846356, 28.649546], [115.846868, 28.649172], [115.847293, 28.648917], [115.847921, 28.64907], [115.84839, 28.649258], [115.848982, 28.649553], [115.849446, 28.649769], [115.84971, 28.649993], [115.850644, 28.650652], [115.851659, 28.651495], [115.852565, 28.65223], [115.853066, 28.652733], [115.853366, 28.653037], [115.854318, 28.653964], [115.855028, 28.654655], [115.856024, 28.655601], [115.856589, 28.656089], [115.856685, 28.656205], [115.856898, 28.656484], [115.857513, 28.656996], [115.858995, 28.657642], [115.859883, 28.658182], [115.860214, 28.658535], [115.860414, 28.658753], [115.860705, 28.659001], [115.861555, 28.660273], [115.861871, 28.660674], [115.862051, 28.661242], [115.862285, 28.66214], [115.862457, 28.662434], [115.862587, 28.662729], [115.86293, 28.663742], [115.863277, 28.664864], [115.863373, 28.665385], [115.863662, 28.666473], [115.863786, 28.667657], [115.863811, 28.668994], [115.863768, 28.669794], [115.864081, 28.672454], [115.864466, 28.675142], [115.865403, 28.677267], [115.865573, 28.677797], [115.855755, 28.684131], [115.850451, 28.686288], [115.848016, 28.687222], [115.844722, 28.68852], [115.841446, 28.689811], [115.836717, 28.691674], [115.835498, 28.692179], [115.828926, 28.681705], [115.828838, 28.681564], [115.827866, 28.68025], [115.827563, 28.679937], [115.82699, 28.679393], [115.826612, 28.679058], [115.826165, 28.678745], [115.824719, 28.677881], [115.823609, 28.677453], [115.823054, 28.677238], [115.821574, 28.676811], [115.819579, 28.676235], [115.819445, 28.676196], [115.816708, 28.675406], [115.809695, 28.673484], [115.805816, 28.672449]], [[115.823997, 28.676337], [115.824169, 28.676386], [115.824667, 28.676504], [115.825363, 28.676599], [115.826077, 28.676647], [115.82702, 28.676601], [115.827639, 28.67655], [115.828481, 28.67646], [115.82857, 28.676444], [115.829105, 28.676349], [115.829614, 28.676243], [115.830145, 28.676013], [115.830812, 28.675729], [115.83075, 28.675412], [115.830517, 28.674971], [115.830283, 28.674568], [115.82997, 28.674019], [115.829499, 28.673228], [115.829089, 28.672513], [115.828701, 28.671827], [115.82695, 28.672617], [115.825977, 28.672948], [115.825041, 28.673122], [115.824802, 28.674017], [115.823997, 28.676337]]]}, "properties": {"display_name": "卫东街道, 渔业村, 红谷滩区, 南昌市, 江西省, 中国", "type": "administrative", "osm_type": "relation", "osm_id": 11876392, "class": null, "keyword": "subdistrict"}}, {"type": "Feature", "geometry": {"type": "Polygon", "coordinates": [[[115.87793, 28.610677], [115.877967, 28.610572], [115.878264, 28.610505], [115.879188, 28.610291], [115.880141, 28.610332], [115.881304, 28.610347], [115.881804, 28.610194], [115.882379, 28.609944], [115.882949, 28.609709], [115.883449, 28.609622], [115.884199, 28.609556], [115.884902, 28.609658], [115.885529, 28.609821], [115.886336, 28.609882], [115.88711, 28.609831], [115.887751, 28.609565], [115.888381, 28.608948], [115.8887, 28.608459], [115.888819, 28.60756], [115.888847, 28.607516], [115.89243, 28.607213], [115.892577, 28.607236], [115.892655, 28.607658], [115.893088, 28.607616], [115.893381, 28.607639], [115.89336, 28.607495], [115.893308, 28.607173], [115.893257, 28.605527], [115.893032, 28.604149], [115.892795, 28.603089], [115.892677, 28.602608], [115.892676, 28.602008], [115.893197, 28.60204], [115.893344, 28.602295], [115.893807, 28.602222], [115.894114, 28.602117], [115.894145, 28.601736], [115.893921, 28.600942], [115.893846, 28.600247], [115.894083, 28.599819], [115.894346, 28.599759], [115.894526, 28.599464], [115.895071, 28.599419], [115.895309, 28.599333], [115.896203, 28.599637], [115.896661, 28.600013], [115.897457, 28.600683], [115.897881, 28.601017], [115.897982, 28.601046], [115.898609, 28.600912], [115.898805, 28.601419], [115.899572, 28.601251], [115.899579, 28.60088], [115.899472, 28.599889], [115.899324, 28.599445], [115.899231, 28.599382], [115.899176, 28.598953], [115.899245, 28.598711], [115.899283, 28.598427], [115.899355, 28.598194], [115.899195, 28.59771], [115.89917, 28.59757], [115.899003, 28.597322], [115.899029, 28.597198], [115.89889, 28.596586], [115.899047, 28.596294], [115.898968, 28.594855], [115.900164, 28.594786], [115.900034, 28.593884], [115.899956, 28.593395], [115.899795, 28.592641], [115.899784, 28.592553], [115.898983, 28.592644], [115.898931, 28.591792], [115.899672, 28.591697], [115.899648, 28.591503], [115.899634, 28.591424], [115.89969, 28.591139], [115.899644, 28.590998], [115.89943, 28.590689], [115.899347, 28.590371], [115.899474, 28.59033], [115.899394, 28.589882], [115.899083, 28.589925], [115.898916, 28.589127], [115.898908, 28.588963], [115.89899, 28.588935], [115.899186, 28.588867], [115.899441, 28.588813], [115.899579, 28.588755], [115.898916, 28.58739], [115.898815, 28.587064], [115.898781, 28.586707], [115.898819, 28.586615], [115.898905, 28.586567], [115.900453, 28.586591], [115.900851, 28.586615], [115.900975, 28.586567], [115.901068, 28.586613], [115.901393, 28.587057], [115.901595, 28.587118], [115.901784, 28.587325], [115.902276, 28.588685], [115.902165, 28.588848], [115.902331, 28.590261], [115.902371, 28.590671], [115.902452, 28.592492], [115.902304, 28.592499], [115.902355, 28.593087], [115.902559, 28.593083], [115.902793, 28.595629], [115.903184, 28.600138], [115.903468, 28.601855], [115.903638, 28.602285], [115.903626, 28.601528], [115.903628, 28.601051], [115.903666, 28.600566], [115.903752, 28.599618], [115.904037, 28.599641], [115.904123, 28.599093], [115.905153, 28.598589], [115.906473, 28.597901], [115.906547, 28.597877], [115.906114, 28.59631], [115.906471, 28.596212], [115.906503, 28.595937], [115.906555, 28.595471], [115.906718, 28.595118], [115.906548, 28.594091], [115.906487, 28.59393], [115.906338, 28.593519], [115.906515, 28.593542], [115.906462, 28.592623], [115.906457, 28.592561], [115.907959, 28.59239], [115.907979, 28.592994], [115.90804, 28.593065], [115.910067, 28.593498], [115.910045, 28.59397], [115.909934, 28.595556], [115.909888, 28.596642], [115.910453, 28.596594], [115.910771, 28.596564], [115.911062, 28.59651], [115.911174, 28.596528], [115.911245, 28.596584], [115.911523, 28.596559], [115.911744, 28.596557], [115.911902, 28.596553], [115.911952, 28.596551], [115.912007, 28.596549], [115.912097, 28.596553], [115.912192, 28.596542], [115.912241, 28.596547], [115.912268, 28.596569], [115.912282, 28.596568], [115.912309, 28.596568], [115.912402, 28.596561], [115.912521, 28.596558], [115.912859, 28.596536], [115.913189, 28.596526], [115.913381, 28.596538], [115.913494, 28.596553], [115.913675, 28.59656], [115.913819, 28.596568], [115.913981, 28.596562], [115.914185, 28.596561], [115.914253, 28.596568], [115.914308, 28.596566], [115.914345, 28.596572], [115.9144, 28.596576], [115.914739, 28.596565], [115.914909, 28.596545], [115.915063, 28.596536], [115.91523, 28.596541], [115.915272, 28.596528], [115.915284, 28.596524], [115.915311, 28.596514], [115.915366, 28.596484], [115.915471, 28.596482], [115.915733, 28.596474], [115.915706, 28.59656], [115.916321, 28.596631], [115.916386, 28.597099], [115.916411, 28.597945], [115.916428, 28.59807], [115.92109, 28.598146], [115.921677, 28.598142], [115.921966, 28.5982], [115.922131, 28.598304], [115.922135, 28.598377], [115.922028, 28.598633], [115.921852, 28.599077], [115.921743, 28.599209], [115.919887, 28.603244], [115.920206, 28.603468], [115.919449, 28.604832], [115.919181, 28.605315], [115.916986, 28.608973], [115.916037, 28.610573], [115.91563, 28.611282], [115.915323, 28.611862], [115.915142, 28.612306], [115.915011, 28.61267], [115.914883, 28.613069], [115.914521, 28.614381], [115.914418, 28.614801], [115.913817, 28.614466], [115.9138, 28.614806], [115.91373, 28.615148], [115.912996, 28.615792], [115.912839, 28.61589], [115.912163, 28.616098], [115.911877, 28.616148], [115.908971, 28.616144], [115.908406, 28.616168], [115.908404, 28.616426], [115.908401, 28.616879], [115.910107, 28.616894], [115.910107, 28.617416], [115.910853, 28.617429], [115.910829, 28.61792], [115.910853, 28.618634], [115.912526, 28.618668], [115.912371, 28.619433], [115.912038, 28.620728], [115.910568, 28.620732], [115.91041, 28.620763], [115.909985, 28.62076], [115.90944, 28.620602], [115.909432, 28.620079], [115.909564, 28.620079], [115.90958, 28.619832], [115.909076, 28.619778], [115.908947, 28.620491], [115.908054, 28.62023], [115.907328, 28.620172], [115.906867, 28.620191], [115.906813, 28.619986], [115.906317, 28.619996], [115.906269, 28.62017], [115.905897, 28.620145], [115.905953, 28.619936], [115.904734, 28.61984], [115.904665, 28.620118], [115.905909, 28.620287], [115.905711, 28.621126], [115.906837, 28.621159], [115.906955, 28.621479], [115.907197, 28.621568], [115.908018, 28.621489], [115.908004, 28.621762], [115.908201, 28.621842], [115.908067, 28.622097], [115.908846, 28.622188], [115.908911, 28.622331], [115.909872, 28.622185], [115.909892, 28.622388], [115.910265, 28.622461], [115.910899, 28.622371], [115.910942, 28.622734], [115.911059, 28.623836], [115.911306, 28.623789], [115.911338, 28.623949], [115.911146, 28.623951], [115.910002, 28.628771], [115.90967, 28.628766], [115.909284, 28.628768], [115.906267, 28.628783], [115.906214, 28.628223], [115.906088, 28.628164], [115.90603, 28.627949], [115.906033, 28.627678], [115.905936, 28.627636], [115.905963, 28.62648], [115.904997, 28.626468], [115.905029, 28.627078], [115.904962, 28.627528], [115.90496, 28.627716], [115.904906, 28.627817], [115.904805, 28.627857], [115.904712, 28.628742], [115.904709, 28.628772], [115.904554, 28.628772], [115.902438, 28.628698], [115.902421, 28.62923], [115.902376, 28.629957], [115.902327, 28.63079], [115.902303, 28.631099], [115.901036, 28.630996], [115.89898, 28.63083], [115.89891, 28.630724], [115.898898, 28.629167], [115.897639, 28.629123], [115.897562, 28.629083], [115.897335, 28.628875], [115.897185, 28.628517], [115.89737, 28.627942], [115.897665, 28.627533], [115.897665, 28.626413], [115.897372, 28.626404], [115.89739, 28.626144], [115.897526, 28.626121], [115.897506, 28.625187], [115.897235, 28.625176], [115.897233, 28.62354], [115.897193, 28.623106], [115.897205, 28.621959], [115.894808, 28.621961], [115.895174, 28.626441], [115.895547, 28.630531], [115.895818, 28.633281], [115.89585, 28.633809], [115.896256, 28.640621], [115.89641, 28.641848], [115.896929, 28.643445], [115.897255, 28.644235], [115.895813, 28.644461], [115.895265, 28.644517], [115.894997, 28.644545], [115.894867, 28.644558], [115.894678, 28.644578], [115.894558, 28.644596], [115.894242, 28.644644], [115.89398, 28.644688], [115.893983, 28.644425], [115.893984, 28.644336], [115.893985, 28.64423], [115.893987, 28.644051], [115.893989, 28.643901], [115.893991, 28.643616], [115.893982, 28.643156], [115.893969, 28.642706], [115.893959, 28.642332], [115.893945, 28.641792], [115.893934, 28.641397], [115.893928, 28.641165], [115.893805, 28.641195], [115.893511, 28.641266], [115.89293, 28.641406], [115.892408, 28.641464], [115.891776, 28.641493], [115.890963, 28.641453], [115.890143, 28.64138], [115.889996, 28.641367], [115.889711, 28.641341], [115.889541, 28.641326], [115.889408, 28.641314], [115.889273, 28.641302], [115.888994, 28.641277], [115.888694, 28.64125], [115.888543, 28.641237], [115.88828, 28.641316], [115.888138, 28.641468], [115.888007, 28.641631], [115.887761, 28.641721], [115.887455, 28.641312], [115.887059, 28.64088], [115.886907, 28.640732], [115.886842, 28.640586], [115.886751, 28.640396], [115.88668, 28.6403], [115.886637, 28.640193], [115.886546, 28.640002], [115.886394, 28.639599], [115.886392, 28.639406], [115.88638, 28.638983], [115.8866, 28.638423], [115.886876, 28.638052], [115.887011, 28.637909], [115.887127, 28.637705], [115.887458, 28.637235], [115.887563, 28.636998], [115.887562, 28.636905], [115.887562, 28.636802], [115.88748, 28.636523], [115.887484, 28.636243], [115.887412, 28.635791], [115.887275, 28.635437], [115.887323, 28.634674], [115.887275, 28.634248], [115.887156, 28.633521], [115.887158, 28.633022], [115.887207, 28.632748], [115.887424, 28.63218], [115.887639, 28.631503], [115.887863, 28.630938], [115.887845, 28.630604], [115.887626, 28.630389], [115.887505, 28.630312], [115.887231, 28.629985], [115.88652, 28.6292], [115.886279, 28.628931], [115.886086, 28.628616], [115.885861, 28.628066], [115.88585, 28.627848], [115.885802, 28.627511], [115.885738, 28.627139], [115.885659, 28.626804], [115.885765, 28.626474], [115.885786, 28.626342], [115.885901, 28.626083], [115.886043, 28.625761], [115.886063, 28.625692], [115.886101, 28.625556], [115.886129, 28.625363], [115.886064, 28.625229], [115.88598, 28.625055], [115.885875, 28.624895], [115.885615, 28.624403], [115.885491, 28.624097], [115.885323, 28.623672], [115.885211, 28.623443], [115.885102, 28.623278], [115.885086, 28.623254], [115.884934, 28.623158], [115.884861, 28.623102], [115.884733, 28.623008], [115.884621, 28.622899], [115.884328, 28.622611], [115.88419, 28.622487], [115.883932, 28.622256], [115.883728, 28.622045], [115.883283, 28.621661], [115.882956, 28.621285], [115.882777, 28.621141], [115.882415, 28.620967], [115.88228, 28.620844], [115.882132, 28.620708], [115.88198, 28.620568], [115.881792, 28.620488], [115.881556, 28.620415], [115.88143, 28.620351], [115.881311, 28.620234], [115.881177, 28.619927], [115.881007, 28.619734], [115.880842, 28.619604], [115.880691, 28.619497], [115.880488, 28.619294], [115.880299, 28.619064], [115.880191, 28.618893], [115.880187, 28.618718], [115.880161, 28.618493], [115.880059, 28.617974], [115.880006, 28.617655], [115.880003, 28.617183], [115.880135, 28.616915], [115.880307, 28.616533], [115.880462, 28.616144], [115.880705, 28.6157], [115.88088, 28.615386], [115.881185, 28.614902], [115.881307, 28.614792], [115.881456, 28.614712], [115.881489, 28.614593], [115.881493, 28.614511], [115.881541, 28.61449], [115.881843, 28.614362], [115.882088, 28.614257], [115.882216, 28.613833], [115.881944, 28.613651], [115.881483, 28.613414], [115.881174, 28.613197], [115.880783, 28.612857], [115.880374, 28.612458], [115.880264, 28.612352], [115.880073, 28.612136], [115.879837, 28.61187], [115.879373, 28.611643], [115.878985, 28.61169], [115.878902, 28.6117], [115.878207, 28.611941], [115.877998, 28.611219], [115.87793, 28.610677]]]}, "properties": {"display_name": "岱山街道, 青云谱区, 南昌市, 江西省, 中国", "type": "administrative", "osm_type": "relation", "osm_id": 3880539, "class": null, "keyword": "subdistrict"}}, {"type": "Feature", "geometry": {"type": "Polygon", "coordinates": [[[115.823966, 28.614258], [115.827325, 28.61512], [115.830544, 28.615996], [115.833399, 28.616726], [115.836186, 28.617438], [115.837658, 28.617845], [115.837747, 28.61786], [115.837868, 28.617851], [115.838024, 28.617807], [115.838873, 28.617807], [115.839076, 28.617757], [115.839264, 28.617682], [115.839527, 28.617517], [115.839822, 28.617302], [115.840195, 28.616968], [115.840358, 28.616653], [115.840454, 28.616363], [115.840468, 28.61574], [115.840468, 28.615387], [115.840415, 28.615128], [115.840124, 28.614311], [115.839971, 28.613962], [115.839939, 28.613619], [115.839989, 28.613232], [115.84006, 28.613067], [115.840156, 28.612921], [115.840287, 28.612814], [115.840518, 28.612671], [115.840919, 28.612543], [115.841427, 28.612434], [115.842042, 28.612344], [115.842735, 28.612334], [115.843014, 28.61235], [115.843516, 28.612447], [115.844202, 28.612684], [115.845015, 28.613052], [115.845345, 28.613316], [115.845987, 28.615879], [115.846015, 28.615906], [115.846658, 28.615602], [115.846789, 28.61547], [115.847095, 28.615207], [115.847469, 28.615019], [115.848585, 28.61487], [115.850133, 28.614796], [115.851088, 28.614873], [115.85225, 28.615086], [115.852993, 28.615216], [115.853684, 28.615243], [115.854363, 28.615109], [115.855356, 28.614796], [115.856257, 28.614405], [115.85739, 28.614123], [115.858028, 28.61394], [115.858751, 28.613719], [115.859045, 28.613644], [115.85906, 28.613576], [115.859123, 28.613513], [115.859037, 28.613239], [115.858897, 28.612772], [115.858657, 28.612161], [115.858522, 28.611599], [115.858581, 28.611163], [115.858672, 28.610854], [115.858587, 28.610792], [115.858523, 28.610302], [115.858452, 28.609862], [115.858397, 28.609571], [115.858479, 28.609125], [115.858565, 28.608845], [115.858447, 28.608469], [115.858273, 28.607827], [115.858211, 28.607687], [115.858239, 28.607223], [115.858282, 28.606723], [115.858332, 28.606168], [115.85834, 28.606083], [115.858357, 28.605849], [115.85836, 28.605682], [115.858704, 28.605681], [115.85881, 28.60551], [115.858914, 28.605501], [115.859012, 28.60549], [115.859078, 28.605482], [115.859173, 28.605474], [115.859309, 28.605458], [115.859526, 28.605434], [115.859673, 28.605418], [115.85988, 28.605399], [115.86005, 28.60538], [115.860232, 28.605366], [115.860518, 28.60534], [115.860758, 28.605313], [115.860988, 28.605289], [115.861114, 28.605278], [115.861344, 28.605257], [115.861544, 28.605238], [115.861738, 28.605218], [115.862399, 28.605152], [115.862599, 28.605842], [115.862664, 28.60609], [115.86271, 28.606297], [115.862769, 28.6067], [115.862785, 28.607101], [115.8628, 28.607626], [115.862926, 28.609095], [115.863196, 28.610799], [115.863243, 28.611101], [115.863749, 28.612504], [115.863968, 28.613272], [115.863975, 28.613298], [115.864096, 28.613946], [115.864235, 28.614368], [115.864388, 28.614599], [115.863962, 28.615776], [115.860534, 28.616713], [115.860969, 28.61799], [115.861019, 28.618094], [115.861532, 28.619162], [115.862117, 28.620029], [115.862696, 28.620697], [115.863764, 28.621658], [115.861738, 28.622366], [115.860023, 28.622966], [115.855323, 28.624732], [115.85372, 28.62528], [115.851747, 28.626014], [115.852949, 28.628062], [115.854124, 28.630298], [115.854862, 28.631517], [115.856874, 28.634013], [115.860845, 28.639016], [115.862249, 28.638031], [115.863769, 28.638708], [115.864525, 28.639014], [115.867358, 28.639197], [115.867465, 28.639738], [115.867594, 28.640228], [115.867986, 28.640925], [115.867438, 28.641193], [115.867799, 28.641861], [115.867225, 28.642111], [115.867777, 28.643151], [115.867079, 28.6435], [115.865824, 28.644126], [115.866366, 28.645194], [115.865975, 28.645228], [115.865046, 28.645567], [115.86488, 28.645628], [115.862707, 28.646909], [115.86265, 28.646942], [115.858658, 28.649278], [115.856971, 28.650265], [115.853066, 28.652733], [115.852565, 28.65223], [115.851659, 28.651495], [115.850644, 28.650652], [115.84971, 28.649993], [115.849446, 28.649769], [115.848982, 28.649553], [115.84839, 28.649258], [115.847921, 28.64907], [115.847293, 28.648917], [115.846692, 28.64877], [115.845805, 28.648447], [115.844657, 28.648051], [115.843365, 28.647328], [115.842486, 28.646829], [115.841994, 28.646349], [115.839787, 28.644328], [115.839049, 28.643369], [115.838667, 28.642458], [115.838302, 28.64142], [115.83751, 28.639534], [115.836819, 28.638351], [115.83641, 28.637772], [115.836078, 28.637287], [115.835087, 28.635962], [115.834382, 28.635243], [115.832472, 28.633639], [115.832148, 28.632988], [115.831801, 28.632179], [115.831514, 28.631737], [115.831169, 28.631108], [115.831023, 28.630779], [115.830582, 28.630264], [115.829662, 28.628682], [115.828934, 28.627363], [115.828386, 28.625467], [115.828168, 28.624997], [115.828003, 28.624579], [115.827901, 28.623419], [115.82795, 28.623065], [115.827935, 28.622877], [115.827848, 28.622484], [115.827926, 28.622237], [115.828144, 28.621733], [115.828203, 28.621174], [115.828183, 28.620953], [115.828067, 28.620632], [115.827556, 28.619877], [115.827206, 28.619386], [115.826788, 28.618934], [115.826492, 28.618341], [115.826142, 28.617808], [115.825529, 28.617133], [115.824776, 28.615759], [115.824495, 28.61504], [115.823966, 28.614258]]]}, "properties": {"display_name": "朝农街道, 桃花街道, 西湖区, 南昌市, 江西省, 中国", "type": "administrative", "osm_type": "relation", "osm_id": 4659756, "class": null, "keyword": "subdistrict"}}, {"type": "Feature", "geometry": {"type": "Polygon", "coordinates": [[[115.860766, 28.600872], [115.860829, 28.600046], [115.860902, 28.599726], [115.86102, 28.599402], [115.861146, 28.599067], [115.861548, 28.597988], [115.862321, 28.595855], [115.862814, 28.594197], [115.863603, 28.592876], [115.864456, 28.591446], [115.865303, 28.5891], [115.865329, 28.589054], [115.865732, 28.588337], [115.866387, 28.586849], [115.86628, 28.585991], [115.865976, 28.584882], [115.865636, 28.584336], [115.86507, 28.583639], [115.864882, 28.583018], [115.864814, 28.582793], [115.867406, 28.582713], [115.869909, 28.582554], [115.875498, 28.582199], [115.880797, 28.581862], [115.886225, 28.581518], [115.886602, 28.583093], [115.887579, 28.58657], [115.892767, 28.586409], [115.892968, 28.586507], [115.893194, 28.586618], [115.897317, 28.58655], [115.897943, 28.586752], [115.8986, 28.586715], [115.898819, 28.586615], [115.898781, 28.586707], [115.898815, 28.587064], [115.898916, 28.58739], [115.899579, 28.588755], [115.899441, 28.588813], [115.899186, 28.588867], [115.89899, 28.588935], [115.898908, 28.588963], [115.898916, 28.589127], [115.899083, 28.589925], [115.899394, 28.589882], [115.899474, 28.59033], [115.899347, 28.590371], [115.89943, 28.590689], [115.899644, 28.590998], [115.89969, 28.591139], [115.899634, 28.591424], [115.899648, 28.591503], [115.899672, 28.591697], [115.898931, 28.591792], [115.898983, 28.592644], [115.899784, 28.592553], [115.899795, 28.592641], [115.899956, 28.593395], [115.900034, 28.593884], [115.899933, 28.593909], [115.898644, 28.593965], [115.898551, 28.593864], [115.896608, 28.59388], [115.896652, 28.595197], [115.89667, 28.595889], [115.896624, 28.596536], [115.89889, 28.596586], [115.899029, 28.597198], [115.899003, 28.597322], [115.89917, 28.59757], [115.899195, 28.59771], [115.899355, 28.598194], [115.899283, 28.598427], [115.899245, 28.598711], [115.899176, 28.598953], [115.899231, 28.599382], [115.899324, 28.599445], [115.899472, 28.599889], [115.899579, 28.60088], [115.899572, 28.601251], [115.898805, 28.601419], [115.898609, 28.600912], [115.897982, 28.601046], [115.897881, 28.601017], [115.897457, 28.600683], [115.896661, 28.600013], [115.896203, 28.599637], [115.895309, 28.599333], [115.895071, 28.599419], [115.894526, 28.599464], [115.894346, 28.599759], [115.894083, 28.599819], [115.893846, 28.600247], [115.893921, 28.600942], [115.894145, 28.601736], [115.894114, 28.602117], [115.893807, 28.602222], [115.893344, 28.602295], [115.893197, 28.60204], [115.892676, 28.602008], [115.892677, 28.602608], [115.892795, 28.603089], [115.893032, 28.604149], [115.893257, 28.605527], [115.893308, 28.607173], [115.89336, 28.607495], [115.893381, 28.607639], [115.893088, 28.607616], [115.892655, 28.607658], [115.892577, 28.607236], [115.89243, 28.607213], [115.888847, 28.607516], [115.888819, 28.60756], [115.8887, 28.608459], [115.888381, 28.608948], [115.887751, 28.609565], [115.88711, 28.609831], [115.886336, 28.609882], [115.885529, 28.609821], [115.884902, 28.609658], [115.884199, 28.609556], [115.883449, 28.609622], [115.882949, 28.609709], [115.882379, 28.609944], [115.881804, 28.610194], [115.881304, 28.610347], [115.880141, 28.610332], [115.879188, 28.610291], [115.878264, 28.610505], [115.877967, 28.610572], [115.87793, 28.610677], [115.877998, 28.611219], [115.878207, 28.611941], [115.877834, 28.61195], [115.8773, 28.611865], [115.87716, 28.611863], [115.876928, 28.611811], [115.876483, 28.611953], [115.876235, 28.612017], [115.876011, 28.612066], [115.875886, 28.612038], [115.875806, 28.611992], [115.875645, 28.611899], [115.875293, 28.611856], [115.87501, 28.611802], [115.874857, 28.611733], [115.875048, 28.611547], [115.875214, 28.611277], [115.875343, 28.610695], [115.875347, 28.610561], [115.874846, 28.610748], [115.8737, 28.611305], [115.872503, 28.611676], [115.871612, 28.611867], [115.87087, 28.611858], [115.870066, 28.611827], [115.869051, 28.611779], [115.868365, 28.611829], [115.867709, 28.611941], [115.86675, 28.612288], [115.866288, 28.612498], [115.865621, 28.612934], [115.865076, 28.613171], [115.864459, 28.613275], [115.863968, 28.613272], [115.863749, 28.612504], [115.863243, 28.611101], [115.863196, 28.610799], [115.862926, 28.609095], [115.8628, 28.607626], [115.862785, 28.607101], [115.862769, 28.6067], [115.86271, 28.606297], [115.862664, 28.60609], [115.862599, 28.605842], [115.862399, 28.605152], [115.862356, 28.605059], [115.862276, 28.604864], [115.861952, 28.60417], [115.861748, 28.603754], [115.861671, 28.603585], [115.861613, 28.603486], [115.861552, 28.603326], [115.860976, 28.601936], [115.860766, 28.600872]]]}, "properties": {"display_name": "八月湖街道, 南昌县, 南昌市, 江西省, 330052, 中国", "type": "administrative", "osm_type": "relation", "osm_id": 14299454, "class": null, "keyword": "subdistrict"}}, {"type": "Feature", "geometry": {"type": "MultiPolygon", "coordinates": [[[[115.908401, 28.616879], [115.908404, 28.616426], [115.908406, 28.616168], [115.908971, 28.616144], [115.911877, 28.616148], [115.912163, 28.616098], [115.912839, 28.61589], [115.912996, 28.615792], [115.91373, 28.615148], [115.9138, 28.614806], [115.913817, 28.614466], [115.914418, 28.614801], [115.914521, 28.614381], [115.914883, 28.613069], [115.915011, 28.61267], [115.915142, 28.612306], [115.915323, 28.611862], [115.91563, 28.611282], [115.916037, 28.610573], [115.916986, 28.608973], [115.919181, 28.605315], [115.919449, 28.604832], [115.920206, 28.603468], [115.920967, 28.604], [115.923038, 28.604217], [115.92439, 28.603995], [115.924558, 28.603213], [115.924825, 28.601488], [115.92521, 28.599004], [115.925453, 28.597226], [115.925827, 28.597221], [115.926445, 28.597173], [115.926908, 28.597191], [115.927141, 28.597207], [115.927261, 28.597193], [115.927283, 28.597066], [115.927261, 28.596927], [115.927251, 28.596768], [115.92724, 28.59665], [115.927224, 28.596559], [115.927166, 28.596364], [115.926998, 28.596337], [115.927037, 28.596174], [115.927188, 28.596184], [115.927183, 28.5961], [115.927538, 28.596088], [115.928037, 28.596163], [115.928309, 28.596315], [115.928534, 28.596645], [115.928614, 28.596756], [115.928628, 28.596842], [115.928765, 28.596847], [115.928846, 28.596859], [115.928885, 28.596969], [115.929412, 28.596985], [115.929448, 28.596958], [115.929715, 28.596753], [115.929903, 28.596586], [115.93042, 28.596517], [115.930854, 28.596364], [115.931634, 28.596234], [115.932193, 28.596047], [115.932568, 28.595989], [115.93266, 28.596032], [115.932664, 28.596195], [115.932611, 28.596566], [115.932735, 28.597047], [115.932823, 28.59738], [115.932873, 28.597906], [115.932889, 28.59807], [115.93302, 28.598284], [115.933111, 28.598273], [115.933296, 28.598217], [115.933422, 28.598178], [115.933547, 28.598129], [115.933729, 28.598073], [115.933879, 28.598408], [115.93314, 28.598663], [115.933099, 28.598688], [115.933135, 28.598817], [115.933147, 28.598898], [115.933193, 28.598877], [115.93331, 28.598839], [115.933562, 28.59888], [115.934003, 28.598883], [115.934371, 28.598883], [115.934458, 28.59883], [115.934692, 28.598938], [115.93475, 28.599131], [115.934701, 28.599163], [115.934785, 28.59944], [115.934796, 28.599471], [115.934244, 28.599734], [115.933881, 28.599988], [115.933538, 28.600187], [115.933352, 28.600477], [115.933179, 28.600659], [115.932985, 28.600811], [115.932702, 28.600798], [115.93237, 28.600846], [115.932004, 28.600792], [115.931729, 28.60076], [115.931662, 28.600752], [115.931652, 28.600601], [115.931739, 28.600436], [115.93163, 28.600412], [115.931493, 28.600365], [115.93136, 28.600367], [115.931271, 28.600414], [115.931247, 28.600476], [115.931223, 28.600553], [115.93123, 28.600627], [115.931132, 28.600793], [115.931186, 28.600886], [115.931331, 28.600844], [115.93151, 28.601219], [115.93157, 28.60151], [115.931589, 28.601533], [115.931907, 28.601601], [115.932093, 28.601681], [115.932229, 28.601873], [115.932249, 28.602163], [115.932216, 28.602443], [115.932307, 28.602632], [115.932339, 28.602724], [115.932357, 28.602796], [115.932371, 28.602948], [115.932405, 28.603182], [115.932627, 28.603564], [115.93259, 28.603786], [115.932431, 28.604195], [115.932457, 28.604796], [115.93234, 28.605326], [115.932377, 28.605635], [115.932681, 28.605739], [115.932589, 28.606069], [115.932777, 28.606223], [115.933057, 28.606304], [115.93364, 28.606341], [115.933715, 28.606029], [115.934225, 28.606128], [115.934658, 28.60628], [115.935007, 28.606372], [115.935177, 28.606345], [115.935181, 28.605806], [115.935571, 28.605801], [115.935968, 28.60574], [115.936391, 28.605589], [115.936812, 28.605301], [115.93746, 28.605012], [115.93784, 28.604968], [115.938403, 28.604902], [115.938677, 28.604868], [115.938999, 28.604958], [115.93906, 28.605125], [115.939074, 28.605447], [115.939127, 28.605574], [115.939511, 28.605857], [115.939499, 28.605958], [115.939437, 28.606368], [115.939811, 28.607361], [115.939844, 28.607818], [115.939972, 28.608147], [115.940253, 28.608481], [115.94029, 28.608608], [115.940222, 28.609021], [115.940024, 28.609125], [115.940031, 28.609812], [115.939815, 28.610089], [115.940035, 28.610259], [115.940016, 28.610722], [115.939538, 28.610763], [115.939252, 28.610766], [115.938813, 28.610764], [115.938042, 28.610789], [115.933746, 28.611074], [115.92891, 28.611102], [115.92891, 28.612454], [115.927799, 28.612449], [115.927794, 28.611865], [115.928314, 28.61182], [115.928325, 28.611404], [115.927783, 28.611413], [115.927746, 28.611135], [115.926903, 28.611155], [115.925693, 28.611078], [115.924768, 28.610919], [115.922857, 28.610456], [115.923172, 28.609729], [115.923022, 28.609475], [115.923113, 28.609244], [115.923473, 28.609047], [115.924335, 28.609047], [115.925117, 28.608972], [115.925181, 28.609093], [115.925894, 28.609137], [115.926032, 28.609289], [115.926383, 28.609383], [115.92751, 28.609359], [115.9276, 28.608808], [115.927538, 28.607596], [115.928464, 28.607457], [115.928429, 28.606352], [115.927665, 28.606313], [115.927484, 28.605967], [115.92702, 28.606083], [115.926906, 28.606491], [115.926201, 28.606541], [115.926211, 28.606377], [115.926253, 28.606018], [115.926497, 28.606054], [115.926566, 28.605871], [115.926165, 28.605771], [115.926389, 28.605097], [115.925174, 28.604596], [115.925136, 28.604996], [115.923905, 28.605004], [115.923703, 28.605741], [115.922362, 28.605064], [115.921549, 28.605942], [115.92082, 28.607048], [115.920187, 28.607763], [115.919758, 28.608206], [115.921352, 28.609017], [115.920946, 28.609638], [115.920221, 28.609392], [115.919173, 28.608873], [115.918808, 28.609204], [115.919196, 28.610037], [115.917738, 28.611467], [115.917963, 28.611609], [115.917845, 28.611807], [115.918022, 28.611877], [115.917968, 28.612014], [115.918403, 28.612169], [115.918371, 28.61231], [115.919213, 28.612645], [115.918411, 28.614064], [115.917558, 28.613805], [115.915169, 28.613291], [115.91502, 28.6137], [115.914723, 28.614795], [115.915299, 28.615379], [115.915053, 28.615676], [115.914862, 28.616226], [115.914506, 28.616182], [115.91414, 28.616121], [115.913361, 28.618976], [115.913394, 28.619233], [115.913354, 28.619416], [115.913308, 28.619561], [115.913227, 28.61969], [115.913151, 28.620105], [115.912918, 28.621072], [115.912753, 28.621634], [115.912383, 28.621545], [115.910376, 28.620959], [115.910388, 28.620925], [115.91041, 28.620763], [115.910568, 28.620732], [115.912038, 28.620728], [115.912371, 28.619433], [115.912526, 28.618668], [115.910853, 28.618634], [115.910829, 28.61792], [115.910853, 28.617429], [115.910107, 28.617416], [115.910107, 28.616894], [115.908401, 28.616879]]], [[[115.926273, 28.624137], [115.928948, 28.624186], [115.928928, 28.621384], [115.926435, 28.621351], [115.926433, 28.619312], [115.928912, 28.619265], [115.928896, 28.620687], [115.930462, 28.620729], [115.930526, 28.621393], [115.931819, 28.621803], [115.932533, 28.622307], [115.933429, 28.622752], [115.935262, 28.621765], [115.938229, 28.620251], [115.939416, 28.61906], [115.939329, 28.618909], [115.939061, 28.618915], [115.938338, 28.618584], [115.938887, 28.618096], [115.938727, 28.61772], [115.938503, 28.617045], [115.938374, 28.615734], [115.939183, 28.615925], [115.939068, 28.616527], [115.93981, 28.616695], [115.940023, 28.615884], [115.940195, 28.615798], [115.940372, 28.615123], [115.944266, 28.615611], [115.950448, 28.616431], [115.950683, 28.616442], [115.950638, 28.617234], [115.950614, 28.617636], [115.95043, 28.618622], [115.951011, 28.618765], [115.950978, 28.619561], [115.949962, 28.61967], [115.949193, 28.619699], [115.949204, 28.619954], [115.949226, 28.620429], [115.949147, 28.621698], [115.948155, 28.621779], [115.948165, 28.621958], [115.948061, 28.623444], [115.949053, 28.623382], [115.949068, 28.624565], [115.949131, 28.625679], [115.94915, 28.626825], [115.949101, 28.627167], [115.94789, 28.62703], [115.947912, 28.627139], [115.948063, 28.627207], [115.948316, 28.62731], [115.948467, 28.627445], [115.948474, 28.62785], [115.94885, 28.627886], [115.948996, 28.627965], [115.948899, 28.628102], [115.948913, 28.628232], [115.948992, 28.628376], [115.949129, 28.62861], [115.949327, 28.628668], [115.949715, 28.628675], [115.950062, 28.62869], [115.950128, 28.628491], [115.950494, 28.628525], [115.950502, 28.628629], [115.950759, 28.628606], [115.950929, 28.628603], [115.951375, 28.628447], [115.951482, 28.628465], [115.951635, 28.628581], [115.951635, 28.628643], [115.951614, 28.628798], [115.951201, 28.629784], [115.951131, 28.630175], [115.950894, 28.630673], [115.950805, 28.630984], [115.950689, 28.631404], [115.950532, 28.631759], [115.950078, 28.632484], [115.949616, 28.633299], [115.949371, 28.633981], [115.951307, 28.633067], [115.951334, 28.637499], [115.949239, 28.637481], [115.949248, 28.640749], [115.949292, 28.641706], [115.949152, 28.642139], [115.949057, 28.642261], [115.948861, 28.642403], [115.948681, 28.642463], [115.948385, 28.642476], [115.948395, 28.642624], [115.948669, 28.643338], [115.948957, 28.644079], [115.94856, 28.644167], [115.947541, 28.644388], [115.947368, 28.644427], [115.946704, 28.644568], [115.946582, 28.644449], [115.946508, 28.644332], [115.946511, 28.64411], [115.946499, 28.643585], [115.946508, 28.643047], [115.946501, 28.642499], [115.943741, 28.642472], [115.943883, 28.641628], [115.94364, 28.641552], [115.943603, 28.64145], [115.943333, 28.641526], [115.943087, 28.641663], [115.942635, 28.641766], [115.942548, 28.641844], [115.942573, 28.641947], [115.942736, 28.642139], [115.942644, 28.642181], [115.942515, 28.642222], [115.942687, 28.642829], [115.942473, 28.642885], [115.942307, 28.642605], [115.941265, 28.643099], [115.94162, 28.643532], [115.941718, 28.643666], [115.941153, 28.643765], [115.93983, 28.644055], [115.939742, 28.643898], [115.939542, 28.643928], [115.939146, 28.643273], [115.938611, 28.642417], [115.937852, 28.642493], [115.937396, 28.64256], [115.937154, 28.642688], [115.936745, 28.64203], [115.936624, 28.641832], [115.936577, 28.641751], [115.936545, 28.641697], [115.935582, 28.640027], [115.934931, 28.638637], [115.934633, 28.638707], [115.934027, 28.637502], [115.932498, 28.634847], [115.931093, 28.632554], [115.929978, 28.630659], [115.929483, 28.629818], [115.926935, 28.625684], [115.926273, 28.624137]]]]}, "properties": {"display_name": "青云谱镇, 青云谱区, 南昌市, 江西省, 中国", "type": "administrative", "osm_type": "relation", "osm_id": 3880762, "class": null, "keyword": "subdistrict"}}, {"type": "Feature", "geometry": {"type": "Polygon", "coordinates": [[[115.835498, 28.692179], [115.836717, 28.691674], [115.841446, 28.689811], [115.844722, 28.68852], [115.848016, 28.687222], [115.850451, 28.686288], [115.855755, 28.684131], [115.865573, 28.677797], [115.866524, 28.683314], [115.866943, 28.686429], [115.867641, 28.690021], [115.869986, 28.693545], [115.87241, 28.696124], [115.870634, 28.697303], [115.87073, 28.697448], [115.870814, 28.697583], [115.870863, 28.697701], [115.870863, 28.697821], [115.870839, 28.69791], [115.870767, 28.698018], [115.870756, 28.698136], [115.870724, 28.698186], [115.870631, 28.69819], [115.870546, 28.698175], [115.870328, 28.698103], [115.870206, 28.698044], [115.870191, 28.698011], [115.870165, 28.697995], [115.870135, 28.697942], [115.8701, 28.697857], [115.870095, 28.69782], [115.870081, 28.6978], [115.870053, 28.697769], [115.869907, 28.697903], [115.869698, 28.698149], [115.869538, 28.698344], [115.869212, 28.698568], [115.86904, 28.698696], [115.868822, 28.698839], [115.868583, 28.699012], [115.868165, 28.699297], [115.867969, 28.699442], [115.867624, 28.699683], [115.867316, 28.699884], [115.866999, 28.700099], [115.866865, 28.700215], [115.86681, 28.700237], [115.86674, 28.700225], [115.866663, 28.700295], [115.866619, 28.700301], [115.86648, 28.700269], [115.866367, 28.700251], [115.865321, 28.700987], [115.864789, 28.701341], [115.864289, 28.701729], [115.864178, 28.701819], [115.864164, 28.701822], [115.864151, 28.70182], [115.862358, 28.703268], [115.860556, 28.704861], [115.857461, 28.707974], [115.856713, 28.708725], [115.856092, 28.709288], [115.855915, 28.70902], [115.855587, 28.708964], [115.853924, 28.709077], [115.851151, 28.709999], [115.850335, 28.709905], [115.848983, 28.709505], [115.845464, 28.707449], [115.842209, 28.706351], [115.841737, 28.70628], [115.841512, 28.706225], [115.841078, 28.704125], [115.83931, 28.70398], [115.839, 28.703386], [115.839031, 28.702364], [115.839243, 28.701442], [115.838966, 28.70057], [115.838447, 28.699821], [115.837628, 28.699186], [115.836653, 28.698605], [115.836399, 28.698335], [115.83635, 28.698282], [115.835789, 28.697778], [115.835642, 28.697407], [115.836568, 28.69707], [115.837582, 28.696652], [115.838069, 28.696448], [115.838016, 28.696347], [115.837513, 28.695455], [115.836752, 28.694176], [115.835498, 28.692179]]]}, "properties": {"display_name": "沙井街道, 红谷滩区, 南昌市, 江西省, 中国", "type": "administrative", "osm_type": "relation", "osm_id": 4152584, "class": null, "keyword": "subdistrict"}}, {"type": "Feature", "geometry": {"type": "MultiPolygon", "coordinates": [[[[115.918889, 28.688311], [115.918913, 28.688541], [115.919165, 28.688546], [115.919152, 28.688984], [115.91979, 28.68901], [115.919825, 28.689236], [115.920179, 28.689226], [115.920287, 28.689005], [115.92129, 28.688998], [115.921384, 28.687963], [115.9214, 28.687978], [115.921439, 28.687987], [115.921557, 28.687985], [115.921644, 28.687989], [115.921703, 28.688042], [115.921747, 28.688258], [115.92179, 28.688247], [115.921861, 28.688275], [115.92193, 28.688312], [115.921973, 28.688353], [115.922034, 28.688406], [115.922154, 28.688457], [115.922187, 28.688502], [115.922227, 28.688552], [115.922329, 28.688572], [115.922484, 28.688612], [115.922331, 28.688851], [115.922507, 28.68936], [115.922742, 28.690072], [115.922919, 28.690328], [115.923607, 28.690869], [115.923888, 28.690926], [115.924212, 28.691165], [115.924547, 28.691595], [115.925031, 28.692011], [115.925367, 28.692302], [115.925688, 28.692597], [115.925753, 28.692997], [115.925816, 28.693393], [115.925858, 28.693693], [115.925822, 28.693871], [115.925713, 28.694269], [115.925617, 28.694695], [115.925527, 28.69506], [115.925329, 28.695173], [115.925107, 28.695289], [115.924924, 28.695369], [115.924725, 28.695449], [115.924494, 28.69554], [115.924246, 28.695592], [115.924303, 28.69571], [115.924434, 28.695832], [115.924651, 28.695762], [115.924955, 28.695662], [115.925162, 28.695591], [115.925396, 28.695519], [115.925646, 28.695549], [115.92579, 28.695691], [115.925929, 28.69592], [115.925969, 28.696397], [115.925994, 28.696497], [115.92602, 28.6967], [115.92595, 28.696853], [115.925635, 28.697014], [115.925314, 28.697124], [115.925082, 28.697137], [115.924911, 28.697077], [115.924636, 28.696867], [115.92424, 28.69661], [115.924024, 28.696454], [115.923825, 28.696155], [115.92366, 28.695857], [115.923557, 28.695591], [115.923339, 28.69556], [115.922977, 28.695486], [115.922563, 28.695407], [115.922216, 28.695354], [115.921751, 28.69539], [115.921249, 28.695436], [115.920857, 28.695479], [115.920577, 28.695601], [115.920164, 28.695857], [115.919874, 28.696224], [115.919256, 28.696973], [115.919036, 28.697288], [115.919241, 28.697414], [115.919438, 28.697571], [115.919716, 28.697797], [115.919844, 28.697633], [115.92021, 28.697432], [115.920576, 28.697317], [115.920597, 28.697215], [115.920569, 28.697124], [115.920787, 28.696727], [115.920955, 28.696584], [115.921031, 28.696518], [115.921185, 28.69665], [115.921296, 28.696727], [115.921302, 28.696863], [115.921279, 28.69695], [115.921233, 28.697057], [115.921238, 28.697233], [115.921338, 28.697428], [115.921432, 28.697615], [115.92149, 28.697735], [115.921453, 28.69787], [115.921406, 28.698024], [115.921364, 28.698172], [115.921204, 28.698208], [115.921064, 28.698237], [115.920968, 28.698257], [115.92074, 28.698219], [115.920504, 28.698158], [115.920118, 28.698099], [115.920467, 28.698422], [115.920758, 28.698962], [115.921199, 28.699563], [115.921665, 28.700149], [115.922003, 28.700624], [115.922172, 28.700883], [115.922309, 28.701174], [115.922367, 28.70126], [115.922482, 28.701497], [115.922573, 28.701493], [115.922723, 28.701411], [115.922852, 28.701346], [115.923029, 28.701252], [115.923225, 28.70107], [115.923599, 28.700735], [115.923791, 28.700556], [115.923961, 28.700364], [115.923997, 28.700242], [115.92406, 28.700103], [115.924136, 28.699942], [115.924242, 28.699819], [115.924528, 28.699586], [115.924766, 28.699247], [115.924214, 28.699094], [115.92406, 28.698929], [115.92405, 28.698851], [115.924067, 28.698686], [115.924166, 28.698554], [115.924943, 28.698555], [115.925139, 28.698639], [115.925356, 28.698695], [115.925562, 28.698703], [115.925828, 28.698701], [115.92599, 28.69867], [115.926085, 28.69867], [115.926263, 28.6987], [115.926263, 28.698926], [115.926266, 28.699181], [115.926268, 28.699351], [115.925847, 28.699359], [115.925568, 28.699352], [115.925253, 28.699335], [115.925101, 28.699607], [115.924921, 28.699857], [115.924662, 28.700001], [115.924488, 28.700153], [115.924454, 28.700313], [115.924376, 28.700518], [115.924258, 28.700721], [115.924049, 28.700924], [115.923874, 28.701093], [115.923685, 28.701286], [115.923434, 28.701541], [115.923262, 28.701657], [115.923176, 28.701711], [115.923075, 28.701758], [115.922925, 28.701846], [115.922751, 28.701935], [115.922667, 28.702003], [115.922734, 28.702171], [115.922822, 28.702307], [115.923002, 28.702528], [115.923125, 28.702657], [115.923247, 28.702766], [115.923404, 28.70288], [115.923532, 28.702974], [115.923641, 28.702999], [115.923751, 28.703016], [115.924069, 28.703063], [115.924381, 28.703147], [115.924603, 28.703214], [115.924826, 28.703265], [115.924929, 28.703252], [115.925104, 28.703191], [115.925549, 28.703044], [115.925734, 28.702981], [115.925889, 28.702989], [115.926043, 28.703018], [115.926145, 28.703036], [115.926303, 28.702967], [115.926486, 28.702882], [115.926874, 28.702884], [115.927163, 28.702828], [115.927414, 28.702962], [115.927484, 28.703157], [115.927546, 28.703324], [115.927614, 28.703612], [115.92754, 28.703744], [115.927574, 28.703967], [115.927742, 28.704069], [115.927757, 28.7044], [115.927657, 28.704528], [115.927585, 28.704557], [115.927611, 28.704661], [115.927652, 28.704786], [115.927663, 28.704935], [115.927705, 28.705048], [115.92776, 28.705049], [115.928075, 28.705222], [115.928229, 28.705308], [115.928239, 28.705486], [115.928285, 28.705555], [115.928481, 28.705733], [115.928587, 28.705828], [115.928631, 28.706098], [115.928584, 28.706226], [115.928586, 28.706462], [115.928625, 28.706684], [115.928805, 28.706745], [115.92896, 28.70722], [115.929111, 28.707787], [115.929, 28.707828], [115.929072, 28.708248], [115.929102, 28.708479], [115.92875, 28.70869], [115.928524, 28.708791], [115.928414, 28.709026], [115.92835, 28.709235], [115.928273, 28.70952], [115.928098, 28.710039], [115.927994, 28.710385], [115.927947, 28.71066], [115.927916, 28.710844], [115.927786, 28.71117], [115.927754, 28.711505], [115.927648, 28.711844], [115.927632, 28.712014], [115.927571, 28.712166], [115.927565, 28.712428], [115.927522, 28.71275], [115.927473, 28.712979], [115.927438, 28.713108], [115.927311, 28.714062], [115.927224, 28.714915], [115.927177, 28.715593], [115.9271, 28.716111], [115.927108, 28.716197], [115.927202, 28.716199], [115.927199, 28.716403], [115.927232, 28.71658], [115.927209, 28.71662], [115.927293, 28.716735], [115.927531, 28.717018], [115.927998, 28.717602], [115.928478, 28.718285], [115.928449, 28.718398], [115.928446, 28.718608], [115.928103, 28.718901], [115.928247, 28.719086], [115.929237, 28.720426], [115.929689, 28.720976], [115.93014, 28.721523], [115.930261, 28.721691], [115.930355, 28.721832], [115.930498, 28.722048], [115.930614, 28.722218], [115.930746, 28.722404], [115.930836, 28.722537], [115.930873, 28.722614], [115.93096, 28.72286], [115.931046, 28.723136], [115.931086, 28.723257], [115.931012, 28.723282], [115.930916, 28.723319], [115.930784, 28.723353], [115.930573, 28.723409], [115.930446, 28.723505], [115.930292, 28.723668], [115.929762, 28.724183], [115.929693, 28.724291], [115.929677, 28.724392], [115.92968, 28.724493], [115.929695, 28.724579], [115.929693, 28.724752], [115.929707, 28.724878], [115.929736, 28.725125], [115.929851, 28.725438], [115.929959, 28.725739], [115.930043, 28.725939], [115.93008, 28.726028], [115.930181, 28.726222], [115.930266, 28.726423], [115.930488, 28.726718], [115.930688, 28.726987], [115.930847, 28.727263], [115.930134, 28.726718], [115.929174, 28.725999], [115.92907, 28.725921], [115.928053, 28.725182], [115.927633, 28.724901], [115.927158, 28.724616], [115.926483, 28.724169], [115.926104, 28.72411], [115.925616, 28.723983], [115.924094, 28.723794], [115.923152, 28.723641], [115.92181, 28.723629], [115.921029, 28.723563], [115.92018, 28.723281], [115.919447, 28.723161], [115.91866, 28.723203], [115.917909, 28.723374], [115.917481, 28.72339], [115.917379, 28.723382], [115.917283, 28.723353], [115.917168, 28.723298], [115.916935, 28.723105], [115.916536, 28.722721], [115.916216, 28.722343], [115.915516, 28.721577], [115.914582, 28.720742], [115.913847, 28.720236], [115.91259, 28.719634], [115.911719, 28.719277], [115.909784, 28.718215], [115.908763, 28.717676], [115.908249, 28.717378], [115.907313, 28.716749], [115.909266, 28.714465], [115.91228, 28.711013], [115.914834, 28.708079], [115.915568, 28.707067], [115.915865, 28.706439], [115.916026, 28.705914], [115.916632, 28.706023], [115.917136, 28.706055], [115.918298, 28.705957], [115.918299, 28.705296], [115.918914, 28.705334], [115.918905, 28.705602], [115.919691, 28.705608], [115.91969, 28.705977], [115.920616, 28.705984], [115.920643, 28.70769], [115.920538, 28.708054], [115.922384, 28.708094], [115.922059, 28.709647], [115.921826, 28.710511], [115.921563, 28.711097], [115.921048, 28.711945], [115.918758, 28.710523], [115.918422, 28.711903], [115.91501, 28.709955], [115.914216, 28.712439], [115.913692, 28.713496], [115.91353, 28.713804], [115.914109, 28.71424], [115.914143, 28.714536], [115.914498, 28.714651], [115.914902, 28.714458], [115.91496, 28.713554], [115.915618, 28.713553], [115.91559, 28.713152], [115.915619, 28.713059], [115.916904, 28.713796], [115.917, 28.715462], [115.917153, 28.715837], [115.916673, 28.716048], [115.916501, 28.716817], [115.917033, 28.717568], [115.91744, 28.717202], [115.917582, 28.716415], [115.917912, 28.714725], [115.91808, 28.71404], [115.918238, 28.713327], [115.918502, 28.712106], [115.921421, 28.713846], [115.922215, 28.712811], [115.92242, 28.712756], [115.922784, 28.712352], [115.923092, 28.708905], [115.92301, 28.705204], [115.922758, 28.705199], [115.922735, 28.704743], [115.922298, 28.704742], [115.922302, 28.704869], [115.922471, 28.704874], [115.922466, 28.704912], [115.922663, 28.704911], [115.922663, 28.704976], [115.922674, 28.705169], [115.92232, 28.705168], [115.916876, 28.705133], [115.916146, 28.705106], [115.916183, 28.703875], [115.916171, 28.703593], [115.916241, 28.703593], [115.916371, 28.703612], [115.916415, 28.702895], [115.916523, 28.701984], [115.916786, 28.700682], [115.91647, 28.700623], [115.916119, 28.700615], [115.916048, 28.700618], [115.916016, 28.699844], [115.915885, 28.696683], [115.915814, 28.695013], [115.915668, 28.691431], [115.915576, 28.6898], [115.915491, 28.688318], [115.918889, 28.688311]], [[115.917125, 28.690472], [115.917144, 28.691446], [115.918243, 28.691435], [115.920437, 28.691459], [115.920474, 28.691059], [115.920485, 28.69064], [115.919734, 28.690536], [115.919726, 28.690351], [115.918836, 28.690382], [115.918774, 28.690283], [115.918111, 28.690307], [115.918103, 28.690203], [115.917647, 28.690215], [115.917639, 28.690448], [115.917125, 28.690472]], [[115.918905, 28.693436], [115.920308, 28.693727], [115.920576, 28.693781], [115.921141, 28.693896], [115.921141, 28.694239], [115.921218, 28.694531], [115.921339, 28.694989], [115.921628, 28.695037], [115.922189, 28.694921], [115.922541, 28.694952], [115.922958, 28.695059], [115.923526, 28.695243], [115.924015, 28.695254], [115.92398, 28.694478], [115.924015, 28.694324], [115.92399, 28.694173], [115.923827, 28.693468], [115.923811, 28.692987], [115.923523, 28.692599], [115.923024, 28.692563], [115.922895, 28.692442], [115.922886, 28.692112], [115.922688, 28.692062], [115.921711, 28.692161], [115.921439, 28.692586], [115.921314, 28.693241], [115.920929, 28.693082], [115.92066, 28.692971], [115.920753, 28.692573], [115.920136, 28.6923], [115.92004, 28.692018], [115.919348, 28.691839], [115.919313, 28.691934], [115.919415, 28.69268], [115.919423, 28.693036], [115.918905, 28.693436]]], [[[115.918889, 28.688311], [115.919039, 28.686951], [115.91853, 28.686886], [115.918518, 28.687461], [115.91796, 28.687451], [115.917936, 28.687213], [115.917526, 28.687192], [115.917504, 28.687849], [115.916874, 28.687877], [115.916845, 28.687675], [115.916356, 28.687599], [115.916108, 28.686831], [115.915827, 28.68685], [115.915741, 28.685836], [115.915685, 28.685568], [115.915403, 28.685575], [115.915305, 28.684234], [115.915774, 28.684189], [115.915805, 28.684728], [115.91606, 28.684714], [115.916008, 28.684046], [115.916037, 28.683428], [115.916303, 28.683425], [115.916335, 28.683056], [115.915689, 28.683009], [115.915674, 28.683332], [115.91528, 28.683358], [115.915157, 28.680168], [115.915072, 28.678918], [115.915013, 28.678138], [115.915364, 28.67811], [115.915443, 28.677787], [115.91632, 28.677893], [115.916352, 28.677782], [115.915447, 28.677753], [115.915442, 28.677349], [115.916568, 28.677363], [115.917089, 28.677369], [115.919143, 28.677386], [115.920211, 28.677409], [115.920712, 28.677426], [115.921635, 28.677434], [115.921356, 28.678349], [115.920816, 28.680547], [115.921214, 28.680618], [115.921431, 28.679745], [115.921541, 28.679733], [115.921587, 28.679503], [115.921528, 28.679437], [115.921812, 28.678222], [115.922617, 28.67816], [115.922603, 28.678404], [115.922541, 28.679126], [115.922544, 28.679344], [115.922468, 28.679679], [115.922382, 28.680241], [115.922355, 28.680501], [115.922237, 28.681292], [115.922195, 28.681699], [115.922146, 28.682087], [115.922062, 28.682471], [115.92199, 28.682814], [115.921949, 28.683152], [115.921727, 28.684955], [115.92147, 28.687098], [115.921402, 28.687654], [115.92049, 28.687553], [115.92038, 28.688233], [115.918889, 28.688311]], [[115.919935, 28.682168], [115.920134, 28.682318], [115.920906, 28.682364], [115.920922, 28.68223], [115.921254, 28.682279], [115.921278, 28.681926], [115.921184, 28.681919], [115.92119, 28.681809], [115.920616, 28.681707], [115.920558, 28.681617], [115.919935, 28.682168]]], [[[115.928977, 28.68486], [115.928978, 28.684787], [115.929046, 28.684781], [115.929193, 28.684778], [115.929311, 28.684777], [115.929436, 28.684776], [115.929546, 28.684771], [115.929596, 28.684774], [115.929608, 28.684741], [115.929683, 28.684737], [115.929736, 28.684732], [115.929742, 28.684788], [115.92974, 28.684841], [115.92974, 28.684891], [115.929713, 28.684917], [115.929072, 28.684929], [115.928984, 28.684927], [115.928977, 28.68486]]]]}, "properties": {"display_name": "彭家桥街道, 东湖区, 南昌市, 江西省, 中国", "type": "administrative", "osm_type": "relation", "osm_id": 3227139, "class": null, "keyword": "subdistrict"}}, {"type": "Feature", "geometry": {"type": "Polygon", "coordinates": [[[115.911277, 28.635838], [115.912202, 28.635477], [115.912259, 28.634502], [115.912378, 28.6345], [115.912422, 28.63287], [115.912321, 28.632317], [115.912564, 28.631669], [115.912757, 28.631728], [115.913567, 28.631708], [115.913838, 28.630073], [115.913838, 28.629532], [115.913546, 28.629377], [115.913475, 28.629249], [115.913757, 28.629356], [115.913929, 28.629014], [115.914369, 28.629086], [115.914468, 28.628845], [115.913662, 28.628542], [115.913702, 28.628479], [115.913983, 28.628503], [115.913987, 28.628346], [115.9146, 28.628307], [115.914986, 28.626791], [115.915169, 28.626544], [115.915432, 28.626444], [115.915941, 28.626482], [115.916383, 28.626439], [115.917127, 28.626507], [115.91705, 28.625869], [115.917727, 28.625883], [115.917774, 28.625689], [115.918132, 28.625679], [115.918273, 28.625424], [115.918312, 28.625075], [115.919481, 28.625074], [115.91957, 28.625076], [115.919662, 28.625909], [115.920964, 28.626287], [115.921905, 28.626559], [115.92169, 28.625599], [115.921717, 28.624977], [115.921964, 28.624101], [115.926273, 28.624137], [115.926935, 28.625684], [115.929483, 28.629818], [115.929978, 28.630659], [115.931093, 28.632554], [115.932498, 28.634847], [115.934027, 28.637502], [115.934633, 28.638707], [115.934931, 28.638637], [115.935582, 28.640027], [115.936545, 28.641697], [115.936577, 28.641751], [115.936624, 28.641832], [115.936745, 28.64203], [115.937154, 28.642688], [115.937658, 28.643634], [115.937858, 28.644056], [115.937949, 28.644516], [115.938098, 28.645116], [115.938159, 28.645398], [115.939085, 28.64538], [115.939119, 28.645583], [115.939155, 28.645646], [115.939661, 28.646621], [115.94021, 28.647977], [115.940018, 28.64803], [115.940048, 28.648158], [115.940164, 28.64866], [115.939561, 28.648718], [115.939147, 28.648779], [115.938792, 28.648791], [115.938634, 28.648767], [115.937856, 28.648535], [115.937548, 28.648509], [115.936592, 28.648499], [115.935795, 28.648024], [115.935218, 28.647566], [115.935346, 28.647227], [115.935484, 28.646953], [115.934771, 28.646648], [115.934579, 28.646864], [115.93392, 28.646369], [115.934063, 28.6458], [115.93403, 28.645719], [115.933961, 28.645721], [115.932193, 28.642913], [115.932099, 28.64283], [115.931955, 28.642883], [115.931872, 28.642611], [115.931157, 28.641409], [115.930415, 28.64113], [115.930089, 28.640685], [115.929915, 28.640579], [115.929953, 28.640386], [115.92953, 28.639712], [115.928754, 28.639682], [115.925518, 28.639602], [115.92556, 28.639861], [115.925412, 28.639917], [115.925363, 28.640253], [115.926449, 28.640296], [115.926453, 28.640502], [115.926709, 28.640508], [115.926832, 28.64042], [115.926948, 28.64034], [115.927087, 28.640279], [115.927398, 28.640289], [115.927376, 28.640552], [115.927604, 28.641178], [115.927784, 28.641589], [115.927797, 28.643152], [115.926627, 28.643083], [115.926587, 28.642974], [115.926444, 28.642968], [115.926422, 28.643039], [115.92577, 28.643198], [115.92568, 28.642954], [115.925717, 28.642287], [115.925648, 28.642074], [115.924778, 28.642041], [115.924769, 28.642912], [115.924787, 28.643103], [115.92507, 28.645256], [115.9249, 28.645339], [115.924649, 28.645403], [115.924646, 28.64597], [115.924465, 28.646182], [115.924389, 28.646736], [115.924042, 28.646754], [115.924009, 28.645999], [115.923602, 28.645936], [115.923574, 28.64814], [115.925031, 28.647879], [115.926077, 28.648095], [115.926903, 28.648844], [115.926066, 28.649794], [115.925294, 28.650283], [115.924029, 28.650308], [115.923997, 28.650929], [115.923209, 28.650915], [115.923207, 28.64996], [115.920862, 28.64987], [115.919709, 28.649785], [115.918406, 28.650181], [115.918419, 28.650315], [115.917252, 28.650649], [115.917362, 28.650831], [115.917706, 28.651321], [115.917804, 28.651264], [115.918517, 28.652212], [115.91826, 28.652341], [115.914345, 28.647185], [115.91333, 28.645961], [115.912138, 28.644523], [115.912365, 28.644361], [115.912132, 28.643731], [115.912043, 28.643048], [115.913272, 28.643079], [115.913291, 28.642476], [115.913399, 28.640806], [115.913347, 28.640196], [115.913185, 28.640185], [115.913281, 28.639535], [115.912132, 28.639437], [115.912089, 28.637067], [115.911977, 28.63648], [115.911597, 28.636019], [115.911277, 28.635838]]]}, "properties": {"display_name": "洪都街道, 青云谱区, 南昌市, 江西省, 中国", "type": "administrative", "osm_type": "relation", "osm_id": 3881149, "class": null, "keyword": "subdistrict"}}, {"type": "Feature", "geometry": {"type": "Polygon", "coordinates": [[[115.892662, 28.658304], [115.893015, 28.658197], [115.893106, 28.658141], [115.893187, 28.658089], [115.893317, 28.658006], [115.893362, 28.657915], [115.893611, 28.657265], [115.893659, 28.657083], [115.893917, 28.656247], [115.89401, 28.655939], [115.894095, 28.655656], [115.89415, 28.655386], [115.894168, 28.655092], [115.894153, 28.654581], [115.894143, 28.654248], [115.894127, 28.65392], [115.894139, 28.653308], [115.894203, 28.652979], [115.894212, 28.652869], [115.894282, 28.652727], [115.89455, 28.65261], [115.894641, 28.652567], [115.894786, 28.652353], [115.894837, 28.652105], [115.894879, 28.651868], [115.894917, 28.651657], [115.894992, 28.651233], [115.895145, 28.650372], [115.896376, 28.650238], [115.897578, 28.650428], [115.899558, 28.650717], [115.899815, 28.650755], [115.900553, 28.650873], [115.901508, 28.651022], [115.901661, 28.651045], [115.902295, 28.651139], [115.902681, 28.651196], [115.90364, 28.651337], [115.906758, 28.651845], [115.906801, 28.651478], [115.907214, 28.647972], [115.907304, 28.647199], [115.907897, 28.647203], [115.907905, 28.647337], [115.908921, 28.647377], [115.908878, 28.647057], [115.910134, 28.646887], [115.910995, 28.646789], [115.910931, 28.646334], [115.910655, 28.644365], [115.910313, 28.642978], [115.910355, 28.642966], [115.910262, 28.642661], [115.910723, 28.642641], [115.911091, 28.643079], [115.912043, 28.643048], [115.912132, 28.643731], [115.912365, 28.644361], [115.912138, 28.644523], [115.91333, 28.645961], [115.914345, 28.647185], [115.91826, 28.652341], [115.918517, 28.652212], [115.918871, 28.652035], [115.918522, 28.651353], [115.918419, 28.650315], [115.918406, 28.650181], [115.919709, 28.649785], [115.920862, 28.64987], [115.923207, 28.64996], [115.923209, 28.650915], [115.923997, 28.650929], [115.924029, 28.650308], [115.925294, 28.650283], [115.926066, 28.649794], [115.926903, 28.648844], [115.926077, 28.648095], [115.925031, 28.647879], [115.923574, 28.64814], [115.923602, 28.645936], [115.924009, 28.645999], [115.924042, 28.646754], [115.924389, 28.646736], [115.924465, 28.646182], [115.924646, 28.64597], [115.924649, 28.645403], [115.9249, 28.645339], [115.92507, 28.645256], [115.924787, 28.643103], [115.924769, 28.642912], [115.924778, 28.642041], [115.925648, 28.642074], [115.925717, 28.642287], [115.92568, 28.642954], [115.92577, 28.643198], [115.926422, 28.643039], [115.926444, 28.642968], [115.926587, 28.642974], [115.926627, 28.643083], [115.927797, 28.643152], [115.927784, 28.641589], [115.927604, 28.641178], [115.927376, 28.640552], [115.927398, 28.640289], [115.927087, 28.640279], [115.926948, 28.64034], [115.926832, 28.64042], [115.926709, 28.640508], [115.926453, 28.640502], [115.926449, 28.640296], [115.925363, 28.640253], [115.925412, 28.639917], [115.92556, 28.639861], [115.925518, 28.639602], [115.928754, 28.639682], [115.92953, 28.639712], [115.929953, 28.640386], [115.929915, 28.640579], [115.930089, 28.640685], [115.930415, 28.64113], [115.931157, 28.641409], [115.931872, 28.642611], [115.931955, 28.642883], [115.932099, 28.64283], [115.932193, 28.642913], [115.933961, 28.645721], [115.93403, 28.645719], [115.934063, 28.6458], [115.93392, 28.646369], [115.934579, 28.646864], [115.934771, 28.646648], [115.935484, 28.646953], [115.935346, 28.647227], [115.935218, 28.647566], [115.935795, 28.648024], [115.936592, 28.648499], [115.937548, 28.648509], [115.937856, 28.648535], [115.938634, 28.648767], [115.938701, 28.648978], [115.938735, 28.649048], [115.938939, 28.649013], [115.938975, 28.649239], [115.938713, 28.649282], [115.9383, 28.649363], [115.93766, 28.649512], [115.937566, 28.649554], [115.937582, 28.64971], [115.937807, 28.649692], [115.938116, 28.649608], [115.938213, 28.649597], [115.938279, 28.649753], [115.93866, 28.650474], [115.939598, 28.652251], [115.940021, 28.65309], [115.936049, 28.654963], [115.935077, 28.655395], [115.933947, 28.655897], [115.933068, 28.656282], [115.932316, 28.65658], [115.931863, 28.656724], [115.931771, 28.656297], [115.931767, 28.655978], [115.931628, 28.65543], [115.931508, 28.654798], [115.930948, 28.654924], [115.931044, 28.655209], [115.931151, 28.655727], [115.931009, 28.656289], [115.930232, 28.656378], [115.930344, 28.656842], [115.930437, 28.657081], [115.930194, 28.657115], [115.929427, 28.65727], [115.928686, 28.657405], [115.927969, 28.657556], [115.927562, 28.657646], [115.926937, 28.657782], [115.926804, 28.657808], [115.926508, 28.657864], [115.925939, 28.657957], [115.925417, 28.658093], [115.924848, 28.658229], [115.924593, 28.658267], [115.924379, 28.658293], [115.923543, 28.65829], [115.923518, 28.657835], [115.923517, 28.656904], [115.924459, 28.656889], [115.924317, 28.656143], [115.923726, 28.656177], [115.923663, 28.655648], [115.923518, 28.655653], [115.923558, 28.655265], [115.923531, 28.654823], [115.923513, 28.654629], [115.924438, 28.654603], [115.924414, 28.654278], [115.925228, 28.65423], [115.925236, 28.655059], [115.925692, 28.655055], [115.926121, 28.654979], [115.926185, 28.654772], [115.92721, 28.654819], [115.927214, 28.654827], [115.927274, 28.654956], [115.927512, 28.6549], [115.927724, 28.654858], [115.92767, 28.654277], [115.930052, 28.653769], [115.93013, 28.653756], [115.92987, 28.653189], [115.93006, 28.653117], [115.929938, 28.652953], [115.929786, 28.653039], [115.929238, 28.653296], [115.928615, 28.653438], [115.92829, 28.653491], [115.927992, 28.652887], [115.927688, 28.652839], [115.927482, 28.652314], [115.927658, 28.652166], [115.92694, 28.650948], [115.926596, 28.651094], [115.926513, 28.653182], [115.926402, 28.653176], [115.926376, 28.653239], [115.926512, 28.653234], [115.926534, 28.653586], [115.926883, 28.653626], [115.926864, 28.653679], [115.92614, 28.653717], [115.925685, 28.653703], [115.925229, 28.653717], [115.925214, 28.653722], [115.924241, 28.653785], [115.923306, 28.653829], [115.923378, 28.654742], [115.923329, 28.655474], [115.923258, 28.655606], [115.923187, 28.655706], [115.922815, 28.655908], [115.92255, 28.655908], [115.922472, 28.65536], [115.921968, 28.65536], [115.921917, 28.655478], [115.921477, 28.655476], [115.921464, 28.655655], [115.92211, 28.655901], [115.921927, 28.656311], [115.920428, 28.65574], [115.919999, 28.654544], [115.919892, 28.6543], [115.920321, 28.654149], [115.920401, 28.653598], [115.921351, 28.65325], [115.921757, 28.653289], [115.922072, 28.653281], [115.922136, 28.652266], [115.921465, 28.652266], [115.921097, 28.652274], [115.920278, 28.652321], [115.920079, 28.652337], [115.91975, 28.652456], [115.919366, 28.652594], [115.918916, 28.652757], [115.918887, 28.653256], [115.91944, 28.653995], [115.919616, 28.6542], [115.919134, 28.654329], [115.919089, 28.654328], [115.919061, 28.654335], [115.919017, 28.654342], [115.918974, 28.654355], [115.918998, 28.654387], [115.919013, 28.654421], [115.91913, 28.654668], [115.9191, 28.654694], [115.918631, 28.654708], [115.918401, 28.654717], [115.918132, 28.654782], [115.917836, 28.654874], [115.917652, 28.654932], [115.917272, 28.654992], [115.91699, 28.655014], [115.916743, 28.655035], [115.916472, 28.655058], [115.916237, 28.655032], [115.915993, 28.65495], [115.915752, 28.654808], [115.915581, 28.654732], [115.915496, 28.654641], [115.915379, 28.654542], [115.915278, 28.654499], [115.915101, 28.655067], [115.914599, 28.65627], [115.914423, 28.656917], [115.915275, 28.656793], [115.915463, 28.657402], [115.915957, 28.657298], [115.916014, 28.656622], [115.916709, 28.656416], [115.916875, 28.656154], [115.917096, 28.655885], [115.917584, 28.65573], [115.91826, 28.655753], [115.918452, 28.655666], [115.919069, 28.655922], [115.919304, 28.655767], [115.919422, 28.655804], [115.919551, 28.656105], [115.919582, 28.656516], [115.919635, 28.656951], [115.919707, 28.657502], [115.919903, 28.657453], [115.919817, 28.657184], [115.920327, 28.657074], [115.920431, 28.657432], [115.920549, 28.658064], [115.92026, 28.658049], [115.919694, 28.658052], [115.919167, 28.658075], [115.918785, 28.658082], [115.918036, 28.658124], [115.916518, 28.6582], [115.914999, 28.658281], [115.914055, 28.658339], [115.913854, 28.658348], [115.913405, 28.658387], [115.912965, 28.658417], [115.912559, 28.658438], [115.912148, 28.658468], [115.910975, 28.658542], [115.910383, 28.658581], [115.909781, 28.658615], [115.908942, 28.658562], [115.908449, 28.658509], [115.907924, 28.658463], [115.90723, 28.658382], [115.906582, 28.658348], [115.905971, 28.658335], [115.902117, 28.658378], [115.900639, 28.658395], [115.899621, 28.65839], [115.897768, 28.658379], [115.894345, 28.658358], [115.893555, 28.658358], [115.893111, 28.658358], [115.892708, 28.658354], [115.892662, 28.658304]], [[115.915797, 28.653294], [115.916372, 28.65385], [115.916488, 28.653845], [115.916683, 28.653941], [115.917232, 28.653626], [115.917277, 28.653686], [115.917391, 28.653839], [115.917156, 28.654014], [115.917759, 28.653895], [115.917966, 28.653867], [115.918196, 28.654043], [115.918441, 28.653996], [115.91882, 28.653841], [115.918788, 28.653783], [115.918431, 28.653164], [115.917995, 28.65263], [115.917579, 28.651995], [115.91752, 28.651927], [115.917047, 28.651295], [115.916139, 28.651755], [115.915998, 28.652874], [115.915797, 28.653294]]]}, "properties": {"display_name": "徐家坊街道, 青云谱区, 南昌市, 江西省, 330026, 中国", "type": "administrative", "osm_type": "relation", "osm_id": 3880746, "class": null, "keyword": "subdistrict"}}, {"type": "Feature", "geometry": {"type": "Polygon", "coordinates": [[[115.87241, 28.696124], [115.878804, 28.692121], [115.879119, 28.691941], [115.880006, 28.691434], [115.880604, 28.691249], [115.881109, 28.691135], [115.881403, 28.691086], [115.881793, 28.691069], [115.882161, 28.69107], [115.883589, 28.691131], [115.885202, 28.691231], [115.885517, 28.691251], [115.885695, 28.691262], [115.886647, 28.691362], [115.88935, 28.691646], [115.889529, 28.691665], [115.890033, 28.691679], [115.892093, 28.691452], [115.893868, 28.691256], [115.896944, 28.690917], [115.897235, 28.690886], [115.897238, 28.691397], [115.897321, 28.692034], [115.897494, 28.692828], [115.897719, 28.693448], [115.898103, 28.694098], [115.898407, 28.694454], [115.898825, 28.694876], [115.899493, 28.695414], [115.900348, 28.696047], [115.90062, 28.696249], [115.903447, 28.698468], [115.899581, 28.699752], [115.899661, 28.700001], [115.900737, 28.700879], [115.901206, 28.702472], [115.901241, 28.703518], [115.899127, 28.704455], [115.89811, 28.705522], [115.897425, 28.706337], [115.897006, 28.706835], [115.895602, 28.708042], [115.894959, 28.707664], [115.893157, 28.706944], [115.891911, 28.706595], [115.890418, 28.706468], [115.888072, 28.706305], [115.883745, 28.706369], [115.882983, 28.706381], [115.882719, 28.706366], [115.882307, 28.706362], [115.882047, 28.706349], [115.881998, 28.706335], [115.881286, 28.708102], [115.881001, 28.707625], [115.880763, 28.70727], [115.879728, 28.705565], [115.875846, 28.700097], [115.875753, 28.69996], [115.875655, 28.699915], [115.875639, 28.69989], [115.875662, 28.69974], [115.875657, 28.699734], [115.874535, 28.698465], [115.87241, 28.696124]]]}, "properties": {"display_name": "豫章街道, 东湖区, 南昌市, 江西省, 中国", "type": "administrative", "osm_type": "relation", "osm_id": 3227192, "class": null, "keyword": "subdistrict"}}, {"type": "Feature", "geometry": {"type": "Polygon", "coordinates": [[[115.709721, 28.693642], [115.709732, 28.693534], [115.70975, 28.693489], [115.709803, 28.69343], [115.710005, 28.693313], [115.710506, 28.693098], [115.710709, 28.692995], [115.710997, 28.692903], [115.711319, 28.692879], [115.71146, 28.6928], [115.711527, 28.692779], [115.711985, 28.692728], [115.712274, 28.692597], [115.712462, 28.692572], [115.712497, 28.692554], [115.712533, 28.692466], [115.712538, 28.69219], [115.712521, 28.692128], [115.712442, 28.69206], [115.71241, 28.692009], [115.712402, 28.691858], [115.712355, 28.691741], [115.712349, 28.691685], [115.71299, 28.691712], [115.713214, 28.691808], [115.713624, 28.691755], [115.713799, 28.69171], [115.713589, 28.689855], [115.712923, 28.689964], [115.712842, 28.6897], [115.712828, 28.689657], [115.713097, 28.689561], [115.713652, 28.689359], [115.713793, 28.689282], [115.71384, 28.689235], [115.713957, 28.689138], [115.713979, 28.689102], [115.714047, 28.68904], [115.714204, 28.688994], [115.71421, 28.688955], [115.714233, 28.68894], [115.714528, 28.688972], [115.715165, 28.689003], [115.7152, 28.689018], [115.715215, 28.689231], [115.715183, 28.689361], [115.715138, 28.689386], [115.714832, 28.689421], [115.714785, 28.689466], [115.714796, 28.690114], [115.715009, 28.690125], [115.715031, 28.690137], [115.715039, 28.690322], [115.715082, 28.690355], [115.715299, 28.690368], [115.715769, 28.690354], [115.715811, 28.690366], [115.715833, 28.690418], [115.715848, 28.690898], [115.715871, 28.690984], [115.715897, 28.690995], [115.71634, 28.691009], [115.716384, 28.691361], [115.716407, 28.691437], [115.716445, 28.691475], [115.716636, 28.691499], [115.71695, 28.691509], [115.716991, 28.691522], [115.717013, 28.691568], [115.717042, 28.69182], [115.717075, 28.692586], [115.717067, 28.69262], [115.717026, 28.692651], [115.716744, 28.692674], [115.716709, 28.692701], [115.716638, 28.692844], [115.716543, 28.692962], [115.716538, 28.693156], [115.716526, 28.693192], [115.716485, 28.693232], [115.716399, 28.693262], [115.716251, 28.693282], [115.715468, 28.693303], [115.715426, 28.69333], [115.715405, 28.693384], [115.71533, 28.693422], [115.714913, 28.693491], [115.714892, 28.693517], [115.714859, 28.693656], [115.714671, 28.693738], [115.714663, 28.693779], [115.714769, 28.69386], [115.714885, 28.693936], [115.715003, 28.693985], [115.715126, 28.694006], [115.715314, 28.693959], [115.715391, 28.693971], [115.715471, 28.694064], [115.715563, 28.694132], [115.715532, 28.694223], [115.715534, 28.694334], [115.715519, 28.694379], [115.715302, 28.694486], [115.715096, 28.694533], [115.714836, 28.694546], [115.713842, 28.694465], [115.713802, 28.694473], [115.713797, 28.694521], [115.713932, 28.694614], [115.713973, 28.694661], [115.713983, 28.694701], [115.713961, 28.694799], [115.713982, 28.69482], [115.714459, 28.69487], [115.714654, 28.69491], [115.714754, 28.694961], [115.714796, 28.695024], [115.71483, 28.695205], [115.714917, 28.695384], [115.714924, 28.695548], [115.715015, 28.695815], [115.715012, 28.695894], [115.714933, 28.696079], [115.714927, 28.696253], [115.714942, 28.696281], [115.715067, 28.696372], [115.7151, 28.69642], [115.715122, 28.696583], [115.715123, 28.696838], [115.715178, 28.697088], [115.715353, 28.697589], [115.715467, 28.697853], [115.715517, 28.698151], [115.71555, 28.698222], [115.715649, 28.698355], [115.716029, 28.698741], [115.71613, 28.698826], [115.716185, 28.698841], [115.716357, 28.698837], [115.716404, 28.698846], [115.716475, 28.698893], [115.716581, 28.698991], [115.717038, 28.699561], [115.71727, 28.699761], [115.71744, 28.699884], [115.717666, 28.700016], [115.718018, 28.70028], [115.718218, 28.700387], [115.718501, 28.700507], [115.718535, 28.700541], [115.718547, 28.700683], [115.718575, 28.70073], [115.7188, 28.700893], [115.718872, 28.700922], [115.719144, 28.70098], [115.719252, 28.701554], [115.71925, 28.701626], [115.719222, 28.701661], [115.719172, 28.701677], [115.719059, 28.701683], [115.71887, 28.701668], [115.718826, 28.701683], [115.718808, 28.701708], [115.718805, 28.701771], [115.718874, 28.701875], [115.718891, 28.701927], [115.718982, 28.702365], [115.718963, 28.702393], [115.718792, 28.702445], [115.718703, 28.702497], [115.718622, 28.702561], [115.718599, 28.702599], [115.718611, 28.702692], [115.718756, 28.702832], [115.718813, 28.702868], [115.718899, 28.702894], [115.718983, 28.702894], [115.719127, 28.702853], [115.719731, 28.702528], [115.720824, 28.702013], [115.721459, 28.701806], [115.721905, 28.701704], [115.722397, 28.701527], [115.722548, 28.701453], [115.723236, 28.701038], [115.723436, 28.700946], [115.723621, 28.700881], [115.723947, 28.700824], [115.72426, 28.700811], [115.725202, 28.700828], [115.725309, 28.700803], [115.72563, 28.700226], [115.725655, 28.70012], [115.725635, 28.699968], [115.725493, 28.699755], [115.725214, 28.699432], [115.72478, 28.698786], [115.724676, 28.698662], [115.724614, 28.698543], [115.724622, 28.69847], [115.724669, 28.698419], [115.724896, 28.698385], [115.725704, 28.698335], [115.725994, 28.698231], [115.726255, 28.698111], [115.726333, 28.698048], [115.726347, 28.697978], [115.726424, 28.697872], [115.726433, 28.697785], [115.726474, 28.697731], [115.726599, 28.697609], [115.726751, 28.697527], [115.726802, 28.697432], [115.726951, 28.697332], [115.727271, 28.697198], [115.72742, 28.697176], [115.727481, 28.697203], [115.727516, 28.69725], [115.727526, 28.697331], [115.727482, 28.697378], [115.72706, 28.697582], [115.727039, 28.697604], [115.726958, 28.69783], [115.726876, 28.697903], [115.726849, 28.697991], [115.726764, 28.698048], [115.726739, 28.698094], [115.726685, 28.698276], [115.726491, 28.698431], [115.726186, 28.698738], [115.726052, 28.698849], [115.725978, 28.698963], [115.725989, 28.699026], [115.726157, 28.699099], [115.726287, 28.699113], [115.726477, 28.699092], [115.72654, 28.699104], [115.726571, 28.699309], [115.726611, 28.699435], [115.726688, 28.699483], [115.726889, 28.699506], [115.726959, 28.699647], [115.727043, 28.699695], [115.727272, 28.699711], [115.727781, 28.699703], [115.727928, 28.699674], [115.727963, 28.699652], [115.728045, 28.699544], [115.728098, 28.699296], [115.728123, 28.699268], [115.728249, 28.699222], [115.728275, 28.699247], [115.728281, 28.69931], [115.728285, 28.69974], [115.728323, 28.699818], [115.728374, 28.699833], [115.728506, 28.699825], [115.728981, 28.699737], [115.729098, 28.699699], [115.72915, 28.699661], [115.729173, 28.699612], [115.729202, 28.69915], [115.729218, 28.69909], [115.729267, 28.699039], [115.729366, 28.699022], [115.729505, 28.699023], [115.729789, 28.699065], [115.729815, 28.699091], [115.729822, 28.6992], [115.729867, 28.699262], [115.730054, 28.699359], [115.730265, 28.699403], [115.730482, 28.699377], [115.730608, 28.699332], [115.73066, 28.699275], [115.730719, 28.69913], [115.730756, 28.699093], [115.731305, 28.699106], [115.731372, 28.699087], [115.73142, 28.699004], [115.731469, 28.698996], [115.731647, 28.69908], [115.731993, 28.699099], [115.732046, 28.699133], [115.732046, 28.699198], [115.731922, 28.699798], [115.731797, 28.700156], [115.731734, 28.700442], [115.731315, 28.701519], [115.731208, 28.701736], [115.731118, 28.70188], [115.730522, 28.70271], [115.730477, 28.702922], [115.730469, 28.703061], [115.73054, 28.703248], [115.730561, 28.703273], [115.730586, 28.703276], [115.730614, 28.703263], [115.730658, 28.703205], [115.730819, 28.703116], [115.730974, 28.703005], [115.731599, 28.702503], [115.731768, 28.702383], [115.731956, 28.702222], [115.732144, 28.70201], [115.732431, 28.701626], [115.732997, 28.700765], [115.734282, 28.69875], [115.734839, 28.697857], [115.734958, 28.69764], [115.735019, 28.697588], [115.735094, 28.697456], [115.735446, 28.697663], [115.735739, 28.6977], [115.735999, 28.697585], [115.736306, 28.697461], [115.736447, 28.697371], [115.736791, 28.697028], [115.738057, 28.697107], [115.739188, 28.697222], [115.739379, 28.69742], [115.739464, 28.697476], [115.739561, 28.697492], [115.739806, 28.697715], [115.73997, 28.697949], [115.739753, 28.698247], [115.739665, 28.698291], [115.73944, 28.698653], [115.739224, 28.698875], [115.739018, 28.699045], [115.738539, 28.699384], [115.737975, 28.699845], [115.737455, 28.700238], [115.737163, 28.700439], [115.737052, 28.70055], [115.737046, 28.700594], [115.737062, 28.700627], [115.73745, 28.700933], [115.738052, 28.701369], [115.738444, 28.701678], [115.738531, 28.701725], [115.738582, 28.701729], [115.738627, 28.701704], [115.738882, 28.701469], [115.73893, 28.701445], [115.738982, 28.701449], [115.741857, 28.699811], [115.742201, 28.700338], [115.741637, 28.701425], [115.740634, 28.702267], [115.740355, 28.702601], [115.740403, 28.703289], [115.740411, 28.703517], [115.740437, 28.703568], [115.740541, 28.703599], [115.740848, 28.703625], [115.741071, 28.703667], [115.741147, 28.703717], [115.74116, 28.703768], [115.741108, 28.704003], [115.741001, 28.704226], [115.740964, 28.70435], [115.740907, 28.704447], [115.740791, 28.704534], [115.740689, 28.70455], [115.740569, 28.704545], [115.740308, 28.704427], [115.740251, 28.704418], [115.74021, 28.704427], [115.740079, 28.704537], [115.739962, 28.704531], [115.73986, 28.704501], [115.739723, 28.704418], [115.739631, 28.704392], [115.739465, 28.704354], [115.739411, 28.704354], [115.739364, 28.704377], [115.739353, 28.704449], [115.739422, 28.704626], [115.739549, 28.704863], [115.739683, 28.705061], [115.739754, 28.705243], [115.739947, 28.705551], [115.739972, 28.705633], [115.739951, 28.705697], [115.739878, 28.705729], [115.739594, 28.705773], [115.738841, 28.705927], [115.738191, 28.706125], [115.738112, 28.706158], [115.73806, 28.706211], [115.738064, 28.706255], [115.738194, 28.70639], [115.738379, 28.706511], [115.738377, 28.706568], [115.738246, 28.70667], [115.738206, 28.70673], [115.738213, 28.706795], [115.73826, 28.706861], [115.738579, 28.707119], [115.73872, 28.70726], [115.738959, 28.70735], [115.739078, 28.707417], [115.739223, 28.707559], [115.739406, 28.707781], [115.739586, 28.708048], [115.739789, 28.708292], [115.739871, 28.708433], [115.740007, 28.708562], [115.740247, 28.708698], [115.740287, 28.708781], [115.740383, 28.708899], [115.740398, 28.708931], [115.740392, 28.709017], [115.74034, 28.709063], [115.740172, 28.70906], [115.74011, 28.709035], [115.740017, 28.708971], [115.739993, 28.708976], [115.739967, 28.70902], [115.739921, 28.709183], [115.739848, 28.709309], [115.739656, 28.709478], [115.739573, 28.709561], [115.739541, 28.709614], [115.739567, 28.709672], [115.739793, 28.709792], [115.740017, 28.709967], [115.740119, 28.710146], [115.740264, 28.71032], [115.740411, 28.710553], [115.74042, 28.710658], [115.740377, 28.710726], [115.740311, 28.710779], [115.740196, 28.71082], [115.74002, 28.710823], [115.739701, 28.710798], [115.739247, 28.710615], [115.739213, 28.710619], [115.738851, 28.710844], [115.738797, 28.71087], [115.738755, 28.710871], [115.738627, 28.710821], [115.738608, 28.7108], [115.738601, 28.710738], [115.738659, 28.710545], [115.738607, 28.710428], [115.7385, 28.710362], [115.738177, 28.710208], [115.737821, 28.710092], [115.737795, 28.710093], [115.737753, 28.710125], [115.73768, 28.710215], [115.737629, 28.71031], [115.737601, 28.710516], [115.737555, 28.710658], [115.737374, 28.71083], [115.737285, 28.710845], [115.737058, 28.710785], [115.736682, 28.710623], [115.736621, 28.710569], [115.736617, 28.710527], [115.736743, 28.710345], [115.7369, 28.71], [115.736907, 28.709816], [115.736898, 28.709693], [115.737142, 28.709094], [115.736595, 28.708454], [115.737045, 28.708158], [115.735913, 28.706605], [115.735045, 28.706351], [115.734347, 28.70844], [115.733478, 28.710391], [115.733274, 28.711043], [115.733262, 28.711135], [115.73332, 28.711184], [115.734138, 28.711432], [115.73424, 28.711155], [115.735173, 28.711409], [115.735143, 28.711717], [115.735317, 28.711776], [115.735701, 28.711954], [115.735819, 28.712042], [115.735689, 28.712308], [115.735626, 28.712451], [115.735449, 28.712919], [115.735441, 28.713306], [115.735624, 28.713558], [115.735738, 28.71389], [115.735802, 28.714665], [115.735792, 28.714902], [115.735739, 28.715032], [115.735721, 28.715163], [115.735661, 28.715221], [115.735568, 28.715253], [115.735506, 28.715245], [115.735452, 28.715206], [115.735248, 28.715064], [115.734999, 28.715385], [115.734218, 28.715991], [115.733687, 28.716165], [115.733183, 28.716198], [115.732647, 28.716024], [115.730884, 28.714739], [115.730719, 28.71464], [115.729975, 28.714178], [115.729603, 28.71397], [115.729254, 28.713713], [115.729171, 28.713686], [115.729124, 28.713711], [115.728782, 28.713115], [115.728171, 28.712595], [115.727734, 28.712373], [115.726393, 28.713649], [115.726353, 28.713671], [115.726254, 28.713651], [115.725513, 28.714285], [115.725228, 28.714568], [115.724959, 28.714792], [115.724672, 28.71506], [115.724427, 28.715207], [115.724315, 28.715255], [115.724216, 28.715274], [115.72415, 28.71526], [115.724121, 28.715225], [115.723855, 28.714677], [115.723815, 28.714647], [115.723519, 28.714795], [115.723199, 28.714903], [115.723042, 28.714932], [115.722883, 28.714941], [115.722838, 28.714929], [115.722785, 28.714868], [115.722785, 28.714802], [115.722819, 28.714757], [115.723405, 28.714508], [115.723645, 28.714464], [115.723705, 28.714431], [115.723715, 28.714363], [115.723411, 28.713666], [115.722731, 28.712267], [115.721766, 28.710497], [115.721731, 28.710358], [115.72162, 28.709304], [115.721533, 28.708292], [115.721505, 28.707689], [115.721477, 28.707538], [115.720597, 28.707636], [115.720254, 28.707681], [115.720049, 28.707599], [115.720022, 28.707621], [115.719943, 28.707636], [115.719893, 28.707614], [115.719669, 28.707327], [115.719485, 28.707137], [115.718436, 28.707273], [115.718447, 28.706101], [115.716897, 28.706078], [115.716768, 28.706403], [115.716258, 28.706181], [115.71617, 28.706259], [115.715926, 28.706285], [115.715928, 28.706139], [115.715443, 28.705852], [115.714896, 28.707108], [115.714091, 28.70749], [115.712122, 28.70749], [115.711972, 28.70756], [115.711784, 28.707494], [115.711747, 28.707306], [115.71187, 28.706713], [115.711811, 28.70629], [115.711978, 28.705777], [115.712342, 28.70572], [115.712519, 28.705386], [115.713013, 28.70509], [115.713045, 28.704516], [115.712589, 28.704422], [115.712589, 28.70413], [115.712181, 28.704107], [115.711991, 28.703914], [115.711942, 28.70391], [115.711917, 28.703881], [115.71191, 28.703758], [115.711941, 28.703425], [115.71203, 28.703324], [115.712156, 28.703249], [115.712232, 28.703081], [115.712205, 28.702985], [115.712094, 28.70279], [115.71209, 28.702752], [115.712123, 28.702669], [115.712127, 28.70261], [115.712104, 28.702589], [115.711996, 28.702571], [115.711975, 28.702555], [115.711969, 28.702502], [115.711984, 28.702449], [115.712038, 28.702391], [115.712124, 28.702377], [115.712474, 28.702452], [115.712565, 28.702509], [115.712624, 28.702504], [115.713716, 28.702041], [115.71393, 28.701999], [115.714585, 28.701613], [115.714295, 28.701105], [115.714193, 28.700596], [115.713549, 28.700559], [115.712991, 28.700564], [115.7129, 28.700352], [115.712552, 28.700568], [115.711994, 28.701453], [115.711634, 28.701072], [115.711267, 28.700235], [115.711292, 28.699898], [115.711344, 28.699524], [115.711892, 28.699265], [115.711479, 28.698427], [115.711296, 28.697726], [115.711693, 28.69702], [115.714096, 28.696314], [115.714, 28.695957], [115.712428, 28.696314], [115.712358, 28.695926], [115.712323, 28.695792], [115.7123, 28.695755], [115.712271, 28.695746], [115.712011, 28.695728], [115.711724, 28.69579], [115.711615, 28.695841], [115.711236, 28.695918], [115.711209, 28.695952], [115.711168, 28.696082], [115.711077, 28.696098], [115.710938, 28.696163], [115.710873, 28.696296], [115.710679, 28.696364], [115.710531, 28.696377], [115.710497, 28.696328], [115.710525, 28.696238], [115.710617, 28.696169], [115.710652, 28.696103], [115.710881, 28.695969], [115.710899, 28.695869], [115.710962, 28.695798], [115.710976, 28.695761], [115.710991, 28.695621], [115.710958, 28.695536], [115.710868, 28.695473], [115.710747, 28.695356], [115.710553, 28.695222], [115.7105, 28.695142], [115.710538, 28.695076], [115.710627, 28.694996], [115.71069, 28.694983], [115.710846, 28.695095], [115.710947, 28.6952], [115.711038, 28.695246], [115.711168, 28.695247], [115.711612, 28.695126], [115.711682, 28.695088], [115.711719, 28.695025], [115.711729, 28.694781], [115.711741, 28.694737], [115.711799, 28.694656], [115.711919, 28.694575], [115.712181, 28.69451], [115.71222, 28.694475], [115.712236, 28.694418], [115.711877, 28.694323], [115.711902, 28.694187], [115.711892, 28.694019], [115.711999, 28.69375], [115.712192, 28.693552], [115.712308, 28.69344], [115.712468, 28.693449], [115.712636, 28.693461], [115.713281, 28.693537], [115.71321, 28.693279], [115.713141, 28.693127], [115.713111, 28.693007], [115.713095, 28.692914], [115.713003, 28.692886], [115.712686, 28.692912], [115.712163, 28.693018], [115.711678, 28.69317], [115.71157, 28.693189], [115.711467, 28.693169], [115.711249, 28.693031], [115.711198, 28.693014], [115.711024, 28.693009], [115.710927, 28.693033], [115.710863, 28.693086], [115.710865, 28.693186], [115.7109, 28.693337], [115.710875, 28.693418], [115.71067, 28.693473], [115.710565, 28.693583], [115.710448, 28.693746], [115.710366, 28.69381], [115.710284, 28.693838], [115.710126, 28.693845], [115.709859, 28.693783], [115.709804, 28.693756], [115.709739, 28.693694], [115.709721, 28.693642]]]}, "properties": {"display_name": "幸福街道, 湾里管理局, 新建区, 南昌市, 江西省, 中国", "type": "administrative", "osm_type": "relation", "osm_id": 4682017, "class": null, "keyword": "subdistrict"}}, {"type": "Feature", "geometry": {"type": "MultiPolygon", "coordinates": [[[[115.901809, 28.639225], [115.901902, 28.637818], [115.90211, 28.633774], [115.902233, 28.6322], [115.902303, 28.631099], [115.902327, 28.63079], [115.902376, 28.629957], [115.902421, 28.62923], [115.902438, 28.628698], [115.904554, 28.628772], [115.904709, 28.628772], [115.904712, 28.628742], [115.904805, 28.627857], [115.904906, 28.627817], [115.90496, 28.627716], [115.904962, 28.627528], [115.905029, 28.627078], [115.904997, 28.626468], [115.905963, 28.62648], [115.905936, 28.627636], [115.906033, 28.627678], [115.90603, 28.627949], [115.906088, 28.628164], [115.906214, 28.628223], [115.906267, 28.628783], [115.909284, 28.628768], [115.90967, 28.628766], [115.910002, 28.628771], [115.911146, 28.623951], [115.911338, 28.623949], [115.911306, 28.623789], [115.911059, 28.623836], [115.910942, 28.622734], [115.910899, 28.622371], [115.910265, 28.622461], [115.909892, 28.622388], [115.909872, 28.622185], [115.908911, 28.622331], [115.908846, 28.622188], [115.908067, 28.622097], [115.908201, 28.621842], [115.908004, 28.621762], [115.908018, 28.621489], [115.907197, 28.621568], [115.906955, 28.621479], [115.906837, 28.621159], [115.905711, 28.621126], [115.905909, 28.620287], [115.904665, 28.620118], [115.904734, 28.61984], [115.905953, 28.619936], [115.905897, 28.620145], [115.906269, 28.62017], [115.906317, 28.619996], [115.906813, 28.619986], [115.906867, 28.620191], [115.907328, 28.620172], [115.908054, 28.62023], [115.908947, 28.620491], [115.909076, 28.619778], [115.90958, 28.619832], [115.909564, 28.620079], [115.909432, 28.620079], [115.90944, 28.620602], [115.909985, 28.62076], [115.91041, 28.620763], [115.910388, 28.620925], [115.910376, 28.620959], [115.912383, 28.621545], [115.912753, 28.621634], [115.912918, 28.621072], [115.913151, 28.620105], [115.913227, 28.61969], [115.913308, 28.619561], [115.913354, 28.619416], [115.913394, 28.619233], [115.913361, 28.618976], [115.91414, 28.616121], [115.914506, 28.616182], [115.914862, 28.616226], [115.915053, 28.615676], [115.915299, 28.615379], [115.914723, 28.614795], [115.91502, 28.6137], [115.915169, 28.613291], [115.917558, 28.613805], [115.918411, 28.614064], [115.919213, 28.612645], [115.918371, 28.61231], [115.918403, 28.612169], [115.917968, 28.612014], [115.918022, 28.611877], [115.917845, 28.611807], [115.917963, 28.611609], [115.917738, 28.611467], [115.919196, 28.610037], [115.918808, 28.609204], [115.919173, 28.608873], [115.920221, 28.609392], [115.920946, 28.609638], [115.921352, 28.609017], [115.919758, 28.608206], [115.920187, 28.607763], [115.92082, 28.607048], [115.921549, 28.605942], [115.922362, 28.605064], [115.923703, 28.605741], [115.923905, 28.605004], [115.925136, 28.604996], [115.925174, 28.604596], [115.926389, 28.605097], [115.926165, 28.605771], [115.926566, 28.605871], [115.926497, 28.606054], [115.926253, 28.606018], [115.926211, 28.606377], [115.926201, 28.606541], [115.926906, 28.606491], [115.92702, 28.606083], [115.927484, 28.605967], [115.927665, 28.606313], [115.928429, 28.606352], [115.928464, 28.607457], [115.927538, 28.607596], [115.9276, 28.608808], [115.92751, 28.609359], [115.926383, 28.609383], [115.926032, 28.609289], [115.925894, 28.609137], [115.925181, 28.609093], [115.925117, 28.608972], [115.924335, 28.609047], [115.923473, 28.609047], [115.923113, 28.609244], [115.923022, 28.609475], [115.923172, 28.609729], [115.922857, 28.610456], [115.924768, 28.610919], [115.925693, 28.611078], [115.926903, 28.611155], [115.927746, 28.611135], [115.927783, 28.611413], [115.928325, 28.611404], [115.928314, 28.61182], [115.927794, 28.611865], [115.927799, 28.612449], [115.92891, 28.612454], [115.92891, 28.611102], [115.933746, 28.611074], [115.938042, 28.610789], [115.938032, 28.610995], [115.938025, 28.611096], [115.938204, 28.611298], [115.938186, 28.611498], [115.938164, 28.611663], [115.938174, 28.612032], [115.937775, 28.612062], [115.937641, 28.612497], [115.937453, 28.613042], [115.937321, 28.613426], [115.937149, 28.613918], [115.936898, 28.614606], [115.93686, 28.614693], [115.93303, 28.61425], [115.931479, 28.614127], [115.923591, 28.61422], [115.922524, 28.614012], [115.921608, 28.613615], [115.921273, 28.613407], [115.920384, 28.612613], [115.920762, 28.613515], [115.920928, 28.614354], [115.920429, 28.616195], [115.919687, 28.61974], [115.919791, 28.620311], [115.919828, 28.620891], [115.919503, 28.621142], [115.919516, 28.621846], [115.919393, 28.622032], [115.919226, 28.622364], [115.919028, 28.622567], [115.91979, 28.62259], [115.919763, 28.624081], [115.921964, 28.624101], [115.921717, 28.624977], [115.92169, 28.625599], [115.921905, 28.626559], [115.920964, 28.626287], [115.919662, 28.625909], [115.91957, 28.625076], [115.919481, 28.625074], [115.918312, 28.625075], [115.918273, 28.625424], [115.918132, 28.625679], [115.917774, 28.625689], [115.917727, 28.625883], [115.91705, 28.625869], [115.917127, 28.626507], [115.916383, 28.626439], [115.915941, 28.626482], [115.915432, 28.626444], [115.915169, 28.626544], [115.914986, 28.626791], [115.9146, 28.628307], [115.913987, 28.628346], [115.913983, 28.628503], [115.913702, 28.628479], [115.913662, 28.628542], [115.914468, 28.628845], [115.914369, 28.629086], [115.913929, 28.629014], [115.913757, 28.629356], [115.913475, 28.629249], [115.913546, 28.629377], [115.913838, 28.629532], [115.913838, 28.630073], [115.913567, 28.631708], [115.912757, 28.631728], [115.912564, 28.631669], [115.912321, 28.632317], [115.912422, 28.63287], [115.912378, 28.6345], [115.912259, 28.634502], [115.912202, 28.635477], [115.911277, 28.635838], [115.911597, 28.636019], [115.911977, 28.63648], [115.912089, 28.637067], [115.912132, 28.639437], [115.913281, 28.639535], [115.913185, 28.640185], [115.913347, 28.640196], [115.913399, 28.640806], [115.913291, 28.642476], [115.913272, 28.643079], [115.912043, 28.643048], [115.911091, 28.643079], [115.910723, 28.642641], [115.910262, 28.642661], [115.91005, 28.641903], [115.908306, 28.642049], [115.909153, 28.639782], [115.909308, 28.639347], [115.908675, 28.639042], [115.907683, 28.639059], [115.907213, 28.639101], [115.904742, 28.639157], [115.902744, 28.639204], [115.902721, 28.639204], [115.901888, 28.639223], [115.901809, 28.639225]]], [[[115.907664, 28.64679], [115.9077, 28.646347], [115.908143, 28.646099], [115.9085, 28.645912], [115.908515, 28.645566], [115.908715, 28.645466], [115.908779, 28.644996], [115.908933, 28.645095], [115.909068, 28.645126], [115.90912, 28.645271], [115.909173, 28.645539], [115.909281, 28.645847], [115.908787, 28.646066], [115.908811, 28.646297], [115.908492, 28.64637], [115.908548, 28.646624], [115.908763, 28.6466], [115.908854, 28.64696], [115.908509, 28.646981], [115.908201, 28.646978], [115.90819, 28.646887], [115.907664, 28.64679]]], [[[115.909147, 28.644531], [115.909255, 28.644155], [115.909748, 28.644192], [115.909772, 28.643966], [115.909992, 28.643785], [115.909979, 28.643597], [115.909855, 28.643594], [115.909842, 28.643303], [115.910049, 28.643284], [115.909992, 28.643048], [115.910313, 28.642978], [115.910655, 28.644365], [115.910931, 28.646334], [115.909908, 28.646501], [115.909672, 28.645791], [115.909554, 28.645647], [115.909505, 28.645453], [115.909562, 28.645437], [115.909788, 28.64547], [115.910132, 28.645539], [115.9107, 28.645452], [115.91055, 28.644988], [115.910438, 28.644505], [115.909762, 28.644583], [115.909147, 28.644531]]]]}, "properties": {"display_name": "三家店街道, 青云谱区, 南昌市, 江西省, 中国", "type": "administrative", "osm_type": "relation", "osm_id": 3880653, "class": null, "keyword": "subdistrict"}}, {"type": "Feature", "geometry": {"type": "Polygon", "coordinates": [[[115.895602, 28.708042], [115.897006, 28.706835], [115.897425, 28.706337], [115.89811, 28.705522], [115.899127, 28.704455], [115.901241, 28.703518], [115.901206, 28.702472], [115.900737, 28.700879], [115.899661, 28.700001], [115.899581, 28.699752], [115.903447, 28.698468], [115.90062, 28.696249], [115.900348, 28.696047], [115.899493, 28.695414], [115.898825, 28.694876], [115.898407, 28.694454], [115.898103, 28.694098], [115.897719, 28.693448], [115.897494, 28.692828], [115.897321, 28.692034], [115.897238, 28.691397], [115.897235, 28.690886], [115.897328, 28.690587], [115.897501, 28.69022], [115.897641, 28.689907], [115.897829, 28.689404], [115.898288, 28.688344], [115.89834, 28.688189], [115.899169, 28.688206], [115.899407, 28.688219], [115.900818, 28.688258], [115.901145, 28.688275], [115.902338, 28.688307], [115.902804, 28.688314], [115.903049, 28.688324], [115.903269, 28.688324], [115.904156, 28.688359], [115.906209, 28.68838], [115.906431, 28.688385], [115.907501, 28.688377], [115.911257, 28.688351], [115.911232, 28.69106], [115.911485, 28.691049], [115.911497, 28.690671], [115.912196, 28.690558], [115.912157, 28.689666], [115.913017, 28.689675], [115.913141, 28.689663], [115.913235, 28.689658], [115.913276, 28.689673], [115.914107, 28.689674], [115.914109, 28.689579], [115.913496, 28.689598], [115.91346, 28.68961], [115.913009, 28.689615], [115.912984, 28.6892], [115.913586, 28.689183], [115.913516, 28.688332], [115.914222, 28.688327], [115.914256, 28.689508], [115.914645, 28.689512], [115.914642, 28.689399], [115.915195, 28.689207], [115.915273, 28.689385], [115.915289, 28.689826], [115.915576, 28.6898], [115.915668, 28.691431], [115.91544, 28.69144], [115.914407, 28.691425], [115.914405, 28.692621], [115.914301, 28.693099], [115.913557, 28.694388], [115.913106, 28.694299], [115.913252, 28.693986], [115.911996, 28.693933], [115.912031, 28.693694], [115.912086, 28.693428], [115.9122, 28.693375], [115.912138, 28.693244], [115.91198, 28.693218], [115.912012, 28.693041], [115.91224, 28.693062], [115.912252, 28.692906], [115.912618, 28.692851], [115.913138, 28.692847], [115.913546, 28.693091], [115.91402, 28.693187], [115.914168, 28.692785], [115.914197, 28.692287], [115.913588, 28.692285], [115.913553, 28.692049], [115.913057, 28.692082], [115.913004, 28.691862], [115.911582, 28.691796], [115.911239, 28.691698], [115.911252, 28.692329], [115.911477, 28.692332], [115.911511, 28.692728], [115.910533, 28.692922], [115.910535, 28.693075], [115.910224, 28.693132], [115.910188, 28.693942], [115.910842, 28.694053], [115.911355, 28.69434], [115.911464, 28.694463], [115.91179, 28.694374], [115.912085, 28.694247], [115.912667, 28.694275], [115.912611, 28.694755], [115.913181, 28.694886], [115.91257, 28.695383], [115.912082, 28.695744], [115.911141, 28.696241], [115.910768, 28.696425], [115.909171, 28.696876], [115.909277, 28.697165], [115.909937, 28.697207], [115.910696, 28.697176], [115.910852, 28.697381], [115.910897, 28.698279], [115.910031, 28.698349], [115.910015, 28.698702], [115.909363, 28.6987], [115.909317, 28.699239], [115.90869, 28.699257], [115.908408, 28.699584], [115.908311, 28.700015], [115.908464, 28.700271], [115.90921, 28.699755], [115.909129, 28.699635], [115.910438, 28.698962], [115.910427, 28.69887], [115.910889, 28.698625], [115.911121, 28.69881], [115.911984, 28.697564], [115.912387, 28.697775], [115.912749, 28.697067], [115.914673, 28.697812], [115.914675, 28.698943], [115.913835, 28.698898], [115.913438, 28.6987], [115.912899, 28.698702], [115.912816, 28.699761], [115.914512, 28.699877], [115.9144, 28.70055], [115.913564, 28.700427], [115.913576, 28.700291], [115.912817, 28.700237], [115.91108, 28.701975], [115.910842, 28.702262], [115.911205, 28.70247], [115.911692, 28.70188], [115.912231, 28.70216], [115.91288, 28.70143], [115.912478, 28.701115], [115.912832, 28.700767], [115.914154, 28.701062], [115.913983, 28.701704], [115.913537, 28.701631], [115.9135, 28.701716], [115.913945, 28.701984], [115.913741, 28.702264], [115.91345, 28.702461], [115.913253, 28.702492], [115.913115, 28.702656], [115.91308, 28.70295], [115.912914, 28.703289], [115.911743, 28.702748], [115.911716, 28.703306], [115.911051, 28.703489], [115.91081, 28.703852], [115.910997, 28.704308], [115.912789, 28.705875], [115.913449, 28.70556], [115.913661, 28.705824], [115.913167, 28.706163], [115.913529, 28.706518], [115.91391, 28.706314], [115.91432, 28.706546], [115.914554, 28.706785], [115.913909, 28.707418], [115.91365, 28.707183], [115.913268, 28.707482], [115.913872, 28.707976], [115.912392, 28.710235], [115.911948, 28.710805], [115.912131, 28.710925], [115.91228, 28.711013], [115.909266, 28.714465], [115.907313, 28.716749], [115.906775, 28.716441], [115.903024, 28.713948], [115.90215, 28.713372], [115.89967, 28.71162], [115.899114, 28.711227], [115.897126, 28.709333], [115.895602, 28.708042]], [[115.901407, 28.688375], [115.901411, 28.688466], [115.901594, 28.68847], [115.901589, 28.688675], [115.901726, 28.688679], [115.901713, 28.6891], [115.901849, 28.689103], [115.901898, 28.688378], [115.901407, 28.688375]], [[115.902309, 28.693876], [115.902429, 28.693976], [115.902789, 28.693697], [115.903427, 28.693772], [115.903412, 28.693873], [115.903611, 28.693921], [115.903604, 28.694089], [115.904356, 28.694153], [115.904237, 28.694739], [115.905042, 28.694919], [115.905119, 28.694295], [115.905206, 28.694244], [115.905344, 28.692297], [115.905667, 28.692051], [115.906435, 28.691641], [115.907138, 28.691298], [115.905984, 28.691464], [115.905105, 28.691743], [115.904611, 28.692308], [115.904364, 28.692331], [115.90423, 28.692331], [115.904045, 28.692588], [115.903924, 28.692729], [115.903869, 28.6928], [115.903796, 28.692793], [115.903664, 28.692781], [115.903198, 28.692658], [115.903039, 28.692859], [115.90268, 28.692878], [115.902545, 28.693614], [115.902309, 28.693876]], [[115.903643, 28.688496], [115.903652, 28.689517], [115.90419, 28.689524], [115.904155, 28.688501], [115.903643, 28.688496]], [[115.903724, 28.702252], [115.90387, 28.70231], [115.90393, 28.702462], [115.904391, 28.702439], [115.904828, 28.702889], [115.905106, 28.703397], [115.90542, 28.703186], [115.904804, 28.702155], [115.903762, 28.70205], [115.903724, 28.702252]], [[115.905101, 28.711145], [115.90655, 28.712093], [115.90773, 28.71094], [115.908124, 28.710397], [115.908401, 28.710249], [115.908449, 28.709639], [115.908827, 28.709303], [115.90912, 28.709564], [115.90986, 28.710147], [115.91008, 28.70993], [115.910316, 28.709535], [115.91025, 28.709006], [115.911649, 28.708707], [115.910338, 28.707666], [115.912181, 28.705781], [115.91175, 28.705375], [115.91082, 28.706238], [115.909823, 28.706027], [115.909007, 28.706549], [115.909265, 28.70725], [115.908111, 28.707551], [115.908401, 28.708073], [115.908423, 28.708483], [115.907584, 28.708479], [115.907622, 28.709098], [115.907611, 28.709621], [115.907375, 28.710039], [115.907273, 28.71034], [115.906206, 28.710162], [115.905101, 28.711145]], [[115.908719, 28.688866], [115.909479, 28.688871], [115.909482, 28.688525], [115.908722, 28.68852], [115.908719, 28.688866]]]}, "properties": {"display_name": "董家窑街道, 东湖区, 南昌市, 江西省, 中国", "type": "administrative", "osm_type": "relation", "osm_id": 3227136, "class": null, "keyword": "subdistrict"}}, {"type": "Feature", "geometry": {"type": "Polygon", "coordinates": [[[115.864081, 28.672454], [115.869247, 28.674599], [115.870592, 28.675269], [115.871182, 28.675621], [115.871965, 28.676102], [115.872227, 28.676242], [115.872377, 28.676337], [115.872672, 28.676499], [115.873277, 28.676698], [115.873524, 28.676823], [115.873683, 28.676846], [115.87387, 28.676885], [115.87457, 28.677032], [115.875422, 28.677251], [115.875911, 28.677381], [115.876977, 28.677733], [115.877423, 28.678057], [115.877779, 28.678169], [115.878135, 28.678282], [115.878614, 28.67821], [115.879138, 28.678332], [115.879638, 28.678476], [115.879835, 28.678505], [115.880293, 28.678515], [115.880654, 28.678523], [115.880832, 28.678523], [115.88107, 28.678481], [115.881326, 28.678486], [115.881901, 28.678494], [115.882578, 28.678492], [115.883047, 28.67854], [115.883346, 28.678544], [115.883727, 28.678583], [115.883712, 28.678638], [115.88346, 28.680958], [115.883334, 28.681768], [115.883141, 28.682532], [115.882859, 28.683317], [115.882727, 28.683487], [115.882565, 28.683907], [115.88245, 28.684201], [115.882327, 28.685058], [115.882052, 28.68688], [115.882047, 28.686909], [115.881796, 28.688574], [115.881771, 28.688736], [115.88166, 28.689454], [115.881403, 28.691086], [115.881109, 28.691135], [115.880604, 28.691249], [115.880006, 28.691434], [115.879119, 28.691941], [115.878804, 28.692121], [115.87241, 28.696124], [115.869986, 28.693545], [115.867641, 28.690021], [115.866943, 28.686429], [115.866524, 28.683314], [115.865573, 28.677797], [115.865403, 28.677267], [115.864466, 28.675142], [115.864081, 28.672454]]]}, "properties": {"display_name": "滕王阁街道, 东湖区, 南昌市, 江西省, 中国", "type": "administrative", "osm_type": "relation", "osm_id": 3227184, "class": null, "keyword": "subdistrict"}}, {"type": "Feature", "geometry": {"type": "Polygon", "coordinates": [[[115.894808, 28.621961], [115.897205, 28.621959], [115.897193, 28.623106], [115.897233, 28.62354], [115.897235, 28.625176], [115.897506, 28.625187], [115.897526, 28.626121], [115.89739, 28.626144], [115.897372, 28.626404], [115.897665, 28.626413], [115.897665, 28.627533], [115.89737, 28.627942], [115.897185, 28.628517], [115.897335, 28.628875], [115.897562, 28.629083], [115.897639, 28.629123], [115.898898, 28.629167], [115.89891, 28.630724], [115.89898, 28.63083], [115.901036, 28.630996], [115.902303, 28.631099], [115.902233, 28.6322], [115.90211, 28.633774], [115.901902, 28.637818], [115.901809, 28.639225], [115.901888, 28.639223], [115.902721, 28.639204], [115.902744, 28.639204], [115.904742, 28.639157], [115.907213, 28.639101], [115.907683, 28.639059], [115.908675, 28.639042], [115.909308, 28.639347], [115.909153, 28.639782], [115.908306, 28.642049], [115.91005, 28.641903], [115.910262, 28.642661], [115.910355, 28.642966], [115.910313, 28.642978], [115.909992, 28.643048], [115.910049, 28.643284], [115.909842, 28.643303], [115.909855, 28.643594], [115.909979, 28.643597], [115.909992, 28.643785], [115.909772, 28.643966], [115.909748, 28.644192], [115.909255, 28.644155], [115.909147, 28.644531], [115.909762, 28.644583], [115.910438, 28.644505], [115.91055, 28.644988], [115.9107, 28.645452], [115.910132, 28.645539], [115.909788, 28.64547], [115.909562, 28.645437], [115.909505, 28.645453], [115.909554, 28.645647], [115.909672, 28.645791], [115.909908, 28.646501], [115.910931, 28.646334], [115.910995, 28.646789], [115.910134, 28.646887], [115.908878, 28.647057], [115.908921, 28.647377], [115.907905, 28.647337], [115.907897, 28.647203], [115.907304, 28.647199], [115.907214, 28.647972], [115.906801, 28.651478], [115.906758, 28.651845], [115.90364, 28.651337], [115.902681, 28.651196], [115.902295, 28.651139], [115.901661, 28.651045], [115.901508, 28.651022], [115.900553, 28.650873], [115.899815, 28.650755], [115.899558, 28.650717], [115.897578, 28.650428], [115.896376, 28.650238], [115.895145, 28.650372], [115.89517, 28.650211], [115.895202, 28.649992], [115.895215, 28.649837], [115.895212, 28.64965], [115.895124, 28.649324], [115.895188, 28.649037], [115.895339, 28.648874], [115.895532, 28.648665], [115.895494, 28.648491], [115.895441, 28.648453], [115.895395, 28.648285], [115.895359, 28.648054], [115.895381, 28.647914], [115.895396, 28.647855], [115.895361, 28.647849], [115.895407, 28.647812], [115.895459, 28.647747], [115.895441, 28.64769], [115.895455, 28.647635], [115.895453, 28.64757], [115.895433, 28.647483], [115.895389, 28.64729], [115.895352, 28.647129], [115.89529, 28.646862], [115.89529, 28.64669], [115.895335, 28.646514], [115.895382, 28.646387], [115.895434, 28.646254], [115.895458, 28.646193], [115.895511, 28.646058], [115.895574, 28.645898], [115.895622, 28.645825], [115.895794, 28.645626], [115.895957, 28.645436], [115.896047, 28.645332], [115.896004, 28.645071], [115.895977, 28.644903], [115.896047, 28.644894], [115.896047, 28.644786], [115.896047, 28.644675], [115.895813, 28.644461], [115.897255, 28.644235], [115.896929, 28.643445], [115.89641, 28.641848], [115.896256, 28.640621], [115.89585, 28.633809], [115.895818, 28.633281], [115.895547, 28.630531], [115.895174, 28.626441], [115.894808, 28.621961]], [[115.899893, 28.65065], [115.90088, 28.65084], [115.900905, 28.650718], [115.900017, 28.650531], [115.899919, 28.650559], [115.899893, 28.65065]], [[115.901016, 28.650058], [115.901117, 28.650236], [115.901296, 28.650482], [115.901478, 28.65032], [115.901487, 28.650253], [115.901507, 28.650107], [115.901504, 28.650019], [115.901195, 28.649995], [115.901016, 28.650058]], [[115.901577, 28.650852], [115.901657, 28.650906], [115.901682, 28.650873], [115.901768, 28.650914], [115.901798, 28.650928], [115.901835, 28.650896], [115.901737, 28.65084], [115.901646, 28.650787], [115.901577, 28.650852]], [[115.907664, 28.64679], [115.90819, 28.646887], [115.908201, 28.646978], [115.908509, 28.646981], [115.908854, 28.64696], [115.908763, 28.6466], [115.908548, 28.646624], [115.908492, 28.64637], [115.908811, 28.646297], [115.908787, 28.646066], [115.909281, 28.645847], [115.909173, 28.645539], [115.90912, 28.645271], [115.909068, 28.645126], [115.908933, 28.645095], [115.908779, 28.644996], [115.908715, 28.645466], [115.908515, 28.645566], [115.9085, 28.645912], [115.908143, 28.646099], [115.9077, 28.646347], [115.907664, 28.64679]]]}, "properties": {"display_name": "京山街道, 青云谱区, 南昌市, 江西省, 中国", "type": "administrative", "osm_type": "relation", "osm_id": 3880703, "class": null, "keyword": "subdistrict"}}, {"type": "Feature", "geometry": {"type": "MultiPolygon", "coordinates": [[[[115.97595, 28.656084], [115.97596, 28.653128], [115.977516, 28.652885], [115.977567, 28.653249], [115.978951, 28.653075], [115.979252, 28.653518], [115.981869, 28.652981], [115.981977, 28.653998], [115.98258, 28.654035], [115.982575, 28.654196], [115.984305, 28.654186], [115.984289, 28.654958], [115.984662, 28.654986], [115.984656, 28.655368], [115.985353, 28.655381], [115.987719, 28.655425], [115.987735, 28.65587], [115.988417, 28.655851], [115.988562, 28.656272], [115.988151, 28.656414], [115.988199, 28.656612], [115.988505, 28.656659], [115.988462, 28.658782], [115.987679, 28.6588], [115.98769, 28.659082], [115.986692, 28.659078], [115.986693, 28.658695], [115.98622, 28.658696], [115.986448, 28.659052], [115.98648, 28.659259], [115.985933, 28.659292], [115.985976, 28.659499], [115.984157, 28.659537], [115.984147, 28.658661], [115.986212, 28.658638], [115.986204, 28.658353], [115.985222, 28.658339], [115.985246, 28.658046], [115.984192, 28.658091], [115.984168, 28.657888], [115.98508, 28.657816], [115.984892, 28.657031], [115.984466, 28.657036], [115.984455, 28.657288], [115.983237, 28.657335], [115.9832, 28.657928], [115.982435, 28.657926], [115.982403, 28.658601], [115.98158, 28.658606], [115.98159, 28.658131], [115.980518, 28.658154], [115.980528, 28.65839], [115.980282, 28.658446], [115.980426, 28.658823], [115.978458, 28.659482], [115.977412, 28.659458], [115.976379, 28.658635], [115.976368, 28.657072], [115.976315, 28.6563], [115.97595, 28.656084]]], [[[115.980606, 28.649882], [115.984189, 28.647368], [115.984852, 28.645964], [115.985016, 28.645616], [115.985584, 28.645478], [115.988266, 28.644825], [115.990402, 28.637693], [115.99156, 28.637947], [115.992236, 28.636289], [115.9923, 28.63613], [115.99251, 28.634571], [115.993588, 28.634538], [115.993988, 28.634398], [115.993676, 28.633578], [115.994063, 28.633494], [115.99387, 28.632175], [115.994674, 28.631912], [115.994513, 28.631234], [115.996348, 28.630782], [115.996713, 28.631686], [115.996251, 28.631864], [115.996897, 28.634368], [115.995594, 28.634745], [115.994821, 28.634448], [115.994726, 28.634712], [115.994574, 28.635136], [115.994864, 28.635861], [115.994321, 28.636165], [115.994191, 28.637326], [115.994739, 28.63839], [115.994428, 28.638569], [115.995597, 28.641837], [115.997056, 28.644369], [115.998064, 28.644831], [115.997946, 28.64532], [115.998322, 28.645697], [115.997292, 28.646761], [115.999588, 28.648107], [115.997907, 28.650465], [115.997904, 28.650471], [115.994052, 28.651751], [115.993816, 28.65161], [115.993709, 28.650631], [115.992207, 28.649934], [115.991166, 28.650989], [115.989696, 28.650998], [115.990136, 28.650009], [115.988795, 28.650028], [115.986928, 28.650621], [115.986724, 28.650913], [115.984278, 28.650725], [115.98394, 28.650923], [115.982207, 28.650967], [115.981891, 28.650803], [115.981411, 28.650908], [115.980606, 28.649882]]], [[[115.988178, 28.630805], [115.988253, 28.630274], [115.988744, 28.630281], [115.98879, 28.629954], [115.989005, 28.629729], [115.989125, 28.629476], [115.990011, 28.62971], [115.990029, 28.629913], [115.990189, 28.629965], [115.990249, 28.63097], [115.989616, 28.630928], [115.989569, 28.631232], [115.988614, 28.631176], [115.988577, 28.63113], [115.988291, 28.631023], [115.988178, 28.630805]]], [[[115.992746, 28.630088], [115.99406, 28.629518], [115.994355, 28.630291], [115.992976, 28.630634], [115.992746, 28.630088]]], [[[115.994316, 28.659028], [115.995183, 28.65884], [115.995584, 28.658788], [115.997039, 28.658764], [115.997293, 28.658877], [115.997534, 28.659196], [115.998481, 28.659701], [115.998574, 28.659811], [115.999249, 28.661851], [115.997882, 28.662126], [115.996565, 28.662096], [115.996111, 28.662295], [115.995817, 28.662055], [115.99555, 28.661956], [115.99551, 28.660603], [115.995424, 28.66038], [115.99485, 28.660269], [115.994322, 28.660275], [115.994316, 28.659028]]], [[[116.001045, 28.66267], [116.001463, 28.662551], [116.002658, 28.662476], [116.002722, 28.663593], [116.001134, 28.66369], [116.001102, 28.663609], [116.001045, 28.66267]]]]}, "properties": {"display_name": "南钢街道, 广阳村, 青山湖区, 南昌市, 江西省, 中国", "type": "administrative", "osm_type": "relation", "osm_id": 5708182, "class": null, "keyword": "subdistrict"}}, {"type": "Feature", "geometry": {"type": "Polygon", "coordinates": [[[115.862457, 28.662434], [115.866386, 28.660607], [115.868124, 28.659864], [115.869309, 28.659428], [115.869734, 28.659303], [115.870953, 28.659049], [115.872597, 28.65876], [115.872819, 28.659237], [115.873614, 28.660891], [115.873774, 28.661211], [115.873898, 28.661459], [115.874035, 28.661734], [115.874221, 28.662106], [115.874362, 28.662484], [115.874641, 28.663345], [115.874692, 28.66352], [115.874903, 28.664258], [115.874926, 28.66437], [115.874961, 28.664535], [115.87526, 28.665589], [115.87561, 28.666901], [115.875855, 28.667798], [115.877267, 28.668056], [115.877816, 28.668128], [115.879216, 28.668368], [115.880363, 28.66876], [115.88133, 28.669073], [115.881554, 28.669212], [115.882261, 28.669649], [115.882791, 28.67], [115.880515, 28.672349], [115.880233, 28.672646], [115.87974, 28.672778], [115.879386, 28.673448], [115.878656, 28.675082], [115.878123, 28.676312], [115.877423, 28.678057], [115.876977, 28.677733], [115.875911, 28.677381], [115.875422, 28.677251], [115.87457, 28.677032], [115.87387, 28.676885], [115.873683, 28.676846], [115.873524, 28.676823], [115.873277, 28.676698], [115.872672, 28.676499], [115.872377, 28.676337], [115.872227, 28.676242], [115.871965, 28.676102], [115.871182, 28.675621], [115.870592, 28.675269], [115.869247, 28.674599], [115.864081, 28.672454], [115.863768, 28.669794], [115.863811, 28.668994], [115.863786, 28.667657], [115.863662, 28.666473], [115.863373, 28.665385], [115.863277, 28.664864], [115.86293, 28.663742], [115.862587, 28.662729], [115.862457, 28.662434]]]}, "properties": {"display_name": "朝阳洲街道, 西湖区, 南昌市, 江西省, 中国", "type": "administrative", "osm_type": "relation", "osm_id": 4659758, "class": null, "keyword": "subdistrict"}}, {"type": "Feature", "geometry": {"type": "Polygon", "coordinates": [[[115.716459, 28.70924], [115.716476, 28.709107], [115.716503, 28.709036], [115.716633, 28.708833], [115.71678, 28.708643], [115.716868, 28.708589], [115.716971, 28.708571], [115.717481, 28.708602], [115.717726, 28.708583], [115.718101, 28.708537], [115.718412, 28.708385], [115.718506, 28.708376], [115.71855, 28.708404], [115.718697, 28.708401], [115.718731, 28.708623], [115.718741, 28.708884], [115.718908, 28.709786], [115.718979, 28.709807], [115.719501, 28.70977], [115.719866, 28.709789], [115.719912, 28.709836], [115.720003, 28.7104], [115.720005, 28.710473], [115.719978, 28.710544], [115.719695, 28.710617], [115.719619, 28.710609], [115.719548, 28.710566], [115.719465, 28.710547], [115.719124, 28.710544], [115.719102, 28.710549], [115.719091, 28.71058], [115.719356, 28.711775], [115.719566, 28.712951], [115.719624, 28.7131], [115.719791, 28.713417], [115.719971, 28.713712], [115.720162, 28.713883], [115.720365, 28.713953], [115.72066, 28.713977], [115.720687, 28.714102], [115.720724, 28.71413], [115.721737, 28.714239], [115.721804, 28.714228], [115.721861, 28.714163], [115.721915, 28.714138], [115.722116, 28.714112], [115.722176, 28.714137], [115.722216, 28.714179], [115.722318, 28.714361], [115.72277, 28.715387], [115.722882, 28.715615], [115.722948, 28.715702], [115.723047, 28.715725], [115.72325, 28.715694], [115.724018, 28.715436], [115.724232, 28.715422], [115.724378, 28.715374], [115.724655, 28.715247], [115.724848, 28.715124], [115.725045, 28.714943], [115.725226, 28.714759], [115.726123, 28.713954], [115.727196, 28.715284], [115.72738, 28.715391], [115.727456, 28.715374], [115.727526, 28.715244], [115.727573, 28.715194], [115.727843, 28.714944], [115.728102, 28.714735], [115.72814, 28.714661], [115.728148, 28.714565], [115.72818, 28.714513], [115.728279, 28.714467], [115.728423, 28.714476], [115.728503, 28.714467], [115.728933, 28.714077], [115.729052, 28.713996], [115.729102, 28.713899], [115.729124, 28.713711], [115.729171, 28.713686], [115.729254, 28.713713], [115.729603, 28.71397], [115.729975, 28.714178], [115.730719, 28.71464], [115.730884, 28.714739], [115.732647, 28.716024], [115.732579, 28.716032], [115.73178, 28.716516], [115.731596, 28.716628], [115.731544, 28.716662], [115.731563, 28.716683], [115.732148, 28.716579], [115.732598, 28.718414], [115.732126, 28.718903], [115.732958, 28.720512], [115.732663, 28.721453], [115.731772, 28.722027], [115.73144, 28.721933], [115.730778, 28.721566], [115.730697, 28.721765], [115.730619, 28.721877], [115.730467, 28.721985], [115.730425, 28.722103], [115.730423, 28.722213], [115.7305, 28.722411], [115.730565, 28.722453], [115.730728, 28.722455], [115.730772, 28.722478], [115.730796, 28.72252], [115.730779, 28.722609], [115.73054, 28.722755], [115.729272, 28.722775], [115.729267, 28.723217], [115.730002, 28.723274], [115.729905, 28.725217], [115.730061, 28.725456], [115.730243, 28.725522], [115.730313, 28.725983], [115.730238, 28.726576], [115.729771, 28.726548], [115.729712, 28.726261], [115.72902, 28.726223], [115.72895, 28.727183], [115.729739, 28.727098], [115.73034, 28.726619], [115.73057, 28.724906], [115.730699, 28.724567], [115.731123, 28.724445], [115.731488, 28.724445], [115.731497, 28.724677], [115.731523, 28.724737], [115.731568, 28.724783], [115.73167, 28.724803], [115.731803, 28.724782], [115.731924, 28.724736], [115.732031, 28.724654], [115.732062, 28.724666], [115.732157, 28.724759], [115.732192, 28.724824], [115.732246, 28.725017], [115.732204, 28.725491], [115.732096, 28.725836], [115.732101, 28.726023], [115.732169, 28.726317], [115.732218, 28.726377], [115.73237, 28.726489], [115.732745, 28.726679], [115.733218, 28.726965], [115.73333, 28.72711], [115.733428, 28.727334], [115.7334, 28.727774], [115.733292, 28.727898], [115.733183, 28.727926], [115.732952, 28.727924], [115.732756, 28.727882], [115.73247, 28.727791], [115.732288, 28.727769], [115.732225, 28.727791], [115.731881, 28.728065], [115.731758, 28.728088], [115.731582, 28.728081], [115.731432, 28.728099], [115.731372, 28.728229], [115.73133, 28.728275], [115.73112, 28.728328], [115.731106, 28.728391], [115.731115, 28.728469], [115.73115, 28.728488], [115.731546, 28.728475], [115.731792, 28.728511], [115.732285, 28.728846], [115.732375, 28.728879], [115.732473, 28.728828], [115.732775, 28.728551], [115.732846, 28.72852], [115.7329, 28.728515], [115.732951, 28.728537], [115.73321, 28.728771], [115.733337, 28.728841], [115.733477, 28.728964], [115.733517, 28.729159], [115.733596, 28.729364], [115.733642, 28.729404], [115.733789, 28.729466], [115.733846, 28.729512], [115.733861, 28.729594], [115.733861, 28.729861], [115.733916, 28.729997], [115.733974, 28.730081], [115.734202, 28.730262], [115.734209, 28.730308], [115.734182, 28.730364], [115.734011, 28.730544], [115.734019, 28.730621], [115.734201, 28.730816], [115.734607, 28.731154], [115.734459, 28.731609], [115.734467, 28.731694], [115.734499, 28.731764], [115.734571, 28.731839], [115.734659, 28.731896], [115.734772, 28.731932], [115.73494, 28.731955], [115.735002, 28.731988], [115.735084, 28.732086], [115.735195, 28.732267], [115.735371, 28.732402], [115.735426, 28.732464], [115.735848, 28.733053], [115.73597, 28.733152], [115.736103, 28.733169], [115.736211, 28.733154], [115.736341, 28.733101], [115.73645, 28.733035], [115.736527, 28.733013], [115.736585, 28.733027], [115.736777, 28.733181], [115.736784, 28.733268], [115.736749, 28.73335], [115.736666, 28.733464], [115.736535, 28.733591], [115.736463, 28.733718], [115.73644, 28.733797], [115.736425, 28.733999], [115.736426, 28.734406], [115.73645, 28.73445], [115.73649, 28.734484], [115.736691, 28.734624], [115.736781, 28.734675], [115.737012, 28.734739], [115.737239, 28.734875], [115.737324, 28.734965], [115.737399, 28.735015], [115.737576, 28.735054], [115.737734, 28.735053], [115.737774, 28.735078], [115.73779, 28.73516], [115.737721, 28.73526], [115.737704, 28.735324], [115.737707, 28.735612], [115.73775, 28.735685], [115.73797, 28.735792], [115.738149, 28.73616], [115.738247, 28.73625], [115.738246, 28.736291], [115.73817, 28.736423], [115.738185, 28.736517], [115.73827, 28.736587], [115.738438, 28.736591], [115.738502, 28.736618], [115.738479, 28.736671], [115.738408, 28.736729], [115.738405, 28.736867], [115.738443, 28.736934], [115.738545, 28.737046], [115.738549, 28.737085], [115.738391, 28.737376], [115.738345, 28.737403], [115.738015, 28.737502], [115.737928, 28.737537], [115.737863, 28.737584], [115.737792, 28.737711], [115.73778, 28.737882], [115.737817, 28.738], [115.737864, 28.73805], [115.737923, 28.738067], [115.738035, 28.738065], [115.738351, 28.737979], [115.738411, 28.737987], [115.738411, 28.738025], [115.738231, 28.738238], [115.738164, 28.738353], [115.738123, 28.738483], [115.738124, 28.738598], [115.738193, 28.738761], [115.738274, 28.738866], [115.738395, 28.738951], [115.73862, 28.739048], [115.738623, 28.739076], [115.738602, 28.739102], [115.738536, 28.739126], [115.738394, 28.73914], [115.738302, 28.739258], [115.738243, 28.739266], [115.738062, 28.739222], [115.737853, 28.739104], [115.737746, 28.739077], [115.737632, 28.739074], [115.737357, 28.739102], [115.736987, 28.739081], [115.736897, 28.739049], [115.736696, 28.738933], [115.736328, 28.738993], [115.736199, 28.739], [115.736, 28.738986], [115.735912, 28.738952], [115.735718, 28.738798], [115.735635, 28.738705], [115.735425, 28.738385], [115.735288, 28.738227], [115.735038, 28.737807], [115.734869, 28.737494], [115.734803, 28.737231], [115.73476, 28.737149], [115.73453, 28.736925], [115.734456, 28.736767], [115.734381, 28.736349], [115.734393, 28.736315], [115.734444, 28.736305], [115.734481, 28.736276], [115.734521, 28.736172], [115.73459, 28.736151], [115.734717, 28.73619], [115.734954, 28.736339], [115.735192, 28.736597], [115.73536, 28.736848], [115.735515, 28.73694], [115.735735, 28.737006], [115.73585, 28.737088], [115.735897, 28.737218], [115.735915, 28.737337], [115.735913, 28.737517], [115.735928, 28.737554], [115.735971, 28.73753], [115.736121, 28.737293], [115.736104, 28.737163], [115.735873, 28.736757], [115.735822, 28.73672], [115.735627, 28.736648], [115.735568, 28.736607], [115.735552, 28.736559], [115.735557, 28.736472], [115.735595, 28.736432], [115.7358, 28.736516], [115.735844, 28.736495], [115.735845, 28.736459], [115.735439, 28.736062], [115.735393, 28.73596], [115.735011, 28.735484], [115.734905, 28.735469], [115.734578, 28.735483], [115.734471, 28.735453], [115.734451, 28.735412], [115.734483, 28.735353], [115.73479, 28.735294], [115.73482, 28.735259], [115.734811, 28.735195], [115.734705, 28.735054], [115.734602, 28.735018], [115.734392, 28.734991], [115.734347, 28.73496], [115.734204, 28.734779], [115.734161, 28.734771], [115.734089, 28.734783], [115.733852, 28.734911], [115.733479, 28.735021], [115.733244, 28.735058], [115.73313, 28.735036], [115.733103, 28.735019], [115.733071, 28.734969], [115.733055, 28.734894], [115.733063, 28.734832], [115.733102, 28.734797], [115.733192, 28.734768], [115.733339, 28.734749], [115.73342, 28.734751], [115.733578, 28.7348], [115.733661, 28.734802], [115.733712, 28.734788], [115.733745, 28.73476], [115.733778, 28.734699], [115.733787, 28.734613], [115.733884, 28.734565], [115.733864, 28.734525], [115.733786, 28.734498], [115.733581, 28.734477], [115.73308, 28.734475], [115.732848, 28.734452], [115.732427, 28.73433], [115.732363, 28.734338], [115.732273, 28.734397], [115.73209, 28.734364], [115.732005, 28.734334], [115.73185, 28.734248], [115.731678, 28.73424], [115.731576, 28.734191], [115.731541, 28.734148], [115.731518, 28.734034], [115.731478, 28.734031], [115.73142, 28.734055], [115.731335, 28.734033], [115.731152, 28.733914], [115.731071, 28.733804], [115.731001, 28.733754], [115.730924, 28.733654], [115.73087, 28.73364], [115.730802, 28.733659], [115.730767, 28.733642], [115.730737, 28.73351], [115.73069, 28.733411], [115.730508, 28.733213], [115.730515, 28.733128], [115.730686, 28.733021], [115.730708, 28.732988], [115.730665, 28.732843], [115.730572, 28.732711], [115.7304, 28.732542], [115.730321, 28.732496], [115.730233, 28.732474], [115.729908, 28.732466], [115.729844, 28.732444], [115.729809, 28.732371], [115.729783, 28.732115], [115.729746, 28.732046], [115.729729, 28.731973], [115.729661, 28.731904], [115.72959, 28.731744], [115.729498, 28.731684], [115.729281, 28.731645], [115.729175, 28.731598], [115.729133, 28.73149], [115.72917, 28.731318], [115.729154, 28.731263], [115.729096, 28.731234], [115.72896, 28.731234], [115.728932, 28.731203], [115.728928, 28.731066], [115.728869, 28.730868], [115.728395, 28.730173], [115.728371, 28.730151], [115.728335, 28.730147], [115.728222, 28.730214], [115.728115, 28.730199], [115.727947, 28.730044], [115.727897, 28.729968], [115.72802, 28.729566], [115.728029, 28.729454], [115.727983, 28.729287], [115.727862, 28.729034], [115.727825, 28.728912], [115.727839, 28.728833], [115.727864, 28.728786], [115.727901, 28.728772], [115.72803, 28.728785], [115.728117, 28.728777], [115.728372, 28.728618], [115.728434, 28.728546], [115.728435, 28.728483], [115.728409, 28.728442], [115.728204, 28.728349], [115.728124, 28.728338], [115.72806, 28.728357], [115.727976, 28.728463], [115.72785, 28.728485], [115.727786, 28.728457], [115.727718, 28.728289], [115.727582, 28.728258], [115.72746, 28.728265], [115.727365, 28.728292], [115.727326, 28.728333], [115.727301, 28.728384], [115.727259, 28.728581], [115.727227, 28.728637], [115.727042, 28.728662], [115.726623, 28.728681], [115.726541, 28.728699], [115.72651, 28.728724], [115.726484, 28.728787], [115.726485, 28.728859], [115.726572, 28.729029], [115.726596, 28.729117], [115.726522, 28.729245], [115.726488, 28.729432], [115.726478, 28.729459], [115.726434, 28.729512], [115.726354, 28.729551], [115.726006, 28.729592], [115.72593, 28.729629], [115.725893, 28.729675], [115.725868, 28.729883], [115.725897, 28.729985], [115.725947, 28.730022], [115.726175, 28.730126], [115.726375, 28.730172], [115.726412, 28.730195], [115.726451, 28.730262], [115.726514, 28.730534], [115.726615, 28.730766], [115.726692, 28.731106], [115.726789, 28.731359], [115.726887, 28.731532], [115.726944, 28.731672], [115.726926, 28.731807], [115.72684, 28.73202], [115.726775, 28.732046], [115.726693, 28.732038], [115.72657, 28.731965], [115.72651, 28.731895], [115.726468, 28.731814], [115.726414, 28.731631], [115.726336, 28.731466], [115.726205, 28.731335], [115.725907, 28.731157], [115.725768, 28.731135], [115.725584, 28.731145], [115.725372, 28.731202], [115.725274, 28.731311], [115.725177, 28.731356], [115.725107, 28.731562], [115.725009, 28.73169], [115.72489, 28.731766], [115.724708, 28.731934], [115.724642, 28.731973], [115.724619, 28.731995], [115.724599, 28.732085], [115.7245, 28.732158], [115.724394, 28.732188], [115.724318, 28.732185], [115.724105, 28.732099], [115.723984, 28.73209], [115.72349, 28.732189], [115.723247, 28.73226], [115.72314, 28.732305], [115.723087, 28.732365], [115.723012, 28.732578], [115.722991, 28.7326], [115.722837, 28.732641], [115.722616, 28.732653], [115.722531, 28.732634], [115.722484, 28.73256], [115.722512, 28.732417], [115.722579, 28.732285], [115.722762, 28.732145], [115.722832, 28.732046], [115.722887, 28.731816], [115.722961, 28.731663], [115.723135, 28.731392], [115.723615, 28.730798], [115.723743, 28.730673], [115.723732, 28.730602], [115.723562, 28.730393], [115.723509, 28.730364], [115.723438, 28.730369], [115.723327, 28.730464], [115.723061, 28.73078], [115.722922, 28.730998], [115.722705, 28.731423], [115.722603, 28.731555], [115.722494, 28.731754], [115.722431, 28.731833], [115.722266, 28.731942], [115.722194, 28.732029], [115.721979, 28.732471], [115.721891, 28.732508], [115.721795, 28.732503], [115.72162, 28.73242], [115.721586, 28.732385], [115.721574, 28.732343], [115.721578, 28.73229], [115.721653, 28.732182], [115.722069, 28.731818], [115.722211, 28.731661], [115.722568, 28.731207], [115.722803, 28.730783], [115.722941, 28.730655], [115.723204, 28.730339], [115.723438, 28.730159], [115.723498, 28.730039], [115.723515, 28.729896], [115.723488, 28.729739], [115.723428, 28.729706], [115.723231, 28.729708], [115.723185, 28.729671], [115.723184, 28.729597], [115.723226, 28.729525], [115.723224, 28.729341], [115.723234, 28.729314], [115.723332, 28.729215], [115.723332, 28.728989], [115.723296, 28.728921], [115.723253, 28.728893], [115.723145, 28.728884], [115.722914, 28.728939], [115.722845, 28.728976], [115.72279, 28.729091], [115.722724, 28.729122], [115.722549, 28.729125], [115.722409, 28.729095], [115.722385, 28.729077], [115.722369, 28.729001], [115.722381, 28.728908], [115.722432, 28.728805], [115.722537, 28.728653], [115.722559, 28.728521], [115.722553, 28.72815], [115.722545, 28.728113], [115.722492, 28.72804], [115.72239, 28.728044], [115.722149, 28.728124], [115.721994, 28.72821], [115.7219, 28.728287], [115.721806, 28.728398], [115.721688, 28.728663], [115.721375, 28.728921], [115.721116, 28.729235], [115.720953, 28.729377], [115.720855, 28.729438], [115.720737, 28.729707], [115.720378, 28.729802], [115.720015, 28.730033], [115.719843, 28.730078], [115.719487, 28.730204], [115.719188, 28.730268], [115.718583, 28.730361], [115.718451, 28.730431], [115.718258, 28.73061], [115.718117, 28.730703], [115.71799, 28.730759], [115.717736, 28.730808], [115.717376, 28.730805], [115.717171, 28.730735], [115.717099, 28.730648], [115.717093, 28.730585], [115.717117, 28.730509], [115.717277, 28.730416], [115.717286, 28.730319], [115.717441, 28.730192], [115.717453, 28.730127], [115.717418, 28.729984], [115.717533, 28.729855], [115.717649, 28.729776], [115.717686, 28.729774], [115.717728, 28.729802], [115.717837, 28.729966], [115.717898, 28.729993], [115.717985, 28.729988], [115.718099, 28.729927], [115.718121, 28.72979], [115.718143, 28.729761], [115.718329, 28.72974], [115.718442, 28.729689], [115.718555, 28.729561], [115.718724, 28.729314], [115.718737, 28.729267], [115.71871, 28.729036], [115.718736, 28.728976], [115.719027, 28.728963], [115.719166, 28.728514], [115.719187, 28.728251], [115.719724, 28.728039], [115.720469, 28.727249], [115.721172, 28.727112], [115.721714, 28.726435], [115.722297, 28.726361], [115.722354, 28.726244], [115.722676, 28.726038], [115.722793, 28.725926], [115.722856, 28.725826], [115.72288, 28.72558], [115.722867, 28.725433], [115.72284, 28.725398], [115.722786, 28.725371], [115.72261, 28.725355], [115.722201, 28.725351], [115.722141, 28.725326], [115.722102, 28.725279], [115.72205, 28.725047], [115.722049, 28.724958], [115.722066, 28.724926], [115.722173, 28.724863], [115.722205, 28.7248], [115.722105, 28.724525], [115.722113, 28.724425], [115.722164, 28.724383], [115.722234, 28.724358], [115.722496, 28.724355], [115.722836, 28.724505], [115.722951, 28.724512], [115.723056, 28.724483], [115.723271, 28.724339], [115.723391, 28.724321], [115.723522, 28.724362], [115.723571, 28.724394], [115.72363, 28.724466], [115.723679, 28.724488], [115.723968, 28.724496], [115.724107, 28.724489], [115.724175, 28.724463], [115.724255, 28.724386], [115.72441, 28.724132], [115.724456, 28.724095], [115.724575, 28.724049], [115.724609, 28.724018], [115.724618, 28.723937], [115.7246, 28.723664], [115.72527, 28.723631], [115.725533, 28.723297], [115.72636, 28.723537], [115.726461, 28.722648], [115.726488, 28.721604], [115.726826, 28.721557], [115.727003, 28.721383], [115.727282, 28.721505], [115.72784, 28.72054], [115.729106, 28.72078], [115.729176, 28.71975], [115.728339, 28.719322], [115.727373, 28.720969], [115.727035, 28.720978], [115.727009, 28.720795], [115.726569, 28.720799], [115.726579, 28.720338], [115.726418, 28.719609], [115.726746, 28.719529], [115.726794, 28.719731], [115.727068, 28.719722], [115.726805, 28.718927], [115.725957, 28.719242], [115.726215, 28.720028], [115.725625, 28.720263], [115.725587, 28.721411], [115.724227, 28.722143], [115.724001, 28.722141], [115.723895, 28.722125], [115.72385, 28.722095], [115.723805, 28.721953], [115.723772, 28.721898], [115.723747, 28.721885], [115.723657, 28.721863], [115.723512, 28.721862], [115.723108, 28.721937], [115.723017, 28.721928], [115.722974, 28.721896], [115.722949, 28.721813], [115.722986, 28.721634], [115.723163, 28.721455], [115.723365, 28.721368], [115.72373, 28.721268], [115.723921, 28.721163], [115.724123, 28.720977], [115.724218, 28.720833], [115.72435, 28.720561], [115.724493, 28.720465], [115.72497, 28.720221], [115.72489, 28.719971], [115.725115, 28.719604], [115.725823, 28.719284], [115.725437, 28.718414], [115.724149, 28.718847], [115.724418, 28.719506], [115.724063, 28.719868], [115.723264, 28.719887], [115.723098, 28.72023], [115.722941, 28.72023], [115.722712, 28.720283], [115.722484, 28.720268], [115.72245, 28.720232], [115.722436, 28.720111], [115.722456, 28.719942], [115.722487, 28.719894], [115.722576, 28.719837], [115.722594, 28.719755], [115.722396, 28.719585], [115.722164, 28.719336], [115.722188, 28.719131], [115.722282, 28.718989], [115.722281, 28.718932], [115.722201, 28.718852], [115.722088, 28.718783], [115.72209, 28.718714], [115.72211, 28.718663], [115.722299, 28.718539], [115.722312, 28.718485], [115.722295, 28.718365], [115.722262, 28.718327], [115.722114, 28.718261], [115.722019, 28.71813], [115.72195, 28.718087], [115.721862, 28.718069], [115.721435, 28.718043], [115.721383, 28.718033], [115.721351, 28.718006], [115.72132, 28.717935], [115.721297, 28.71769], [115.721329, 28.717656], [115.721518, 28.717603], [115.721552, 28.717542], [115.721537, 28.717474], [115.72147, 28.717349], [115.721393, 28.717118], [115.721325, 28.716778], [115.721256, 28.716647], [115.72115, 28.716506], [115.721128, 28.716487], [115.721081, 28.716478], [115.720837, 28.716552], [115.720249, 28.716816], [115.720088, 28.71681], [115.719997, 28.71679], [115.719963, 28.716755], [115.719969, 28.716694], [115.719994, 28.716661], [115.720215, 28.716636], [115.720398, 28.716575], [115.720765, 28.716378], [115.720839, 28.716317], [115.720876, 28.716259], [115.720889, 28.716063], [115.720844, 28.715936], [115.720765, 28.715813], [115.720709, 28.715791], [115.720555, 28.715795], [115.720522, 28.715822], [115.720495, 28.71594], [115.72042, 28.715989], [115.720316, 28.715968], [115.720289, 28.715949], [115.720261, 28.715894], [115.720268, 28.7158], [115.720477, 28.715291], [115.720478, 28.715224], [115.720459, 28.715181], [115.720398, 28.715143], [115.720195, 28.71507], [115.720024, 28.715039], [115.719941, 28.715062], [115.719838, 28.71521], [115.719641, 28.715665], [115.719531, 28.715796], [115.719458, 28.71584], [115.719279, 28.715873], [115.718825, 28.715922], [115.718682, 28.715955], [115.718289, 28.7161], [115.717814, 28.716157], [115.717198, 28.716381], [115.717061, 28.716371], [115.71702, 28.716348], [115.716997, 28.716241], [115.717007, 28.716122], [115.71705, 28.715982], [115.717115, 28.715871], [115.717359, 28.715606], [115.717937, 28.715064], [115.718285, 28.714527], [115.718617, 28.714353], [115.718877, 28.714168], [115.718915, 28.714109], [115.71891, 28.714009], [115.718929, 28.713947], [115.719111, 28.713735], [115.71928, 28.713465], [115.71918, 28.713223], [115.71915, 28.713075], [115.719093, 28.712872], [115.718976, 28.712529], [115.718881, 28.712136], [115.718854, 28.712086], [115.718825, 28.712038], [115.718828, 28.711906], [115.718655, 28.711953], [115.71831, 28.711985], [115.718231, 28.712003], [115.718207, 28.712023], [115.71818, 28.712163], [115.718159, 28.712199], [115.718008, 28.712222], [115.717791, 28.712214], [115.717761, 28.712188], [115.717715, 28.712094], [115.717689, 28.712076], [115.717606, 28.712071], [115.717436, 28.712096], [115.717269, 28.712096], [115.717112, 28.712038], [115.716931, 28.712076], [115.716829, 28.712113], [115.716756, 28.712103], [115.716701, 28.712053], [115.716681, 28.711979], [115.716694, 28.71194], [115.716738, 28.711917], [115.716886, 28.711888], [115.716987, 28.711835], [115.716995, 28.711692], [115.716924, 28.71152], [115.71694, 28.711483], [115.716984, 28.711465], [115.717095, 28.711457], [115.717468, 28.711365], [115.717844, 28.711303], [115.718005, 28.711303], [115.718041, 28.711323], [115.718133, 28.711427], [115.718265, 28.711449], [115.71868, 28.711429], [115.718881, 28.711389], [115.718903, 28.711333], [115.718879, 28.711261], [115.718853, 28.710961], [115.718844, 28.7109], [115.718363, 28.711014], [115.717124, 28.711243], [115.716962, 28.71125], [115.716891, 28.711214], [115.716791, 28.710998], [115.716698, 28.710902], [115.716649, 28.710815], [115.716558, 28.710491], [115.716563, 28.71043], [115.71659, 28.710384], [115.716883, 28.710266], [115.717318, 28.710131], [115.7175, 28.710176], [115.717683, 28.710129], [115.717951, 28.710123], [115.718381, 28.710043], [115.718691, 28.710036], [115.718684, 28.709967], [115.718664, 28.709862], [115.718664, 28.709644], [115.718679, 28.709595], [115.717654, 28.709623], [115.716695, 28.70976], [115.716545, 28.709746], [115.716497, 28.709674], [115.716459, 28.70924]]]}, "properties": {"display_name": "站前街道, 湾里管理局, 新建区, 南昌市, 江西省, 中国", "type": "administrative", "osm_type": "relation", "osm_id": 4682016, "class": null, "keyword": "subdistrict"}}, {"type": "Feature", "geometry": {"type": "Polygon", "coordinates": [[[115.89834, 28.688189], [115.89839, 28.687929], [115.898406, 28.686757], [115.898414, 28.686153], [115.89843, 28.685102], [115.898457, 28.682488], [115.898498, 28.678816], [115.89856, 28.67876], [115.898568, 28.678673], [115.898588, 28.677874], [115.898585, 28.677328], [115.898562, 28.677054], [115.898558, 28.676475], [115.898549, 28.675731], [115.898552, 28.675652], [115.898558, 28.675588], [115.898645, 28.675497], [115.898805, 28.675386], [115.898994, 28.675282], [115.899186, 28.67521], [115.89943, 28.675173], [115.899613, 28.675163], [115.899864, 28.675166], [115.900171, 28.6752], [115.900424, 28.675297], [115.900577, 28.675373], [115.900607, 28.675437], [115.900633, 28.675483], [115.900636, 28.675545], [115.900702, 28.675986], [115.900703, 28.67645], [115.900703, 28.677082], [115.900703, 28.677152], [115.900725, 28.677186], [115.900756, 28.677216], [115.900824, 28.677243], [115.90216, 28.677239], [115.904136, 28.677259], [115.905169, 28.677276], [115.90538, 28.677299], [115.905583, 28.677321], [115.905858, 28.677321], [115.906542, 28.677316], [115.907578, 28.677324], [115.908569, 28.677338], [115.909302, 28.677349], [115.910313, 28.677352], [115.911203, 28.677362], [115.911714, 28.677366], [115.913646, 28.677364], [115.914381, 28.677352], [115.914376, 28.678374], [115.914544, 28.678476], [115.914554, 28.678707], [115.914629, 28.678734], [115.914671, 28.678918], [115.914654, 28.678977], [115.914683, 28.678992], [115.914654, 28.679382], [115.914687, 28.679383], [115.914685, 28.679327], [115.914692, 28.679308], [115.914699, 28.679078], [115.914705, 28.67907], [115.914699, 28.679058], [115.914704, 28.678909], [115.915072, 28.678918], [115.915157, 28.680168], [115.91528, 28.683358], [115.914801, 28.683422], [115.914753, 28.682479], [115.913932, 28.682492], [115.913837, 28.682557], [115.913822, 28.683101], [115.914113, 28.683097], [115.914192, 28.683208], [115.914719, 28.683221], [115.914757, 28.683473], [115.914329, 28.683566], [115.913873, 28.683571], [115.913832, 28.684096], [115.913854, 28.684456], [115.914254, 28.684484], [115.914307, 28.684738], [115.913892, 28.68475], [115.913916, 28.684936], [115.91438, 28.684922], [115.914469, 28.685669], [115.914779, 28.685651], [115.914799, 28.685852], [115.914883, 28.685864], [115.91488, 28.686108], [115.913968, 28.686087], [115.914179, 28.687477], [115.9142, 28.687981], [115.914767, 28.687942], [115.914767, 28.688325], [115.914222, 28.688327], [115.913516, 28.688332], [115.911257, 28.688351], [115.907501, 28.688377], [115.906431, 28.688385], [115.906209, 28.68838], [115.904156, 28.688359], [115.903269, 28.688324], [115.903049, 28.688324], [115.902804, 28.688314], [115.902338, 28.688307], [115.901145, 28.688275], [115.900818, 28.688258], [115.899407, 28.688219], [115.899169, 28.688206], [115.89834, 28.688189]]]}, "properties": {"display_name": "大院街道, 东湖区, 南昌市, 江西省, 中国", "type": "administrative", "osm_type": "relation", "osm_id": 3227143, "class": null, "keyword": "subdistrict"}}, {"type": "Feature", "geometry": {"type": "Polygon", "coordinates": [[[115.872597, 28.65876], [115.875052, 28.658388], [115.875301, 28.658376], [115.876003, 28.658344], [115.877377, 28.658342], [115.877845, 28.658348], [115.878922, 28.65835], [115.879335, 28.658354], [115.879314, 28.658256], [115.878005, 28.658247], [115.877911, 28.657733], [115.878461, 28.657731], [115.878501, 28.657795], [115.878833, 28.657799], [115.878831, 28.657386], [115.879177, 28.657337], [115.879331, 28.657958], [115.879611, 28.657945], [115.879685, 28.658291], [115.879697, 28.658349], [115.882038, 28.65836], [115.883164, 28.658363], [115.883912, 28.658357], [115.884796, 28.658358], [115.885775, 28.658362], [115.886606, 28.658362], [115.888623, 28.65837], [115.889045, 28.658372], [115.891302, 28.658378], [115.892708, 28.658354], [115.893111, 28.658358], [115.89226, 28.660121], [115.891172, 28.661406], [115.889852, 28.662938], [115.887554, 28.665613], [115.887259, 28.665919], [115.886352, 28.666857], [115.884875, 28.668384], [115.884074, 28.669211], [115.882791, 28.67], [115.882261, 28.669649], [115.881554, 28.669212], [115.88133, 28.669073], [115.880363, 28.66876], [115.879216, 28.668368], [115.877816, 28.668128], [115.877267, 28.668056], [115.875855, 28.667798], [115.87561, 28.666901], [115.87526, 28.665589], [115.874961, 28.664535], [115.874926, 28.66437], [115.874903, 28.664258], [115.874692, 28.66352], [115.874641, 28.663345], [115.874362, 28.662484], [115.874221, 28.662106], [115.874035, 28.661734], [115.873898, 28.661459], [115.873774, 28.661211], [115.873614, 28.660891], [115.872819, 28.659237], [115.872597, 28.65876]]]}, "properties": {"display_name": "桃源街道, 桃花街道, 西湖区, 南昌市, 江西省, 330025, 中国", "type": "administrative", "osm_type": "relation", "osm_id": 4659760, "class": null, "keyword": "subdistrict"}}, {"type": "Feature", "geometry": {"type": "MultiPolygon", "coordinates": [[[[115.929677, 28.724392], [115.929693, 28.724291], [115.929762, 28.724183], [115.930292, 28.723668], [115.930446, 28.723505], [115.930573, 28.723409], [115.930784, 28.723353], [115.930916, 28.723319], [115.931012, 28.723282], [115.931086, 28.723257], [115.931046, 28.723136], [115.93096, 28.72286], [115.930873, 28.722614], [115.930836, 28.722537], [115.930746, 28.722404], [115.930614, 28.722218], [115.930498, 28.722048], [115.930355, 28.721832], [115.930261, 28.721691], [115.93014, 28.721523], [115.930782, 28.720594], [115.930744, 28.719981], [115.932704, 28.719617], [115.932737, 28.718813], [115.934104, 28.718204], [115.934008, 28.717607], [115.933924, 28.717196], [115.933807, 28.716595], [115.93369, 28.715696], [115.933557, 28.715201], [115.934365, 28.714756], [115.935117, 28.714842], [115.935144, 28.715157], [115.934991, 28.715185], [115.934999, 28.71553], [115.935165, 28.715523], [115.935154, 28.7159], [115.934932, 28.71607], [115.934989, 28.716454], [115.935884, 28.71641], [115.935919, 28.717478], [115.935503, 28.717644], [115.935798, 28.718473], [115.937338, 28.718263], [115.937405, 28.718547], [115.937633, 28.718511], [115.937664, 28.71859], [115.939648, 28.718454], [115.93959, 28.718159], [115.939787, 28.718114], [115.939498, 28.71656], [115.941269, 28.716541], [115.941336, 28.715805], [115.94203, 28.715696], [115.941678, 28.716491], [115.941523, 28.71734], [115.941454, 28.719332], [115.940056, 28.719515], [115.940229, 28.720739], [115.939748, 28.720832], [115.939796, 28.721095], [115.939512, 28.721194], [115.939439, 28.721356], [115.939719, 28.721336], [115.939869, 28.721475], [115.940309, 28.721372], [115.940355, 28.721488], [115.940062, 28.721562], [115.939996, 28.721525], [115.939886, 28.72155], [115.939904, 28.721641], [115.940108, 28.722709], [115.940589, 28.722632], [115.940704, 28.723302], [115.940181, 28.723379], [115.940064, 28.722997], [115.938916, 28.723185], [115.939102, 28.724118], [115.939239, 28.724896], [115.939316, 28.724852], [115.940037, 28.724768], [115.94003, 28.724836], [115.940061, 28.725036], [115.940076, 28.725049], [115.940592, 28.725069], [115.940655, 28.726054], [115.940616, 28.726051], [115.939894, 28.72606], [115.93981, 28.726938], [115.93952, 28.726929], [115.939461, 28.727498], [115.939311, 28.727837], [115.938946, 28.728815], [115.938841, 28.729055], [115.938556, 28.729707], [115.938129, 28.73068], [115.937598, 28.730558], [115.936513, 28.73026], [115.936003, 28.730103], [115.934234, 28.729469], [115.933548, 28.729192], [115.933194, 28.728949], [115.932215, 28.728298], [115.931351, 28.72765], [115.930847, 28.727263], [115.930688, 28.726987], [115.930488, 28.726718], [115.930266, 28.726423], [115.930181, 28.726222], [115.93008, 28.726028], [115.930043, 28.725939], [115.929959, 28.725739], [115.929851, 28.725438], [115.929736, 28.725125], [115.929707, 28.724878], [115.929693, 28.724752], [115.929695, 28.724579], [115.92968, 28.724493], [115.929677, 28.724392]]], [[[115.943084, 28.730967], [115.94344, 28.730235], [115.943399, 28.728154], [115.94331, 28.726738], [115.944042, 28.726702], [115.944056, 28.72651], [115.944849, 28.726408], [115.944918, 28.72831], [115.947256, 28.728254], [115.947236, 28.729362], [115.946118, 28.729337], [115.946102, 28.729968], [115.946096, 28.730227], [115.946068, 28.731087], [115.946042, 28.732465], [115.945611, 28.732361], [115.944685, 28.732135], [115.943713, 28.731547], [115.943084, 28.730967]]], [[[115.950051, 28.717032], [115.950068, 28.714407], [115.953126, 28.714416], [115.955818, 28.714416], [115.955817, 28.716543], [115.955514, 28.716545], [115.954064, 28.716551], [115.95406, 28.716869], [115.952935, 28.716913], [115.952929, 28.719909], [115.952919, 28.720336], [115.951382, 28.720482], [115.951334, 28.717818], [115.95008, 28.71783], [115.950051, 28.717032]]]]}, "properties": {"display_name": "青山路街道, 青山湖区, 南昌市, 江西省, 中国", "type": "administrative", "osm_type": "relation", "osm_id": 3328159, "class": null, "keyword": "subdistrict"}}, {"type": "Feature", "geometry": {"type": "Polygon", "coordinates": [[[115.889852, 28.662938], [115.891172, 28.661406], [115.89226, 28.660121], [115.893111, 28.658358], [115.893555, 28.658358], [115.894345, 28.658358], [115.897768, 28.658379], [115.899621, 28.65839], [115.900639, 28.658395], [115.902117, 28.658378], [115.905971, 28.658335], [115.905888, 28.658978], [115.905847, 28.659352], [115.905668, 28.660666], [115.905361, 28.662724], [115.905234, 28.663533], [115.904957, 28.665737], [115.904469, 28.666324], [115.902898, 28.667808], [115.902102, 28.668603], [115.901304, 28.669362], [115.901049, 28.669617], [115.899485, 28.671181], [115.899063, 28.670919], [115.898866, 28.670793], [115.897858, 28.670237], [115.896314, 28.669617], [115.896113, 28.669505], [115.895938, 28.669399], [115.894687, 28.668421], [115.894008, 28.668253], [115.891211, 28.66778], [115.891335, 28.667348], [115.891666, 28.666193], [115.891779, 28.665795], [115.892102, 28.665628], [115.892599, 28.665321], [115.893001, 28.664988], [115.893043, 28.664942], [115.89144, 28.663867], [115.891244, 28.663755], [115.889852, 28.662938]], [[115.897388, 28.659965], [115.89771, 28.660099], [115.897903, 28.659974], [115.897875, 28.659915], [115.897938, 28.659878], [115.897988, 28.659876], [115.89799, 28.659902], [115.898264, 28.659821], [115.898602, 28.659746], [115.89875, 28.65961], [115.89883, 28.659542], [115.899135, 28.659356], [115.899366, 28.659282], [115.899517, 28.659179], [115.899491, 28.658826], [115.898829, 28.658842], [115.898824, 28.659003], [115.898769, 28.65907], [115.898434, 28.659225], [115.897697, 28.659671], [115.897388, 28.659965]], [[115.897746, 28.664078], [115.897746, 28.664133], [115.897799, 28.664132], [115.897807, 28.664117], [115.897859, 28.664117], [115.897861, 28.664086], [115.897841, 28.664077], [115.897746, 28.664078]], [[115.898055, 28.666909], [115.898124, 28.667613], [115.898195, 28.667614], [115.898256, 28.668263], [115.898276, 28.668289], [115.898321, 28.668477], [115.898395, 28.668465], [115.898444, 28.668296], [115.898404, 28.667883], [115.898362, 28.667325], [115.898284, 28.666743], [115.898058, 28.666743], [115.898055, 28.666909]], [[115.898319, 28.662869], [115.898415, 28.663425], [115.898665, 28.663479], [115.898659, 28.663015], [115.898597, 28.662897], [115.898319, 28.662869]], [[115.901731, 28.664482], [115.902278, 28.664585], [115.902287, 28.664502], [115.902304, 28.664368], [115.902343, 28.664263], [115.902368, 28.664203], [115.902389, 28.664167], [115.902532, 28.664179], [115.902522, 28.663945], [115.902545, 28.663667], [115.90268, 28.663695], [115.902857, 28.663708], [115.903089, 28.663691], [115.904462, 28.663601], [115.904362, 28.663309], [115.904325, 28.663156], [115.904246, 28.663168], [115.904008, 28.66328], [115.903721, 28.663342], [115.903628, 28.663428], [115.90307, 28.663373], [115.90279, 28.663352], [115.902795, 28.663452], [115.902623, 28.66345], [115.902577, 28.663455], [115.902577, 28.663302], [115.902379, 28.663311], [115.902376, 28.663528], [115.902531, 28.663649], [115.902501, 28.663686], [115.902499, 28.664], [115.90224, 28.664022], [115.902136, 28.664038], [115.902032, 28.664045], [115.901991, 28.664045], [115.901891, 28.664045], [115.90183, 28.664039], [115.901749, 28.664014], [115.901731, 28.664482]]]}, "properties": {"display_name": "绳金塔街道, 桃花街道, 西湖区, 南昌市, 江西省, 中国", "type": "administrative", "osm_type": "relation", "osm_id": 4676928, "class": null, "keyword": "subdistrict"}}, {"type": "Feature", "geometry": {"type": "Polygon", "coordinates": [[[115.880515, 28.672349], [115.882791, 28.67], [115.884074, 28.669211], [115.884875, 28.668384], [115.886352, 28.666857], [115.887259, 28.665919], [115.887554, 28.665613], [115.889852, 28.662938], [115.891244, 28.663755], [115.89144, 28.663867], [115.893043, 28.664942], [115.893001, 28.664988], [115.892599, 28.665321], [115.892102, 28.665628], [115.891779, 28.665795], [115.891666, 28.666193], [115.891335, 28.667348], [115.891211, 28.66778], [115.894008, 28.668253], [115.894687, 28.668421], [115.895938, 28.669399], [115.896113, 28.669505], [115.896314, 28.669617], [115.897858, 28.670237], [115.898866, 28.670793], [115.899063, 28.670919], [115.899485, 28.671181], [115.899295, 28.671373], [115.899012, 28.671953], [115.898921, 28.672192], [115.89881, 28.673229], [115.898558, 28.675588], [115.897288, 28.675644], [115.896441, 28.675826], [115.896141, 28.675883], [115.895796, 28.67588], [115.895409, 28.675822], [115.894627, 28.675581], [115.89315, 28.675162], [115.892185, 28.674895], [115.891826, 28.674822], [115.891417, 28.674823], [115.890958, 28.674825], [115.890446, 28.674828], [115.888744, 28.675054], [115.888067, 28.675088], [115.88786, 28.675103], [115.886769, 28.675072], [115.885762, 28.674898], [115.885326, 28.674777], [115.885002, 28.674687], [115.883882, 28.674238], [115.88355, 28.674063], [115.882997, 28.67373], [115.882372, 28.673372], [115.882083, 28.673206], [115.882, 28.673159], [115.88121, 28.672728], [115.880515, 28.672349]]]}, "properties": {"display_name": "南浦街道, 桃花街道, 西湖区, 南昌市, 江西省, 330001, 中国", "type": "administrative", "osm_type": "relation", "osm_id": 4676918, "class": null, "keyword": "subdistrict"}}, {"type": "Feature", "geometry": {"type": "Polygon", "coordinates": [[[115.914055, 28.658339], [115.914999, 28.658281], [115.916518, 28.6582], [115.918036, 28.658124], [115.918785, 28.658082], [115.919167, 28.658075], [115.919694, 28.658052], [115.92026, 28.658049], [115.920549, 28.658064], [115.920675, 28.65887], [115.920789, 28.660056], [115.920864, 28.660767], [115.921143, 28.661366], [115.922229, 28.663031], [115.922825, 28.663977], [115.921623, 28.664119], [115.921038, 28.6641], [115.92107, 28.664537], [115.920931, 28.664567], [115.921128, 28.665111], [115.921581, 28.665474], [115.922346, 28.665517], [115.923303, 28.665867], [115.923282, 28.66711], [115.923264, 28.668797], [115.923245, 28.670246], [115.9232, 28.673561], [115.92318, 28.6743], [115.923076, 28.675192], [115.922678, 28.677443], [115.921635, 28.677434], [115.920712, 28.677426], [115.920211, 28.677409], [115.919143, 28.677386], [115.917089, 28.677369], [115.916568, 28.677363], [115.915442, 28.677349], [115.914901, 28.677343], [115.914818, 28.675645], [115.915775, 28.67552], [115.915711, 28.675324], [115.9157, 28.675014], [115.916444, 28.674983], [115.91645, 28.674757], [115.916955, 28.674751], [115.916951, 28.674483], [115.917452, 28.674478], [115.917456, 28.674735], [115.917933, 28.67473], [115.917936, 28.674949], [115.918053, 28.674952], [115.918208, 28.675167], [115.918178, 28.675666], [115.91869, 28.676056], [115.918967, 28.676116], [115.91897, 28.676243], [115.919517, 28.676398], [115.919535, 28.676186], [115.920461, 28.676177], [115.920606, 28.675886], [115.920756, 28.675957], [115.920737, 28.675359], [115.921021, 28.675336], [115.920973, 28.674691], [115.919193, 28.674732], [115.919187, 28.674921], [115.918519, 28.674931], [115.918296, 28.674854], [115.918109, 28.67464], [115.918125, 28.673936], [115.918484, 28.673924], [115.918511, 28.673741], [115.918683, 28.673675], [115.918699, 28.673475], [115.919238, 28.673489], [115.919251, 28.672984], [115.918001, 28.672987], [115.917846, 28.672141], [115.916904, 28.672108], [115.917121, 28.67088], [115.917799, 28.670952], [115.917784, 28.671184], [115.91856, 28.671195], [115.918467, 28.669946], [115.917767, 28.669971], [115.9167, 28.669971], [115.916675, 28.670023], [115.91638, 28.67008], [115.916327, 28.670605], [115.916257, 28.67117], [115.91586, 28.671212], [115.915934, 28.671879], [115.916182, 28.671829], [115.916187, 28.672783], [115.917497, 28.672954], [115.917511, 28.674107], [115.916888, 28.674225], [115.916184, 28.674298], [115.915189, 28.67437], [115.91477, 28.674385], [115.914748, 28.673822], [115.914668, 28.671757], [115.914628, 28.670792], [115.914575, 28.66919], [115.914569, 28.669004], [115.914554, 28.668232], [115.915766, 28.668225], [115.916882, 28.668232], [115.916944, 28.667948], [115.917443, 28.667932], [115.917436, 28.666947], [115.917435, 28.666816], [115.916182, 28.666804], [115.916169, 28.666428], [115.916279, 28.666421], [115.916178, 28.665689], [115.91639, 28.665581], [115.916237, 28.665037], [115.915182, 28.665074], [115.914435, 28.665079], [115.914406, 28.664267], [115.914318, 28.662722], [115.915235, 28.662695], [115.915214, 28.662116], [115.914895, 28.662009], [115.915072, 28.661047], [115.915608, 28.661142], [115.915994, 28.661143], [115.915954, 28.661], [115.91578, 28.660531], [115.91501, 28.660592], [115.914986, 28.660863], [115.914584, 28.660843], [115.914252, 28.660874], [115.914169, 28.659147], [115.914143, 28.658566], [115.914055, 28.658339]], [[115.914599, 28.659695], [115.914681, 28.660095], [115.914999, 28.660085], [115.915048, 28.66001], [115.915569, 28.659855], [115.915514, 28.659705], [115.915437, 28.659527], [115.914599, 28.659695]], [[115.918064, 28.6584], [115.91807, 28.658576], [115.918569, 28.658563], [115.918562, 28.658386], [115.918064, 28.6584]], [[115.918356, 28.668046], [115.918431, 28.669462], [115.91928, 28.669359], [115.920032, 28.669344], [115.920043, 28.669085], [115.920639, 28.669103], [115.920643, 28.668768], [115.92101, 28.668693], [115.920985, 28.668448], [115.921661, 28.668413], [115.921663, 28.668307], [115.922347, 28.668323], [115.922334, 28.667806], [115.922181, 28.667787], [115.9222, 28.66765], [115.921982, 28.667613], [115.921987, 28.667308], [115.922375, 28.66731], [115.922386, 28.667073], [115.921412, 28.667037], [115.921409, 28.667225], [115.920892, 28.66719], [115.920871, 28.667623], [115.919865, 28.667607], [115.919787, 28.667124], [115.919702, 28.666922], [115.91895, 28.666943], [115.919056, 28.668002], [115.918356, 28.668046]]]}, "properties": {"display_name": "站东街道, 青山湖区, 南昌市, 江西省, 中国", "type": "administrative", "osm_type": "relation", "osm_id": 7946276, "class": null, "keyword": "subdistrict"}}, {"type": "Feature", "geometry": {"type": "Polygon", "coordinates": [[[115.902077, 28.671036], [115.902161, 28.670895], [115.902881, 28.669687], [115.902928, 28.669009], [115.902102, 28.668603], [115.902898, 28.667808], [115.904469, 28.666324], [115.904957, 28.665737], [115.905234, 28.663533], [115.905361, 28.662724], [115.905668, 28.660666], [115.905847, 28.659352], [115.905888, 28.658978], [115.905971, 28.658335], [115.906582, 28.658348], [115.90723, 28.658382], [115.907924, 28.658463], [115.908449, 28.658509], [115.908942, 28.658562], [115.909781, 28.658615], [115.910383, 28.658581], [115.910975, 28.658542], [115.912148, 28.658468], [115.912559, 28.658438], [115.912965, 28.658417], [115.913405, 28.658387], [115.913854, 28.658348], [115.914055, 28.658339], [115.914143, 28.658566], [115.914169, 28.659147], [115.914252, 28.660874], [115.914306, 28.662001], [115.914318, 28.662722], [115.914406, 28.664267], [115.914435, 28.665079], [115.914503, 28.666993], [115.914554, 28.668232], [115.914569, 28.669004], [115.914575, 28.66919], [115.914628, 28.670792], [115.914668, 28.671757], [115.913454, 28.671748], [115.912322, 28.671156], [115.911584, 28.670349], [115.910399, 28.670447], [115.910209, 28.669096], [115.908987, 28.669261], [115.908962, 28.669264], [115.907431, 28.669443], [115.907485, 28.670401], [115.906538, 28.670536], [115.905704, 28.670655], [115.90502, 28.670761], [115.904386, 28.670859], [115.904364, 28.670998], [115.90413, 28.671013], [115.90358, 28.671032], [115.902872, 28.67106], [115.902751, 28.671303], [115.902077, 28.671036]]]}, "properties": {"display_name": "南站街道, 西湖区, 南昌市, 江西省, 中国", "type": "administrative", "osm_type": "relation", "osm_id": 4677016, "class": null, "keyword": "subdistrict"}}, {"type": "Feature", "geometry": {"type": "Polygon", "coordinates": [[[115.885202, 28.691231], [115.885204, 28.690512], [115.885206, 28.689573], [115.88522, 28.689093], [115.885409, 28.687637], [115.885532, 28.686924], [115.88595, 28.685456], [115.88713, 28.685561], [115.888508, 28.685662], [115.890957, 28.685726], [115.890975, 28.685727], [115.891537, 28.684116], [115.893262, 28.684791], [115.893604, 28.683314], [115.894054, 28.681475], [115.894505, 28.68056], [115.894902, 28.679219], [115.894988, 28.678817], [115.895049, 28.678829], [115.895483, 28.678826], [115.895953, 28.678839], [115.897036, 28.678843], [115.897124, 28.678843], [115.89815, 28.67883], [115.898411, 28.678836], [115.898498, 28.678816], [115.898457, 28.682488], [115.89843, 28.685102], [115.898414, 28.686153], [115.898406, 28.686757], [115.89839, 28.687929], [115.89834, 28.688189], [115.898288, 28.688344], [115.897829, 28.689404], [115.897641, 28.689907], [115.897501, 28.69022], [115.897328, 28.690587], [115.897235, 28.690886], [115.896944, 28.690917], [115.893868, 28.691256], [115.892093, 28.691452], [115.890033, 28.691679], [115.889529, 28.691665], [115.88935, 28.691646], [115.886647, 28.691362], [115.885695, 28.691262], [115.885517, 28.691251], [115.885202, 28.691231]]]}, "properties": {"display_name": "墩子塘街道, 东湖区, 南昌市, 江西省, 中国", "type": "administrative", "osm_type": "relation", "osm_id": 3227169, "class": null, "keyword": "subdistrict"}}, {"type": "Feature", "geometry": {"type": "Polygon", "coordinates": [[[115.898558, 28.675588], [115.89881, 28.673229], [115.898921, 28.672192], [115.899012, 28.671953], [115.899295, 28.671373], [115.899485, 28.671181], [115.901049, 28.669617], [115.901304, 28.669362], [115.902102, 28.668603], [115.902928, 28.669009], [115.902881, 28.669687], [115.902161, 28.670895], [115.902077, 28.671036], [115.902751, 28.671303], [115.902872, 28.67106], [115.90358, 28.671032], [115.90413, 28.671013], [115.904364, 28.670998], [115.904386, 28.670859], [115.90502, 28.670761], [115.905704, 28.670655], [115.906538, 28.670536], [115.907485, 28.670401], [115.907431, 28.669443], [115.908962, 28.669264], [115.908987, 28.669261], [115.910209, 28.669096], [115.910399, 28.670447], [115.911584, 28.670349], [115.912322, 28.671156], [115.913454, 28.671748], [115.914668, 28.671757], [115.914748, 28.673822], [115.91477, 28.674385], [115.914782, 28.674712], [115.914818, 28.675645], [115.914901, 28.677343], [115.914381, 28.677352], [115.913646, 28.677364], [115.911714, 28.677366], [115.911203, 28.677362], [115.910313, 28.677352], [115.909302, 28.677349], [115.908569, 28.677338], [115.907578, 28.677324], [115.906542, 28.677316], [115.905858, 28.677321], [115.905583, 28.677321], [115.90538, 28.677299], [115.905169, 28.677276], [115.904136, 28.677259], [115.90216, 28.677239], [115.900824, 28.677243], [115.900756, 28.677216], [115.900725, 28.677186], [115.900703, 28.677152], [115.900703, 28.677082], [115.900703, 28.67645], [115.900702, 28.675986], [115.900636, 28.675545], [115.900633, 28.675483], [115.900607, 28.675437], [115.900577, 28.675373], [115.900424, 28.675297], [115.900171, 28.6752], [115.899864, 28.675166], [115.899613, 28.675163], [115.89943, 28.675173], [115.899186, 28.67521], [115.898994, 28.675282], [115.898805, 28.675386], [115.898645, 28.675497], [115.898558, 28.675588]], [[115.904025, 28.675566], [115.904034, 28.675642], [115.904997, 28.675621], [115.905001, 28.675686], [115.905556, 28.675721], [115.905534, 28.67542], [115.904025, 28.675566]], [[115.909755, 28.674539], [115.909791, 28.674917], [115.910389, 28.674873], [115.910354, 28.674495], [115.909755, 28.674539]], [[115.910432, 28.671483], [115.91049, 28.671623], [115.911078, 28.671616], [115.911078, 28.671695], [115.910925, 28.671776], [115.910944, 28.671956], [115.911004, 28.672148], [115.910915, 28.672185], [115.910957, 28.672507], [115.910758, 28.672591], [115.910867, 28.673194], [115.911508, 28.672991], [115.911563, 28.67246], [115.911341, 28.671582], [115.911671, 28.671512], [115.911631, 28.671436], [115.910432, 28.671483]], [[115.91128, 28.674807], [115.911319, 28.675019], [115.911599, 28.674997], [115.91163, 28.675095], [115.911939, 28.675089], [115.91216, 28.675084], [115.912486, 28.675079], [115.913012, 28.675052], [115.91337, 28.675023], [115.913364, 28.674745], [115.91308, 28.674709], [115.912801, 28.6747], [115.912787, 28.67467], [115.912079, 28.674729], [115.91128, 28.674807]], [[115.912116, 28.673306], [115.912205, 28.673647], [115.912251, 28.673845], [115.912712, 28.67382], [115.913494, 28.673716], [115.913485, 28.673376], [115.913347, 28.673374], [115.913218, 28.673374], [115.913192, 28.673264], [115.913111, 28.673255], [115.913091, 28.673161], [115.913057, 28.673011], [115.912915, 28.673047], [115.912116, 28.673306]]]}, "properties": {"display_name": "丁公路街道, 桃花街道, 西湖区, 南昌市, 江西省, 中国", "type": "administrative", "osm_type": "relation", "osm_id": 4677015, "class": null, "keyword": "subdistrict"}}, {"type": "Feature", "geometry": {"type": "Polygon", "coordinates": [[[115.881403, 28.691086], [115.88166, 28.689454], [115.881771, 28.688736], [115.881796, 28.688574], [115.882047, 28.686909], [115.882052, 28.68688], [115.882327, 28.685058], [115.88245, 28.684201], [115.882565, 28.683907], [115.882727, 28.683487], [115.882859, 28.683317], [115.883141, 28.682532], [115.883334, 28.681768], [115.88346, 28.680958], [115.883712, 28.678638], [115.883727, 28.678583], [115.88397, 28.678622], [115.884178, 28.678651], [115.884374, 28.678673], [115.884619, 28.67871], [115.884845, 28.678749], [115.884953, 28.678761], [115.885012, 28.678769], [115.88517, 28.678798], [115.885819, 28.678871], [115.886255, 28.678922], [115.886606, 28.678969], [115.88673, 28.679016], [115.886803, 28.679033], [115.886918, 28.679054], [115.88741, 28.679096], [115.88763, 28.679123], [115.887931, 28.679138], [115.88847, 28.679172], [115.888694, 28.679188], [115.889009, 28.679192], [115.88926, 28.679185], [115.889542, 28.679196], [115.889749, 28.679198], [115.889891, 28.679167], [115.890244, 28.679107], [115.890575, 28.679077], [115.890776, 28.679072], [115.891011, 28.679031], [115.891368, 28.678948], [115.891443, 28.678919], [115.89159, 28.678866], [115.891926, 28.678718], [115.892342, 28.67856], [115.89264, 28.678469], [115.893055, 28.678328], [115.89326, 28.678279], [115.89346, 28.678257], [115.893558, 28.678274], [115.893713, 28.678326], [115.894211, 28.678499], [115.894532, 28.67863], [115.894728, 28.678698], [115.894887, 28.678783], [115.894988, 28.678817], [115.894902, 28.679219], [115.894505, 28.68056], [115.894054, 28.681475], [115.893604, 28.683314], [115.893262, 28.684791], [115.891537, 28.684116], [115.890975, 28.685727], [115.890957, 28.685726], [115.888508, 28.685662], [115.88713, 28.685561], [115.88595, 28.685456], [115.885532, 28.686924], [115.885409, 28.687637], [115.88522, 28.689093], [115.885206, 28.689573], [115.885204, 28.690512], [115.885202, 28.691231], [115.883589, 28.691131], [115.882161, 28.69107], [115.881793, 28.691069], [115.881403, 28.691086]]]}, "properties": {"display_name": "百花洲街道, 东湖区, 南昌市, 江西省, 330006, 中国", "type": "administrative", "osm_type": "relation", "osm_id": 3227170, "class": null, "keyword": "subdistrict"}}, {"type": "Feature", "geometry": {"type": "Polygon", "coordinates": [[[115.889852, 28.662938], [115.891172, 28.661406], [115.89226, 28.660121], [115.893111, 28.658358], [115.893555, 28.658358], [115.894345, 28.658358], [115.897768, 28.658379], [115.899621, 28.65839], [115.900639, 28.658395], [115.902117, 28.658378], [115.905971, 28.658335], [115.905888, 28.658978], [115.905847, 28.659352], [115.905668, 28.660666], [115.905361, 28.662724], [115.905234, 28.663533], [115.904957, 28.665737], [115.904602, 28.665748], [115.902434, 28.665819], [115.902051, 28.665826], [115.900724, 28.665865], [115.899677, 28.665911], [115.89896, 28.665935], [115.898831, 28.665939], [115.897808, 28.665973], [115.897766, 28.664908], [115.897193, 28.664931], [115.897177, 28.665094], [115.8966, 28.665094], [115.896608, 28.664917], [115.896415, 28.664894], [115.896383, 28.66463], [115.895892, 28.664663], [115.895878, 28.6648], [115.895645, 28.664779], [115.895766, 28.663917], [115.8967, 28.663916], [115.896655, 28.663059], [115.896242, 28.663078], [115.895987, 28.662618], [115.895521, 28.662942], [115.895255, 28.66314], [115.895238, 28.663112], [115.895049, 28.662774], [115.894719, 28.662602], [115.894657, 28.662562], [115.89308, 28.661904], [115.892824, 28.662528], [115.892996, 28.662629], [115.892923, 28.66277], [115.892673, 28.662674], [115.892735, 28.662514], [115.892546, 28.662436], [115.892495, 28.66258], [115.892123, 28.662462], [115.891981, 28.662879], [115.892297, 28.662966], [115.892481, 28.663017], [115.892277, 28.663559], [115.892167, 28.663828], [115.892457, 28.663915], [115.892569, 28.663614], [115.892738, 28.663146], [115.893264, 28.663287], [115.893165, 28.663628], [115.893256, 28.663692], [115.893124, 28.664054], [115.893426, 28.66435], [115.893102, 28.664707], [115.892899, 28.664499], [115.893044, 28.664358], [115.892923, 28.664181], [115.892673, 28.664119], [115.892544, 28.664277], [115.891544, 28.663687], [115.89144, 28.663867], [115.891244, 28.663755], [115.889852, 28.662938]]]}, "properties": {"display_name": "原十字街街道, 绳金塔街道, 西湖区, 南昌市, 江西省, 中国", "type": "administrative", "osm_type": "relation", "osm_id": 4676925, "class": null, "keyword": "subdistrict"}}, {"type": "Feature", "geometry": {"type": "Polygon", "coordinates": [[[115.877423, 28.678057], [115.878123, 28.676312], [115.878656, 28.675082], [115.879386, 28.673448], [115.87974, 28.672778], [115.880233, 28.672646], [115.880515, 28.672349], [115.88121, 28.672728], [115.882, 28.673159], [115.882083, 28.673206], [115.882372, 28.673372], [115.882997, 28.67373], [115.88355, 28.674063], [115.883882, 28.674238], [115.885002, 28.674687], [115.885326, 28.674777], [115.885762, 28.674898], [115.886769, 28.675072], [115.88786, 28.675103], [115.888067, 28.675088], [115.888744, 28.675054], [115.890446, 28.674828], [115.890958, 28.674825], [115.891417, 28.674823], [115.891826, 28.674822], [115.892185, 28.674895], [115.89315, 28.675162], [115.894627, 28.675581], [115.895409, 28.675822], [115.895796, 28.67588], [115.896141, 28.675883], [115.896441, 28.675826], [115.897288, 28.675644], [115.898558, 28.675588], [115.898552, 28.675652], [115.898549, 28.675731], [115.898558, 28.676475], [115.898562, 28.677054], [115.898585, 28.677328], [115.898588, 28.677874], [115.898568, 28.678673], [115.89856, 28.67876], [115.898498, 28.678816], [115.898411, 28.678836], [115.89815, 28.67883], [115.897124, 28.678843], [115.897036, 28.678843], [115.895953, 28.678839], [115.895483, 28.678826], [115.895049, 28.678829], [115.894988, 28.678817], [115.894887, 28.678783], [115.894728, 28.678698], [115.894532, 28.67863], [115.894211, 28.678499], [115.893713, 28.678326], [115.893558, 28.678274], [115.89346, 28.678257], [115.89326, 28.678279], [115.893055, 28.678328], [115.89264, 28.678469], [115.892342, 28.67856], [115.891926, 28.678718], [115.89159, 28.678866], [115.891443, 28.678919], [115.891368, 28.678948], [115.891011, 28.679031], [115.890776, 28.679072], [115.890575, 28.679077], [115.890244, 28.679107], [115.889891, 28.679167], [115.889749, 28.679198], [115.889542, 28.679196], [115.88926, 28.679185], [115.889009, 28.679192], [115.888694, 28.679188], [115.88847, 28.679172], [115.887931, 28.679138], [115.88763, 28.679123], [115.88741, 28.679096], [115.886918, 28.679054], [115.886803, 28.679033], [115.88673, 28.679016], [115.886606, 28.678969], [115.886255, 28.678922], [115.885819, 28.678871], [115.88517, 28.678798], [115.885012, 28.678769], [115.884953, 28.678761], [115.884845, 28.678749], [115.884619, 28.67871], [115.884374, 28.678673], [115.884178, 28.678651], [115.88397, 28.678622], [115.883727, 28.678583], [115.883346, 28.678544], [115.883047, 28.67854], [115.882578, 28.678492], [115.881901, 28.678494], [115.881326, 28.678486], [115.88107, 28.678481], [115.880832, 28.678523], [115.880654, 28.678523], [115.880293, 28.678515], [115.879835, 28.678505], [115.879638, 28.678476], [115.879138, 28.678332], [115.878614, 28.67821], [115.878135, 28.678282], [115.877779, 28.678169], [115.877423, 28.678057]]]}, "properties": {"display_name": "广润门街道, 西湖区, 南昌市, 江西省, 中国", "type": "administrative", "osm_type": "relation", "osm_id": 4676933, "class": null, "keyword": "subdistrict"}}, {"type": "Feature", "geometry": {"type": "MultiPolygon", "coordinates": [[[[115.920549, 28.658064], [115.922364, 28.658157], [115.922515, 28.659835], [115.922541, 28.660519], [115.922664, 28.661035], [115.922776, 28.661405], [115.922835, 28.661719], [115.923054, 28.662365], [115.923672, 28.663587], [115.9241, 28.664426], [115.924523, 28.665026], [115.925229, 28.665426], [115.924826, 28.665741], [115.925062, 28.666115], [115.925048, 28.667152], [115.924627, 28.667157], [115.923282, 28.66711], [115.923303, 28.665867], [115.922346, 28.665517], [115.921581, 28.665474], [115.921128, 28.665111], [115.920931, 28.664567], [115.92107, 28.664537], [115.921038, 28.6641], [115.921623, 28.664119], [115.922825, 28.663977], [115.922229, 28.663031], [115.921143, 28.661366], [115.920864, 28.660767], [115.920789, 28.660056], [115.920675, 28.65887], [115.920549, 28.658064]]], [[[115.923348, 28.661257], [115.923727, 28.661239], [115.924043, 28.661229], [115.92518, 28.661094], [115.92556, 28.661837], [115.926145, 28.662652], [115.926673, 28.662456], [115.927164, 28.662471], [115.9277, 28.662692], [115.928097, 28.662871], [115.928186, 28.663419], [115.928065, 28.663584], [115.927427, 28.663657], [115.926418, 28.663718], [115.926401, 28.664288], [115.925755, 28.66463], [115.925154, 28.664794], [115.925122, 28.664662], [115.924921, 28.664667], [115.924754, 28.664418], [115.924483, 28.664397], [115.924417, 28.664285], [115.924363, 28.663847], [115.923479, 28.662136], [115.923348, 28.661257]]], [[[115.923543, 28.65829], [115.924379, 28.658293], [115.924593, 28.658267], [115.924848, 28.658229], [115.925417, 28.658093], [115.925939, 28.657957], [115.926508, 28.657864], [115.926804, 28.657808], [115.926937, 28.657782], [115.927562, 28.657646], [115.927969, 28.657556], [115.928686, 28.657405], [115.929427, 28.65727], [115.930194, 28.657115], [115.930437, 28.657081], [115.930982, 28.656936], [115.931298, 28.656871], [115.931863, 28.656724], [115.932316, 28.65658], [115.933068, 28.656282], [115.933947, 28.655897], [115.934132, 28.656218], [115.934185, 28.656389], [115.934239, 28.656571], [115.93448, 28.657809], [115.934749, 28.659105], [115.93478, 28.659337], [115.934714, 28.662049], [115.934699, 28.662339], [115.934708, 28.663359], [115.933914, 28.663335], [115.933882, 28.662688], [115.933512, 28.66265], [115.93345, 28.661902], [115.9322, 28.661995], [115.931774, 28.662015], [115.931731, 28.662728], [115.930158, 28.66274], [115.930195, 28.662295], [115.92929, 28.662204], [115.929365, 28.661438], [115.929434, 28.661165], [115.92827, 28.66117], [115.928249, 28.660928], [115.927547, 28.66088], [115.92743, 28.660709], [115.926795, 28.660723], [115.92558, 28.660965], [115.925521, 28.660498], [115.925131, 28.66057], [115.924958, 28.660324], [115.924667, 28.659751], [115.924198, 28.659758], [115.92406, 28.658873], [115.923552, 28.658877], [115.923543, 28.65829]]], [[[115.926138, 28.665975], [115.928466, 28.665831], [115.928736, 28.664277], [115.928773, 28.664281], [115.930099, 28.664409], [115.930188, 28.663756], [115.931303, 28.663638], [115.931467, 28.664292], [115.932247, 28.664165], [115.932393, 28.664814], [115.931948, 28.664901], [115.932072, 28.665558], [115.931273, 28.665895], [115.930323, 28.665971], [115.930334, 28.6663], [115.929759, 28.666311], [115.929217, 28.666331], [115.928044, 28.666417], [115.92746, 28.666537], [115.927383, 28.66655], [115.926267, 28.66687], [115.926138, 28.665975]]]]}, "properties": {"display_name": "上海路街道, 青山湖区, 南昌市, 江西省, 中国", "type": "administrative", "osm_type": "relation", "osm_id": 4105534, "class": null, "keyword": "subdistrict"}}, {"type": "Feature", "geometry": {"type": "Polygon", "coordinates": [[[115.842491, 28.684646], [115.845984, 28.683345], [115.848016, 28.687222], [115.844722, 28.68852], [115.842491, 28.684646]]]}, "properties": {"display_name": "世纪中央城社区, 卫东街道, 红谷滩区, 南昌市, 江西省, 中国", "type": "administrative", "osm_type": "relation", "osm_id": 6027629, "class": null, "keyword": "中央区"}}, {"type": "Feature", "geometry": {"type": "Polygon", "coordinates": [[[115.819576, 28.72681], [115.819786, 28.726486], [115.823185, 28.726208], [115.823044, 28.728279], [115.823162, 28.729392], [115.819964, 28.729676], [115.819576, 28.72681]]]}, "properties": {"display_name": "中国恒天集团江西凯马百路佳客车公司, 范家村, 蛟桥街道, 南昌经开区, 新建区, 南昌市, 江西省, 中国", "type": "industrial", "osm_type": "way", "osm_id": 289133940, "class": null, "keyword": "business district"}}, {"type": "Feature", "geometry": {"type": "Polygon", "coordinates": [[[115.829684, 29.004199], [115.829841, 29.000765], [115.833064, 29.000652], [115.833079, 29.002879], [115.832455, 29.003238], [115.832334, 29.004132], [115.829684, 29.004199]]]}, "properties": {"display_name": "国家级技能人才培养综合园区服务中心, 赣新大道北, 桑海集团南山分场, 新祺周管理处, 渣溪堂, 赣江新区直管区, 新建区, 南昌市, 江西省, 中国", "type": "university", "osm_type": "way", "osm_id": 1303282076, "class": null, "keyword": "中央区"}}, {"type": "Feature", "geometry": {"type": "Polygon", "coordinates": [[[115.839444, 28.945609], [115.839505, 28.945176], [115.840314, 28.943179], [115.842625, 28.944056], [115.841457, 28.946755], [115.839444, 28.945609]]]}, "properties": {"display_name": "赣江新区金太阳实验中学·赣江新区桑海中学, 南山路, 新祺周管理处, 金桥乡, 赣江新区直管区, 新建区, 南昌市, 江西省, 330115, 中国", "type": "school", "osm_type": "way", "osm_id": 1375876934, "class": null, "keyword": "中央区"}}, {"type": "Feature", "geometry": {"type": "Polygon", "coordinates": [[[116.021958, 28.674553], [116.02196, 28.674187], [116.022047, 28.67387], [116.022191, 28.673589], [116.022379, 28.673384], [116.022615, 28.673038], [116.022639, 28.673226], [116.022946, 28.673114], [116.023407, 28.673085], [116.023805, 28.673146], [116.024111, 28.673295], [116.024234, 28.67342], [116.024317, 28.673358], [116.024387, 28.673552], [116.024542, 28.67383], [116.024617, 28.674177], [116.02462, 28.674552], [116.024549, 28.674913], [116.024335, 28.6753], [116.024193, 28.675424], [116.024058, 28.675521], [116.023752, 28.675685], [116.023324, 28.675728], [116.022926, 28.675665], [116.022656, 28.675572], [116.022423, 28.675472], [116.022304, 28.675508], [116.022252, 28.675372], [116.022122, 28.675094], [116.021995, 28.674813], [116.021958, 28.674553]]]}, "properties": {"display_name": "江西奥体中心体育馆, 体育场西环路, 华鹏东岸社区, 店子前但家, 闵吴村, 昌东镇, 南昌高新区, 南昌县, 南昌市, 江西省, 330022, 中国", "type": "stadium", "osm_type": "way", "osm_id": 226824524, "class": null, "keyword": "中心商務區"}}, {"type": "Feature", "geometry": {"type": "Polygon", "coordinates": [[[115.827771, 28.588355], [115.832894, 28.588355], [115.835847, 28.588077], [115.839045, 28.588073], [115.839082, 28.588005], [115.83914, 28.587966], [115.839216, 28.587924], [115.839278, 28.587917], [115.839412, 28.587924], [115.839491, 28.587969], [115.839533, 28.588029], [115.83956, 28.588096], [115.840029, 28.588079], [115.846043, 28.588075], [115.846119, 28.588355], [115.840107, 28.588285], [115.839553, 28.588283], [115.839529, 28.588362], [115.839488, 28.588431], [115.839426, 28.588477], [115.839306, 28.588504], [115.839116, 28.588448], [115.83904, 28.588353], [115.839021, 28.588254], [115.835831, 28.5883], [115.832824, 28.588572], [115.827793, 28.588633], [115.827771, 28.588355]]]}, "properties": {"display_name": "象湖滨江中央渠, 利用村, 东新街道, 利用村, 南昌县, 南昌市, 江西省, 中国", "type": "water", "osm_type": "way", "osm_id": 259000253, "class": null, "keyword": "中央区"}}, {"type": "Feature", "geometry": {"type": "Polygon", "coordinates": [[[115.966669, 28.659449], [115.968708, 28.65912], [115.968906, 28.661351], [115.967512, 28.661478], [115.966819, 28.660283], [115.966669, 28.659449]]]}, "properties": {"display_name": "绿康国际老年城, 广阳湖路（月坊湖路）, 古竹熊家, 月坊村, 京东镇, 青山湖区, 南昌市, 江西省, 330096, 中国", "type": "nursing_home", "osm_type": "way", "osm_id": 875790179, "class": null, "keyword": "老城"}}, {"type": "Feature", "geometry": {"type": "Polygon", "coordinates": [[[115.892812, 28.689905], [115.893568, 28.689858], [115.893595, 28.689543], [115.894883, 28.689439], [115.895027, 28.690922], [115.893837, 28.690959], [115.893778, 28.690607], [115.893536, 28.690616], [115.893016, 28.690649], [115.892812, 28.690202], [115.892812, 28.689905]]]}, "properties": {"display_name": "江西中医药大学(阳明校区), 党家路, 公交青山路, 党家巷社区, 墩子塘街道, 东湖区, 南昌市, 江西省, 330006, 中国", "type": "university", "osm_type": "way", "osm_id": 555396823, "class": null, "keyword": "中央区"}}, {"type": "Feature", "geometry": {"type": "Polygon", "coordinates": [[[115.84941, 28.690195], [115.850719, 28.689699], [115.851384, 28.691105], [115.850157, 28.691588], [115.849971, 28.69155], [115.849846, 28.691412], [115.84941, 28.690195]]]}, "properties": {"display_name": "绿地中央广场B区, 会展路, 齐云社区, 沙井街道, 南昌市, 红谷滩区, 南昌市, 江西省, 330038, 中国", "type": "garden", "osm_type": "way", "osm_id": 1419704785, "class": null, "keyword": "中央区"}}, {"type": "Feature", "geometry": {"type": "Polygon", "coordinates": [[[115.842156, 28.706084], [115.842386, 28.705668], [115.842488, 28.705522], [115.843318, 28.705374], [115.843954, 28.705556], [115.843964, 28.705601], [115.843948, 28.705636], [115.844031, 28.705685], [115.84405, 28.705653], [115.844107, 28.705636], [115.84423, 28.705719], [115.84511, 28.706236], [115.844859, 28.706547], [115.844757, 28.706616], [115.844721, 28.706636], [115.844661, 28.70663], [115.84425, 28.706509], [115.843972, 28.706441], [115.843924, 28.706453], [115.843874, 28.706474], [115.843817, 28.706606], [115.842156, 28.706084]]]}, "properties": {"display_name": "南昌市昌北防洪排涝工程管理处, 怡康路, 沙井街道, 南昌市, 红谷滩区, 南昌市, 江西省, 330038, 中国", "type": "government", "osm_type": "way", "osm_id": 1414107092, "class": null, "keyword": "老城"}}, {"type": "Feature", "geometry": {"type": "Polygon", "coordinates": [[[115.849003, 28.688613], [115.850049, 28.688211], [115.850716, 28.689632], [115.849605, 28.689989], [115.849003, 28.688613]]]}, "properties": {"display_name": "绿地中央广场A区, 沙井街道, 南昌市, 红谷滩区, 南昌市, 江西省, 中国", "type": "commercial", "osm_type": "way", "osm_id": 1044295934, "class": null, "keyword": "中央区"}}, {"type": "Feature", "geometry": {"type": "Polygon", "coordinates": [[[115.848559, 28.687597], [115.848767, 28.687167], [115.849258, 28.686976], [115.849883, 28.688142], [115.848967, 28.688519], [115.848559, 28.687597]]]}, "properties": {"display_name": "绿地中央广场C区, 沙井街道, 南昌市, 红谷滩区, 南昌市, 江西省, 中国", "type": "commercial", "osm_type": "way", "osm_id": 1044295935, "class": null, "keyword": "中央区"}}, {"type": "Feature", "geometry": {"type": "Polygon", "coordinates": [[[115.881922, 28.690504], [115.881933, 28.690059], [115.882353, 28.690079], [115.882333, 28.690526], [115.881922, 28.690504]]]}, "properties": {"display_name": "南昌市东湖区居家养老服务中心, 东万宜巷, 裘家厂社区, 百花洲街道, 东湖区, 南昌市, 江西省, 330006, 中国", "type": "social_facility", "osm_type": "way", "osm_id": 1417955644, "class": null, "keyword": "中央区"}}, {"type": "Feature", "geometry": {"type": "Polygon", "coordinates": [[[115.894112, 28.60119], [115.89445, 28.601124], [115.894568, 28.601595], [115.89423, 28.60166], [115.894112, 28.60119]]]}, "properties": {"display_name": "青云谱区居家养老服务中心, 福海路, 岱山社区, 岱山街道, 青云谱区, 南昌市, 江西省, 330052, 中国", "type": "social_facility", "osm_type": "way", "osm_id": 1380332492, "class": null, "keyword": "中央区"}}, {"type": "Feature", "geometry": {"type": "Polygon", "coordinates": [[[115.870932, 28.677244], [115.871099, 28.676869], [115.871315, 28.676943], [115.871149, 28.677318], [115.870932, 28.677244]]]}, "properties": {"display_name": "中共赣东大堤城区防洪排涝工程管理处支部委员会, 沿江中大道辅路, 滕王阁社区, 滕王阁街道, 东湖区, 南昌市, 江西省, 330008, 中国", "type": "yes", "osm_type": "way", "osm_id": 1416289842, "class": null, "keyword": "老城区"}}]}