{"type": "FeatureCollection", "features": [{"type": "Feature", "geometry": {"type": "Polygon", "coordinates": [[[117.98174, 28.489022], [117.983304, 28.489288], [117.985386, 28.488976], [117.985547, 28.487364], [117.985396, 28.487251], [117.985424, 28.487192], [117.985525, 28.487006], [117.986609, 28.487317], [117.987606, 28.486016], [117.987574, 28.485374], [117.988647, 28.484837], [117.988508, 28.484177], [117.988776, 28.48412], [117.990085, 28.48451], [117.990611, 28.484667], [117.991029, 28.482866], [117.990965, 28.482772], [117.99104, 28.48213], [117.991383, 28.481734], [117.991222, 28.481649], [117.993003, 28.479707], [117.992799, 28.478217], [117.992048, 28.477924], [117.992553, 28.477047], [117.99369, 28.47733], [117.994269, 28.476604], [117.994752, 28.476613], [117.995074, 28.476519], [117.99443, 28.475887], [117.994645, 28.475472], [117.99517, 28.475425], [117.995782, 28.474171], [117.99546, 28.47385], [117.993368, 28.472492], [117.994752, 28.471125], [117.993593, 28.470313], [117.993673, 28.470196], [117.993786, 28.470031], [117.99448, 28.469601], [117.995782, 28.468795], [117.995782, 28.467852], [117.995117, 28.467409], [117.99472, 28.466466], [117.995825, 28.465202], [118.002949, 28.468861], [118.00739, 28.46888], [118.009407, 28.468069], [118.009214, 28.465428], [118.010867, 28.466013], [118.012798, 28.467239], [118.013549, 28.46705], [118.011897, 28.464523], [118.010395, 28.463051], [118.011103, 28.459825], [118.013592, 28.460014], [118.015909, 28.458599], [118.015673, 28.457335], [118.016639, 28.456505], [118.016918, 28.455524], [118.01754, 28.455166], [118.053331, 28.465145], [118.064747, 28.468993], [118.076935, 28.479556], [118.083844, 28.484403], [118.084788, 28.485176], [118.081698, 28.489061], [118.081183, 28.491174], [118.082213, 28.492758], [118.084874, 28.494606], [118.085432, 28.49668], [118.084702, 28.499094], [118.084059, 28.500603], [118.085732, 28.501621], [118.085432, 28.502639], [118.082728, 28.504449], [118.079424, 28.505581], [118.076763, 28.505015], [118.074918, 28.504261], [118.072772, 28.503959], [118.072472, 28.503262], [118.070562, 28.50313], [118.070669, 28.503789], [118.071184, 28.504167], [118.07112, 28.505524], [118.070519, 28.506731], [118.069296, 28.507089], [118.068223, 28.506806], [118.068073, 28.507221], [118.068159, 28.507919], [118.067429, 28.507976], [118.066592, 28.507278], [118.066185, 28.507184], [118.06612, 28.507598], [118.068051, 28.509296], [118.068974, 28.509145], [118.069746, 28.508805], [118.069789, 28.509031], [118.069317, 28.509503], [118.068974, 28.510125], [118.068674, 28.510634], [118.067837, 28.510087], [118.066935, 28.509503], [118.066485, 28.509031], [118.065863, 28.508541], [118.065283, 28.508108], [118.06479, 28.507825], [118.064339, 28.5079], [118.064275, 28.508353], [118.06421, 28.509163], [118.064339, 28.509767], [118.065519, 28.510823], [118.066549, 28.511633], [118.067236, 28.511615], [118.067172, 28.512916], [118.066206, 28.513199], [118.066206, 28.513576], [118.067493, 28.513594], [118.068287, 28.514141], [118.068395, 28.514462], [118.068631, 28.515159], [118.068781, 28.515687], [118.06906, 28.517026], [118.068888, 28.517441], [118.068159, 28.517629], [118.067107, 28.51761], [118.066013, 28.516988], [118.065777, 28.517893], [118.065219, 28.517799], [118.064597, 28.516988], [118.063137, 28.516592], [118.062623, 28.517026], [118.0617, 28.517441], [118.061635, 28.517233], [118.061807, 28.516234], [118.060133, 28.516706], [118.060155, 28.516291], [118.060906, 28.515348], [118.060005, 28.515103], [118.059339, 28.51631], [118.05861, 28.517045], [118.057494, 28.51712], [118.056357, 28.516819], [118.055542, 28.516479], [118.054748, 28.515442], [118.054705, 28.513406], [118.054533, 28.511841], [118.053996, 28.511577], [118.0514, 28.512765], [118.050477, 28.513632], [118.050156, 28.515329], [118.049877, 28.51597], [118.048503, 28.515782], [118.045285, 28.514896], [118.044448, 28.516178], [118.043761, 28.517573], [118.041959, 28.51927], [118.039813, 28.525039], [118.04007, 28.525944], [118.042173, 28.526472], [118.043117, 28.527414], [118.042645, 28.528357], [118.040843, 28.528131], [118.039834, 28.529281], [118.038845, 28.531827], [118.038351, 28.533156], [118.03701, 28.533439], [118.036795, 28.532468], [118.0373, 28.531223], [118.037171, 28.530884], [118.036871, 28.530507], [118.036002, 28.530074], [118.035283, 28.52915], [118.034918, 28.529046], [118.033298, 28.529697], [118.032794, 28.530008], [118.032794, 28.53029], [118.033287, 28.530385], [118.03436, 28.531308], [118.034564, 28.531921], [118.034671, 28.532892], [118.034489, 28.533344], [118.034135, 28.533646], [118.03318, 28.5326], [118.032944, 28.533316], [118.032965, 28.534183], [118.032804, 28.53472], [118.032279, 28.534607], [118.031656, 28.533882], [118.030058, 28.533326], [118.029704, 28.533175], [118.029425, 28.532449], [118.028835, 28.531893], [118.028577, 28.531403], [118.028052, 28.530997], [118.027193, 28.530639], [118.027161, 28.530422], [118.027365, 28.530036], [118.027107, 28.529235], [118.026818, 28.529197], [118.026517, 28.529338], [118.025122, 28.529084], [118.024854, 28.528867], [118.025294, 28.527858], [118.026432, 28.52668], [118.026356, 28.526511], [118.026024, 28.526859], [118.025627, 28.527029], [118.024929, 28.527462], [118.024414, 28.527623], [118.023803, 28.527359], [118.023503, 28.527067], [118.023578, 28.52669], [118.024189, 28.526454], [118.024318, 28.526218], [118.024082, 28.525728], [118.023406, 28.525408], [118.022741, 28.525606], [118.022505, 28.526086], [118.021786, 28.526001], [118.021089, 28.525681], [118.020284, 28.525596], [118.019898, 28.524861], [118.019297, 28.524503], [118.018213, 28.52439], [118.018149, 28.523777], [118.017848, 28.5234], [118.016572, 28.523155], [118.016336, 28.522966], [118.014973, 28.522891], [118.013922, 28.521967], [118.013096, 28.519865], [118.012465, 28.51912], [118.011732, 28.51883], [118.010764, 28.518448], [118.011559, 28.516794], [118.011891, 28.51445], [118.010683, 28.514336], [118.010512, 28.514229], [118.010613, 28.512169], [118.01011, 28.511231], [118.010281, 28.510966], [118.011568, 28.510892], [118.01164, 28.510766], [118.011319, 28.509016], [118.011184, 28.508878], [118.010971, 28.509041], [118.010423, 28.50986], [118.009732, 28.510516], [118.009807, 28.510994], [118.009432, 28.511465], [118.009335, 28.512257], [118.009067, 28.513011], [118.008874, 28.513285], [118.008627, 28.513341], [118.008573, 28.51369], [118.00823, 28.513577], [118.008026, 28.512992], [118.007297, 28.512266], [118.006792, 28.51221], [118.005355, 28.512738], [118.004421, 28.51188], [118.002866, 28.511635], [118.002726, 28.51069], [118.001337, 28.510572], [118.00109, 28.510355], [118.00087, 28.51044], [118.000897, 28.510661], [118.001026, 28.510784], [118.002297, 28.510916], [118.002345, 28.51102], [118.002351, 28.511496], [118.002431, 28.511755], [118.002393, 28.512], [118.002233, 28.512066], [118.00116, 28.511595], [118.000784, 28.511722], [118.000355, 28.511694], [117.999947, 28.51184], [117.999808, 28.511788], [117.999519, 28.511322], [117.999486, 28.511269], [117.999341, 28.511265], [117.999475, 28.51175], [117.999373, 28.511878], [117.998478, 28.512156], [117.998177, 28.512137], [117.997565, 28.511651], [117.997587, 28.511048], [117.997844, 28.510237], [117.997748, 28.509648], [117.997354, 28.509402], [117.99638, 28.508795], [117.995768, 28.509397], [117.995624, 28.509539], [117.994079, 28.509615], [117.992802, 28.508116], [117.993113, 28.506862], [117.991986, 28.506145], [117.991278, 28.50672], [117.990892, 28.50672], [117.990334, 28.506513], [117.990238, 28.505448], [117.989884, 28.504571], [117.990388, 28.503656], [117.990892, 28.503373], [117.990882, 28.503232], [117.990366, 28.503232], [117.990173, 28.503081], [117.989637, 28.503223], [117.989294, 28.503138], [117.989433, 28.502949], [117.989369, 28.502468], [117.989648, 28.501865], [117.989058, 28.500988], [117.989626, 28.500187], [117.989326, 28.498876], [117.989787, 28.49765], [117.990173, 28.497349], [117.990098, 28.497217], [117.98939, 28.497151], [117.98909, 28.496971], [117.989015, 28.496415], [117.989229, 28.495651], [117.98894, 28.495463], [117.986214, 28.495472], [117.985657, 28.494963], [117.984948, 28.495948], [117.984927, 28.496535], [117.984825, 28.496677], [117.984315, 28.496167], [117.98379, 28.495955], [117.983591, 28.495691], [117.983194, 28.495498], [117.982754, 28.495102], [117.982025, 28.494187], [117.981832, 28.493457], [117.981767, 28.49233], [117.981875, 28.491962], [117.981842, 28.491453], [117.982277, 28.49093], [117.982234, 28.490472], [117.981907, 28.489817], [117.981955, 28.489242], [117.98174, 28.489022]]]}, "properties": {"display_name": "灵溪街道, 信州区, 上饶市, 江西省, 中国", "type": "administrative", "osm_type": "relation", "osm_id": 7684930, "class": null, "keyword": "subdistrict"}}, {"type": "Feature", "geometry": {"type": "Polygon", "coordinates": [[[117.827865, 28.42208], [117.82808, 28.421891], [117.828251, 28.421891], [117.828337, 28.421816], [117.828852, 28.421816], [117.828938, 28.421891], [117.829796, 28.421967], [117.830054, 28.422269], [117.830569, 28.422269], [117.830612, 28.42208], [117.830697, 28.422005], [117.830697, 28.421854], [117.830783, 28.421778], [117.830783, 28.421552], [117.830869, 28.421476], [117.830869, 28.421099], [117.831298, 28.420419], [117.831212, 28.419589], [117.831556, 28.419287], [117.831556, 28.419212], [117.831942, 28.418796], [117.832071, 28.41891], [117.832071, 28.419136], [117.831985, 28.419212], [117.831985, 28.419891], [117.831813, 28.420117], [117.831727, 28.420495], [117.831813, 28.42057], [117.831813, 28.420797], [117.831899, 28.420872], [117.831899, 28.421174], [117.832199, 28.421514], [117.832457, 28.421514], [117.832586, 28.421401], [117.832586, 28.42125], [117.832671, 28.421174], [117.832671, 28.420721], [117.832586, 28.420646], [117.832586, 28.420495], [117.833015, 28.419967], [117.833015, 28.419891], [117.833401, 28.419551], [117.834345, 28.419551], [117.834388, 28.420042], [117.834216, 28.420193], [117.834216, 28.420268], [117.833701, 28.420646], [117.833701, 28.420948], [117.834002, 28.421212], [117.834345, 28.421363], [117.834774, 28.421363], [117.835075, 28.421099], [117.835161, 28.420872], [117.835375, 28.420684], [117.835547, 28.420608], [117.836577, 28.420533], [117.836834, 28.420306], [117.83692, 28.420306], [117.836963, 28.420495], [117.837049, 28.42057], [117.837049, 28.421099], [117.837135, 28.421174], [117.837135, 28.421325], [117.83722, 28.421476], [117.837564, 28.421778], [117.837564, 28.42208], [117.837735, 28.422382], [117.838122, 28.422722], [117.838293, 28.422722], [117.838637, 28.423024], [117.838723, 28.423024], [117.838808, 28.422948], [117.839066, 28.422948], [117.839237, 28.422873], [117.839709, 28.422458], [117.839709, 28.422156], [117.839538, 28.421929], [117.839538, 28.421778], [117.840225, 28.421401], [117.840225, 28.42125], [117.840139, 28.421174], [117.840074, 28.42091], [117.839709, 28.420476], [117.839527, 28.420127], [117.839581, 28.419929], [117.839366, 28.419664], [117.839656, 28.419268], [117.839935, 28.419391], [117.840439, 28.420042], [117.840332, 28.420674], [117.84031, 28.421023], [117.840396, 28.42125], [117.840697, 28.421514], [117.840868, 28.421589], [117.841212, 28.421589], [117.841426, 28.421778], [117.841426, 28.42208], [117.841769, 28.422307], [117.841941, 28.422608], [117.84207, 28.422722], [117.842327, 28.422722], [117.843357, 28.42174], [117.843615, 28.42174], [117.843915, 28.421476], [117.843915, 28.420948], [117.8434, 28.420646], [117.8434, 28.42057], [117.843701, 28.420382], [117.843958, 28.420382], [117.844216, 28.420155], [117.844645, 28.42008], [117.844816, 28.419929], [117.845503, 28.419929], [117.845589, 28.419853], [117.845761, 28.419853], [117.846361, 28.420231], [117.846619, 28.420231], [117.846705, 28.420155], [117.848078, 28.420155], [117.848164, 28.42008], [117.848507, 28.420004], [117.848808, 28.41974], [117.848893, 28.419589], [117.848893, 28.419363], [117.849022, 28.419249], [117.849108, 28.419249], [117.849537, 28.418872], [117.849795, 28.418872], [117.850052, 28.419023], [117.850567, 28.419098], [117.85061, 28.41891], [117.849752, 28.418079], [117.849795, 28.417891], [117.84988, 28.417891], [117.850567, 28.418419], [117.851855, 28.418419], [117.852112, 28.418192], [117.852284, 28.418117], [117.852541, 28.418117], [117.852885, 28.418268], [117.853399, 28.418268], [117.853829, 28.418495], [117.854086, 28.418495], [117.854215, 28.418381], [117.854215, 28.41823], [117.854472, 28.418004], [117.854644, 28.417702], [117.854644, 28.417551], [117.85429, 28.417466], [117.854354, 28.417381], [117.854665, 28.417362], [117.854837, 28.41723], [117.854708, 28.416834], [117.854945, 28.416824], [117.855095, 28.417117], [117.855384, 28.417117], [117.855588, 28.416947], [117.855846, 28.416494], [117.855824, 28.416032], [117.855953, 28.415918], [117.856296, 28.415994], [117.856575, 28.41623], [117.856747, 28.41623], [117.856854, 28.416107], [117.856854, 28.415956], [117.85694, 28.415881], [117.85694, 28.415579], [117.856854, 28.415503], [117.856854, 28.415277], [117.856768, 28.415201], [117.856768, 28.414975], [117.856683, 28.414899], [117.856683, 28.414673], [117.856597, 28.414597], [117.856597, 28.413993], [117.856296, 28.413729], [117.856211, 28.413729], [117.856039, 28.413805], [117.855449, 28.41505], [117.855363, 28.415211], [117.855191, 28.415182], [117.85459, 28.415315], [117.854301, 28.41523], [117.85503, 28.414946], [117.855363, 28.41488], [117.855653, 28.414069], [117.855556, 28.413956], [117.854344, 28.414635], [117.853968, 28.414663], [117.853893, 28.414494], [117.854419, 28.41439], [117.855084, 28.413984], [117.855653, 28.413842], [117.85591, 28.41339], [117.856125, 28.413201], [117.856843, 28.413248], [117.856683, 28.413616], [117.856811, 28.413729], [117.856983, 28.413729], [117.857112, 28.413842], [117.857026, 28.413993], [117.857026, 28.414446], [117.85724, 28.414711], [117.857927, 28.414711], [117.858013, 28.414635], [117.8587, 28.414484], [117.859086, 28.414144], [117.859086, 28.413993], [117.859, 28.413918], [117.859, 28.413616], [117.858914, 28.41354], [117.858914, 28.413238], [117.858828, 28.413163], [117.858828, 28.412937], [117.858743, 28.412861], [117.858743, 28.412559], [117.858678, 28.412493], [117.858592, 28.411889], [117.85782, 28.410757], [117.857648, 28.410153], [117.857219, 28.4097], [117.857219, 28.409549], [117.857348, 28.409436], [117.857434, 28.409436], [117.857906, 28.40902], [117.85782, 28.408718], [117.857477, 28.408341], [117.857477, 28.408039], [117.857562, 28.407963], [117.857562, 28.407737], [117.857648, 28.407661], [117.857648, 28.407133], [117.857562, 28.406982], [117.857691, 28.406869], [117.857949, 28.406869], [117.858292, 28.40702], [117.858463, 28.407171], [117.858807, 28.407171], [117.859021, 28.407359], [117.859107, 28.407586], [117.859236, 28.407699], [117.859493, 28.407699], [117.859622, 28.407586], [117.859622, 28.407511], [117.860051, 28.407133], [117.860137, 28.406907], [117.860309, 28.406755], [117.860309, 28.406378], [117.860395, 28.406302], [117.860395, 28.406151], [117.860523, 28.406038], [117.860953, 28.406038], [117.861081, 28.405925], [117.861146, 28.405812], [117.861103, 28.405774], [117.861103, 28.405661], [117.861146, 28.405623], [117.861146, 28.405472], [117.861189, 28.405434], [117.861317, 28.404793], [117.861618, 28.404491], [117.861746, 28.404189], [117.861897, 28.404056], [117.862197, 28.403981], [117.862412, 28.40417], [117.862498, 28.404207], [117.862884, 28.404207], [117.863056, 28.404359], [117.86327, 28.404359], [117.86342, 28.404264], [117.862776, 28.403585], [117.862304, 28.402754], [117.862219, 28.402679], [117.862176, 28.402452], [117.862412, 28.402282], [117.86254, 28.40232], [117.862841, 28.402282], [117.863742, 28.402962], [117.864171, 28.402962], [117.864279, 28.402792], [117.863549, 28.402301], [117.863592, 28.402188], [117.863699, 28.402093], [117.864558, 28.401716], [117.865201, 28.401716], [117.86533, 28.401678], [117.865609, 28.401433], [117.865738, 28.401018], [117.866124, 28.400527], [117.866124, 28.400414], [117.866038, 28.4003], [117.865695, 28.400149], [117.865738, 28.39981], [117.865781, 28.399772], [117.865781, 28.399432], [117.865738, 28.399394], [117.865738, 28.398224], [117.865588, 28.39813], [117.865459, 28.39813], [117.865308, 28.398262], [117.864987, 28.398696], [117.864965, 28.398564], [117.865051, 28.398451], [117.865094, 28.398262], [117.865287, 28.398092], [117.86563, 28.397941], [117.865866, 28.397771], [117.865866, 28.397658], [117.865995, 28.397318], [117.865995, 28.397054], [117.86563, 28.396733], [117.865373, 28.396733], [117.864858, 28.397186], [117.864922, 28.397016], [117.865394, 28.396601], [117.86548, 28.39645], [117.86548, 28.396337], [117.865201, 28.396129], [117.864558, 28.396091], [117.864536, 28.396034], [117.864987, 28.396016], [117.865244, 28.39594], [117.865308, 28.395884], [117.86533, 28.395714], [117.865502, 28.395827], [117.865545, 28.395789], [117.865759, 28.395789], [117.866317, 28.395525], [117.866768, 28.395166], [117.866789, 28.394808], [117.866854, 28.394826], [117.866896, 28.394977], [117.86709, 28.395147], [117.867304, 28.395147], [117.86739, 28.395072], [117.868334, 28.395072], [117.868634, 28.394921], [117.868935, 28.394921], [117.868999, 28.394864], [117.868742, 28.394411], [117.868742, 28.394071], [117.868828, 28.393958], [117.868828, 28.393883], [117.86872, 28.393788], [117.867604, 28.39375], [117.866532, 28.393411], [117.866274, 28.393373], [117.866124, 28.393279], [117.866124, 28.39309], [117.866381, 28.392712], [117.866381, 28.392259], [117.86651, 28.391844], [117.866596, 28.391315], [117.866725, 28.391164], [117.867154, 28.390372], [117.86724, 28.390296], [117.867283, 28.390145], [117.867047, 28.3899], [117.866574, 28.389824], [117.866532, 28.389786], [117.86636, 28.389786], [117.866317, 28.389749], [117.86606, 28.389824], [117.865888, 28.389673], [117.865716, 28.389598], [117.865459, 28.389598], [117.865437, 28.389541], [117.865609, 28.389428], [117.865566, 28.389126], [117.86563, 28.389069], [117.865931, 28.389107], [117.866102, 28.388918], [117.866832, 28.389409], [117.867132, 28.389371], [117.867454, 28.389012], [117.867669, 28.388371], [117.86754, 28.388069], [117.86754, 28.387993], [117.867626, 28.38788], [117.867583, 28.386936], [117.867626, 28.386898], [117.867626, 28.386709], [117.86754, 28.386445], [117.867004, 28.386162], [117.866918, 28.386162], [117.866574, 28.386313], [117.866467, 28.386294], [117.866768, 28.386068], [117.866596, 28.385954], [117.866617, 28.385898], [117.866961, 28.385973], [117.86724, 28.385803], [117.867197, 28.385426], [117.867111, 28.38535], [117.866639, 28.384557], [117.866489, 28.384463], [117.866253, 28.384444], [117.866296, 28.384104], [117.866188, 28.38401], [117.865287, 28.383708], [117.864772, 28.38333], [117.864643, 28.383292], [117.863957, 28.38333], [117.863914, 28.383368], [117.863485, 28.383368], [117.863442, 28.383406], [117.862712, 28.38333], [117.862455, 28.383292], [117.862133, 28.382934], [117.862133, 28.381348], [117.862197, 28.381291], [117.86224, 28.381329], [117.86254, 28.381367], [117.86297, 28.381594], [117.863077, 28.381688], [117.863077, 28.381801], [117.863141, 28.381858], [117.863313, 28.381858], [117.86342, 28.381801], [117.863377, 28.381612], [117.862819, 28.381121], [117.863056, 28.380952], [117.863141, 28.380952], [117.863227, 28.381027], [117.863442, 28.381027], [117.863506, 28.380971], [117.863506, 28.380857], [117.863313, 28.380725], [117.863013, 28.380725], [117.862626, 28.380989], [117.862369, 28.380989], [117.86224, 28.380952], [117.862133, 28.380857], [117.862133, 28.380404], [117.862262, 28.380215], [117.86239, 28.379876], [117.862948, 28.379271], [117.863077, 28.379045], [117.863077, 28.378894], [117.863141, 28.378837], [117.863334, 28.378969], [117.863442, 28.379139], [117.864128, 28.379064], [117.864386, 28.37929], [117.864729, 28.37929], [117.865072, 28.379479], [117.865158, 28.379479], [117.865266, 28.379385], [117.865308, 28.379271], [117.864965, 28.37912], [117.864965, 28.379007], [117.86503, 28.37895], [117.86533, 28.37895], [117.866145, 28.379252], [117.86636, 28.379252], [117.866424, 28.379196], [117.86651, 28.377988], [117.866553, 28.37795], [117.866553, 28.377648], [117.866596, 28.377534], [117.866703, 28.37744], [117.867004, 28.377327], [117.86709, 28.377251], [117.867819, 28.376949], [117.868356, 28.376553], [117.868356, 28.37644], [117.867905, 28.376119], [117.867733, 28.376119], [117.867519, 28.376194], [117.867433, 28.376194], [117.867368, 28.376137], [117.867368, 28.376024], [117.867626, 28.37576], [117.867626, 28.375533], [117.867583, 28.375495], [117.86754, 28.375194], [117.867647, 28.375099], [117.867755, 28.375156], [117.868313, 28.375798], [117.868356, 28.375986], [117.868463, 28.376081], [117.868591, 28.376081], [117.868634, 28.376119], [117.868763, 28.376119], [117.869493, 28.37593], [117.86975, 28.375741], [117.870308, 28.375439], [117.870823, 28.374835], [117.871038, 28.374835], [117.871209, 28.374986], [117.871596, 28.375061], [117.872068, 28.375326], [117.872454, 28.375326], [117.87269, 28.37508], [117.872647, 28.374816], [117.872433, 28.374476], [117.872433, 28.374401], [117.872583, 28.374268], [117.873312, 28.373853], [117.873999, 28.373589], [117.874385, 28.373664], [117.874771, 28.373513], [117.874879, 28.373343], [117.875072, 28.373173], [117.875308, 28.373041], [117.875351, 28.37289], [117.875286, 28.372833], [117.874771, 28.372833], [117.874535, 28.372626], [117.875501, 28.371738], [117.87593, 28.372078], [117.876188, 28.372078], [117.876252, 28.372022], [117.876509, 28.371644], [117.876467, 28.371304], [117.876552, 28.371153], [117.876552, 28.37036], [117.876617, 28.370303], [117.876702, 28.370303], [117.876831, 28.370379], [117.876981, 28.370549], [117.876981, 28.3707], [117.876853, 28.37104], [117.876981, 28.371568], [117.877132, 28.371738], [117.877346, 28.371814], [117.877582, 28.371984], [117.877625, 28.372475], [117.877797, 28.372664], [117.87784, 28.372777], [117.87814, 28.373041], [117.878355, 28.373456], [117.878355, 28.373532], [117.878677, 28.37374], [117.878977, 28.373664], [117.879084, 28.373759], [117.879556, 28.374665], [117.879621, 28.374721], [117.879792, 28.374684], [117.880007, 28.37491], [117.880136, 28.37491], [117.880286, 28.374703], [117.880243, 28.373721], [117.8802, 28.373683], [117.880243, 28.373041], [117.880844, 28.371795], [117.88093, 28.371531], [117.88093, 28.37138], [117.881101, 28.370889], [117.881101, 28.370662], [117.881058, 28.370625], [117.881058, 28.369529], [117.880844, 28.368963], [117.880372, 28.368057], [117.880329, 28.36783], [117.880908, 28.36732], [117.880994, 28.36732], [117.88299, 28.369416], [117.883247, 28.369794], [117.883247, 28.369869], [117.883676, 28.370738], [117.883848, 28.371266], [117.884105, 28.371682], [117.884105, 28.371757], [117.884706, 28.372815], [117.885135, 28.373343], [117.885436, 28.374136], [117.885436, 28.37425], [117.88565, 28.37474], [117.885693, 28.377232], [117.885736, 28.37727], [117.885822, 28.37795], [117.885865, 28.377988], [117.885908, 28.378403], [117.885951, 28.378441], [117.885951, 28.378629], [117.886037, 28.378894], [117.886122, 28.379989], [117.886251, 28.380291], [117.886294, 28.380555], [117.88638, 28.380706], [117.886423, 28.380971], [117.886552, 28.381273], [117.886723, 28.381914], [117.887925, 28.384293], [117.889856, 28.386757], [117.893375, 28.389985], [117.895253, 28.391608], [117.897334, 28.394288], [117.899952, 28.397818], [117.900102, 28.400933], [117.900102, 28.403537], [117.900767, 28.407029], [117.901003, 28.408973], [117.901239, 28.410313], [117.902226, 28.412314], [117.903621, 28.413843], [117.906561, 28.415201], [117.908513, 28.415749], [117.903836, 28.423741], [117.90508, 28.42476], [117.905166, 28.42476], [117.905939, 28.425439], [117.906025, 28.425439], [117.906883, 28.426194], [117.907226, 28.426194], [117.907312, 28.426119], [117.908513, 28.426119], [117.9089, 28.426534], [117.9089, 28.426609], [117.909415, 28.427062], [117.909501, 28.427213], [117.909501, 28.42759], [117.909758, 28.427817], [117.909758, 28.427892], [117.906969, 28.430723], [117.904394, 28.430647], [117.904265, 28.430761], [117.906497, 28.43627], [117.906582, 28.436799], [117.906582, 28.437327], [117.906582, 28.43778], [117.906497, 28.437855], [117.906497, 28.438384], [117.906411, 28.438459], [117.906411, 28.43861], [117.906067, 28.438912], [117.90581, 28.439365], [117.90581, 28.439516], [117.905381, 28.440195], [117.905381, 28.440346], [117.904952, 28.441101], [117.904522, 28.441553], [117.901175, 28.445855], [117.900746, 28.446308], [117.900574, 28.44661], [117.900231, 28.447516], [117.899973, 28.447893], [117.899802, 28.448949], [117.899802, 28.449553], [117.899802, 28.452496], [117.899888, 28.452572], [117.899879, 28.45652], [117.899888, 28.459514], [117.900102, 28.459738], [117.896763, 28.460552], [117.894614, 28.4613], [117.89322, 28.461617], [117.892152, 28.461622], [117.875871, 28.459316], [117.875426, 28.459976], [117.875426, 28.460052], [117.874954, 28.460467], [117.874782, 28.460467], [117.874696, 28.460542], [117.87401, 28.460542], [117.873881, 28.460655], [117.873881, 28.460806], [117.873752, 28.460919], [117.873581, 28.460919], [117.873409, 28.460769], [117.873151, 28.460693], [117.873023, 28.460806], [117.873023, 28.460882], [117.872508, 28.461334], [117.872508, 28.46141], [117.87225, 28.461636], [117.87225, 28.462014], [117.872164, 28.462089], [117.87225, 28.46224], [117.87225, 28.464428], [117.872379, 28.464617], [117.872465, 28.464617], [117.872722, 28.464315], [117.872808, 28.464315], [117.873709, 28.465032], [117.873709, 28.465107], [117.873967, 28.465334], [117.873967, 28.465409], [117.874224, 28.465636], [117.874224, 28.465937], [117.874138, 28.466013], [117.874138, 28.466164], [117.874053, 28.466239], [117.873967, 28.466541], [117.873795, 28.466692], [117.873838, 28.466805], [117.874267, 28.466805], [117.874353, 28.466729], [117.874954, 28.466729], [117.87504, 28.466805], [117.875555, 28.466805], [117.875855, 28.467144], [117.875855, 28.467446], [117.875769, 28.467522], [117.875769, 28.468352], [117.875683, 28.468427], [117.875683, 28.469408], [117.875769, 28.469483], [117.875769, 28.46971], [117.875941, 28.470012], [117.875941, 28.470163], [117.8749, 28.470229], [117.873956, 28.469493], [117.873527, 28.46938], [117.873377, 28.469474], [117.873248, 28.469776], [117.873119, 28.469927], [117.872754, 28.470247], [117.872111, 28.470587], [117.87196, 28.470719], [117.871917, 28.471172], [117.871767, 28.471304], [117.871639, 28.471304], [117.87136, 28.471096], [117.871059, 28.470681], [117.870716, 28.470379], [117.870673, 28.470266], [117.870673, 28.469889], [117.870759, 28.4697], [117.870759, 28.46955], [117.870609, 28.469417], [117.869836, 28.469191], [117.869707, 28.469191], [117.869149, 28.469002], [117.868034, 28.468889], [117.867991, 28.468852], [117.867733, 28.468852], [117.867433, 28.468927], [117.867368, 28.468984], [117.867368, 28.469361], [117.867304, 28.469417], [117.86636, 28.469832], [117.866188, 28.46987], [117.866081, 28.469964], [117.866081, 28.470493], [117.865952, 28.470681], [117.865952, 28.471096], [117.865652, 28.471285], [117.865609, 28.471549], [117.866081, 28.472681], [117.866124, 28.473058], [117.866167, 28.473096], [117.866017, 28.473228], [117.865759, 28.473341], [117.865652, 28.473435], [117.865652, 28.473511], [117.86518, 28.473888], [117.86518, 28.474416], [117.865308, 28.474756], [117.865223, 28.475284], [117.865266, 28.475321], [117.865308, 28.475586], [117.865523, 28.476], [117.865416, 28.476095], [117.864815, 28.476359], [117.864729, 28.476359], [117.8646, 28.476283], [117.864214, 28.475982], [117.86357, 28.47534], [117.863227, 28.475227], [117.863056, 28.475227], [117.863013, 28.475189], [117.862669, 28.475227], [117.861811, 28.47568], [117.861832, 28.475548], [117.862219, 28.475095], [117.862219, 28.474718], [117.862648, 28.474378], [117.862412, 28.474246], [117.862068, 28.474171], [117.861296, 28.473379], [117.861038, 28.473341], [117.860996, 28.473379], [117.860523, 28.473416], [117.859086, 28.475057], [117.858936, 28.475189], [117.858764, 28.475265], [117.858678, 28.475265], [117.858463, 28.475152], [117.858378, 28.475152], [117.857691, 28.474888], [117.857412, 28.47468], [117.85724, 28.474454], [117.857197, 28.47419], [117.857155, 28.474152], [117.857197, 28.473737], [117.857755, 28.472794], [117.857884, 28.472492], [117.858614, 28.471587], [117.858743, 28.47136], [117.857884, 28.470644], [117.857326, 28.47004], [117.85724, 28.469851], [117.857197, 28.469587], [117.85709, 28.469455], [117.856618, 28.469417], [117.856575, 28.469455], [117.856103, 28.469493], [117.855202, 28.469757], [117.855073, 28.469832], [117.85473, 28.46987], [117.854708, 28.469814], [117.855738, 28.468871], [117.856082, 28.468418], [117.856125, 28.468305], [117.856168, 28.467324], [117.856382, 28.466909], [117.856382, 28.466796], [117.856725, 28.466343], [117.85709, 28.46606], [117.857305, 28.465947], [117.857412, 28.465966], [117.857412, 28.466192], [117.857841, 28.466758], [117.857841, 28.466984], [117.858056, 28.467248], [117.858142, 28.467663], [117.858249, 28.467758], [117.858421, 28.467758], [117.858614, 28.46755], [117.858614, 28.467399], [117.858442, 28.46706], [117.858399, 28.466494], [117.858056, 28.465928], [117.858099, 28.465777], [117.858614, 28.4654], [117.858657, 28.464947], [117.858463, 28.464739], [117.858335, 28.464815], [117.858227, 28.464721], [117.858227, 28.464645], [117.857927, 28.464155], [117.857927, 28.464079], [117.85827, 28.463815], [117.85827, 28.46374], [117.858077, 28.463608], [117.857648, 28.463645], [117.857627, 28.463513], [117.857455, 28.463287], [117.857455, 28.463098], [117.857197, 28.462796], [117.857155, 28.462608], [117.857455, 28.462193], [117.857412, 28.461665], [117.857348, 28.461608], [117.857219, 28.46157], [117.856876, 28.46157], [117.856833, 28.461608], [117.856189, 28.461608], [117.856146, 28.461646], [117.85606, 28.461608], [117.853872, 28.461603], [117.852509, 28.461632], [117.852514, 28.461594], [117.853287, 28.46149], [117.853566, 28.461528], [117.853909, 28.461471], [117.853893, 28.461363], [117.853957, 28.461306], [117.854086, 28.461306], [117.854279, 28.461212], [117.854236, 28.461174], [117.854193, 28.46091], [117.854086, 28.460816], [117.853915, 28.460816], [117.853872, 28.460778], [117.852369, 28.46074], [117.852219, 28.460872], [117.852133, 28.461061], [117.852026, 28.461155], [117.851747, 28.461287], [117.851769, 28.461344], [117.852402, 28.461386], [117.852434, 28.461457], [117.851297, 28.46157], [117.850825, 28.461683], [117.850052, 28.461646], [117.849666, 28.461457], [117.848657, 28.460457], [117.848164, 28.460023], [117.847735, 28.459722], [117.846962, 28.459608], [117.846834, 28.459646], [117.846533, 28.459872], [117.846276, 28.459872], [117.845761, 28.459684], [117.845653, 28.459589], [117.845653, 28.459552], [117.846082, 28.45925], [117.846426, 28.458797], [117.846554, 28.458458], [117.846447, 28.458326], [117.846233, 28.458288], [117.846168, 28.458231], [117.845997, 28.457892], [117.845889, 28.457797], [117.845374, 28.45776], [117.844859, 28.458137], [117.844838, 28.457665], [117.844795, 28.457628], [117.844795, 28.457024], [117.844731, 28.456967], [117.842756, 28.458024], [117.842628, 28.458024], [117.842156, 28.45776], [117.841791, 28.457363], [117.841748, 28.457099], [117.841898, 28.456967], [117.841984, 28.456967], [117.842199, 28.457081], [117.842413, 28.457118], [117.842606, 28.456948], [117.842563, 28.456571], [117.84237, 28.456401], [117.841769, 28.456024], [117.841383, 28.456024], [117.84104, 28.455722], [117.840182, 28.455269], [117.83986, 28.454987], [117.83986, 28.453968], [117.840031, 28.453402], [117.840246, 28.452307], [117.840289, 28.45227], [117.84016, 28.451628], [117.83986, 28.450874], [117.83986, 28.450685], [117.839817, 28.450647], [117.839817, 28.450346], [117.839946, 28.450044], [117.840267, 28.449798], [117.840739, 28.449534], [117.840954, 28.44927], [117.841297, 28.44927], [117.841855, 28.449006], [117.842756, 28.448968], [117.843915, 28.448666], [117.845052, 28.44778], [117.845353, 28.447327], [117.845353, 28.446836], [117.845396, 28.446723], [117.846018, 28.44595], [117.846447, 28.445723], [117.846619, 28.445723], [117.846962, 28.445836], [117.847563, 28.445836], [117.847971, 28.445478], [117.8481, 28.445176], [117.8481, 28.444912], [117.847928, 28.444761], [117.847542, 28.444119], [117.847542, 28.443855], [117.847971, 28.44344], [117.8481, 28.443214], [117.8481, 28.442761], [117.848014, 28.442648], [117.847928, 28.442346], [117.84782, 28.442157], [117.847241, 28.441327], [117.847091, 28.44095], [117.847091, 28.440699], [117.846962, 28.440553], [117.846662, 28.440553], [117.846276, 28.440742], [117.846018, 28.440818], [117.845911, 28.440912], [117.845911, 28.441025], [117.845846, 28.441082], [117.845331, 28.441063], [117.845181, 28.441289], [117.845095, 28.441629], [117.844924, 28.442006], [117.844924, 28.442233], [117.845052, 28.442459], [117.845288, 28.442629], [117.845374, 28.442629], [117.845718, 28.442516], [117.845846, 28.442516], [117.84619, 28.442214], [117.846211, 28.44227], [117.845868, 28.442761], [117.846318, 28.442997], [117.846823, 28.443072], [117.846866, 28.443176], [117.846276, 28.443148], [117.845932, 28.442893], [117.845846, 28.442893], [117.845503, 28.442742], [117.84546, 28.44278], [117.845331, 28.44278], [117.845138, 28.442987], [117.845095, 28.443251], [117.845052, 28.443289], [117.845052, 28.44344], [117.845181, 28.443704], [117.846597, 28.444431], [117.846436, 28.444846], [117.846222, 28.444969], [117.84619, 28.444355], [117.845643, 28.444233], [117.845428, 28.44428], [117.845374, 28.444016], [117.845117, 28.443799], [117.84501, 28.443704], [117.84501, 28.443591], [117.844709, 28.443403], [117.84501, 28.443138], [117.845095, 28.442836], [117.844752, 28.442195], [117.843744, 28.442308], [117.843733, 28.442223], [117.844495, 28.442082], [117.844623, 28.441969], [117.844795, 28.441704], [117.844967, 28.441214], [117.844967, 28.440874], [117.844602, 28.440346], [117.844473, 28.440233], [117.844173, 28.440101], [117.843701, 28.440252], [117.843336, 28.440591], [117.843111, 28.440601], [117.842091, 28.44078], [117.842199, 28.440657], [117.843078, 28.440516], [117.843293, 28.440478], [117.843808, 28.440044], [117.844194, 28.439516], [117.84413, 28.439459], [117.843357, 28.439874], [117.841426, 28.440138], [117.840723, 28.439629], [117.840096, 28.439685], [117.839967, 28.43961], [117.839881, 28.43961], [117.839774, 28.439516], [117.839795, 28.438987], [117.840053, 28.438685], [117.840053, 28.43861], [117.839838, 28.438421], [117.839323, 28.438195], [117.83898, 28.438572], [117.838851, 28.438459], [117.839109, 28.438157], [117.839109, 28.437855], [117.839452, 28.437629], [117.839624, 28.437251], [117.839752, 28.437138], [117.839838, 28.437138], [117.840568, 28.436497], [117.840739, 28.436195], [117.840739, 28.435893], [117.840482, 28.435666], [117.839935, 28.435865], [117.839602, 28.435874], [117.83927, 28.436025], [117.839313, 28.435789], [117.8403, 28.435544], [117.840739, 28.435365], [117.840997, 28.434912], [117.840997, 28.434534], [117.840911, 28.434459], [117.840911, 28.434308], [117.840697, 28.434119], [117.840439, 28.434119], [117.83913, 28.434468], [117.838851, 28.434714], [117.838755, 28.434657], [117.839001, 28.434393], [117.840396, 28.434006], [117.840568, 28.433855], [117.840568, 28.433478], [117.840868, 28.433214], [117.841126, 28.433138], [117.841255, 28.433025], [117.841255, 28.432949], [117.840997, 28.432723], [117.840654, 28.432119], [117.840439, 28.43193], [117.840267, 28.432006], [117.839581, 28.432006], [117.83898, 28.432459], [117.838358, 28.432968], [117.838283, 28.43294], [117.838723, 28.432534], [117.83722, 28.431213], [117.837306, 28.430836], [117.836362, 28.430006], [117.836276, 28.429704], [117.836019, 28.429402], [117.836062, 28.429289], [117.836233, 28.429289], [117.836405, 28.42944], [117.836663, 28.429515], [117.836748, 28.42944], [117.837092, 28.429364], [117.83722, 28.429251], [117.83662, 28.428798], [117.83662, 28.428496], [117.836276, 28.427892], [117.836276, 28.427138], [117.836362, 28.427062], [117.836362, 28.42676], [117.836147, 28.426571], [117.835976, 28.426571], [117.83589, 28.426647], [117.835375, 28.426647], [117.835032, 28.42642], [117.834774, 28.42642], [117.834345, 28.426949], [117.834002, 28.426949], [117.833787, 28.42676], [117.833701, 28.426609], [117.833701, 28.426307], [117.83353, 28.426005], [117.833315, 28.425816], [117.833058, 28.425816], [117.832929, 28.42593], [117.832929, 28.426081], [117.8328, 28.426194], [117.832714, 28.426194], [117.832543, 28.426119], [117.831942, 28.42559], [117.831427, 28.42559], [117.83074, 28.425288], [117.830483, 28.425288], [117.830397, 28.425364], [117.829968, 28.425364], [117.82971, 28.425137], [117.829195, 28.425137], [117.828895, 28.424873], [117.828809, 28.42442], [117.828637, 28.424118], [117.828637, 28.423892], [117.828294, 28.423363], [117.828294, 28.423061], [117.82838, 28.42291], [117.827865, 28.422382], [117.827865, 28.42208]]]}, "properties": {"display_name": "兴园街道, 广信区, 上饶市, 江西省, 中国", "type": "administrative", "osm_type": "relation", "osm_id": 8033971, "class": null, "keyword": "subdistrict"}}, {"type": "Feature", "geometry": {"type": "Polygon", "coordinates": [[[118.137242, 28.627864], [118.137402, 28.627553], [118.137939, 28.627487], [118.13854, 28.627224], [118.138958, 28.627422], [118.138862, 28.628504], [118.138336, 28.629296], [118.138819, 28.629748], [118.138926, 28.630313], [118.138711, 28.631009], [118.138851, 28.631471], [118.138937, 28.631471], [118.139098, 28.631132], [118.139226, 28.630284], [118.140128, 28.630322], [118.140096, 28.630181], [118.139205, 28.629936], [118.138851, 28.629004], [118.139098, 28.62842], [118.13942, 28.628373], [118.13928, 28.627949], [118.139516, 28.62712], [118.139409, 28.626508], [118.139484, 28.626113], [118.139269, 28.625868], [118.139194, 28.625161], [118.138583, 28.625058], [118.138111, 28.62535], [118.137875, 28.625067], [118.13928, 28.623843], [118.13928, 28.623419], [118.139226, 28.622195], [118.138626, 28.62163], [118.13751, 28.621554], [118.137681, 28.621131], [118.137681, 28.620462], [118.137968, 28.61971], [118.138183, 28.619606], [118.138773, 28.618711], [118.139471, 28.618222], [118.13976, 28.617591], [118.139642, 28.617007], [118.139267, 28.616931], [118.138784, 28.617176], [118.138258, 28.618071], [118.138044, 28.618137], [118.138033, 28.617864], [118.13843, 28.617402], [118.138483, 28.617082], [118.138151, 28.616856], [118.138237, 28.61679], [118.138623, 28.616828], [118.138612, 28.616677], [118.138376, 28.616545], [118.138355, 28.616329], [118.138913, 28.616517], [118.139642, 28.616583], [118.1399, 28.616715], [118.1402, 28.616658], [118.140994, 28.616027], [118.141509, 28.615876], [118.141627, 28.616027], [118.141927, 28.616055], [118.141906, 28.616498], [118.142131, 28.616752], [118.142013, 28.617656], [118.142174, 28.617892], [118.142453, 28.618052], [118.142625, 28.617562], [118.142593, 28.616508], [118.142593, 28.615217], [118.142882, 28.614652], [118.143172, 28.614567], [118.143462, 28.614115], [118.143665, 28.613993], [118.143912, 28.61404], [118.144084, 28.614379], [118.144223, 28.614887], [118.144438, 28.615048], [118.144631, 28.615311], [118.144738, 28.615208], [118.144524, 28.614793], [118.144116, 28.613456], [118.144277, 28.613173], [118.144728, 28.613155], [118.144653, 28.613004], [118.145125, 28.612881], [118.146036, 28.61306], [118.146863, 28.613644], [118.147227, 28.613258], [118.147281, 28.6121], [118.147689, 28.610319], [118.147539, 28.609481], [118.147603, 28.609199], [118.147603, 28.608756], [118.147785, 28.608662], [118.147989, 28.60886], [118.148043, 28.610018], [118.148279, 28.60998], [118.148461, 28.609048], [118.148579, 28.608765], [118.148708, 28.608756], [118.148472, 28.610423], [118.149523, 28.610951], [118.150468, 28.611742], [118.15153, 28.610724], [118.153472, 28.611205], [118.153933, 28.610988], [118.153783, 28.610009], [118.154244, 28.609415], [118.154716, 28.609604], [118.155735, 28.609462], [118.155864, 28.609067], [118.1561, 28.609368], [118.156025, 28.610037], [118.156315, 28.610207], [118.156368, 28.610517], [118.157516, 28.611139], [118.158031, 28.611261], [118.158128, 28.610979], [118.158857, 28.611431], [118.159351, 28.612005], [118.160885, 28.611393], [118.160799, 28.610357], [118.161368, 28.610319], [118.161572, 28.610461], [118.162452, 28.610178], [118.161819, 28.60902], [118.162087, 28.608888], [118.162291, 28.608991], [118.162527, 28.608907], [118.162419, 28.608633], [118.162666, 28.608615], [118.162956, 28.608831], [118.163911, 28.608238], [118.163406, 28.607612], [118.163267, 28.607301], [118.163256, 28.606896], [118.162988, 28.606274], [118.163052, 28.605812], [118.163331, 28.605106], [118.164093, 28.604277], [118.164522, 28.604268], [118.165198, 28.604626], [118.165885, 28.604748], [118.166067, 28.604616], [118.166775, 28.603768], [118.167215, 28.603646], [118.168417, 28.60423], [118.168578, 28.603646], [118.169275, 28.603947], [118.171099, 28.603815], [118.172236, 28.604164], [118.172108, 28.604673], [118.172183, 28.605304], [118.173009, 28.605398], [118.174704, 28.606547], [118.17509, 28.607075], [118.174961, 28.607362], [118.174661, 28.607334], [118.174071, 28.607183], [118.173889, 28.606853], [118.173685, 28.606787], [118.173524, 28.607013], [118.173588, 28.607819], [118.17465, 28.60796], [118.175906, 28.608502], [118.176335, 28.609726], [118.176657, 28.610272], [118.176764, 28.610951], [118.176292, 28.611139], [118.176072, 28.611803], [118.17671, 28.612858], [118.177391, 28.612745], [118.178121, 28.614132], [118.179602, 28.615657], [118.180202, 28.61611], [118.18031, 28.616543], [118.180117, 28.617362], [118.180031, 28.617955], [118.180632, 28.618554], [118.180921, 28.618346], [118.181157, 28.618261], [118.181179, 28.618139], [118.181941, 28.618111], [118.182316, 28.617772], [118.183019, 28.617845], [118.18348, 28.618165], [118.184757, 28.619681], [118.185073, 28.620522], [118.185342, 28.620814], [118.185363, 28.621181], [118.185696, 28.621228], [118.186329, 28.621388], [118.186962, 28.621238], [118.187262, 28.621445], [118.187884, 28.62137], [118.188603, 28.621709], [118.188638, 28.622157], [118.189378, 28.621729], [118.189673, 28.621804], [118.19029, 28.621568], [118.190301, 28.62146], [118.189904, 28.6209], [118.192053, 28.61759], [118.19305, 28.618222], [118.193555, 28.617845], [118.192921, 28.617054], [118.193136, 28.616799], [118.19334, 28.616743], [118.194209, 28.617619], [118.194359, 28.617609], [118.194767, 28.617977], [118.195067, 28.618033], [118.195668, 28.618636], [118.195228, 28.619192], [118.195453, 28.619465], [118.195936, 28.619399], [118.196494, 28.619936], [118.197181, 28.619681], [118.197631, 28.620039], [118.198307, 28.619964], [118.198887, 28.620289], [118.19982, 28.620571], [118.19982, 28.621169], [118.199949, 28.621339], [118.200842, 28.621352], [118.202012, 28.62106], [118.202639, 28.620688], [118.203471, 28.620711], [118.205252, 28.619435], [118.205957, 28.619912], [118.206569, 28.620006], [118.206912, 28.620336], [118.206783, 28.621428], [118.207738, 28.621617], [118.208553, 28.621155], [118.209347, 28.621541], [118.209616, 28.62237], [118.210045, 28.62221], [118.210163, 28.623302], [118.210302, 28.623208], [118.21071, 28.622587], [118.211536, 28.622879], [118.212984, 28.622408], [118.215313, 28.624772], [118.21483, 28.625252], [118.214615, 28.626043], [118.215699, 28.626429], [118.21748, 28.625695], [118.218016, 28.625996], [118.21822, 28.626382], [118.218456, 28.626429], [118.219819, 28.626363], [118.219679, 28.626156], [118.21999, 28.626071], [118.221332, 28.62673], [118.22146, 28.627079], [118.221793, 28.627427], [118.222555, 28.627616], [118.223048, 28.627455], [118.222984, 28.627116], [118.224024, 28.626617], [118.22499, 28.626297], [118.225956, 28.626194], [118.227061, 28.626665], [118.228616, 28.627182], [118.229947, 28.627182], [118.23073, 28.628011], [118.231878, 28.627682], [118.232436, 28.627409], [118.233498, 28.627437], [118.234024, 28.627116], [118.233809, 28.626702], [118.234496, 28.626175], [118.235054, 28.626052], [118.234002, 28.625195], [118.233348, 28.625186], [118.233455, 28.624724], [118.233519, 28.623802], [118.233992, 28.623651], [118.233702, 28.623029], [118.23058, 28.621777], [118.229142, 28.622549], [118.228702, 28.62221], [118.22823, 28.620863], [118.227157, 28.621626], [118.227179, 28.621193], [118.226556, 28.621061], [118.226106, 28.620496], [118.227779, 28.619064], [118.227672, 28.617915], [118.228144, 28.617831], [118.22882, 28.61719], [118.230666, 28.616748], [118.230837, 28.616286], [118.230859, 28.615768], [118.231449, 28.615542], [118.232071, 28.615636], [118.232189, 28.615966], [118.23367, 28.616258], [118.233487, 28.615636], [118.23324, 28.615203], [118.233401, 28.61477], [118.234592, 28.613677], [118.235772, 28.613046], [118.237363, 28.613064], [118.237867, 28.61312], [118.238811, 28.613101], [118.239627, 28.613535], [118.240228, 28.614269], [118.24115, 28.614383], [118.241343, 28.614797], [118.2407, 28.615588], [118.24055, 28.616021], [118.240507, 28.616436], [118.240936, 28.616624], [118.241451, 28.616624], [118.241923, 28.61653], [118.242202, 28.616869], [118.24173, 28.61766], [118.241429, 28.618018], [118.241043, 28.618282], [118.24055, 28.61847], [118.240185, 28.618734], [118.24012, 28.618979], [118.240142, 28.619845], [118.240313, 28.620278], [118.240292, 28.620693], [118.239884, 28.620938], [118.239112, 28.621503], [118.238811, 28.62186], [118.238425, 28.622143], [118.238146, 28.62252], [118.238511, 28.622821], [118.239005, 28.622953], [118.239799, 28.623443], [118.240356, 28.624139], [118.24055, 28.624931], [118.240829, 28.62527], [118.241301, 28.625458], [118.241708, 28.625703], [118.24276, 28.628905], [118.245292, 28.630656], [118.247716, 28.633029], [118.247995, 28.63495], [118.249562, 28.636363], [118.252287, 28.637945], [118.255527, 28.640581], [118.255355, 28.641033], [118.253875, 28.642333], [118.25336, 28.642578], [118.252845, 28.642653], [118.252308, 28.642653], [118.251772, 28.642521], [118.250377, 28.642012], [118.250034, 28.641674], [118.250034, 28.641259], [118.250377, 28.640506], [118.25042, 28.63964], [118.250377, 28.639188], [118.250227, 28.638773], [118.250012, 28.638397], [118.249626, 28.638679], [118.249497, 28.639094], [118.249476, 28.639527], [118.249304, 28.63996], [118.249068, 28.640337], [118.24866, 28.640581], [118.248146, 28.640676], [118.247824, 28.640355], [118.247759, 28.639922], [118.247394, 28.639075], [118.247137, 28.638698], [118.246772, 28.638397], [118.246279, 28.638359], [118.245807, 28.638491], [118.245399, 28.638811], [118.245077, 28.639207], [118.244862, 28.639621], [118.244648, 28.640958], [118.24424, 28.642314], [118.244069, 28.642709], [118.243532, 28.642916], [118.242524, 28.642954], [118.242137, 28.643255], [118.242094, 28.64367], [118.242245, 28.644009], [118.242545, 28.644348], [118.24291, 28.644611], [118.243318, 28.644818], [118.24379, 28.644988], [118.243961, 28.645383], [118.243489, 28.645553], [118.242524, 28.645685], [118.242137, 28.645967], [118.241794, 28.646306], [118.241644, 28.646702], [118.241558, 28.647135], [118.241193, 28.647455], [118.240571, 28.647709], [118.240346, 28.647907], [118.240238, 28.648114], [118.240249, 28.648538], [118.240475, 28.648924], [118.240507, 28.64914], [118.240335, 28.64931], [118.240088, 28.649357], [118.239069, 28.649206], [118.238157, 28.648877], [118.237889, 28.64883], [118.237942, 28.649055], [118.238157, 28.649225], [118.238618, 28.649479], [118.238972, 28.64978], [118.239005, 28.649988], [118.238801, 28.650129], [118.238554, 28.650082], [118.237792, 28.649545], [118.237513, 28.649573], [118.236934, 28.649818], [118.236923, 28.650044], [118.237063, 28.650242], [118.237299, 28.650232], [118.237406, 28.650421], [118.237234, 28.650825], [118.237277, 28.651259], [118.237159, 28.651682], [118.237556, 28.651984], [118.237685, 28.652435], [118.237492, 28.653556], [118.237406, 28.653763], [118.237288, 28.653961], [118.237052, 28.654064], [118.236258, 28.654224], [118.235518, 28.654836], [118.233898, 28.655091], [118.23349, 28.65703], [118.23319, 28.658809], [118.230679, 28.660899], [118.229327, 28.659355], [118.228437, 28.657877], [118.228126, 28.656616], [118.228598, 28.656107], [118.228716, 28.655674], [118.228684, 28.655429], [118.228383, 28.655072], [118.228201, 28.654902], [118.225443, 28.653989], [118.225068, 28.653791], [118.224338, 28.654243], [118.222901, 28.653255], [118.222278, 28.654036], [118.222868, 28.654705], [118.223909, 28.655392], [118.223705, 28.655636], [118.222804, 28.655288], [118.221763, 28.654074], [118.221667, 28.654234], [118.221828, 28.654921], [118.220841, 28.655166], [118.220379, 28.65574], [118.221302, 28.656531], [118.221141, 28.656945], [118.221817, 28.657764], [118.221517, 28.658131], [118.221012, 28.658075], [118.220851, 28.65751], [118.219779, 28.656531], [118.218985, 28.657275], [118.21848, 28.657011], [118.218051, 28.657557], [118.215744, 28.657397], [118.215766, 28.657887], [118.2148, 28.657727], [118.213631, 28.658838], [118.214092, 28.659167], [118.211861, 28.660805], [118.210938, 28.660334], [118.210208, 28.659685], [118.210326, 28.66056], [118.209404, 28.661455], [118.209146, 28.662208], [118.208202, 28.661662], [118.207827, 28.660786], [118.208642, 28.654695], [118.209028, 28.650825], [118.207354, 28.651598], [118.205359, 28.65429], [118.203299, 28.656926], [118.201861, 28.659581], [118.196347, 28.665239], [118.194866, 28.66715], [118.190446, 28.670257], [118.186927, 28.672196], [118.183815, 28.674342], [118.181734, 28.67485], [118.179867, 28.674935], [118.179513, 28.674295], [118.178934, 28.673862], [118.177743, 28.673909], [118.177636, 28.672892], [118.177475, 28.672629], [118.177239, 28.672553], [118.17697, 28.672553], [118.176702, 28.67261], [118.176456, 28.672742], [118.176262, 28.672921], [118.175801, 28.673156], [118.175576, 28.673241], [118.175329, 28.67325], [118.175179, 28.673081], [118.175179, 28.672845], [118.175404, 28.672196], [118.175662, 28.671688], [118.175662, 28.670972], [118.175576, 28.670746], [118.175361, 28.670643], [118.174868, 28.670671], [118.174632, 28.670643], [118.174514, 28.670464], [118.174524, 28.670257], [118.174696, 28.670115], [118.175114, 28.669927], [118.175211, 28.669729], [118.174996, 28.669626], [118.174739, 28.669635], [118.174514, 28.669711], [118.174031, 28.670238], [118.173838, 28.670379], [118.173591, 28.670426], [118.173451, 28.670266], [118.173215, 28.669635], [118.172529, 28.668863], [118.171552, 28.668299], [118.17063, 28.666755], [118.169514, 28.666369], [118.16931, 28.666228], [118.169171, 28.666058], [118.169095, 28.665851], [118.170308, 28.66249], [118.170329, 28.662283], [118.170662, 28.661718], [118.171005, 28.661408], [118.171273, 28.661427], [118.171703, 28.661652], [118.171949, 28.661634], [118.172346, 28.661398], [118.172883, 28.660833], [118.172915, 28.660598], [118.172722, 28.659704], [118.172711, 28.659045], [118.173473, 28.657774], [118.17373, 28.657727], [118.174471, 28.657755], [118.174696, 28.65768], [118.174868, 28.657548], [118.174964, 28.657284], [118.175243, 28.656917], [118.175404, 28.656512], [118.175619, 28.65639], [118.176681, 28.656154], [118.177088, 28.655966], [118.177324, 28.655938], [118.177518, 28.655815], [118.17784, 28.655467], [118.177936, 28.655053], [118.177904, 28.654639], [118.177807, 28.654027], [118.177561, 28.653612], [118.177228, 28.653292], [118.176981, 28.653255], [118.176724, 28.653292], [118.176509, 28.653405], [118.176252, 28.653405], [118.176048, 28.653349], [118.176016, 28.65269], [118.176091, 28.652501], [118.176295, 28.652341], [118.176756, 28.652275], [118.176981, 28.652191], [118.177121, 28.652031], [118.177185, 28.651419], [118.177099, 28.651174], [118.176595, 28.651014], [118.176091, 28.650487], [118.175479, 28.650101], [118.174438, 28.65011], [118.173945, 28.650044], [118.173419, 28.649837], [118.17299, 28.649611], [118.172797, 28.649451], [118.1727, 28.649253], [118.172615, 28.648792], [118.172486, 28.648594], [118.172271, 28.648491], [118.171992, 28.648509], [118.171735, 28.648453], [118.169793, 28.646796], [118.169568, 28.646278], [118.166896, 28.647031], [118.165287, 28.64786], [118.164997, 28.646965], [118.164364, 28.646994], [118.163871, 28.647163], [118.163452, 28.647417], [118.162959, 28.647568], [118.162701, 28.647596], [118.160169, 28.647295], [118.158613, 28.6477], [118.157905, 28.648067], [118.156929, 28.648406], [118.156725, 28.648538], [118.156189, 28.649046], [118.15591, 28.649423], [118.155169, 28.649771], [118.154429, 28.650025], [118.15341, 28.650242], [118.152498, 28.650609], [118.152005, 28.650675], [118.151447, 28.650647], [118.15105, 28.650374], [118.150771, 28.650364], [118.15076, 28.649743], [118.150899, 28.649328], [118.151103, 28.649216], [118.151597, 28.649263], [118.152047, 28.649385], [118.15208, 28.649178], [118.151865, 28.649065], [118.151371, 28.649008], [118.151168, 28.648895], [118.151114, 28.648679], [118.151146, 28.648472], [118.15179, 28.648189], [118.151801, 28.647991], [118.151715, 28.647794], [118.151554, 28.646353], [118.151575, 28.646146], [118.151887, 28.645572], [118.151887, 28.645355], [118.151672, 28.645242], [118.151425, 28.645252], [118.151178, 28.645308], [118.150985, 28.64544], [118.150996, 28.645873], [118.150953, 28.64608], [118.150781, 28.64624], [118.150127, 28.646589], [118.149376, 28.646786], [118.148915, 28.646965], [118.148668, 28.647003], [118.14738, 28.646994], [118.147305, 28.646796], [118.147434, 28.646391], [118.147713, 28.646005], [118.148067, 28.645647], [118.148174, 28.645233], [118.148185, 28.6448], [118.147681, 28.644009], [118.147734, 28.643811], [118.148389, 28.643576], [118.148561, 28.643434], [118.148636, 28.643237], [118.148432, 28.643095], [118.148174, 28.64302], [118.147659, 28.642973], [118.147155, 28.643039], [118.146919, 28.642992], [118.146844, 28.642785], [118.146715, 28.642606], [118.146533, 28.642446], [118.146318, 28.642342], [118.14605, 28.642719], [118.145835, 28.642841], [118.145728, 28.642653], [118.145868, 28.642229], [118.145353, 28.642201], [118.145149, 28.642352], [118.14502, 28.642766], [118.144977, 28.643189], [118.144998, 28.644046], [118.145245, 28.644442], [118.145696, 28.644621], [118.145889, 28.644743], [118.146254, 28.645365], [118.146372, 28.645779], [118.146168, 28.64593], [118.145953, 28.645826], [118.145868, 28.645619], [118.145556, 28.645261], [118.145363, 28.64512], [118.145117, 28.64512], [118.145042, 28.645318], [118.145009, 28.645986], [118.144923, 28.646184], [118.144462, 28.646391], [118.143969, 28.64641], [118.143979, 28.645525], [118.14384, 28.645204], [118.143325, 28.645091], [118.143089, 28.644979], [118.143132, 28.644771], [118.143314, 28.644621], [118.143732, 28.644423], [118.143872, 28.644254], [118.143926, 28.644046], [118.143786, 28.643867], [118.142982, 28.643915], [118.142992, 28.643707], [118.143432, 28.643491], [118.143604, 28.643095], [118.143475, 28.642935], [118.143239, 28.64286], [118.142971, 28.642841], [118.142724, 28.642879], [118.142509, 28.642756], [118.142992, 28.642559], [118.143153, 28.642399], [118.143153, 28.642191], [118.143067, 28.641994], [118.142906, 28.641834], [118.14267, 28.641758], [118.142434, 28.641805], [118.141984, 28.642022], [118.141748, 28.642069], [118.141512, 28.641984], [118.142005, 28.64125], [118.141973, 28.641005], [118.141705, 28.640647], [118.1412, 28.640525], [118.140911, 28.639197], [118.140986, 28.638999], [118.141222, 28.638999], [118.141437, 28.638943], [118.141587, 28.638783], [118.141404, 28.638632], [118.140643, 28.63867], [118.140439, 28.638557], [118.140471, 28.63834], [118.14075, 28.637992], [118.140782, 28.637747], [118.140364, 28.637512], [118.140214, 28.637342], [118.139827, 28.636594], [118.139613, 28.635916], [118.139849, 28.635492], [118.140332, 28.635539], [118.14046, 28.635021], [118.139666, 28.634654], [118.139505, 28.634512], [118.138969, 28.634597], [118.138797, 28.63439], [118.138776, 28.633976], [118.13943, 28.633722], [118.139098, 28.632733], [118.139044, 28.632394], [118.13825, 28.631942], [118.138079, 28.631471], [118.138218, 28.63116], [118.138057, 28.630708], [118.137778, 28.630397], [118.137499, 28.629653], [118.138186, 28.629201], [118.138497, 28.628382], [118.137242, 28.627864]]]}, "properties": {"display_name": "文成街道, 玉山县, 上饶市, 江西省, 中国", "type": "administrative", "osm_type": "relation", "osm_id": 7684944, "class": null, "keyword": "subdistrict"}}, {"type": "Feature", "geometry": {"type": "Polygon", "coordinates": [[[117.872164, 28.462089], [117.87225, 28.462014], [117.87225, 28.461636], [117.872508, 28.46141], [117.872508, 28.461334], [117.873023, 28.460882], [117.873023, 28.460806], [117.873151, 28.460693], [117.873409, 28.460769], [117.873581, 28.460919], [117.873752, 28.460919], [117.873881, 28.460806], [117.873881, 28.460655], [117.87401, 28.460542], [117.874696, 28.460542], [117.874782, 28.460467], [117.874954, 28.460467], [117.875426, 28.460052], [117.875426, 28.459976], [117.875871, 28.459316], [117.892152, 28.461622], [117.89322, 28.461617], [117.894614, 28.4613], [117.896763, 28.460552], [117.900102, 28.459738], [117.900673, 28.459633], [117.902334, 28.459325], [117.90242, 28.45925], [117.903767, 28.459066], [117.904587, 28.458954], [117.905285, 28.458859], [117.906086, 28.45875], [117.907134, 28.458607], [117.907237, 28.458593], [117.907398, 28.458571], [117.907484, 28.458495], [117.909823, 28.458467], [117.911464, 28.45859], [117.91553, 28.45925], [117.915809, 28.459476], [117.916152, 28.459627], [117.916281, 28.459514], [117.916367, 28.459061], [117.916539, 28.45891], [117.916539, 28.458759], [117.916024, 28.457929], [117.916024, 28.457778], [117.916324, 28.457665], [117.916453, 28.457778], [117.916796, 28.458458], [117.916925, 28.458571], [117.917097, 28.458646], [117.917612, 28.458646], [117.91774, 28.458533], [117.917826, 28.458307], [117.917998, 28.458156], [117.918084, 28.457929], [117.918255, 28.457778], [117.918427, 28.457401], [117.918556, 28.457288], [117.918727, 28.457288], [117.919886, 28.458231], [117.920058, 28.458533], [117.920229, 28.458684], [117.920315, 28.459137], [117.920401, 28.459212], [117.920401, 28.459439], [117.920487, 28.459514], [117.920487, 28.460269], [117.920616, 28.460382], [117.920873, 28.460457], [117.921302, 28.460835], [117.921732, 28.460835], [117.92186, 28.460721], [117.92186, 28.460646], [117.921517, 28.460344], [117.921517, 28.460269], [117.921174, 28.459891], [117.921174, 28.459288], [117.921646, 28.458948], [117.921732, 28.458948], [117.922032, 28.459212], [117.922032, 28.459288], [117.922203, 28.459439], [117.922203, 28.459589], [117.922375, 28.45974], [117.922461, 28.459967], [117.92259, 28.46008], [117.922847, 28.46008], [117.923105, 28.459929], [117.92362, 28.459929], [117.923834, 28.460118], [117.924006, 28.460495], [117.924221, 28.460684], [117.924392, 28.460684], [117.924435, 28.460646], [117.924349, 28.46057], [117.924349, 28.460344], [117.924478, 28.460231], [117.924779, 28.460118], [117.924779, 28.459967], [117.924178, 28.45891], [117.924178, 28.458684], [117.924521, 28.458231], [117.924521, 28.45808], [117.924607, 28.458005], [117.924974, 28.45717], [117.93556, 28.462182], [117.933515, 28.465907], [117.940869, 28.4692], [117.940683, 28.469585], [117.940801, 28.46965], [117.940925, 28.469918], [117.940774, 28.470232], [117.940495, 28.470504], [117.941002, 28.471066], [117.941586, 28.470841], [117.942043, 28.47111], [117.942983, 28.47091], [117.943285, 28.471062], [117.943759, 28.471066], [117.94391, 28.471351], [117.943928, 28.472093], [117.943585, 28.472683], [117.943302, 28.473169], [117.942953, 28.473504], [117.942189, 28.47388], [117.941671, 28.474134], [117.940794, 28.474084], [117.939927, 28.474234], [117.939785, 28.474333], [117.939847, 28.474594], [117.939993, 28.474685], [117.941087, 28.474474], [117.941648, 28.474545], [117.941992, 28.474781], [117.94228, 28.475316], [117.942308, 28.475601], [117.94194, 28.475817], [117.94202, 28.476207], [117.941926, 28.476422], [117.94186, 28.476849], [117.941469, 28.477077], [117.941393, 28.477488], [117.941568, 28.477463], [117.942105, 28.477086], [117.942218, 28.476136], [117.942534, 28.475883], [117.943185, 28.475821], [117.94357, 28.475942], [117.943618, 28.476323], [117.94328, 28.477021], [117.94328, 28.477219], [117.943404, 28.4773], [117.943473, 28.477257], [117.943586, 28.476772], [117.943763, 28.476484], [117.943913, 28.47613], [117.944192, 28.475965], [117.944503, 28.476012], [117.945174, 28.476578], [117.945228, 28.476979], [117.944911, 28.477493], [117.943951, 28.478092], [117.942953, 28.478389], [117.942846, 28.47854], [117.942985, 28.478625], [117.943414, 28.478502], [117.943742, 28.478592], [117.943945, 28.478964], [117.944246, 28.479077], [117.94526, 28.47854], [117.945839, 28.478582], [117.946059, 28.478738], [117.945962, 28.479297], [117.945448, 28.480136], [117.944332, 28.480805], [117.944053, 28.480843], [117.943452, 28.480829], [117.942883, 28.480659], [117.942465, 28.480721], [117.942363, 28.480928], [117.943028, 28.481282], [117.943211, 28.481555], [117.942551, 28.482625], [117.94276, 28.482635], [117.943769, 28.48155], [117.944187, 28.481659], [117.944729, 28.481414], [117.945233, 28.481442], [117.946048, 28.480944], [117.946853, 28.480294], [117.947218, 28.480445], [117.947572, 28.480944], [117.947539, 28.481409], [117.947497, 28.482001], [117.947926, 28.481953], [117.948537, 28.482651], [117.948529, 28.483063], [117.948312, 28.483161], [117.948323, 28.483302], [117.948784, 28.483293], [117.949246, 28.483726], [117.949031, 28.484302], [117.948602, 28.484717], [117.94799, 28.48482], [117.947089, 28.484832], [117.946923, 28.48495], [117.947159, 28.485266], [117.947722, 28.485063], [117.948366, 28.485172], [117.948554, 28.485388], [117.948307, 28.48602], [117.948655, 28.485959], [117.948913, 28.486086], [117.948967, 28.486935], [117.948602, 28.488175], [117.949026, 28.488882], [117.949304, 28.490127], [117.94894, 28.490117], [117.948425, 28.490117], [117.948082, 28.490419], [117.94791, 28.490495], [117.947137, 28.490495], [117.94688, 28.490344], [117.946708, 28.490344], [117.946022, 28.490042], [117.945592, 28.490042], [117.945249, 28.490193], [117.94482, 28.490495], [117.944562, 28.49057], [117.944262, 28.490834], [117.944262, 28.491211], [117.944133, 28.491324], [117.943962, 28.491249], [117.943447, 28.491249], [117.943189, 28.491023], [117.943017, 28.491023], [117.942932, 28.490947], [117.942331, 28.490947], [117.942202, 28.49106], [117.942202, 28.492041], [117.942073, 28.492154], [117.941902, 28.492154], [117.941816, 28.49223], [117.941644, 28.49223], [117.941558, 28.492305], [117.941387, 28.492305], [117.941301, 28.49238], [117.940957, 28.492456], [117.940743, 28.492645], [117.940743, 28.492871], [117.940915, 28.493022], [117.940915, 28.493323], [117.940614, 28.493512], [117.940443, 28.493512], [117.940142, 28.493776], [117.940142, 28.494153], [117.940228, 28.494229], [117.940228, 28.494455], [117.940056, 28.494757], [117.940142, 28.495587], [117.939842, 28.49585], [117.939584, 28.495926], [117.93937, 28.496115], [117.939541, 28.496718], [117.940056, 28.497548], [117.940056, 28.497698], [117.939756, 28.497887], [117.939413, 28.497963], [117.939069, 28.498264], [117.938983, 28.498264], [117.938554, 28.498566], [117.938039, 28.498566], [117.937954, 28.498491], [117.937438, 28.498491], [117.937353, 28.498415], [117.936237, 28.498415], [117.936022, 28.498151], [117.935936, 28.497698], [117.935679, 28.497472], [117.935679, 28.497321], [117.935464, 28.497133], [117.935035, 28.496982], [117.934864, 28.497057], [117.934735, 28.49717], [117.934735, 28.497246], [117.934306, 28.497623], [117.93422, 28.497925], [117.933962, 28.498151], [117.933962, 28.498528], [117.934048, 28.498604], [117.934048, 28.49883], [117.934134, 28.498905], [117.93422, 28.499509], [117.934005, 28.499547], [117.933319, 28.499245], [117.933147, 28.499094], [117.932975, 28.499094], [117.932846, 28.499207], [117.932846, 28.499358], [117.932932, 28.499509], [117.933533, 28.499962], [117.933533, 28.500263], [117.933404, 28.500376], [117.93289, 28.500452], [117.932374, 28.500829], [117.932117, 28.500678], [117.93186, 28.500678], [117.931473, 28.501093], [117.931473, 28.501395], [117.931645, 28.501545], [117.931645, 28.501998], [117.931559, 28.502074], [117.931559, 28.502451], [117.931473, 28.502526], [117.931473, 28.502979], [117.931344, 28.503092], [117.930915, 28.503092], [117.930615, 28.503431], [117.930615, 28.503657], [117.930958, 28.504035], [117.930958, 28.50411], [117.931259, 28.504374], [117.93143, 28.504374], [117.931559, 28.504487], [117.931559, 28.504789], [117.931473, 28.50494], [117.931688, 28.505204], [117.932374, 28.505053], [117.932975, 28.505354], [117.933362, 28.505769], [117.933362, 28.506297], [117.93349, 28.506411], [117.934005, 28.506411], [117.934177, 28.506486], [117.934864, 28.507165], [117.935464, 28.507165], [117.935593, 28.507278], [117.935679, 28.507504], [117.935894, 28.507693], [117.93658, 28.507693], [117.937095, 28.507466], [117.937267, 28.507466], [117.937524, 28.507316], [117.937696, 28.507316], [117.938125, 28.507089], [117.938468, 28.507089], [117.938597, 28.507202], [117.938511, 28.507655], [117.938425, 28.50773], [117.938425, 28.507881], [117.938254, 28.508183], [117.938254, 28.508485], [117.938168, 28.50856], [117.938168, 28.509616], [117.938082, 28.509691], [117.938082, 28.511803], [117.937954, 28.511916], [117.937868, 28.511916], [117.93731, 28.511275], [117.93731, 28.510898], [117.937396, 28.510823], [117.937396, 28.510596], [117.937653, 28.510219], [117.937653, 28.509918], [117.937438, 28.509654], [117.93731, 28.509691], [117.93731, 28.509918], [117.937052, 28.510295], [117.937052, 28.510747], [117.936838, 28.511011], [117.93658, 28.510936], [117.935894, 28.510408], [117.935808, 28.510408], [117.935593, 28.510219], [117.935593, 28.509842], [117.935379, 28.509654], [117.935293, 28.509654], [117.935078, 28.509842], [117.935078, 28.509993], [117.935164, 28.510068], [117.935164, 28.510295], [117.935078, 28.510446], [117.934692, 28.510785], [117.934263, 28.51086], [117.934048, 28.511049], [117.934263, 28.511238], [117.934434, 28.511238], [117.93452, 28.511162], [117.934778, 28.511162], [117.935164, 28.510974], [117.935379, 28.51086], [117.935722, 28.51086], [117.936065, 28.511087], [117.93658, 28.511313], [117.936838, 28.511313], [117.937052, 28.511502], [117.937138, 28.511728], [117.93731, 28.511879], [117.93731, 28.512105], [117.936752, 28.512444], [117.936494, 28.512444], [117.936151, 28.512595], [117.935979, 28.512746], [117.935636, 28.512746], [117.935422, 28.512859], [117.935422, 28.51301], [117.93555, 28.513123], [117.935722, 28.513048], [117.935979, 28.513048], [117.936065, 28.512972], [117.936194, 28.513085], [117.936194, 28.513312], [117.93628, 28.513387], [117.93628, 28.513764], [117.936366, 28.51384], [117.936366, 28.514518], [117.93628, 28.514594], [117.93628, 28.51482], [117.936194, 28.514895], [117.936194, 28.515122], [117.936108, 28.515197], [117.936022, 28.51565], [117.936194, 28.515876], [117.936194, 28.516027], [117.93628, 28.516102], [117.936366, 28.516404], [117.936237, 28.516517], [117.935894, 28.516668], [117.935722, 28.516668], [117.935636, 28.516743], [117.934434, 28.516668], [117.934306, 28.516781], [117.934306, 28.516856], [117.934692, 28.517196], [117.934949, 28.517271], [117.935379, 28.517573], [117.93555, 28.517573], [117.935894, 28.517724], [117.936194, 28.517988], [117.936194, 28.518365], [117.936108, 28.51844], [117.936108, 28.518591], [117.935765, 28.519194], [117.935593, 28.519345], [117.93525, 28.519948], [117.93525, 28.520175], [117.935164, 28.52025], [117.935164, 28.521155], [117.935336, 28.521457], [117.934906, 28.521834], [117.934821, 28.521985], [117.934821, 28.522211], [117.934906, 28.522286], [117.934906, 28.522739], [117.934992, 28.522814], [117.934992, 28.523267], [117.935078, 28.523342], [117.935078, 28.523945], [117.934992, 28.524096], [117.933834, 28.525039], [117.933233, 28.525039], [117.933061, 28.52519], [117.932975, 28.52519], [117.93216, 28.525981], [117.932074, 28.526132], [117.932074, 28.526359], [117.93216, 28.526434], [117.932074, 28.527641], [117.931731, 28.528018], [117.931731, 28.528093], [117.931473, 28.528319], [117.931473, 28.528395], [117.931001, 28.528809], [117.930915, 28.528809], [117.930701, 28.528621], [117.930615, 28.528093], [117.930357, 28.527716], [117.930272, 28.527414], [117.930143, 28.527301], [117.929971, 28.527301], [117.929456, 28.527603], [117.929027, 28.527603], [117.928512, 28.527376], [117.928255, 28.527376], [117.928169, 28.527301], [117.927911, 28.527301], [117.927825, 28.527226], [117.927482, 28.527226], [117.927396, 28.52715], [117.926881, 28.527075], [117.92671, 28.527226], [117.926624, 28.527226], [117.925808, 28.527942], [117.925765, 28.528055], [117.92568, 28.528055], [117.925422, 28.527904], [117.92465, 28.527829], [117.923963, 28.527376], [117.923791, 28.527376], [117.923706, 28.527301], [117.922869, 28.527358], [117.922847, 28.527376], [117.92259, 28.527376], [117.922414, 28.527469], [117.922375, 28.527641], [117.922375, 28.527791], [117.922339, 28.527798], [117.922332, 28.527829], [117.922161, 28.527829], [117.921689, 28.527339], [117.921689, 28.52731], [117.921474, 28.527075], [117.921131, 28.527226], [117.92053, 28.527226], [117.920229, 28.527414], [117.920315, 28.52749], [117.920315, 28.527641], [117.920487, 28.527942], [117.921088, 28.528696], [117.921088, 28.529526], [117.920916, 28.529827], [117.920916, 28.530129], [117.921131, 28.530242], [117.921302, 28.530242], [117.921431, 28.530355], [117.921431, 28.530732], [117.920959, 28.530996], [117.920616, 28.530996], [117.920487, 28.530883], [117.920487, 28.530732], [117.920401, 28.530657], [117.920401, 28.53028], [117.920315, 28.530204], [117.920229, 28.529827], [117.919972, 28.529526], [117.919972, 28.529375], [117.919886, 28.5293], [117.919972, 28.528847], [117.919843, 28.528734], [117.919672, 28.528734], [117.9195, 28.528885], [117.919414, 28.528885], [117.919028, 28.529224], [117.919028, 28.530054], [117.918899, 28.530167], [117.918556, 28.530091], [117.917869, 28.529639], [117.917526, 28.529639], [117.916925, 28.530167], [117.916152, 28.530167], [117.915895, 28.530016], [117.915638, 28.530016], [117.915466, 28.530091], [117.915337, 28.529978], [117.915251, 28.529752], [117.914779, 28.529337], [117.914522, 28.529337], [117.91405, 28.529601], [117.91405, 28.529752], [117.914307, 28.530129], [117.914307, 28.53028], [117.914178, 28.530317], [117.913363, 28.529827], [117.913277, 28.529526], [117.913191, 28.52945], [117.913191, 28.528772], [117.912548, 28.528055], [117.91229, 28.528055], [117.911904, 28.528545], [117.911904, 28.528847], [117.911818, 28.528922], [117.911818, 28.529224], [117.911732, 28.5293], [117.911732, 28.530054], [117.911818, 28.530204], [117.911432, 28.530468], [117.911174, 28.530468], [117.910831, 28.530242], [117.910573, 28.530167], [117.910402, 28.530016], [117.909973, 28.530016], [117.909887, 28.530091], [117.909715, 28.530091], [117.909114, 28.530619], [117.909029, 28.530619], [117.908814, 28.530808], [117.908814, 28.531034], [117.908814, 28.531109], [117.908728, 28.531185], [117.908728, 28.531713], [117.908557, 28.532014], [117.907784, 28.532693], [117.907698, 28.532844], [117.907698, 28.53307], [117.907612, 28.533145], [117.907612, 28.533371], [117.907527, 28.533447], [117.907527, 28.533749], [117.907355, 28.53405], [117.907011, 28.534427], [117.907011, 28.534502], [117.906668, 28.534804], [117.906668, 28.534879], [117.905939, 28.535671], [117.904565, 28.535822], [117.904308, 28.535671], [117.90405, 28.535671], [117.903879, 28.535596], [117.903664, 28.535407], [117.903664, 28.535257], [117.903449, 28.535068], [117.903106, 28.535068], [117.902677, 28.534766], [117.901819, 28.534691], [117.901733, 28.534616], [117.90139, 28.534616], [117.901304, 28.53454], [117.900875, 28.534465], [117.900402, 28.53405], [117.900402, 28.533899], [117.899845, 28.533334], [117.899673, 28.533409], [117.899416, 28.533409], [117.899158, 28.533258], [117.898815, 28.533183], [117.8986, 28.532994], [117.8986, 28.532844], [117.8983, 28.53258], [117.897956, 28.532504], [117.897527, 28.532127], [117.896669, 28.532203], [117.895725, 28.532655], [117.895467, 28.532655], [117.895381, 28.53258], [117.894523, 28.53258], [117.894437, 28.532655], [117.894008, 28.53273], [117.893879, 28.532617], [117.893879, 28.532467], [117.893965, 28.532391], [117.893965, 28.532014], [117.894051, 28.531939], [117.894051, 28.531486], [117.894137, 28.531411], [117.894137, 28.53126], [117.894051, 28.531185], [117.894051, 28.530958], [117.893794, 28.530581], [117.893794, 28.530054], [117.893665, 28.52994], [117.893321, 28.529865], [117.893236, 28.52979], [117.892807, 28.52979], [117.892635, 28.52994], [117.892463, 28.52994], [117.892377, 28.529865], [117.892206, 28.52994], [117.891862, 28.529639], [117.891262, 28.529639], [117.891176, 28.529563], [117.890661, 28.529563], [117.890489, 28.529714], [117.890403, 28.529714], [117.890146, 28.529488], [117.889803, 28.529337], [117.889459, 28.528885], [117.889116, 28.528809], [117.88903, 28.528734], [117.888515, 28.528658], [117.888386, 28.528545], [117.888472, 28.528395], [117.888472, 28.528018], [117.888386, 28.527942], [117.888386, 28.527339], [117.888086, 28.527075], [117.887227, 28.527075], [117.887099, 28.526962], [117.887099, 28.526736], [117.887185, 28.52666], [117.887185, 28.526132], [117.88727, 28.526057], [117.88727, 28.525831], [117.887356, 28.525755], [117.887356, 28.525529], [117.887442, 28.525454], [117.887528, 28.524473], [117.887871, 28.524172], [117.887871, 28.523719], [117.887785, 28.523644], [117.887785, 28.523342], [117.887871, 28.523267], [117.887871, 28.522965], [117.887957, 28.52289], [117.887957, 28.522739], [117.887871, 28.522663], [117.887871, 28.522362], [117.888043, 28.522135], [117.888043, 28.521985], [117.888429, 28.52157], [117.889202, 28.52157], [117.889287, 28.521494], [117.889459, 28.521494], [117.889674, 28.521306], [117.889674, 28.52108], [117.889588, 28.520929], [117.889245, 28.520627], [117.889245, 28.520552], [117.888601, 28.519986], [117.888515, 28.519986], [117.888, 28.519534], [117.887571, 28.519383], [117.887227, 28.519081], [117.886198, 28.519081], [117.886112, 28.519157], [117.885339, 28.519157], [117.884653, 28.518779], [117.884309, 28.518779], [117.884095, 28.518591], [117.884095, 28.518214], [117.88461, 28.517535], [117.88461, 28.516932], [117.884696, 28.516856], [117.884696, 28.51663], [117.884781, 28.516555], [117.884781, 28.516404], [117.884352, 28.515951], [117.884352, 28.515801], [117.884266, 28.515725], [117.884266, 28.515423], [117.884953, 28.51482], [117.885039, 28.514594], [117.885811, 28.51399], [117.885726, 28.513689], [117.88564, 28.513613], [117.88564, 28.513387], [117.885468, 28.513085], [117.885554, 28.51218], [117.885468, 28.512105], [117.885468, 28.511879], [117.885382, 28.511803], [117.885382, 28.511275], [117.885296, 28.5112], [117.885296, 28.511049], [117.886026, 28.510559], [117.886455, 28.510559], [117.886841, 28.510295], [117.886841, 28.510068], [117.886584, 28.509691], [117.886584, 28.50939], [117.88667, 28.509314], [117.88667, 28.509163], [117.886798, 28.50905], [117.88697, 28.50905], [117.887056, 28.509126], [117.887399, 28.509126], [117.887743, 28.508975], [117.888386, 28.50856], [117.888386, 28.508485], [117.888086, 28.508221], [117.888, 28.508221], [117.887657, 28.507919], [117.887227, 28.507768], [117.887013, 28.50758], [117.886927, 28.507353], [117.886798, 28.50724], [117.886627, 28.50724], [117.886326, 28.506976], [117.886326, 28.506901], [117.886841, 28.506524], [117.886841, 28.506373], [117.887185, 28.506071], [117.887185, 28.50592], [117.887056, 28.505807], [117.886884, 28.505807], [117.886369, 28.506335], [117.886283, 28.506335], [117.886112, 28.506486], [117.88594, 28.506486], [117.885811, 28.506373], [117.885983, 28.506146], [117.886069, 28.505694], [117.88594, 28.505581], [117.885683, 28.505581], [117.885597, 28.505656], [117.885253, 28.505354], [117.88491, 28.50543], [117.884438, 28.505091], [117.884438, 28.504789], [117.88461, 28.504487], [117.884867, 28.504336], [117.884867, 28.503808], [117.884567, 28.503544], [117.884395, 28.503544], [117.883451, 28.502639], [117.883194, 28.502639], [117.883022, 28.502564], [117.882764, 28.502865], [117.882421, 28.502865], [117.881863, 28.502451], [117.881863, 28.502224], [117.882121, 28.501772], [117.882121, 28.50147], [117.882035, 28.501395], [117.882035, 28.50064], [117.881863, 28.50049], [117.881863, 28.500414], [117.881305, 28.499924], [117.880876, 28.499924], [117.88079, 28.499848], [117.879932, 28.499848], [117.87976, 28.499773], [117.879546, 28.499584], [117.879202, 28.499056], [117.879074, 28.498943], [117.87873, 28.498868], [117.87843, 28.498604], [117.878387, 28.498415], [117.877185, 28.497887], [117.877014, 28.497736], [117.876585, 28.497585], [117.875812, 28.496907], [117.875383, 28.496907], [117.874525, 28.497284], [117.874396, 28.497397], [117.874396, 28.497472], [117.874997, 28.498], [117.875168, 28.498377], [117.875426, 28.498604], [117.875426, 28.498755], [117.87504, 28.498943], [117.874782, 28.498792], [117.874181, 28.498792], [117.873967, 28.498604], [117.874224, 28.498377], [117.874224, 28.497849], [117.874138, 28.497698], [117.873666, 28.497284], [117.873495, 28.497208], [117.873151, 28.497284], [117.873108, 28.49717], [117.873623, 28.496869], [117.873623, 28.496265], [117.873881, 28.495813], [117.874053, 28.495662], [117.874053, 28.495209], [117.873967, 28.495134], [117.873967, 28.494681], [117.873881, 28.494606], [117.873795, 28.493625], [117.873881, 28.49355], [117.873881, 28.493248], [117.874138, 28.493022], [117.874396, 28.492569], [117.874567, 28.492418], [117.874567, 28.492041], [117.874482, 28.491966], [117.874482, 28.491211], [117.874526, 28.491157], [117.874567, 28.490382], [117.874482, 28.490231], [117.874954, 28.48974], [117.875125, 28.48974], [117.875469, 28.489589], [117.875812, 28.489589], [117.876155, 28.489363], [117.87667, 28.489137], [117.876928, 28.489137], [117.877185, 28.488986], [117.877529, 28.488986], [117.87813, 28.489438], [117.878816, 28.48974], [117.878988, 28.48974], [117.879417, 28.489967], [117.879589, 28.489967], [117.880189, 28.490344], [117.880704, 28.490344], [117.881048, 28.490645], [117.881134, 28.490645], [117.881391, 28.490419], [117.881734, 28.490344], [117.88182, 28.490268], [117.882936, 28.490268], [117.883279, 28.490495], [117.883451, 28.490419], [117.884052, 28.490419], [117.88418, 28.490306], [117.88418, 28.49008], [117.883751, 28.489778], [117.883751, 28.489552], [117.883279, 28.489212], [117.883194, 28.489212], [117.882807, 28.488873], [117.882721, 28.488571], [117.882464, 28.488269], [117.882464, 28.488194], [117.882335, 28.488081], [117.882078, 28.488005], [117.881863, 28.487817], [117.881863, 28.487666], [117.882206, 28.487439], [117.882206, 28.487288], [117.882335, 28.487175], [117.882507, 28.487175], [117.88285, 28.487025], [117.882979, 28.486911], [117.882979, 28.48676], [117.882464, 28.486308], [117.882464, 28.48578], [117.88255, 28.485704], [117.882636, 28.485327], [117.882335, 28.485063], [117.882249, 28.485063], [117.882078, 28.484912], [117.881477, 28.48461], [117.881091, 28.484271], [117.881091, 28.48412], [117.881606, 28.483743], [117.881606, 28.483441], [117.88152, 28.48329], [117.881134, 28.482951], [117.881048, 28.482951], [117.880704, 28.482574], [117.880018, 28.482724], [117.87976, 28.482875], [117.879589, 28.482875], [117.879245, 28.483026], [117.879031, 28.482989], [117.87916, 28.482875], [117.879245, 28.482875], [117.879374, 28.482762], [117.879374, 28.482687], [117.879245, 28.482574], [117.879074, 28.482574], [117.878988, 28.482649], [117.878859, 28.482536], [117.879288, 28.482008], [117.879288, 28.481857], [117.879546, 28.48148], [117.879546, 28.481329], [117.87976, 28.48114], [117.879846, 28.48114], [117.880018, 28.481291], [117.880533, 28.481291], [117.880704, 28.481216], [117.880833, 28.481102], [117.880747, 28.480951], [117.880747, 28.48065], [117.880318, 28.480122], [117.880318, 28.479518], [117.879803, 28.478914], [117.879632, 28.478311], [117.879417, 28.478122], [117.87916, 28.478047], [117.878859, 28.477783], [117.878773, 28.477406], [117.878602, 28.477104], [117.87843, 28.476953], [117.87843, 28.476802], [117.878087, 28.476425], [117.878087, 28.476198], [117.878001, 28.476048], [117.87843, 28.475369], [117.87843, 28.475142], [117.878602, 28.474991], [117.878602, 28.474614], [117.87843, 28.474463], [117.87843, 28.474237], [117.878258, 28.474086], [117.878172, 28.47386], [117.877486, 28.473332], [117.877486, 28.472803], [117.877314, 28.472652], [117.877057, 28.472124], [117.876885, 28.471973], [117.876713, 28.471672], [117.876713, 28.470842], [117.875941, 28.470163], [117.875941, 28.470012], [117.875769, 28.46971], [117.875769, 28.469483], [117.875683, 28.469408], [117.875683, 28.468427], [117.875769, 28.468352], [117.875769, 28.467522], [117.875855, 28.467446], [117.875855, 28.467144], [117.875555, 28.466805], [117.87504, 28.466805], [117.874954, 28.466729], [117.874353, 28.466729], [117.874267, 28.466805], [117.873838, 28.466805], [117.873795, 28.466692], [117.873967, 28.466541], [117.874053, 28.466239], [117.874138, 28.466164], [117.874138, 28.466013], [117.874224, 28.465937], [117.874224, 28.465636], [117.873967, 28.465409], [117.873967, 28.465334], [117.873709, 28.465107], [117.873709, 28.465032], [117.872808, 28.464315], [117.872722, 28.464315], [117.872465, 28.464617], [117.872379, 28.464617], [117.87225, 28.464428], [117.87225, 28.46224], [117.872164, 28.462089]]]}, "properties": {"display_name": "罗桥街道, 广信区, 上饶市, 江西省, 中国", "type": "administrative", "osm_type": "relation", "osm_id": 8033966, "class": null, "keyword": "subdistrict"}}, {"type": "Feature", "geometry": {"type": "Polygon", "coordinates": [[[117.837593, 29.254624], [117.838387, 29.254044], [117.838494, 29.252902], [117.839159, 29.251685], [117.841005, 29.250749], [117.84197, 29.250356], [117.843108, 29.248259], [117.842786, 29.24693], [117.845039, 29.245544], [117.846369, 29.243372], [117.847614, 29.241781], [117.848279, 29.240601], [117.848794, 29.239178], [117.849867, 29.238523], [117.850038, 29.23386], [117.847967, 29.225834], [117.847781, 29.222003], [117.848043, 29.219198], [117.848214, 29.216351], [117.84976, 29.211091], [117.849834, 29.20852], [117.847634, 29.206004], [117.848512, 29.2047], [117.849838, 29.204064], [117.851426, 29.20258], [117.852827, 29.200216], [117.855237, 29.199743], [117.856563, 29.201553], [117.859234, 29.20271], [117.861171, 29.202904], [117.862768, 29.20312], [117.863476, 29.204413], [117.868755, 29.205836], [117.871394, 29.205274], [117.873862, 29.206267], [117.874913, 29.207597], [117.876823, 29.207578], [117.87987, 29.204319], [117.882831, 29.20445], [117.884741, 29.205499], [117.88622, 29.205606], [117.887724, 29.205949], [117.88836, 29.20963], [117.88963, 29.209392], [117.890741, 29.209889], [117.891607, 29.210687], [117.891264, 29.212785], [117.888088, 29.215219], [117.885921, 29.217841], [117.886049, 29.219133], [117.884741, 29.221867], [117.884741, 29.22256], [117.885685, 29.224358], [117.889096, 29.225013], [117.887079, 29.234339], [117.885357, 29.237159], [117.884649, 29.239679], [117.885527, 29.241643], [117.886281, 29.246056], [117.887088, 29.247613], [117.888877, 29.248222], [117.891184, 29.247642], [117.892416, 29.246901], [117.894356, 29.245357], [117.896026, 29.244072], [117.896918, 29.244047], [117.897838, 29.244665], [117.900556, 29.245703], [117.900613, 29.247185], [117.901151, 29.248272], [117.901222, 29.251471], [117.90074, 29.253225], [117.899112, 29.254546], [117.899155, 29.256523], [117.899084, 29.25982], [117.90004, 29.261961], [117.899672, 29.2639], [117.900083, 29.264579], [117.899517, 29.267123], [117.898115, 29.267988], [117.896501, 29.267815], [117.895977, 29.268087], [117.895269, 29.267864], [117.892948, 29.268914], [117.890255, 29.270978], [117.888287, 29.273621], [117.888542, 29.275189], [117.888119, 29.277342], [117.886874, 29.279232], [117.887282, 29.280561], [117.88563, 29.282994], [117.885222, 29.285633], [117.885072, 29.287093], [117.885772, 29.28853], [117.885029, 29.288646], [117.881252, 29.290686], [117.880716, 29.291771], [117.879536, 29.292801], [117.87666, 29.294279], [117.876195, 29.299184], [117.874276, 29.299695], [117.873122, 29.299638], [117.872975, 29.298773], [117.872211, 29.297695], [117.870943, 29.296944], [117.868487, 29.296221], [117.866275, 29.296504], [117.864226, 29.300135], [117.861283, 29.300078], [117.857348, 29.300035], [117.856904, 29.300259], [117.855526, 29.301964], [117.854128, 29.301269], [117.852046, 29.300305], [117.846029, 29.301524], [117.8452, 29.301198], [117.84372, 29.300546], [117.842598, 29.299454], [117.8405, 29.299355], [117.839655, 29.298277], [117.839975, 29.297729], [117.840769, 29.29743], [117.842786, 29.296288], [117.843009, 29.295732], [117.843687, 29.294043], [117.844824, 29.293556], [117.844803, 29.291965], [117.844588, 29.290337], [117.848236, 29.288541], [117.849202, 29.287231], [117.848966, 29.28579], [117.848258, 29.284461], [117.847534, 29.282036], [117.847206, 29.280006], [117.847095, 29.27875], [117.847267, 29.276926], [117.848193, 29.271078], [117.849073, 29.264901], [117.849466, 29.261216], [117.849898, 29.257933], [117.850221, 29.256646], [117.851003, 29.254694], [117.851921, 29.253446], [117.851445, 29.252994], [117.850671, 29.25305], [117.850095, 29.252697], [117.849346, 29.252517], [117.848746, 29.252568], [117.848048, 29.253052], [117.846498, 29.255606], [117.845589, 29.255988], [117.844932, 29.255852], [117.84425, 29.255555], [117.843045, 29.255595], [117.841691, 29.255991], [117.838301, 29.255635], [117.837593, 29.254624]]]}, "properties": {"display_name": "蚺城街道, 婺源县, 上饶市, 江西省, 中国", "type": "administrative", "osm_type": "relation", "osm_id": 9108484, "class": null, "keyword": "subdistrict"}}, {"type": "Feature", "geometry": {"type": "Polygon", "coordinates": [[[118.154236, 28.471285], [118.154622, 28.471021], [118.155652, 28.471021], [118.155738, 28.470945], [118.15591, 28.470945], [118.156167, 28.470795], [118.156854, 28.470644], [118.15694, 28.470568], [118.157111, 28.470568], [118.157283, 28.470417], [118.157798, 28.470191], [118.15797, 28.470191], [118.158227, 28.469889], [118.158742, 28.469889], [118.158871, 28.469776], [118.158313, 28.46921], [118.157626, 28.468908], [118.157283, 28.468531], [118.157197, 28.468531], [118.156725, 28.468116], [118.156725, 28.468041], [118.156596, 28.467927], [118.156511, 28.467927], [118.156382, 28.468041], [118.156382, 28.468116], [118.156167, 28.468305], [118.155824, 28.46838], [118.155524, 28.468191], [118.155524, 28.467965], [118.155609, 28.46789], [118.155481, 28.467776], [118.155051, 28.467776], [118.154923, 28.467663], [118.155009, 28.467211], [118.15518, 28.466909], [118.15518, 28.466758], [118.155266, 28.466682], [118.155266, 28.466531], [118.155352, 28.466456], [118.155352, 28.466305], [118.155438, 28.46623], [118.155438, 28.466079], [118.155524, 28.466003], [118.155524, 28.465852], [118.155609, 28.465777], [118.155609, 28.465475], [118.155438, 28.465173], [118.155438, 28.464721], [118.15591, 28.464381], [118.156339, 28.464306], [118.156639, 28.464042], [118.156639, 28.463061], [118.156554, 28.462985], [118.156554, 28.462381], [118.157498, 28.461627], [118.157498, 28.461551], [118.157884, 28.461212], [118.158399, 28.461438], [118.15857, 28.461438], [118.159128, 28.461023], [118.159472, 28.460495], [118.160158, 28.459816], [118.160158, 28.459665], [118.16033, 28.459514], [118.16033, 28.459439], [118.160073, 28.459137], [118.160073, 28.459061], [118.160287, 28.458873], [118.16063, 28.459024], [118.160888, 28.459024], [118.160974, 28.458948], [118.161145, 28.458948], [118.161489, 28.458797], [118.161832, 28.458495], [118.163291, 28.458571], [118.163592, 28.458307], [118.163635, 28.458194], [118.163806, 28.458194], [118.164064, 28.45842], [118.164235, 28.45842], [118.164321, 28.458344], [118.164836, 28.458269], [118.165051, 28.45808], [118.164965, 28.457778], [118.16475, 28.45759], [118.164149, 28.457514], [118.163849, 28.457326], [118.163763, 28.457175], [118.163763, 28.456873], [118.163849, 28.456798], [118.163849, 28.456571], [118.164021, 28.456345], [118.164021, 28.456118], [118.163806, 28.456081], [118.16372, 28.456156], [118.163463, 28.456156], [118.163334, 28.456043], [118.163334, 28.455817], [118.163463, 28.455703], [118.163635, 28.455703], [118.163849, 28.45559], [118.163849, 28.455137], [118.163678, 28.454987], [118.163678, 28.454609], [118.163806, 28.454496], [118.164149, 28.454647], [118.164321, 28.454798], [118.164579, 28.454873], [118.16475, 28.455024], [118.165094, 28.4551], [118.165437, 28.455402], [118.165523, 28.455402], [118.165652, 28.455288], [118.165652, 28.455213], [118.166081, 28.454836], [118.166167, 28.454609], [118.166681, 28.454156], [118.166767, 28.45393], [118.167282, 28.453477], [118.167368, 28.453024], [118.167454, 28.452873], [118.167883, 28.452496], [118.167969, 28.452194], [118.168055, 28.452119], [118.168055, 28.451817], [118.168269, 28.451553], [118.168484, 28.451742], [118.168484, 28.451892], [118.168613, 28.452006], [118.168784, 28.452081], [118.169042, 28.452081], [118.169213, 28.452232], [118.169385, 28.452232], [118.169643, 28.452006], [118.169729, 28.452006], [118.1699, 28.452157], [118.170158, 28.452157], [118.170243, 28.452232], [118.171102, 28.452232], [118.171231, 28.452119], [118.171231, 28.452043], [118.170716, 28.451515], [118.17063, 28.451213], [118.170759, 28.4511], [118.171145, 28.451062], [118.171059, 28.450836], [118.171145, 28.450761], [118.171145, 28.45061], [118.171445, 28.45027], [118.172046, 28.45027], [118.17226, 28.450081], [118.172357, 28.44977], [118.172572, 28.449959], [118.172743, 28.449959], [118.172829, 28.450034], [118.172915, 28.450034], [118.173344, 28.449657], [118.173602, 28.449657], [118.173816, 28.449845], [118.173816, 28.450374], [118.173644, 28.450525], [118.173559, 28.450751], [118.173301, 28.450978], [118.173945, 28.451393], [118.174117, 28.451393], [118.174245, 28.451279], [118.174417, 28.450827], [118.175576, 28.449808], [118.176176, 28.449506], [118.176348, 28.449355], [118.176863, 28.449204], [118.177206, 28.448902], [118.17755, 28.448902], [118.177679, 28.449015], [118.177679, 28.449317], [118.177807, 28.44943], [118.178151, 28.449506], [118.178279, 28.449393], [118.178279, 28.449242], [118.178494, 28.449053], [118.178752, 28.449053], [118.179095, 28.448902], [118.17961, 28.448902], [118.179738, 28.449015], [118.179738, 28.449166], [118.179867, 28.449279], [118.180039, 28.449204], [118.180382, 28.449204], [118.180468, 28.449129], [118.180811, 28.449129], [118.180983, 28.449279], [118.181069, 28.449279], [118.181326, 28.449129], [118.181841, 28.449204], [118.181927, 28.449129], [118.182271, 28.449129], [118.182614, 28.449279], [118.182785, 28.449129], [118.182957, 28.449129], [118.183258, 28.44897], [118.183558, 28.448902], [118.183644, 28.448827], [118.184073, 28.448827], [118.18431, 28.449095], [118.184373, 28.449317], [118.184545, 28.449544], [118.184545, 28.449695], [118.184717, 28.449921], [118.184717, 28.450072], [118.184974, 28.450525], [118.184974, 28.4506], [118.185146, 28.450827], [118.185232, 28.451204], [118.185317, 28.451279], [118.185317, 28.451506], [118.185403, 28.451732], [118.185489, 28.451808], [118.185489, 28.452034], [118.185575, 28.452109], [118.185575, 28.453392], [118.185489, 28.453468], [118.185403, 28.454072], [118.185317, 28.454147], [118.185232, 28.454751], [118.185146, 28.454826], [118.185146, 28.455354], [118.185618, 28.455769], [118.185704, 28.455769], [118.18579, 28.455694], [118.186305, 28.455618], [118.18639, 28.455543], [118.186905, 28.455468], [118.186991, 28.455392], [118.187249, 28.455392], [118.187592, 28.455241], [118.188279, 28.455166], [118.188579, 28.45543], [118.188751, 28.455732], [118.188922, 28.455883], [118.188837, 28.456486], [118.189309, 28.45675], [118.189909, 28.45675], [118.190038, 28.456864], [118.190124, 28.457165], [118.19021, 28.457241], [118.19021, 28.457392], [118.190296, 28.457467], [118.190296, 28.457618], [118.190382, 28.457694], [118.190382, 28.457845], [118.190553, 28.458071], [118.190553, 28.458222], [118.190994, 28.458738], [118.191068, 28.458825], [118.191154, 28.459052], [118.191841, 28.459882], [118.191926, 28.460108], [118.192613, 28.460938], [118.192613, 28.461014], [118.192785, 28.461316], [118.19257, 28.461504], [118.191884, 28.461806], [118.191583, 28.46207], [118.191583, 28.462221], [118.191969, 28.462636], [118.192313, 28.462712], [118.192442, 28.462825], [118.192956, 28.463806], [118.193085, 28.463919], [118.194056, 28.463858], [118.194174, 28.464216], [118.194394, 28.464339], [118.194732, 28.463858], [118.194308, 28.463461], [118.193842, 28.463556], [118.193573, 28.463273], [118.193353, 28.462862], [118.193734, 28.462631], [118.193514, 28.462259], [118.193514, 28.461627], [118.193428, 28.461551], [118.193428, 28.461325], [118.193343, 28.46125], [118.193343, 28.461023], [118.192999, 28.460721], [118.192999, 28.46057], [118.193128, 28.460457], [118.193386, 28.460457], [118.193471, 28.460533], [118.193901, 28.460533], [118.194201, 28.460269], [118.194373, 28.459967], [118.194373, 28.459665], [118.194458, 28.459589], [118.19433, 28.458976], [118.194416, 28.458901], [118.194416, 28.45875], [118.194544, 28.458637], [118.194716, 28.458637], [118.195016, 28.458373], [118.195102, 28.458071], [118.195016, 28.457995], [118.195016, 28.457769], [118.195317, 28.457429], [118.195403, 28.457429], [118.195703, 28.457694], [118.195703, 28.457845], [118.195789, 28.45792], [118.195832, 28.458109], [118.195918, 28.458109], [118.196347, 28.457731], [118.19669, 28.457731], [118.197248, 28.458071], [118.197134, 28.458272], [118.196905, 28.458524], [118.196905, 28.45875], [118.197076, 28.458901], [118.197076, 28.458976], [118.197806, 28.459542], [118.198235, 28.459391], [118.198664, 28.459844], [118.199007, 28.459693], [118.19948, 28.459278], [118.19948, 28.459203], [118.199608, 28.45909], [118.19978, 28.45909], [118.199909, 28.459203], [118.199909, 28.459354], [118.200252, 28.459656], [118.200295, 28.459844], [118.200638, 28.459769], [118.200939, 28.45958], [118.200939, 28.459505], [118.200424, 28.458901], [118.200424, 28.458825], [118.200553, 28.458712], [118.200638, 28.458712], [118.201926, 28.459316], [118.202097, 28.45924], [118.202698, 28.45924], [118.203642, 28.459769], [118.2041, 28.459869], [118.204157, 28.45992], [118.204329, 28.45992], [118.204415, 28.459995], [118.204587, 28.459995], [118.204672, 28.460071], [118.204844, 28.460071], [118.20493, 28.460146], [118.205101, 28.460146], [118.205187, 28.460221], [118.205531, 28.460297], [118.205831, 28.460636], [118.205745, 28.460787], [118.205745, 28.461542], [118.205659, 28.461617], [118.205659, 28.462297], [118.206003, 28.462825], [118.206003, 28.463051], [118.205745, 28.463428], [118.205745, 28.463881], [118.205917, 28.464032], [118.206003, 28.464258], [118.206389, 28.464523], [118.206904, 28.464523], [118.207591, 28.464221], [118.208277, 28.464221], [118.208535, 28.46407], [118.209221, 28.46407], [118.20935, 28.464183], [118.20935, 28.46456], [118.209436, 28.464636], [118.209436, 28.465164], [118.209178, 28.465617], [118.209307, 28.46573], [118.209393, 28.46573], [118.209908, 28.465428], [118.210509, 28.465428], [118.210809, 28.465692], [118.211238, 28.466447], [118.21141, 28.466597], [118.211496, 28.466824], [118.211625, 28.466937], [118.211796, 28.466937], [118.212054, 28.466786], [118.212311, 28.466786], [118.212526, 28.466975], [118.213556, 28.468786], [118.213636, 28.468951], [118.209629, 28.470049], [118.20817, 28.470351], [118.207955, 28.47054], [118.207955, 28.470691], [118.207698, 28.471068], [118.207698, 28.47137], [118.207526, 28.471521], [118.207526, 28.471672], [118.207354, 28.471898], [118.207354, 28.4722], [118.20744, 28.472275], [118.20744, 28.472501], [118.207526, 28.472577], [118.207612, 28.473256], [118.207483, 28.473294], [118.207354, 28.47303], [118.207226, 28.472917], [118.206968, 28.472917], [118.206925, 28.473181], [118.206797, 28.473294], [118.206282, 28.473294], [118.206067, 28.473482], [118.206067, 28.474086], [118.206153, 28.474161], [118.206239, 28.474539], [118.206067, 28.47469], [118.205895, 28.474991], [118.205895, 28.475369], [118.206067, 28.47552], [118.206067, 28.47567], [118.206754, 28.476198], [118.206754, 28.476349], [118.20684, 28.476425], [118.20684, 28.477179], [118.206925, 28.477255], [118.206925, 28.477556], [118.207011, 28.477632], [118.207011, 28.477858], [118.207097, 28.477934], [118.207097, 28.478462], [118.206925, 28.478688], [118.20684, 28.479443], [118.207054, 28.479707], [118.207655, 28.479707], [118.20787, 28.479971], [118.20787, 28.480122], [118.208127, 28.480499], [118.208127, 28.48065], [118.208213, 28.480725], [118.208213, 28.481555], [118.208384, 28.481706], [118.208384, 28.482159], [118.208041, 28.482385], [118.208041, 28.482611], [118.208256, 28.4828], [118.208513, 28.482875], [118.208642, 28.482989], [118.208642, 28.48329], [118.208771, 28.483403], [118.2092, 28.483403], [118.209329, 28.483517], [118.2095, 28.483894], [118.209758, 28.484195], [118.209414, 28.484497], [118.208985, 28.485327], [118.208127, 28.486006], [118.208814, 28.486459], [118.2089, 28.48676], [118.209028, 28.486874], [118.2092, 28.486949], [118.209543, 28.486949], [118.210144, 28.487326], [118.210316, 28.487326], [118.211002, 28.487025], [118.211432, 28.487025], [118.21156, 28.487213], [118.21156, 28.487515], [118.211946, 28.48793], [118.212547, 28.48793], [118.212848, 28.488118], [118.212848, 28.489024], [118.212934, 28.489099], [118.212934, 28.489778], [118.213105, 28.489929], [118.213105, 28.490382], [118.213191, 28.490457], [118.213191, 28.490532], [118.213363, 28.490834], [118.213363, 28.490985], [118.213534, 28.491287], [118.213835, 28.491551], [118.214178, 28.491702], [118.21435, 28.491702], [118.214564, 28.49189], [118.214564, 28.492041], [118.214693, 28.492154], [118.214951, 28.49223], [118.215165, 28.492418], [118.215079, 28.493022], [118.214994, 28.493097], [118.214908, 28.493701], [118.214822, 28.493776], [118.214822, 28.494153], [118.214736, 28.494229], [118.214736, 28.494606], [118.21465, 28.494681], [118.214564, 28.495511], [118.214478, 28.495587], [118.214478, 28.495813], [118.214693, 28.496001], [118.215208, 28.496077], [118.215337, 28.49619], [118.215337, 28.496944], [118.215165, 28.497095], [118.215165, 28.497321], [118.215294, 28.497359], [118.215551, 28.497585], [118.215637, 28.497585], [118.216324, 28.498113], [118.21641, 28.498113], [118.216624, 28.498302], [118.21671, 28.498528], [118.217096, 28.498943], [118.217783, 28.499169], [118.218083, 28.499433], [118.218513, 28.500112], [118.219457, 28.500942], [118.219543, 28.501168], [118.219843, 28.501508], [118.220358, 28.501432], [118.220873, 28.501206], [118.221602, 28.500414], [118.221688, 28.500112], [118.221817, 28.499999], [118.222075, 28.500075], [118.222418, 28.500301], [118.222589, 28.500301], [118.223105, 28.500527], [118.223405, 28.500791], [118.223748, 28.501319], [118.223748, 28.501923], [118.224177, 28.502602], [118.224177, 28.502752], [118.223748, 28.503129], [118.223748, 28.503582], [118.223576, 28.503733], [118.223405, 28.504035], [118.223405, 28.504185], [118.223233, 28.504412], [118.223233, 28.504713], [118.223147, 28.504789], [118.223147, 28.505619], [118.223276, 28.505732], [118.224649, 28.505732], [118.224735, 28.505656], [118.225079, 28.505656], [118.225122, 28.50592], [118.225036, 28.505996], [118.225036, 28.506222], [118.225851, 28.506939], [118.226366, 28.506939], [118.226581, 28.50675], [118.226581, 28.506674], [118.226366, 28.506486], [118.225937, 28.506335], [118.225722, 28.506146], [118.225722, 28.505619], [118.225851, 28.505505], [118.22628, 28.505505], [118.226366, 28.505581], [118.227053, 28.505581], [118.227138, 28.505656], [118.22731, 28.505581], [118.227739, 28.505581], [118.228168, 28.505128], [118.228598, 28.505053], [118.228855, 28.504827], [118.22937, 28.5046], [118.229542, 28.5046], [118.229628, 28.504525], [118.229799, 28.504525], [118.229885, 28.504449], [118.230057, 28.504449], [118.2304, 28.504299], [118.230743, 28.504449], [118.230915, 28.504449], [118.231001, 28.504525], [118.231258, 28.504525], [118.231602, 28.504299], [118.231859, 28.504223], [118.232031, 28.504072], [118.232374, 28.503997], [118.23246, 28.503921], [118.232632, 28.503921], [118.23276, 28.504035], [118.23276, 28.50411], [118.23319, 28.504487], [118.233275, 28.504789], [118.233404, 28.504902], [118.233833, 28.504977], [118.233962, 28.505091], [118.23422, 28.505619], [118.234735, 28.505996], [118.234906, 28.506373], [118.235035, 28.506486], [118.235378, 28.506561], [118.235464, 28.506637], [118.235979, 28.506712], [118.236194, 28.506901], [118.236365, 28.507202], [118.236365, 28.50758], [118.236795, 28.508183], [118.23688, 28.508636], [118.237438, 28.509277], [118.237567, 28.509541], [118.238168, 28.509993], [118.238168, 28.510219], [118.238254, 28.510295], [118.238254, 28.510521], [118.238339, 28.510596], [118.238339, 28.510823], [118.238425, 28.510898], [118.238511, 28.511351], [118.238811, 28.511615], [118.239069, 28.51169], [118.239241, 28.511841], [118.239584, 28.511992], [118.240185, 28.512067], [118.240271, 28.511992], [118.2407, 28.511992], [118.240871, 28.511916], [118.241429, 28.512482], [118.241601, 28.513085], [118.24203, 28.513462], [118.24203, 28.514066], [118.242116, 28.514141], [118.242116, 28.514443], [118.242202, 28.514518], [118.242202, 28.514745], [118.242288, 28.51482], [118.242288, 28.515951], [118.242202, 28.516027], [118.242202, 28.516328], [118.241859, 28.51663], [118.241859, 28.516781], [118.241773, 28.516856], [118.241773, 28.517384], [118.241944, 28.51761], [118.241944, 28.518214], [118.24203, 28.518289], [118.242116, 28.518817], [118.241944, 28.518968], [118.241515, 28.519722], [118.241343, 28.520325], [118.241172, 28.520552], [118.241172, 28.520778], [118.241386, 28.520967], [118.242502, 28.521419], [118.242631, 28.521532], [118.242502, 28.521645], [118.242331, 28.52157], [118.24203, 28.521834], [118.24203, 28.522286], [118.241601, 28.522965], [118.241601, 28.523267], [118.241515, 28.523342], [118.241515, 28.524096], [118.24203, 28.524926], [118.241987, 28.525567], [118.241859, 28.525944], [118.241558, 28.52568], [118.240528, 28.525227], [118.240356, 28.525077], [118.240013, 28.525001], [118.239756, 28.52485], [118.239584, 28.52485], [118.239069, 28.524624], [118.238726, 28.524322], [118.238554, 28.524322], [118.238468, 28.524398], [118.238039, 28.524398], [118.237953, 28.524322], [118.237781, 28.524322], [118.237095, 28.523644], [118.237009, 28.523644], [118.236837, 28.523493], [118.23658, 28.523493], [118.236237, 28.523267], [118.235893, 28.523267], [118.235722, 28.523116], [118.234348, 28.523116], [118.234048, 28.523304], [118.234048, 28.523832], [118.23379, 28.524285], [118.233576, 28.524473], [118.233318, 28.524473], [118.232374, 28.523644], [118.232288, 28.523644], [118.232031, 28.52387], [118.231516, 28.52387], [118.231387, 28.523757], [118.231301, 28.52353], [118.23113, 28.52338], [118.23113, 28.523304], [118.230958, 28.523153], [118.230872, 28.522927], [118.230572, 28.522663], [118.230443, 28.522776], [118.230357, 28.523455], [118.230271, 28.52353], [118.230271, 28.523832], [118.230143, 28.523945], [118.229628, 28.524096], [118.229542, 28.524021], [118.22937, 28.524021], [118.229198, 28.52387], [118.228941, 28.52387], [118.228769, 28.524096], [118.228426, 28.524096], [118.22834, 28.524172], [118.227825, 28.524247], [118.227568, 28.524473], [118.227224, 28.524473], [118.22701, 28.524662], [118.226967, 28.524662], [118.22628, 28.525114], [118.225594, 28.525114], [118.22525, 28.524813], [118.223534, 28.524813], [118.223362, 28.524662], [118.223019, 28.524813], [118.22216, 28.524813], [118.221903, 28.525039], [118.221903, 28.52534], [118.221302, 28.525717], [118.219929, 28.525717], [118.218899, 28.52617], [118.218384, 28.52617], [118.217268, 28.526999], [118.217268, 28.527603], [118.216238, 28.528357], [118.216238, 28.528508], [118.215809, 28.528885], [118.215465, 28.529035], [118.214779, 28.529035], [118.214607, 28.528885], [118.213577, 28.528885], [118.213062, 28.529186], [118.212204, 28.529337], [118.211603, 28.529865], [118.211603, 28.530016], [118.211088, 28.530619], [118.210916, 28.531524], [118.211088, 28.531675], [118.211088, 28.532278], [118.210831, 28.532504], [118.210144, 28.532504], [118.209457, 28.532806], [118.208942, 28.532353], [118.207397, 28.532203], [118.207054, 28.531901], [118.206711, 28.531901], [118.206024, 28.532353], [118.205509, 28.532353], [118.205166, 28.532504], [118.204136, 28.53356], [118.203793, 28.53356], [118.203535, 28.533786], [118.203363, 28.533221], [118.203449, 28.533145], [118.203449, 28.532844], [118.203235, 28.532655], [118.202548, 28.532353], [118.202205, 28.532278], [118.201904, 28.531939], [118.201904, 28.531637], [118.20169, 28.531449], [118.201346, 28.531298], [118.200917, 28.530921], [118.200402, 28.530921], [118.200316, 28.530845], [118.199973, 28.530845], [118.199887, 28.530921], [118.199286, 28.530921], [118.1986, 28.530619], [118.198428, 28.530619], [118.198085, 28.530921], [118.197742, 28.530845], [118.197527, 28.530657], [118.197613, 28.530204], [118.197355, 28.529903], [118.197184, 28.529526], [118.197012, 28.529375], [118.196669, 28.528772], [118.196669, 28.528621], [118.196497, 28.528319], [118.196154, 28.527942], [118.196068, 28.527188], [118.195982, 28.527113], [118.195982, 28.525454], [118.195896, 28.525378], [118.195896, 28.525227], [118.19521, 28.52485], [118.19521, 28.524624], [118.195124, 28.524549], [118.195124, 28.524322], [118.195038, 28.524172], [118.194909, 28.524058], [118.193708, 28.523983], [118.193622, 28.523908], [118.19345, 28.523908], [118.193107, 28.523757], [118.192978, 28.523644], [118.192463, 28.522663], [118.191819, 28.521947], [118.191304, 28.522022], [118.191218, 28.522098], [118.190188, 28.522098], [118.190017, 28.522173], [118.188987, 28.522173], [118.188901, 28.522248], [118.188558, 28.522248], [118.188472, 28.522173], [118.187957, 28.522098], [118.187871, 28.522022], [118.187184, 28.522022], [118.187056, 28.521909], [118.187056, 28.521607], [118.18697, 28.521532], [118.18697, 28.520929], [118.187056, 28.520853], [118.187056, 28.520401], [118.186884, 28.520099], [118.186369, 28.519571], [118.186369, 28.519345], [118.186455, 28.51927], [118.186455, 28.518666], [118.186541, 28.518591], [118.186541, 28.518214], [118.186798, 28.517837], [118.186798, 28.517384], [118.186884, 28.517309], [118.186884, 28.516706], [118.187056, 28.516404], [118.187056, 28.516253], [118.187141, 28.516178], [118.187141, 28.515574], [118.18697, 28.515348], [118.18697, 28.515197], [118.186798, 28.514971], [118.186712, 28.514669], [118.186369, 28.514292], [118.186369, 28.514217], [118.186154, 28.514028], [118.185811, 28.513877], [118.185639, 28.513877], [118.18521, 28.513651], [118.185039, 28.513651], [118.184953, 28.513576], [118.184781, 28.513576], [118.184695, 28.5135], [118.184352, 28.513425], [118.184223, 28.513538], [118.184309, 28.513689], [118.185081, 28.514518], [118.185039, 28.514632], [118.184695, 28.514556], [118.183794, 28.513764], [118.183794, 28.513613], [118.183537, 28.513161], [118.183065, 28.512746], [118.182421, 28.512708], [118.182421, 28.511879], [118.182292, 28.511765], [118.181777, 28.511765], [118.18109, 28.512293], [118.180726, 28.512374], [118.180575, 28.512223], [118.180811, 28.511648], [118.181461, 28.51104], [118.181589, 28.510813], [118.181375, 28.51071], [118.180532, 28.511502], [118.18006, 28.512143], [118.179975, 28.512143], [118.179502, 28.511652], [118.179502, 28.511351], [118.179674, 28.511124], [118.179674, 28.510974], [118.178988, 28.510219], [118.178902, 28.509993], [118.178515, 28.509729], [118.178258, 28.509729], [118.178043, 28.509541], [118.177786, 28.509088], [118.177314, 28.508673], [118.177228, 28.508673], [118.17697, 28.508447], [118.176885, 28.508447], [118.176498, 28.508108], [118.176413, 28.507806], [118.176155, 28.50758], [118.176241, 28.506976], [118.176155, 28.506901], [118.176155, 28.506524], [118.176026, 28.506411], [118.175511, 28.506335], [118.17491, 28.505958], [118.174567, 28.505958], [118.174481, 28.505882], [118.174052, 28.505882], [118.173709, 28.506033], [118.173537, 28.506033], [118.173451, 28.506109], [118.172679, 28.506109], [118.17122, 28.505053], [118.170705, 28.504827], [118.170447, 28.504827], [118.170361, 28.504751], [118.169847, 28.504676], [118.169589, 28.504449], [118.169503, 28.504449], [118.168516, 28.503582], [118.168516, 28.503507], [118.168259, 28.503205], [118.168173, 28.502828], [118.168044, 28.502715], [118.167701, 28.502715], [118.167572, 28.503205], [118.167111, 28.503648], [118.167111, 28.503422], [118.166853, 28.503045], [118.166767, 28.502743], [118.166639, 28.50263], [118.166553, 28.50263], [118.165995, 28.50312], [118.165995, 28.503195], [118.165866, 28.503309], [118.16578, 28.503309], [118.165609, 28.503459], [118.165437, 28.503535], [118.164579, 28.503535], [118.16445, 28.503422], [118.16445, 28.503045], [118.164536, 28.502969], [118.164536, 28.502441], [118.16445, 28.502366], [118.16445, 28.501913], [118.16475, 28.501649], [118.165351, 28.501348], [118.165523, 28.501197], [118.165609, 28.501197], [118.16578, 28.501046], [118.166295, 28.50097], [118.166724, 28.501197], [118.167411, 28.501197], [118.167711, 28.501461], [118.167883, 28.502064], [118.168012, 28.502177], [118.168098, 28.502177], [118.168227, 28.502064], [118.168398, 28.501762], [118.168398, 28.501611], [118.168656, 28.501234], [118.168656, 28.501008], [118.168741, 28.500933], [118.168699, 28.500895], [118.168184, 28.500669], [118.167754, 28.500593], [118.167368, 28.500329], [118.167282, 28.499499], [118.167368, 28.499424], [118.167368, 28.499122], [118.16754, 28.498821], [118.16754, 28.49867], [118.168441, 28.497953], [118.168784, 28.497953], [118.169128, 28.497802], [118.169342, 28.497614], [118.169342, 28.497387], [118.169686, 28.497086], [118.169686, 28.496935], [118.1696, 28.496784], [118.169128, 28.496369], [118.169042, 28.496369], [118.16887, 28.496218], [118.168441, 28.496218], [118.168012, 28.496444], [118.167583, 28.496444], [118.166639, 28.495841], [118.166553, 28.495841], [118.166338, 28.495652], [118.166252, 28.495502], [118.166252, 28.495124], [118.165952, 28.494785], [118.165695, 28.494785], [118.165308, 28.494521], [118.165137, 28.494219], [118.165137, 28.493917], [118.165394, 28.493465], [118.16548, 28.492861], [118.165609, 28.492748], [118.166038, 28.492597], [118.166338, 28.492861], [118.166424, 28.493239], [118.166681, 28.49354], [118.166681, 28.493616], [118.16681, 28.493729], [118.166939, 28.493616], [118.166767, 28.493465], [118.16651, 28.493012], [118.16651, 28.492861], [118.166596, 28.492786], [118.166081, 28.492409], [118.166038, 28.492145], [118.165952, 28.492145], [118.165823, 28.492258], [118.165823, 28.492333], [118.165609, 28.492522], [118.165523, 28.492522], [118.165308, 28.492333], [118.16534, 28.491909], [118.165523, 28.490608], [118.165179, 28.490372], [118.165029, 28.490023], [118.164643, 28.489778], [118.164504, 28.489514], [118.164632, 28.489288], [118.164579, 28.489137], [118.164343, 28.48925], [118.164182, 28.489231], [118.164064, 28.488448], [118.163935, 28.488345], [118.163774, 28.48842], [118.163817, 28.489231], [118.164482, 28.490051], [118.163227, 28.490542], [118.161907, 28.491372], [118.160824, 28.49172], [118.160813, 28.491966], [118.161478, 28.491937], [118.161542, 28.492324], [118.161489, 28.492597], [118.161628, 28.492616], [118.161736, 28.492192], [118.161832, 28.491834], [118.162594, 28.491466], [118.163302, 28.490759], [118.164278, 28.490438], [118.16489, 28.490391], [118.16533, 28.490645], [118.165297, 28.490966], [118.165137, 28.49124], [118.165297, 28.491409], [118.165147, 28.491843], [118.164149, 28.491692], [118.163806, 28.491843], [118.163635, 28.491843], [118.163034, 28.492145], [118.162648, 28.492484], [118.162648, 28.49256], [118.16239, 28.492786], [118.162047, 28.493465], [118.161918, 28.493578], [118.161746, 28.493578], [118.161145, 28.49388], [118.159858, 28.49388], [118.159343, 28.494106], [118.159171, 28.494106], [118.158871, 28.49437], [118.158871, 28.494596], [118.15797, 28.495388], [118.157798, 28.495388], [118.157541, 28.495539], [118.157412, 28.495426], [118.157498, 28.495351], [118.157498, 28.495124], [118.157669, 28.494823], [118.158098, 28.494295], [118.158098, 28.493767], [118.158184, 28.493691], [118.15827, 28.492937], [118.158356, 28.492861], [118.158356, 28.49256], [118.158442, 28.492484], [118.158442, 28.492107], [118.158528, 28.492032], [118.158528, 28.491805], [118.158613, 28.49173], [118.158699, 28.491277], [118.158914, 28.491089], [118.159257, 28.490862], [118.160116, 28.490787], [118.160459, 28.490636], [118.160759, 28.490372], [118.160759, 28.490221], [118.161274, 28.489769], [118.161274, 28.489542], [118.16136, 28.489467], [118.16136, 28.488788], [118.161446, 28.488712], [118.161446, 28.488184], [118.161532, 28.488109], [118.161532, 28.487279], [118.161618, 28.487204], [118.161618, 28.487053], [118.161832, 28.486864], [118.162433, 28.486864], [118.162562, 28.486977], [118.162562, 28.487053], [118.162304, 28.487204], [118.162304, 28.487279], [118.162433, 28.487317], [118.162519, 28.487241], [118.16269, 28.487241], [118.162905, 28.48743], [118.162905, 28.487807], [118.162304, 28.48826], [118.162047, 28.488712], [118.162047, 28.48909], [118.162175, 28.489203], [118.162347, 28.489203], [118.162519, 28.489127], [118.162862, 28.489052], [118.163077, 28.488863], [118.163077, 28.488335], [118.162991, 28.48826], [118.162991, 28.488109], [118.163334, 28.487883], [118.163334, 28.487807], [118.163205, 28.487656], [118.163077, 28.48743], [118.163077, 28.487354], [118.162905, 28.487053], [118.163162, 28.486826], [118.163162, 28.486751], [118.163034, 28.486713], [118.162862, 28.486789], [118.162648, 28.4866], [118.162476, 28.486298], [118.162476, 28.485921], [118.162776, 28.485733], [118.163077, 28.485695], [118.163077, 28.485393], [118.163162, 28.485318], [118.162776, 28.48528], [118.162648, 28.485167], [118.162648, 28.484941], [118.162776, 28.484827], [118.163463, 28.484526], [118.163635, 28.484526], [118.163763, 28.484412], [118.163678, 28.484111], [118.163592, 28.484035], [118.163592, 28.483884], [118.163334, 28.483432], [118.163334, 28.483055], [118.163763, 28.482451], [118.163763, 28.482149], [118.162733, 28.480867], [118.162562, 28.480565], [118.162562, 28.480188], [118.162648, 28.480112], [118.162648, 28.479584], [118.162819, 28.479433], [118.162991, 28.479131], [118.162991, 28.47898], [118.163077, 28.478905], [118.163162, 28.478603], [118.163506, 28.478302], [118.163506, 28.478151], [118.16342, 28.478075], [118.16342, 28.477396], [118.163291, 28.477283], [118.162519, 28.477283], [118.162433, 28.477208], [118.162175, 28.477208], [118.161875, 28.477472], [118.161961, 28.477773], [118.161746, 28.477887], [118.161575, 28.477887], [118.161274, 28.478151], [118.16136, 28.478302], [118.16136, 28.478528], [118.161446, 28.478603], [118.161317, 28.478717], [118.160974, 28.478717], [118.160802, 28.478641], [118.160588, 28.47883], [118.160588, 28.479131], [118.160244, 28.479358], [118.160158, 28.47981], [118.159558, 28.480263], [118.159386, 28.48064], [118.159214, 28.480791], [118.159214, 28.480942], [118.159343, 28.481055], [118.1596, 28.481055], [118.159729, 28.481168], [118.159729, 28.481319], [118.159429, 28.481508], [118.159257, 28.481508], [118.159043, 28.481621], [118.159386, 28.481998], [118.159472, 28.482375], [118.159815, 28.482677], [118.159815, 28.482904], [118.159515, 28.483092], [118.159, 28.483168], [118.158485, 28.483771], [118.158092, 28.483728], [118.158056, 28.483696], [118.157798, 28.483696], [118.157669, 28.483583], [118.157669, 28.483432], [118.157584, 28.483356], [118.157584, 28.483055], [118.157669, 28.482979], [118.157755, 28.482526], [118.157669, 28.482451], [118.157584, 28.482149], [118.157369, 28.481961], [118.156854, 28.481885], [118.156554, 28.481546], [118.156554, 28.481244], [118.157154, 28.480791], [118.157068, 28.480565], [118.156725, 28.480188], [118.156725, 28.47981], [118.156854, 28.479697], [118.157541, 28.479395], [118.157755, 28.479207], [118.157755, 28.479131], [118.157498, 28.478905], [118.157498, 28.478679], [118.157626, 28.478566], [118.157884, 28.478566], [118.158313, 28.479018], [118.158485, 28.479018], [118.1593, 28.478377], [118.159558, 28.477924], [118.160244, 28.477245], [118.16003, 28.477208], [118.159515, 28.477509], [118.158914, 28.477509], [118.158485, 28.477208], [118.158454, 28.477208], [118.157927, 28.476793], [118.157927, 28.476717], [118.157412, 28.476264], [118.157412, 28.476189], [118.157326, 28.476114], [118.15724, 28.475963], [118.157068, 28.475812], [118.156725, 28.475133], [118.156811, 28.474982], [118.157412, 28.474454], [118.157412, 28.474378], [118.157712, 28.474039], [118.158656, 28.474114], [118.158914, 28.473963], [118.159257, 28.473963], [118.159343, 28.474039], [118.160201, 28.474039], [118.160716, 28.474265], [118.16209, 28.474265], [118.16269, 28.474869], [118.162948, 28.474944], [118.163377, 28.475246], [118.163463, 28.475246], [118.163806, 28.475548], [118.163892, 28.475548], [118.164278, 28.475208], [118.164278, 28.474982], [118.163935, 28.47468], [118.164021, 28.474378], [118.163806, 28.47419], [118.163463, 28.47419], [118.163291, 28.473963], [118.16312, 28.473963], [118.162948, 28.474114], [118.162605, 28.474039], [118.162433, 28.474114], [118.16209, 28.473888], [118.161832, 28.473888], [118.161618, 28.473699], [118.161618, 28.473624], [118.161875, 28.473171], [118.161489, 28.473058], [118.161274, 28.472869], [118.161188, 28.472643], [118.16106, 28.47253], [118.160931, 28.472568], [118.160931, 28.472718], [118.160545, 28.473058], [118.160201, 28.473209], [118.159858, 28.473133], [118.159815, 28.472945], [118.159901, 28.472869], [118.159901, 28.472568], [118.159987, 28.472492], [118.159987, 28.471888], [118.159858, 28.471775], [118.159515, 28.471775], [118.159386, 28.471888], [118.159386, 28.47219], [118.159214, 28.472341], [118.158957, 28.472794], [118.158828, 28.472907], [118.15857, 28.472907], [118.158227, 28.472681], [118.158141, 28.472681], [118.15797, 28.472454], [118.157798, 28.472454], [118.157541, 28.472605], [118.157283, 28.472605], [118.156854, 28.472153], [118.156339, 28.472379], [118.155996, 28.472303], [118.155695, 28.472039], [118.155695, 28.471813], [118.155481, 28.471549], [118.155309, 28.4717], [118.154966, 28.471851], [118.154794, 28.471851], [118.154494, 28.471587], [118.154494, 28.471511], [118.154236, 28.471285]]]}, "properties": {"display_name": "下溪街道, 广丰区, 上饶市, 江西省, 中国", "type": "administrative", "osm_type": "relation", "osm_id": 8026877, "class": null, "keyword": "subdistrict"}}, {"type": "Feature", "geometry": {"type": "Polygon", "coordinates": [[[118.196347, 28.665239], [118.201861, 28.659581], [118.203299, 28.656926], [118.205359, 28.65429], [118.207354, 28.651598], [118.209028, 28.650825], [118.208642, 28.654695], [118.207827, 28.660786], [118.208202, 28.661662], [118.209146, 28.662208], [118.209404, 28.661455], [118.210326, 28.66056], [118.210208, 28.659685], [118.210938, 28.660334], [118.211861, 28.660805], [118.214092, 28.659167], [118.213631, 28.658838], [118.2148, 28.657727], [118.215766, 28.657887], [118.215744, 28.657397], [118.218051, 28.657557], [118.21848, 28.657011], [118.218985, 28.657275], [118.219779, 28.656531], [118.220851, 28.65751], [118.221012, 28.658075], [118.221517, 28.658131], [118.221817, 28.657764], [118.221141, 28.656945], [118.221302, 28.656531], [118.220379, 28.65574], [118.220841, 28.655166], [118.221828, 28.654921], [118.221667, 28.654234], [118.221763, 28.654074], [118.222804, 28.655288], [118.223705, 28.655636], [118.223909, 28.655392], [118.222868, 28.654705], [118.222278, 28.654036], [118.222901, 28.653255], [118.224338, 28.654243], [118.225068, 28.653791], [118.225443, 28.653989], [118.228201, 28.654902], [118.228383, 28.655072], [118.228684, 28.655429], [118.228716, 28.655674], [118.228598, 28.656107], [118.228126, 28.656616], [118.228437, 28.657877], [118.229327, 28.659355], [118.230679, 28.660899], [118.23319, 28.658809], [118.23349, 28.65703], [118.233898, 28.655091], [118.235518, 28.654836], [118.236258, 28.654224], [118.237052, 28.654064], [118.237288, 28.653961], [118.237406, 28.653763], [118.237492, 28.653556], [118.237685, 28.652435], [118.237556, 28.651984], [118.237159, 28.651682], [118.237277, 28.651259], [118.237234, 28.650825], [118.237406, 28.650421], [118.237299, 28.650232], [118.237063, 28.650242], [118.236923, 28.650044], [118.236934, 28.649818], [118.237513, 28.649573], [118.237792, 28.649545], [118.238554, 28.650082], [118.238801, 28.650129], [118.239005, 28.649988], [118.238972, 28.64978], [118.238618, 28.649479], [118.238157, 28.649225], [118.237942, 28.649055], [118.237889, 28.64883], [118.238157, 28.648877], [118.239069, 28.649206], [118.240088, 28.649357], [118.240335, 28.64931], [118.240507, 28.64914], [118.240475, 28.648924], [118.240249, 28.648538], [118.240238, 28.648114], [118.240346, 28.647907], [118.240571, 28.647709], [118.241193, 28.647455], [118.241558, 28.647135], [118.241644, 28.646702], [118.241794, 28.646306], [118.242137, 28.645967], [118.242524, 28.645685], [118.243489, 28.645553], [118.243961, 28.645383], [118.24379, 28.644988], [118.243318, 28.644818], [118.24291, 28.644611], [118.242545, 28.644348], [118.242245, 28.644009], [118.242094, 28.64367], [118.242137, 28.643255], [118.242524, 28.642954], [118.243532, 28.642916], [118.244069, 28.642709], [118.24424, 28.642314], [118.244648, 28.640958], [118.244862, 28.639621], [118.245077, 28.639207], [118.245399, 28.638811], [118.245807, 28.638491], [118.246279, 28.638359], [118.246772, 28.638397], [118.247137, 28.638698], [118.247394, 28.639075], [118.247759, 28.639922], [118.247824, 28.640355], [118.248146, 28.640676], [118.24866, 28.640581], [118.249068, 28.640337], [118.249304, 28.63996], [118.249476, 28.639527], [118.249497, 28.639094], [118.249626, 28.638679], [118.250012, 28.638397], [118.250227, 28.638773], [118.250377, 28.639188], [118.25042, 28.63964], [118.250377, 28.640506], [118.250034, 28.641259], [118.250034, 28.641674], [118.250377, 28.642012], [118.251772, 28.642521], [118.252308, 28.642653], [118.252845, 28.642653], [118.25336, 28.642578], [118.253875, 28.642333], [118.255355, 28.641033], [118.255527, 28.640581], [118.256535, 28.642728], [118.256621, 28.643557], [118.256922, 28.644348], [118.257995, 28.646909], [118.258467, 28.647662], [118.259025, 28.648378], [118.259518, 28.648754], [118.260376, 28.648999], [118.260784, 28.649187], [118.26117, 28.649507], [118.261728, 28.650185], [118.26205, 28.65107], [118.26263, 28.651918], [118.263273, 28.652577], [118.263509, 28.652897], [118.263702, 28.65333], [118.264003, 28.653688], [118.264775, 28.654309], [118.265333, 28.654648], [118.265762, 28.654799], [118.266771, 28.654855], [118.267243, 28.654949], [118.268209, 28.654987], [118.268745, 28.655119], [118.269689, 28.655458], [118.270161, 28.655552], [118.270655, 28.655571], [118.27117, 28.655439], [118.271577, 28.655213], [118.27147, 28.654818], [118.271062, 28.654516], [118.270805, 28.654121], [118.270741, 28.653706], [118.271105, 28.653462], [118.272071, 28.653424], [118.272521, 28.653612], [118.272951, 28.653932], [118.273122, 28.654761], [118.273873, 28.654723], [118.274324, 28.654591], [118.275697, 28.6551], [118.276148, 28.655307], [118.276513, 28.655552], [118.276598, 28.655985], [118.276319, 28.656343], [118.276105, 28.656738], [118.276577, 28.656795], [118.277049, 28.656776], [118.2775, 28.656644], [118.281255, 28.656154], [118.281662, 28.656418], [118.282435, 28.657491], [118.282821, 28.65815], [118.281941, 28.659299], [118.281877, 28.659732], [118.283315, 28.661389], [118.284237, 28.661521], [118.284645, 28.661765], [118.284667, 28.662198], [118.28486, 28.663065], [118.284688, 28.66346], [118.28443, 28.663836], [118.284323, 28.664251], [118.284237, 28.665117], [118.284237, 28.666491], [118.284133, 28.667213], [118.283379, 28.668694], [118.280354, 28.669786], [118.280718, 28.671593], [118.27795, 28.672271], [118.277306, 28.672968], [118.277349, 28.673382], [118.277478, 28.673777], [118.277435, 28.674229], [118.27707, 28.674549], [118.27662, 28.674737], [118.275633, 28.674907], [118.275536, 28.675048], [118.275472, 28.675283], [118.275279, 28.675424], [118.275032, 28.675387], [118.27471, 28.674992], [118.274431, 28.675001], [118.274292, 28.675434], [118.274141, 28.675622], [118.273315, 28.676187], [118.272639, 28.676752], [118.272639, 28.676987], [118.272575, 28.677194], [118.272361, 28.677363], [118.271835, 28.677354], [118.270709, 28.677014], [118.269839, 28.676752], [118.269378, 28.676441], [118.269239, 28.676272], [118.268681, 28.675801], [118.268048, 28.675472], [118.268638, 28.676695], [118.268766, 28.679171], [118.268155, 28.681251], [118.267629, 28.682522], [118.26646, 28.683115], [118.265516, 28.684715], [118.265945, 28.686465], [118.266717, 28.687416], [118.266889, 28.687557], [118.267511, 28.688545], [118.267704, 28.688677], [118.268337, 28.688959], [118.27132, 28.69295], [118.273519, 28.695999], [118.273787, 28.698023], [118.273315, 28.699048], [118.272779, 28.699585], [118.270161, 28.70141], [118.270472, 28.70173], [118.269753, 28.703443], [118.270612, 28.704328], [118.268209, 28.707508], [118.267479, 28.709635], [118.266728, 28.708242], [118.265784, 28.708882], [118.265676, 28.709767], [118.264067, 28.709786], [118.263316, 28.709249], [118.262286, 28.709259], [118.262662, 28.708638], [118.261954, 28.707791], [118.260848, 28.706859], [118.261557, 28.70653], [118.262458, 28.703923], [118.260645, 28.703039], [118.258799, 28.703575], [118.258692, 28.704102], [118.258467, 28.704168], [118.257662, 28.703961], [118.257372, 28.703979], [118.256653, 28.704384], [118.256471, 28.704544], [118.256278, 28.704939], [118.256289, 28.705146], [118.256546, 28.705212], [118.257093, 28.705212], [118.258102, 28.705015], [118.258628, 28.705015], [118.259143, 28.705419], [118.259389, 28.705786], [118.259465, 28.705984], [118.259561, 28.706624], [118.259615, 28.707565], [118.259604, 28.708506], [118.259497, 28.708703], [118.259271, 28.708854], [118.258778, 28.709042], [118.258531, 28.70908], [118.258005, 28.708986], [118.256815, 28.708412], [118.2566, 28.708242], [118.256139, 28.707659], [118.255903, 28.707207], [118.255881, 28.70669], [118.255956, 28.706266], [118.255956, 28.705814], [118.255817, 28.705617], [118.255624, 28.705457], [118.254701, 28.705015], [118.254465, 28.705146], [118.254293, 28.705607], [118.253864, 28.7062], [118.253242, 28.706558], [118.252448, 28.706699], [118.252233, 28.706812], [118.252019, 28.706972], [118.251847, 28.707433], [118.251707, 28.707631], [118.251482, 28.707715], [118.250688, 28.707734], [118.250216, 28.707593], [118.249755, 28.707066], [118.249562, 28.706906], [118.249336, 28.706812], [118.249058, 28.706812], [118.248478, 28.706916], [118.248221, 28.707047], [118.247824, 28.707395], [118.247695, 28.707593], [118.246815, 28.707649], [118.246536, 28.707631], [118.246053, 28.707424], [118.245646, 28.707151], [118.245292, 28.706812], [118.243822, 28.706614], [118.243307, 28.706605], [118.243146, 28.70701], [118.242577, 28.708092], [118.242341, 28.708167], [118.242105, 28.708054], [118.24159, 28.707283], [118.241526, 28.706991], [118.241537, 28.706746], [118.24173, 28.705702], [118.241816, 28.704714], [118.241762, 28.704488], [118.241333, 28.703584], [118.240968, 28.703039], [118.240753, 28.702907], [118.240507, 28.702907], [118.240013, 28.702803], [118.239584, 28.702295], [118.238468, 28.704459], [118.238211, 28.704497], [118.237985, 28.704412], [118.237803, 28.704262], [118.237696, 28.704074], [118.237674, 28.703641], [118.237739, 28.703114], [118.237685, 28.702907], [118.237213, 28.702389], [118.236827, 28.701796], [118.236537, 28.700959], [118.236408, 28.700733], [118.236258, 28.700526], [118.235872, 28.700225], [118.234863, 28.699914], [118.234895, 28.70014], [118.235078, 28.700319], [118.235432, 28.700902], [118.23555, 28.701307], [118.235421, 28.701505], [118.234981, 28.701834], [118.234745, 28.701937], [118.233962, 28.702041], [118.232771, 28.701608], [118.232514, 28.70157], [118.232052, 28.701382], [118.231848, 28.701222], [118.231376, 28.700714], [118.230979, 28.700149], [118.230722, 28.699989], [118.230486, 28.699924], [118.230078, 28.699669], [118.229402, 28.698945], [118.228812, 28.698493], [118.228565, 28.698465], [118.228512, 28.699669], [118.228211, 28.700338], [118.227643, 28.701081], [118.227525, 28.701297], [118.227278, 28.701382], [118.226452, 28.701203], [118.225347, 28.701109], [118.224789, 28.701109], [118.224403, 28.700789], [118.224177, 28.700695], [118.22392, 28.700676], [118.223705, 28.700799], [118.223555, 28.700978], [118.223716, 28.701166], [118.223952, 28.701213], [118.224134, 28.701345], [118.224231, 28.701787], [118.224253, 28.702446], [118.224006, 28.702446], [118.22378, 28.702333], [118.223534, 28.702295], [118.223394, 28.702464], [118.223373, 28.702991], [118.223265, 28.70318], [118.223008, 28.703198], [118.222729, 28.703114], [118.222246, 28.702879], [118.221602, 28.702446], [118.221152, 28.702286], [118.220905, 28.702314], [118.220723, 28.702474], [118.220766, 28.703321], [118.220884, 28.703509], [118.221667, 28.704055], [118.221871, 28.704469], [118.221892, 28.704676], [118.221624, 28.704714], [118.220841, 28.704149], [118.220605, 28.704224], [118.220336, 28.704666], [118.219811, 28.704704], [118.219317, 28.70461], [118.219145, 28.70445], [118.219167, 28.704215], [118.219553, 28.703951], [118.219671, 28.703763], [118.219618, 28.703547], [118.219167, 28.703001], [118.218845, 28.702963], [118.218362, 28.702813], [118.216946, 28.702116], [118.216689, 28.702041], [118.216463, 28.702201], [118.216034, 28.70285], [118.215841, 28.702991], [118.215605, 28.702954], [118.215551, 28.702549], [118.215691, 28.701862], [118.215659, 28.701646], [118.215423, 28.701759], [118.215197, 28.702144], [118.214972, 28.702239], [118.214714, 28.70221], [118.214478, 28.702135], [118.214275, 28.702013], [118.214253, 28.701373], [118.21435, 28.701185], [118.214543, 28.701072], [118.21479, 28.701034], [118.214639, 28.700865], [118.214124, 28.700959], [118.213953, 28.701138], [118.213728, 28.701251], [118.21347, 28.701222], [118.213116, 28.70094], [118.213073, 28.700714], [118.213191, 28.700507], [118.213384, 28.700357], [118.213813, 28.700197], [118.213953, 28.700018], [118.213921, 28.699792], [118.213599, 28.699462], [118.213363, 28.699453], [118.213212, 28.699641], [118.213202, 28.699876], [118.213105, 28.700093], [118.212955, 28.700253], [118.212719, 28.7003], [118.212462, 28.700262], [118.212054, 28.700018], [118.211324, 28.699453], [118.211174, 28.699246], [118.211099, 28.69903], [118.211067, 28.698371], [118.211206, 28.698201], [118.211775, 28.697797], [118.211936, 28.697561], [118.212118, 28.697411], [118.212204, 28.697204], [118.21215, 28.696997], [118.212, 28.696837], [118.211786, 28.696724], [118.211271, 28.696677], [118.210766, 28.696733], [118.21052, 28.696611], [118.210391, 28.696423], [118.21023, 28.695971], [118.21023, 28.695858], [118.21038, 28.695689], [118.210659, 28.695594], [118.211421, 28.695472], [118.211668, 28.69535], [118.21185, 28.695209], [118.212043, 28.694795], [118.212043, 28.694578], [118.211904, 28.69439], [118.2117, 28.694267], [118.210713, 28.693966], [118.210412, 28.693797], [118.21038, 28.693308], [118.210756, 28.691999], [118.210852, 28.691792], [118.211206, 28.691454], [118.211646, 28.690889], [118.211936, 28.690447], [118.212215, 28.689863], [118.212537, 28.689571], [118.212966, 28.689374], [118.213288, 28.689119], [118.213352, 28.688696], [118.213309, 28.688037], [118.21347, 28.687397], [118.213684, 28.686804], [118.213663, 28.686381], [118.213524, 28.685976], [118.213266, 28.685957], [118.212472, 28.686851], [118.212075, 28.687152], [118.211614, 28.68735], [118.211356, 28.687378], [118.211142, 28.687247], [118.211002, 28.687021], [118.210831, 28.686597], [118.210691, 28.685948], [118.210584, 28.685769], [118.209919, 28.686239], [118.209425, 28.686804], [118.209307, 28.687002], [118.209221, 28.687454], [118.209093, 28.687642], [118.208224, 28.687698], [118.207666, 28.687811], [118.207419, 28.687783], [118.207365, 28.687538], [118.207462, 28.687049], [118.207462, 28.686597], [118.207011, 28.685486], [118.206829, 28.685355], [118.206561, 28.685364], [118.206131, 28.685129], [118.20508, 28.684103], [118.204876, 28.683962], [118.204361, 28.683971], [118.203514, 28.684141], [118.203342, 28.683933], [118.203267, 28.683736], [118.203256, 28.683501], [118.203256, 28.683058], [118.203321, 28.682851], [118.203471, 28.682691], [118.203975, 28.682748], [118.204114, 28.682578], [118.203921, 28.682418], [118.203675, 28.682343], [118.203428, 28.68239], [118.202966, 28.682606], [118.20272, 28.682616], [118.202451, 28.682559], [118.201743, 28.682183], [118.201261, 28.68207], [118.201014, 28.68207], [118.200885, 28.681863], [118.200853, 28.681289], [118.200703, 28.680658], [118.200595, 28.68047], [118.200338, 28.680423], [118.200123, 28.680545], [118.199791, 28.68094], [118.199415, 28.681279], [118.198653, 28.681477], [118.198428, 28.681627], [118.198385, 28.681872], [118.198203, 28.682013], [118.197956, 28.682089], [118.197752, 28.681966], [118.197763, 28.681326], [118.197924, 28.679905], [118.197795, 28.679698], [118.197742, 28.679491], [118.197742, 28.679048], [118.198106, 28.678474], [118.19845, 28.678182], [118.198761, 28.677825], [118.198814, 28.677589], [118.199072, 28.677241], [118.199641, 28.676808], [118.20008, 28.676648], [118.200327, 28.676629], [118.200617, 28.676629], [118.200799, 28.676761], [118.20081, 28.677448], [118.200756, 28.677834], [118.200842, 28.678032], [118.200864, 28.678248], [118.200864, 28.679161], [118.20081, 28.679368], [118.20066, 28.679547], [118.199941, 28.679896], [118.20007, 28.680093], [118.200295, 28.680121], [118.200563, 28.680093], [118.200799, 28.67999], [118.200971, 28.679839], [118.201196, 28.679792], [118.201679, 28.679858], [118.201937, 28.679801], [118.20214, 28.67966], [118.20228, 28.679491], [118.202044, 28.679387], [118.201786, 28.679378], [118.201561, 28.679274], [118.201368, 28.679114], [118.201196, 28.67871], [118.201239, 28.677655], [118.201185, 28.677213], [118.201196, 28.67678], [118.201067, 28.675876], [118.200917, 28.675255], [118.200907, 28.674813], [118.201089, 28.67438], [118.201143, 28.672572], [118.200992, 28.672139], [118.200917, 28.671254], [118.200971, 28.671], [118.201153, 28.670718], [118.201357, 28.670548], [118.201475, 28.67037], [118.201486, 28.670162], [118.201346, 28.670002], [118.20081, 28.669937], [118.200316, 28.670012], [118.199598, 28.66972], [118.199362, 28.669579], [118.199029, 28.669249], [118.198332, 28.668751], [118.198181, 28.668572], [118.198095, 28.668364], [118.198063, 28.668157], [118.198095, 28.66811], [118.199608, 28.66683], [118.199683, 28.666623], [118.199576, 28.666199], [118.199651, 28.665992], [118.199877, 28.665889], [118.200005, 28.6657], [118.199984, 28.665493], [118.199769, 28.664881], [118.199576, 28.665032], [118.199179, 28.665861], [118.198943, 28.665955], [118.19875, 28.665823], [118.198653, 28.665343], [118.198503, 28.664928], [118.198256, 28.66506], [118.19816, 28.665277], [118.198181, 28.665738], [118.198374, 28.666162], [118.198396, 28.666397], [118.198171, 28.666501], [118.197913, 28.666453], [118.197699, 28.666312], [118.197548, 28.666162], [118.197377, 28.665776], [118.196883, 28.665333], [118.196347, 28.665239]]]}, "properties": {"display_name": "冰溪街道, 玉山县, 上饶市, 江西省, 中国", "type": "administrative", "osm_type": "relation", "osm_id": 7684947, "class": null, "keyword": "subdistrict"}}, {"type": "Feature", "geometry": {"type": "Polygon", "coordinates": [[[118.099306, 28.429641], [118.099852, 28.429562], [118.101482, 28.428128], [118.101568, 28.428128], [118.101911, 28.427826], [118.101997, 28.427826], [118.103199, 28.426769], [118.103371, 28.426694], [118.104401, 28.426694], [118.104486, 28.426619], [118.105002, 28.426619], [118.105087, 28.426543], [118.105774, 28.426468], [118.106203, 28.426241], [118.106375, 28.426241], [118.106804, 28.426015], [118.106976, 28.426015], [118.10749, 28.425788], [118.107662, 28.425637], [118.10792, 28.425562], [118.108306, 28.425222], [118.108392, 28.42492], [118.108649, 28.424694], [118.108735, 28.424543], [118.108735, 28.424165], [118.108735, 28.423788], [118.108821, 28.423712], [118.108821, 28.422882], [118.108735, 28.422807], [118.108735, 28.422656], [118.108306, 28.422354], [118.108306, 28.421976], [118.109164, 28.421146], [118.10925, 28.420844], [118.109593, 28.420542], [118.109422, 28.420165], [118.109679, 28.419863], [118.109679, 28.419561], [118.109593, 28.419485], [118.109593, 28.419183], [118.109465, 28.41907], [118.109379, 28.41907], [118.108993, 28.418655], [118.109078, 28.418353], [118.10925, 28.418126], [118.10925, 28.417749], [118.109121, 28.417636], [118.108649, 28.417447], [118.108735, 28.416843], [118.108435, 28.416654], [118.108091, 28.416579], [118.10792, 28.416428], [118.107748, 28.416428], [118.107362, 28.416088], [118.107362, 28.415937], [118.107662, 28.415824], [118.108048, 28.415409], [118.108048, 28.415182], [118.107963, 28.415107], [118.107963, 28.414729], [118.108134, 28.414427], [118.108263, 28.414314], [118.108606, 28.414239], [118.109164, 28.413975], [118.109164, 28.413824], [118.108907, 28.413597], [118.108907, 28.413522], [118.109121, 28.413333], [118.109293, 28.413257], [118.10955, 28.413257], [118.109894, 28.413484], [118.110066, 28.413408], [118.110323, 28.413408], [118.110623, 28.413748], [118.110538, 28.414201], [118.111181, 28.414239], [118.111439, 28.414012], [118.111525, 28.414088], [118.111696, 28.414088], [118.112211, 28.413559], [118.112297, 28.413559], [118.112683, 28.413295], [118.112683, 28.413144], [118.112941, 28.412691], [118.113198, 28.412389], [118.113198, 28.411785], [118.113284, 28.411634], [118.113198, 28.411559], [118.113198, 28.411257], [118.113027, 28.411106], [118.113027, 28.410879], [118.113112, 28.410804], [118.113198, 28.410426], [118.11367, 28.410011], [118.113842, 28.410011], [118.113928, 28.409936], [118.114443, 28.409936], [118.114743, 28.409672], [118.114915, 28.409219], [118.11543, 28.408766], [118.115344, 28.408615], [118.115344, 28.408237], [118.115215, 28.408124], [118.115129, 28.408124], [118.114657, 28.407709], [118.114657, 28.407407], [118.114529, 28.407293], [118.114014, 28.407067], [118.113842, 28.406916], [118.113585, 28.40684], [118.113112, 28.406501], [118.113198, 28.406199], [118.112812, 28.405935], [118.112726, 28.405935], [118.112426, 28.40567], [118.112598, 28.405368], [118.112383, 28.405179], [118.11204, 28.405029], [118.111739, 28.404764], [118.111911, 28.404613], [118.112168, 28.40416], [118.112769, 28.403405], [118.112769, 28.403179], [118.111267, 28.402462], [118.111138, 28.402348], [118.111138, 28.402197], [118.11131, 28.402046], [118.11131, 28.401971], [118.111482, 28.40182], [118.111825, 28.401291], [118.113086, 28.399621], [118.11352, 28.399843], [118.113917, 28.399291], [118.11448, 28.3988], [118.114598, 28.398871], [118.115301, 28.398158], [118.115559, 28.398158], [118.11573, 28.398309], [118.115816, 28.398309], [118.115988, 28.39846], [118.116074, 28.39846], [118.116245, 28.398611], [118.116331, 28.398611], [118.116503, 28.398762], [118.116589, 28.398762], [118.117447, 28.399291], [118.117876, 28.399291], [118.118048, 28.39914], [118.118477, 28.399517], [118.118649, 28.399593], [118.118906, 28.399593], [118.118992, 28.399668], [118.120108, 28.399593], [118.120451, 28.399744], [118.121052, 28.400272], [118.121395, 28.400423], [118.121824, 28.400423], [118.121996, 28.400499], [118.12221, 28.400687], [118.122382, 28.401065], [118.122554, 28.401216], [118.122554, 28.401367], [118.122296, 28.401669], [118.12221, 28.401895], [118.121867, 28.402273], [118.121781, 28.402575], [118.122854, 28.403368], [118.12294, 28.403368], [118.123283, 28.403669], [118.123369, 28.403669], [118.123712, 28.403972], [118.124056, 28.404122], [118.124485, 28.4045], [118.125858, 28.405104], [118.12603, 28.405255], [118.126288, 28.405331], [118.126931, 28.405821], [118.127017, 28.406048], [118.12676, 28.406274], [118.126674, 28.406501], [118.126502, 28.406652], [118.126159, 28.40718], [118.127704, 28.414352], [118.127961, 28.414805], [118.128948, 28.416654], [118.129721, 28.416654], [118.129807, 28.416579], [118.130236, 28.416579], [118.130364, 28.416466], [118.130364, 28.41556], [118.13045, 28.415409], [118.130751, 28.415145], [118.131008, 28.415069], [118.131566, 28.414579], [118.131566, 28.414503], [118.131909, 28.414201], [118.132253, 28.413673], [118.132253, 28.413144], [118.132339, 28.413069], [118.132253, 28.412314], [118.132381, 28.412201], [118.132725, 28.412201], [118.132811, 28.412125], [118.133154, 28.412125], [118.133326, 28.412201], [118.134012, 28.412729], [118.13427, 28.412804], [118.134441, 28.412955], [118.134613, 28.412955], [118.134999, 28.413295], [118.135171, 28.413673], [118.135815, 28.414088], [118.136158, 28.414088], [118.136244, 28.414163], [118.136415, 28.414163], [118.136759, 28.414314], [118.137102, 28.414314], [118.13736, 28.414088], [118.137789, 28.414088], [118.137918, 28.414201], [118.138003, 28.414503], [118.138475, 28.414918], [118.138561, 28.414918], [118.138733, 28.414767], [118.13899, 28.414692], [118.139119, 28.414579], [118.139119, 28.414427], [118.139334, 28.414239], [118.139763, 28.414088], [118.14002, 28.413861], [118.140278, 28.414088], [118.140535, 28.414088], [118.140621, 28.414163], [118.141308, 28.414163], [118.141737, 28.41439], [118.141823, 28.414314], [118.142338, 28.414239], [118.142466, 28.414126], [118.142381, 28.413975], [118.142381, 28.413748], [118.143067, 28.41322], [118.143067, 28.413144], [118.143325, 28.412842], [118.143239, 28.412691], [118.143239, 28.412389], [118.143368, 28.412276], [118.143539, 28.412351], [118.143668, 28.412238], [118.143668, 28.412163], [118.144398, 28.411521], [118.144484, 28.411521], [118.144741, 28.411295], [118.144827, 28.41137], [118.145428, 28.41137], [118.145943, 28.411144], [118.146028, 28.411219], [118.146372, 28.411219], [118.146544, 28.411295], [118.14693, 28.411634], [118.14693, 28.411936], [118.147359, 28.412314], [118.147359, 28.412691], [118.147016, 28.412918], [118.147016, 28.413446], [118.146844, 28.413597], [118.14693, 28.413824], [118.147101, 28.413975], [118.147101, 28.414126], [118.14693, 28.414276], [118.14693, 28.415031], [118.14723, 28.41522], [118.147745, 28.41522], [118.147917, 28.415371], [118.148003, 28.415371], [118.148303, 28.415635], [118.148389, 28.416013], [118.148646, 28.416315], [118.148646, 28.416541], [118.148561, 28.416617], [118.148561, 28.416994], [118.148818, 28.417221], [118.148818, 28.417523], [118.148732, 28.417598], [118.148732, 28.417749], [118.149247, 28.418051], [118.149161, 28.418277], [118.14899, 28.418428], [118.14899, 28.418579], [118.149333, 28.418881], [118.149161, 28.419032], [118.149161, 28.419183], [118.14899, 28.419334], [118.148904, 28.419561], [118.148646, 28.419787], [118.148646, 28.419863], [118.148947, 28.4199], [118.149333, 28.42024], [118.149419, 28.420391], [118.149419, 28.420617], [118.149505, 28.420693], [118.149505, 28.421146], [118.14929, 28.421259], [118.148861, 28.421259], [118.148689, 28.421184], [118.148432, 28.421335], [118.14826, 28.421259], [118.147917, 28.421259], [118.147788, 28.421372], [118.147788, 28.421599], [118.14796, 28.421825], [118.14796, 28.421976], [118.148131, 28.422278], [118.148131, 28.422505], [118.148217, 28.42258], [118.148217, 28.422958], [118.147831, 28.423297], [118.147488, 28.423448], [118.147058, 28.423448], [118.146887, 28.423297], [118.146544, 28.423146], [118.146114, 28.423146], [118.146028, 28.423222], [118.145771, 28.423222], [118.145685, 28.423297], [118.144913, 28.423297], [118.144741, 28.423448], [118.144655, 28.423448], [118.143969, 28.424128], [118.143883, 28.424052], [118.143454, 28.424052], [118.143368, 28.423977], [118.143196, 28.423977], [118.14311, 28.424052], [118.14208, 28.424052], [118.141994, 28.423977], [118.141737, 28.423977], [118.141651, 28.423901], [118.141437, 28.42409], [118.141351, 28.424543], [118.141179, 28.424845], [118.141179, 28.425071], [118.141565, 28.42526], [118.148089, 28.427222], [118.148775, 28.427373], [118.149977, 28.427751], [118.155942, 28.428751], [118.160813, 28.429977], [118.163581, 28.431143], [118.162723, 28.436412], [118.162905, 28.438582], [118.162889, 28.43928], [118.16261, 28.440134], [118.162572, 28.440638], [118.162744, 28.44094], [118.163259, 28.441468], [118.163345, 28.441695], [118.164547, 28.442676], [118.164718, 28.442978], [118.165533, 28.443695], [118.165705, 28.443619], [118.166134, 28.443619], [118.16622, 28.443695], [118.166392, 28.443695], [118.166478, 28.44377], [118.166821, 28.443846], [118.16725, 28.444148], [118.167336, 28.444148], [118.16828, 28.444978], [118.168881, 28.44528], [118.169224, 28.44528], [118.16931, 28.445204], [118.169482, 28.445204], [118.169568, 28.44528], [118.169825, 28.44528], [118.169911, 28.445355], [118.170168, 28.445355], [118.17034, 28.445431], [118.170641, 28.445695], [118.170726, 28.445997], [118.170812, 28.446072], [118.170812, 28.446676], [118.171241, 28.447053], [118.171241, 28.447355], [118.171155, 28.447431], [118.171198, 28.447544], [118.171327, 28.447506], [118.171413, 28.44728], [118.171627, 28.447091], [118.171799, 28.447015], [118.172057, 28.447242], [118.1724, 28.447242], [118.172657, 28.447468], [118.173087, 28.447468], [118.173173, 28.447544], [118.17343, 28.447544], [118.173516, 28.447468], [118.173773, 28.447468], [118.173859, 28.447393], [118.174374, 28.447393], [118.174503, 28.447506], [118.174503, 28.447733], [118.174074, 28.448034], [118.174331, 28.448185], [118.174331, 28.448487], [118.174202, 28.4486], [118.17343, 28.4486], [118.173344, 28.448676], [118.173173, 28.448676], [118.173087, 28.448751], [118.172743, 28.448827], [118.172529, 28.449015], [118.172529, 28.449166], [118.172443, 28.449242], [118.172443, 28.449544], [118.172357, 28.449619], [118.172357, 28.44977], [118.17226, 28.450081], [118.172046, 28.45027], [118.171445, 28.45027], [118.171145, 28.45061], [118.171145, 28.450761], [118.171059, 28.450836], [118.171145, 28.451062], [118.170759, 28.4511], [118.17063, 28.451213], [118.170716, 28.451515], [118.171231, 28.452043], [118.171231, 28.452119], [118.171102, 28.452232], [118.170243, 28.452232], [118.170158, 28.452157], [118.1699, 28.452157], [118.169729, 28.452006], [118.169643, 28.452006], [118.169385, 28.452232], [118.169213, 28.452232], [118.169042, 28.452081], [118.168784, 28.452081], [118.168613, 28.452006], [118.168484, 28.451892], [118.168484, 28.451742], [118.168269, 28.451553], [118.168055, 28.451817], [118.168055, 28.452119], [118.167969, 28.452194], [118.167883, 28.452496], [118.167454, 28.452873], [118.167368, 28.453024], [118.167282, 28.453477], [118.166767, 28.45393], [118.166681, 28.454156], [118.166167, 28.454609], [118.166081, 28.454836], [118.165652, 28.455213], [118.165652, 28.455288], [118.165523, 28.455402], [118.165437, 28.455402], [118.165094, 28.4551], [118.16475, 28.455024], [118.164579, 28.454873], [118.164321, 28.454798], [118.164149, 28.454647], [118.163806, 28.454496], [118.163678, 28.454609], [118.163678, 28.454987], [118.163849, 28.455137], [118.163849, 28.45559], [118.163635, 28.455703], [118.163463, 28.455703], [118.163334, 28.455817], [118.163334, 28.456043], [118.163463, 28.456156], [118.16372, 28.456156], [118.163806, 28.456081], [118.164021, 28.456118], [118.164021, 28.456345], [118.163849, 28.456571], [118.163849, 28.456798], [118.163763, 28.456873], [118.163763, 28.457175], [118.163849, 28.457326], [118.164149, 28.457514], [118.16475, 28.45759], [118.164965, 28.457778], [118.165051, 28.45808], [118.164836, 28.458269], [118.164321, 28.458344], [118.164235, 28.45842], [118.164064, 28.45842], [118.163806, 28.458194], [118.163635, 28.458194], [118.163592, 28.458307], [118.163291, 28.458571], [118.161832, 28.458495], [118.161489, 28.458797], [118.161145, 28.458948], [118.160974, 28.458948], [118.160888, 28.459024], [118.16063, 28.459024], [118.160287, 28.458873], [118.160073, 28.459061], [118.160073, 28.459137], [118.16033, 28.459439], [118.16033, 28.459514], [118.160158, 28.459665], [118.160158, 28.459816], [118.159472, 28.460495], [118.159128, 28.461023], [118.15857, 28.461438], [118.158399, 28.461438], [118.157884, 28.461212], [118.157498, 28.461551], [118.157498, 28.461627], [118.156554, 28.462381], [118.156554, 28.462985], [118.156639, 28.463061], [118.156639, 28.464042], [118.156339, 28.464306], [118.15591, 28.464381], [118.155438, 28.464721], [118.155438, 28.465173], [118.155609, 28.465475], [118.155609, 28.465777], [118.155524, 28.465852], [118.155524, 28.466003], [118.155438, 28.466079], [118.155438, 28.46623], [118.155352, 28.466305], [118.155352, 28.466456], [118.155266, 28.466531], [118.155266, 28.466682], [118.15518, 28.466758], [118.15518, 28.466909], [118.155009, 28.467211], [118.154923, 28.467663], [118.155051, 28.467776], [118.155481, 28.467776], [118.155609, 28.46789], [118.155524, 28.467965], [118.155524, 28.468191], [118.155824, 28.46838], [118.156167, 28.468305], [118.156382, 28.468116], [118.156382, 28.468041], [118.156511, 28.467927], [118.156596, 28.467927], [118.156725, 28.468041], [118.156725, 28.468116], [118.157197, 28.468531], [118.157283, 28.468531], [118.157626, 28.468908], [118.158313, 28.46921], [118.158871, 28.469776], [118.158742, 28.469889], [118.158227, 28.469889], [118.15797, 28.470191], [118.157798, 28.470191], [118.157283, 28.470417], [118.157111, 28.470568], [118.15694, 28.470568], [118.156854, 28.470644], [118.156167, 28.470795], [118.15591, 28.470945], [118.155738, 28.470945], [118.155652, 28.471021], [118.154622, 28.471021], [118.154236, 28.471285], [118.154494, 28.471511], [118.154494, 28.471587], [118.154794, 28.471851], [118.154966, 28.471851], [118.155309, 28.4717], [118.155481, 28.471549], [118.155695, 28.471813], [118.155695, 28.472039], [118.155996, 28.472303], [118.156339, 28.472379], [118.156854, 28.472153], [118.157283, 28.472605], [118.157541, 28.472605], [118.157798, 28.472454], [118.15797, 28.472454], [118.158141, 28.472681], [118.158227, 28.472681], [118.15857, 28.472907], [118.158828, 28.472907], [118.158957, 28.472794], [118.159214, 28.472341], [118.159386, 28.47219], [118.159386, 28.471888], [118.159515, 28.471775], [118.159858, 28.471775], [118.159987, 28.471888], [118.159987, 28.472492], [118.159901, 28.472568], [118.159901, 28.472869], [118.159815, 28.472945], [118.159858, 28.473133], [118.160201, 28.473209], [118.160545, 28.473058], [118.160931, 28.472718], [118.160931, 28.472568], [118.16106, 28.47253], [118.161188, 28.472643], [118.161274, 28.472869], [118.161489, 28.473058], [118.161875, 28.473171], [118.161618, 28.473624], [118.161618, 28.473699], [118.161832, 28.473888], [118.16209, 28.473888], [118.162433, 28.474114], [118.162605, 28.474039], [118.162948, 28.474114], [118.16312, 28.473963], [118.163291, 28.473963], [118.163463, 28.47419], [118.163806, 28.47419], [118.164021, 28.474378], [118.163935, 28.47468], [118.164278, 28.474982], [118.164278, 28.475208], [118.163892, 28.475548], [118.163806, 28.475548], [118.163463, 28.475246], [118.163377, 28.475246], [118.162948, 28.474944], [118.16269, 28.474869], [118.16209, 28.474265], [118.160716, 28.474265], [118.160201, 28.474039], [118.159343, 28.474039], [118.159257, 28.473963], [118.158914, 28.473963], [118.158656, 28.474114], [118.157712, 28.474039], [118.157412, 28.474378], [118.157412, 28.474454], [118.156811, 28.474982], [118.156725, 28.475133], [118.157068, 28.475812], [118.15724, 28.475963], [118.157326, 28.476114], [118.157412, 28.476189], [118.157412, 28.476264], [118.157927, 28.476717], [118.157927, 28.476793], [118.158454, 28.477208], [118.158485, 28.477208], [118.158914, 28.477509], [118.159515, 28.477509], [118.16003, 28.477208], [118.160244, 28.477245], [118.159558, 28.477924], [118.1593, 28.478377], [118.158485, 28.479018], [118.158313, 28.479018], [118.157884, 28.478566], [118.157626, 28.478566], [118.157498, 28.478679], [118.157498, 28.478905], [118.157755, 28.479131], [118.157755, 28.479207], [118.157541, 28.479395], [118.156854, 28.479697], [118.156725, 28.47981], [118.156725, 28.480188], [118.157068, 28.480565], [118.157154, 28.480791], [118.156554, 28.481244], [118.156554, 28.481546], [118.156854, 28.481885], [118.157369, 28.481961], [118.157584, 28.482149], [118.157669, 28.482451], [118.157755, 28.482526], [118.157669, 28.482979], [118.157584, 28.483055], [118.157584, 28.483356], [118.157669, 28.483432], [118.157669, 28.483583], [118.157798, 28.483696], [118.158056, 28.483696], [118.158092, 28.483728], [118.158485, 28.483771], [118.159, 28.483168], [118.159515, 28.483092], [118.159815, 28.482904], [118.159815, 28.482677], [118.159472, 28.482375], [118.159386, 28.481998], [118.159043, 28.481621], [118.159257, 28.481508], [118.159429, 28.481508], [118.159729, 28.481319], [118.159729, 28.481168], [118.1596, 28.481055], [118.159343, 28.481055], [118.159214, 28.480942], [118.159214, 28.480791], [118.159386, 28.48064], [118.159558, 28.480263], [118.160158, 28.47981], [118.160244, 28.479358], [118.160588, 28.479131], [118.160588, 28.47883], [118.160802, 28.478641], [118.160974, 28.478717], [118.161317, 28.478717], [118.161446, 28.478603], [118.16136, 28.478528], [118.16136, 28.478302], [118.161274, 28.478151], [118.161575, 28.477887], [118.161746, 28.477887], [118.161961, 28.477773], [118.161875, 28.477472], [118.162175, 28.477208], [118.162433, 28.477208], [118.162519, 28.477283], [118.163291, 28.477283], [118.16342, 28.477396], [118.16342, 28.478075], [118.163506, 28.478151], [118.163506, 28.478302], [118.163162, 28.478603], [118.163077, 28.478905], [118.162991, 28.47898], [118.162991, 28.479131], [118.162819, 28.479433], [118.162648, 28.479584], [118.162648, 28.480112], [118.162562, 28.480188], [118.162562, 28.480565], [118.162733, 28.480867], [118.163763, 28.482149], [118.163763, 28.482451], [118.163334, 28.483055], [118.163334, 28.483432], [118.163592, 28.483884], [118.163592, 28.484035], [118.163678, 28.484111], [118.163763, 28.484412], [118.163635, 28.484526], [118.163463, 28.484526], [118.162776, 28.484827], [118.162648, 28.484941], [118.162648, 28.485167], [118.162776, 28.48528], [118.163162, 28.485318], [118.163077, 28.485393], [118.163077, 28.485695], [118.162776, 28.485733], [118.162476, 28.485921], [118.162476, 28.486298], [118.162648, 28.4866], [118.162862, 28.486789], [118.163034, 28.486713], [118.163162, 28.486751], [118.163162, 28.486826], [118.162905, 28.487053], [118.163077, 28.487354], [118.163077, 28.48743], [118.163205, 28.487656], [118.163334, 28.487807], [118.163334, 28.487883], [118.162991, 28.488109], [118.162991, 28.48826], [118.163077, 28.488335], [118.163077, 28.488863], [118.162862, 28.489052], [118.162519, 28.489127], [118.162347, 28.489203], [118.162175, 28.489203], [118.162047, 28.48909], [118.162047, 28.488712], [118.162304, 28.48826], [118.162905, 28.487807], [118.162905, 28.48743], [118.16269, 28.487241], [118.162519, 28.487241], [118.162433, 28.487317], [118.162304, 28.487279], [118.162304, 28.487204], [118.162562, 28.487053], [118.162562, 28.486977], [118.162433, 28.486864], [118.161832, 28.486864], [118.161618, 28.487053], [118.161618, 28.487204], [118.161532, 28.487279], [118.161532, 28.488109], [118.161446, 28.488184], [118.161446, 28.488712], [118.16136, 28.488788], [118.16136, 28.489467], [118.161274, 28.489542], [118.161274, 28.489769], [118.160759, 28.490221], [118.160759, 28.490372], [118.160459, 28.490636], [118.160116, 28.490787], [118.159257, 28.490862], [118.158914, 28.491089], [118.158699, 28.491277], [118.158613, 28.49173], [118.158528, 28.491805], [118.158528, 28.492032], [118.158442, 28.492107], [118.158442, 28.492484], [118.158356, 28.49256], [118.158356, 28.492861], [118.15827, 28.492937], [118.158184, 28.493691], [118.158098, 28.493767], [118.158098, 28.494295], [118.157669, 28.494823], [118.157498, 28.495124], [118.157498, 28.495351], [118.157412, 28.495426], [118.157541, 28.495539], [118.157798, 28.495388], [118.15797, 28.495388], [118.158871, 28.494596], [118.158871, 28.49437], [118.159171, 28.494106], [118.159343, 28.494106], [118.159858, 28.49388], [118.161145, 28.49388], [118.161746, 28.493578], [118.161918, 28.493578], [118.162047, 28.493465], [118.16239, 28.492786], [118.162648, 28.49256], [118.162648, 28.492484], [118.163034, 28.492145], [118.163635, 28.491843], [118.163806, 28.491843], [118.164149, 28.491692], [118.165147, 28.491843], [118.165297, 28.491409], [118.165137, 28.49124], [118.165297, 28.490966], [118.16533, 28.490645], [118.16489, 28.490391], [118.164278, 28.490438], [118.163302, 28.490759], [118.162594, 28.491466], [118.161832, 28.491834], [118.161736, 28.492192], [118.161628, 28.492616], [118.161489, 28.492597], [118.161542, 28.492324], [118.161478, 28.491937], [118.160813, 28.491966], [118.160824, 28.49172], [118.161907, 28.491372], [118.163227, 28.490542], [118.164482, 28.490051], [118.163817, 28.489231], [118.163774, 28.48842], [118.163935, 28.488345], [118.164064, 28.488448], [118.164182, 28.489231], [118.164343, 28.48925], [118.164579, 28.489137], [118.164632, 28.489288], [118.164504, 28.489514], [118.164643, 28.489778], [118.165029, 28.490023], [118.165179, 28.490372], [118.165523, 28.490608], [118.16534, 28.491909], [118.165308, 28.492333], [118.165523, 28.492522], [118.165609, 28.492522], [118.165823, 28.492333], [118.165823, 28.492258], [118.165952, 28.492145], [118.166038, 28.492145], [118.166081, 28.492409], [118.166596, 28.492786], [118.16651, 28.492861], [118.16651, 28.493012], [118.166767, 28.493465], [118.166939, 28.493616], [118.16681, 28.493729], [118.166681, 28.493616], [118.166681, 28.49354], [118.166424, 28.493239], [118.166338, 28.492861], [118.166038, 28.492597], [118.165609, 28.492748], [118.16548, 28.492861], [118.165394, 28.493465], [118.165137, 28.493917], [118.165137, 28.494219], [118.165308, 28.494521], [118.165695, 28.494785], [118.165952, 28.494785], [118.166252, 28.495124], [118.166252, 28.495502], [118.166338, 28.495652], [118.166553, 28.495841], [118.166639, 28.495841], [118.167583, 28.496444], [118.168012, 28.496444], [118.168441, 28.496218], [118.16887, 28.496218], [118.169042, 28.496369], [118.169128, 28.496369], [118.1696, 28.496784], [118.169686, 28.496935], [118.169686, 28.497086], [118.169342, 28.497387], [118.169342, 28.497614], [118.169128, 28.497802], [118.168784, 28.497953], [118.168441, 28.497953], [118.16754, 28.49867], [118.16754, 28.498821], [118.167368, 28.499122], [118.167368, 28.499424], [118.167282, 28.499499], [118.167368, 28.500329], [118.167754, 28.500593], [118.168184, 28.500669], [118.168699, 28.500895], [118.168741, 28.500933], [118.168656, 28.501008], [118.168656, 28.501234], [118.168398, 28.501611], [118.168398, 28.501762], [118.168227, 28.502064], [118.168098, 28.502177], [118.168012, 28.502177], [118.167883, 28.502064], [118.167711, 28.501461], [118.167411, 28.501197], [118.166724, 28.501197], [118.166295, 28.50097], [118.16578, 28.501046], [118.165609, 28.501197], [118.165523, 28.501197], [118.165351, 28.501348], [118.16475, 28.501649], [118.16445, 28.501913], [118.16445, 28.502366], [118.164536, 28.502441], [118.164536, 28.502969], [118.16445, 28.503045], [118.16445, 28.503422], [118.164579, 28.503535], [118.165437, 28.503535], [118.165609, 28.503459], [118.16578, 28.503309], [118.165866, 28.503309], [118.165995, 28.503195], [118.165995, 28.50312], [118.166553, 28.50263], [118.166639, 28.50263], [118.166767, 28.502743], [118.166853, 28.503045], [118.167111, 28.503422], [118.167111, 28.503648], [118.166896, 28.503837], [118.166381, 28.504063], [118.165437, 28.505043], [118.16475, 28.505043], [118.164407, 28.50527], [118.163806, 28.505496], [118.163678, 28.505609], [118.16372, 28.505798], [118.164321, 28.505798], [118.164665, 28.506099], [118.16475, 28.506099], [118.164793, 28.506213], [118.164579, 28.506401], [118.164321, 28.506477], [118.164235, 28.506401], [118.163978, 28.506401], [118.163892, 28.506326], [118.163377, 28.506326], [118.163291, 28.50625], [118.163034, 28.50625], [118.162733, 28.50674], [118.162733, 28.507268], [118.162519, 28.507457], [118.161746, 28.507759], [118.161317, 28.508136], [118.161145, 28.508136], [118.16106, 28.508211], [118.160716, 28.508211], [118.160201, 28.508664], [118.159901, 28.508324], [118.159729, 28.507419], [118.1596, 28.507306], [118.159515, 28.507306], [118.159343, 28.507155], [118.159257, 28.507155], [118.159086, 28.507005], [118.158828, 28.506929], [118.158485, 28.506703], [118.15797, 28.506703], [118.157798, 28.506627], [118.157412, 28.507042], [118.157326, 28.507646], [118.157068, 28.508098], [118.156725, 28.508475], [118.156725, 28.508551], [118.156173, 28.508791], [118.15591, 28.50889], [118.155357, 28.508489], [118.154274, 28.50814], [118.15392, 28.507794], [118.153469, 28.506681], [118.152482, 28.505267], [118.152525, 28.504664], [118.150594, 28.503212], [118.15025, 28.502533], [118.149413, 28.50225], [118.148298, 28.500497], [118.147439, 28.500478], [118.147139, 28.499818], [118.146409, 28.49961], [118.145272, 28.497894], [118.143809, 28.495928], [118.142826, 28.494802], [118.144221, 28.493689], [118.144113, 28.492256], [118.144822, 28.490841], [118.144156, 28.489408], [118.144521, 28.487503], [118.144306, 28.486767], [118.144715, 28.485924], [118.145766, 28.48524], [118.145508, 28.484693], [118.145787, 28.484071], [118.143834, 28.483335], [118.142225, 28.483128], [118.140358, 28.4816], [118.138534, 28.481091], [118.137505, 28.481072], [118.136153, 28.481411], [118.135058, 28.48094], [118.135058, 28.480185], [118.135573, 28.479469], [118.135402, 28.479091], [118.134672, 28.479544], [118.133342, 28.47945], [118.13287, 28.47911], [118.132397, 28.475055], [118.131925, 28.475262], [118.131518, 28.476734], [118.13096, 28.477149], [118.130681, 28.477903], [118.129994, 28.477281], [118.130617, 28.475338], [118.130059, 28.475451], [118.129865, 28.475281], [118.130145, 28.474866], [118.131003, 28.474697], [118.130928, 28.473546], [118.131131, 28.472603], [118.130885, 28.471264], [118.130895, 28.470632], [118.131453, 28.470802], [118.132365, 28.470886], [118.13258, 28.470387], [118.133073, 28.469774], [118.132655, 28.469594], [118.132086, 28.468962], [118.132151, 28.468557], [118.132634, 28.468566], [118.13288, 28.469132], [118.133728, 28.469604], [118.134854, 28.469774], [118.135123, 28.468802], [118.136239, 28.468029], [118.136743, 28.467161], [118.135262, 28.466388], [118.13508, 28.465501], [118.133739, 28.464124], [118.133728, 28.463464], [118.134179, 28.463483], [118.132977, 28.462294], [118.13405, 28.461691], [118.134307, 28.460917], [118.135251, 28.459936], [118.137032, 28.460823], [118.137054, 28.461445], [118.137955, 28.462011], [118.138105, 28.461648], [118.138856, 28.462176], [118.138974, 28.462657], [118.139393, 28.462639], [118.139607, 28.462827], [118.139994, 28.462874], [118.140079, 28.462601], [118.139318, 28.460856], [118.139425, 28.460695], [118.139918, 28.460733], [118.140637, 28.461167], [118.140948, 28.461846], [118.140906, 28.462214], [118.141485, 28.462601], [118.142054, 28.463369], [118.142375, 28.463181], [118.142579, 28.462705], [118.142467, 28.460967], [118.138749, 28.457974], [118.139457, 28.457106], [118.140916, 28.456276], [118.139264, 28.455295], [118.137655, 28.453862], [118.133535, 28.452484], [118.131883, 28.451956], [118.132119, 28.450371], [118.132011, 28.450145], [118.130788, 28.4499], [118.130788, 28.448862], [118.13008, 28.447768], [118.128471, 28.447711], [118.126604, 28.446919], [118.125724, 28.447409], [118.123432, 28.446708], [118.119802, 28.445598], [118.118536, 28.44556], [118.117506, 28.444976], [118.115639, 28.444994], [118.114829, 28.443027], [118.113606, 28.442235], [118.112447, 28.440952], [118.110559, 28.440593], [118.109722, 28.439575], [118.10852, 28.439688], [118.106997, 28.439273], [118.10483, 28.43765], [118.104358, 28.436556], [118.102791, 28.434688], [118.102791, 28.434103], [118.100431, 28.431782], [118.100645, 28.430423], [118.099306, 28.429641]]]}, "properties": {"display_name": "芦林街道, 广丰区, 上饶市, 江西省, 中国", "type": "administrative", "osm_type": "relation", "osm_id": 8026728, "class": null, "keyword": "subdistrict"}}, {"type": "Feature", "geometry": {"type": "Polygon", "coordinates": [[[117.678396, 29.054331], [117.679799, 29.054081], [117.682213, 29.054851], [117.68325, 29.053744], [117.686398, 29.053611], [117.689031, 29.053975], [117.691725, 29.054449], [117.692721, 29.05718], [117.693242, 29.057739], [117.697995, 29.058264], [117.700675, 29.059703], [117.701416, 29.058032], [117.702474, 29.056459], [117.7042, 29.053731], [117.705023, 29.050917], [117.703457, 29.049906], [117.702412, 29.050017], [117.703552, 29.048454], [117.702683, 29.047563], [117.704003, 29.044984], [117.704089, 29.042864], [117.700741, 29.04338], [117.700005, 29.042238], [117.699566, 29.040764], [117.699974, 29.037703], [117.700779, 29.035447], [117.704529, 29.035651], [117.705438, 29.03595], [117.704593, 29.034638], [117.706149, 29.031898], [117.705763, 29.030548], [117.706349, 29.028678], [117.70763, 29.028308], [117.708965, 29.028649], [117.708934, 29.028194], [117.708042, 29.027307], [117.707329, 29.026015], [117.706548, 29.026098], [117.705089, 29.027015], [117.704565, 29.026554], [117.704934, 29.025447], [117.707662, 29.023165], [117.708906, 29.022583], [117.70778, 29.021063], [117.705333, 29.019693], [117.707554, 29.01747], [117.707651, 29.015396], [117.707781, 29.013332], [117.708507, 29.012939], [117.709135, 29.012922], [117.7094, 29.013678], [117.710303, 29.015952], [117.71121, 29.015371], [117.712635, 29.014429], [117.712619, 29.013562], [117.710948, 29.013091], [117.710645, 29.011854], [117.704818, 29.009307], [117.702941, 29.007909], [117.698349, 29.006755], [117.695195, 29.007074], [117.695774, 29.002185], [117.699636, 28.998357], [117.69734, 28.995326], [117.696182, 28.992332], [117.698446, 28.988212], [117.700988, 28.984815], [117.707029, 28.984083], [117.713831, 28.986289], [117.720268, 28.991112], [117.724849, 28.993224], [117.728658, 28.99313], [117.733024, 28.995832], [117.735835, 28.998038], [117.754096, 28.997925], [117.757851, 29.005094], [117.755898, 29.012732], [117.750448, 29.013098], [117.736179, 29.024788], [117.737928, 29.037799], [117.74356, 29.042958], [117.744976, 29.05758], [117.743002, 29.059258], [117.744279, 29.06467], [117.742702, 29.072037], [117.732744, 29.072226], [117.735636, 29.069685], [117.733709, 29.067887], [117.727738, 29.061328], [117.724261, 29.057206], [117.718896, 29.054468], [117.718089, 29.053826], [117.717097, 29.053798], [117.716086, 29.054162], [117.715598, 29.05355], [117.712962, 29.053276], [117.712214, 29.053598], [117.711602, 29.054033], [117.710772, 29.054495], [117.709991, 29.054989], [117.709799, 29.055746], [117.710195, 29.056781], [117.710206, 29.057633], [117.708302, 29.056852], [117.707809, 29.056097], [117.707498, 29.056028], [117.70716, 29.055225], [117.704448, 29.053749], [117.702709, 29.05654], [117.701211, 29.058644], [117.700815, 29.059723], [117.700952, 29.061404], [117.703812, 29.063616], [117.704344, 29.064535], [117.696603, 29.077767], [117.695691, 29.080204], [117.697269, 29.085164], [117.697223, 29.085021], [117.697305, 29.086998], [117.694645, 29.089018], [117.694055, 29.089064], [117.693338, 29.088891], [117.692128, 29.087876], [117.693042, 29.087577], [117.692603, 29.086913], [117.692342, 29.08648], [117.691928, 29.08579], [117.691749, 29.08525], [117.692017, 29.0847], [117.69233, 29.084352], [117.691976, 29.084011], [117.691814, 29.083183], [117.691692, 29.082778], [117.691676, 29.082252], [117.691598, 29.081339], [117.691419, 29.080603], [117.691473, 29.079481], [117.691955, 29.078834], [117.69237, 29.079377], [117.692696, 29.079476], [117.693028, 29.079919], [117.693457, 29.080667], [117.693733, 29.080831], [117.693775, 29.080692], [117.69409, 29.080301], [117.69469, 29.080085], [117.695012, 29.07957], [117.695227, 29.07926], [117.695313, 29.07881], [117.695452, 29.078632], [117.696298, 29.077619], [117.695804, 29.075095], [117.696954, 29.071328], [117.699046, 29.069387], [117.696966, 29.065239], [117.695009, 29.064389], [117.693791, 29.062851], [117.68485, 29.05965], [117.682702, 29.060106], [117.682374, 29.059364], [117.681877, 29.058842], [117.681103, 29.057631], [117.68073, 29.056106], [117.679848, 29.05516], [117.678396, 29.054331]]]}, "properties": {"display_name": "铜矿街道, 德兴市, 上饶市, 江西省, 中国", "type": "administrative", "osm_type": "way", "osm_id": 1265035358, "class": null, "keyword": "subdistrict"}}, {"type": "Feature", "geometry": {"type": "Polygon", "coordinates": [[[117.919242, 28.37644], [117.919312, 28.376255], [117.919489, 28.376123], [117.919972, 28.375821], [117.920889, 28.375892], [117.92149, 28.375661], [117.921882, 28.375614], [117.921919, 28.375359], [117.922048, 28.375307], [117.922273, 28.37559], [117.922933, 28.375566], [117.924199, 28.375151], [117.924757, 28.37567], [117.925224, 28.376397], [117.925562, 28.377072], [117.925621, 28.377511], [117.925744, 28.377752], [117.926189, 28.377955], [117.926849, 28.378445], [117.927885, 28.377851], [117.928534, 28.378124], [117.928399, 28.378507], [117.927847, 28.378913], [117.927852, 28.379149], [117.928469, 28.378955], [117.928871, 28.379016], [117.928823, 28.378511], [117.929065, 28.378313], [117.929564, 28.378379], [117.930046, 28.378596], [117.931023, 28.378172], [117.932407, 28.377851], [117.933104, 28.377426], [117.93349, 28.377435], [117.933844, 28.378002], [117.934156, 28.378276], [117.934595, 28.378351], [117.934928, 28.378294], [117.935239, 28.378153], [117.935604, 28.378455], [117.935958, 28.379087], [117.937111, 28.379755], [117.937079, 28.379897], [117.936387, 28.379618], [117.935824, 28.379175], [117.935459, 28.378613], [117.935207, 28.378604], [117.935228, 28.37967], [117.935298, 28.379963], [117.935405, 28.380137], [117.935904, 28.380142], [117.936741, 28.380354], [117.936752, 28.380449], [117.936586, 28.380671], [117.93694, 28.380973], [117.936811, 28.38101], [117.936489, 28.380907], [117.936065, 28.380605], [117.93591, 28.380524], [117.935309, 28.380591], [117.935244, 28.380723], [117.935352, 28.380982], [117.935867, 28.38136], [117.936859, 28.381676], [117.937449, 28.381638], [117.937632, 28.38152], [117.938055, 28.380595], [117.938243, 28.380428], [117.940636, 28.381258], [117.940797, 28.381664], [117.940636, 28.382183], [117.940432, 28.382948], [117.940496, 28.3841], [117.940625, 28.384345], [117.941097, 28.384326], [117.94173, 28.384619], [117.942149, 28.384741], [117.94247, 28.384675], [117.942696, 28.384515], [117.942755, 28.384399], [117.942261, 28.383682], [117.942309, 28.383521], [117.942851, 28.383842], [117.943039, 28.384524], [117.943371, 28.384685], [117.943613, 28.384602], [117.943736, 28.384531], [117.943758, 28.384352], [117.943634, 28.383918], [117.943763, 28.383819], [117.943967, 28.383932], [117.944144, 28.384527], [117.944326, 28.384588], [117.944595, 28.384477], [117.945008, 28.385112], [117.94526, 28.385239], [117.945614, 28.385211], [117.945963, 28.385079], [117.946494, 28.384692], [117.946891, 28.384116], [117.947309, 28.383795], [117.947459, 28.383257], [117.947754, 28.383167], [117.948216, 28.383375], [117.948323, 28.383517], [117.948462, 28.383866], [117.948854, 28.384437], [117.948854, 28.385102], [117.949015, 28.385263], [117.949267, 28.38523], [117.949868, 28.385055], [117.949927, 28.384706], [117.949353, 28.384097], [117.949466, 28.383861], [117.949744, 28.383767], [117.949825, 28.383035], [117.949943, 28.382837], [117.950318, 28.382705], [117.950587, 28.383602], [117.950372, 28.384668], [117.950619, 28.385065], [117.951005, 28.385187], [117.951638, 28.385225], [117.951965, 28.385053], [117.95204, 28.38536], [117.952142, 28.385464], [117.952132, 28.385622], [117.951981, 28.385666], [117.951027, 28.385393], [117.95078, 28.385454], [117.950758, 28.38577], [117.951075, 28.386219], [117.951348, 28.386473], [117.951745, 28.386502], [117.952362, 28.386223], [117.952936, 28.385659], [117.952979, 28.38578], [117.952808, 28.386124], [117.952024, 28.38679], [117.952024, 28.386924], [117.952454, 28.387132], [117.953065, 28.387018], [117.954674, 28.386367], [117.955538, 28.386709], [117.955914, 28.386804], [117.95616, 28.386691], [117.956343, 28.38636], [117.956225, 28.385265], [117.956343, 28.384869], [117.956171, 28.383698], [117.955731, 28.383462], [117.955849, 28.383132], [117.955774, 28.38266], [117.957448, 28.382594], [117.957813, 28.382169], [117.957941, 28.381733], [117.95792, 28.380793], [117.957797, 28.380515], [117.958054, 28.38018], [117.958049, 28.379944], [117.95792, 28.379146], [117.958247, 28.378962], [117.958499, 28.379439], [117.958574, 28.37943], [117.959025, 28.378636], [117.959256, 28.37874], [117.959663, 28.379359], [117.959803, 28.380298], [117.960243, 28.38076], [117.960565, 28.380704], [117.960709, 28.380241], [117.961128, 28.3801], [117.961686, 28.379562], [117.962785, 28.379477], [117.963263, 28.379486], [117.963633, 28.379614], [117.963992, 28.379977], [117.96411, 28.380345], [117.964019, 28.381128], [117.963805, 28.381558], [117.963622, 28.381657], [117.963392, 28.381959], [117.96337, 28.382231], [117.963751, 28.38299], [117.964947, 28.382566], [117.965473, 28.382051], [117.965693, 28.381957], [117.965827, 28.381593], [117.965966, 28.380182], [117.96587, 28.37954], [117.966004, 28.379451], [117.966396, 28.379644], [117.967088, 28.379743], [117.967431, 28.379583], [117.96749, 28.379262], [117.96719, 28.378823], [117.966943, 28.378743], [117.966642, 28.378729], [117.966567, 28.378639], [117.96676, 28.378559], [117.967646, 28.378559], [117.967758, 28.378327], [117.967635, 28.377719], [117.96779, 28.377511], [117.968069, 28.378148], [117.968472, 28.3787], [117.968804, 28.378941], [117.969185, 28.378936], [117.969201, 28.379219], [117.969571, 28.379422], [117.969673, 28.379602], [117.969561, 28.379951], [117.968954, 28.380546], [117.969099, 28.380815], [117.969544, 28.381103], [117.969561, 28.381221], [117.969416, 28.381763], [117.969464, 28.3819], [117.969588, 28.381891], [117.969748, 28.381612], [117.969979, 28.381532], [117.970607, 28.382422], [117.97088, 28.382516], [117.971191, 28.382464], [117.971631, 28.382214], [117.971808, 28.381563], [117.971787, 28.381133], [117.971588, 28.380869], [117.971894, 28.380623], [117.972184, 28.380793], [117.972876, 28.380727], [117.972887, 28.380822], [117.972624, 28.381464], [117.972683, 28.381799], [117.972956, 28.382285], [117.973482, 28.382714], [117.974378, 28.382813], [117.97515, 28.383885], [117.975601, 28.384968], [117.975472, 28.386053], [117.975177, 28.386723], [117.974592, 28.38746], [117.974592, 28.38763], [117.97492, 28.38788], [117.974973, 28.38805], [117.974018, 28.388592], [117.974061, 28.388753], [117.974195, 28.388838], [117.974711, 28.388979], [117.975027, 28.388935], [117.975059, 28.389397], [117.975, 28.389458], [117.974727, 28.38952], [117.974576, 28.389638], [117.974265, 28.390365], [117.974491, 28.390596], [117.974587, 28.391002], [117.974088, 28.391101], [117.973981, 28.391186], [117.973884, 28.392059], [117.974045, 28.392498], [117.974201, 28.392568], [117.974453, 28.392535], [117.974625, 28.392417], [117.974866, 28.391709], [117.975032, 28.391639], [117.975242, 28.391634], [117.97536, 28.391691], [117.975381, 28.391851], [117.974968, 28.392243], [117.974871, 28.392861], [117.974968, 28.393045], [117.975365, 28.393069], [117.976336, 28.392738], [117.976588, 28.39279], [117.976556, 28.393007], [117.976234, 28.393059], [117.975944, 28.393286], [117.975579, 28.393338], [117.975365, 28.393465], [117.975343, 28.393675], [117.975558, 28.394171], [117.975714, 28.395445], [117.975864, 28.395629], [117.976218, 28.395615], [117.97662, 28.395303], [117.976872, 28.395364], [117.977194, 28.395308], [117.977398, 28.3956], [117.976899, 28.395931], [117.976148, 28.395822], [117.975848, 28.395912], [117.975719, 28.396063], [117.975563, 28.396775], [117.975569, 28.396955], [117.976352, 28.397261], [117.976636, 28.397818], [117.977065, 28.398021], [117.97758, 28.39846], [117.977752, 28.398927], [117.978042, 28.398998], [117.978412, 28.398937], [117.978718, 28.399088], [117.978777, 28.399508], [117.97867, 28.399614], [117.978439, 28.399843], [117.978401, 28.399994], [117.978632, 28.399932], [117.978981, 28.399465], [117.979163, 28.399404], [117.979603, 28.399644], [117.979715, 28.399878], [117.980413, 28.399793], [117.980617, 28.400057], [117.980552, 28.400624], [117.980273, 28.401001], [117.978911, 28.400737], [117.978519, 28.40093], [117.978095, 28.400996], [117.976894, 28.400779], [117.976701, 28.400857], [117.976685, 28.40097], [117.976803, 28.401112], [117.977602, 28.401322], [117.977715, 28.401577], [117.977666, 28.401869], [117.977291, 28.402431], [117.976449, 28.403384], [117.976288, 28.404139], [117.976341, 28.40463], [117.97677, 28.405573], [117.977275, 28.40597], [117.977897, 28.406272], [117.97853, 28.405847], [117.978691, 28.406008], [117.97868, 28.406338], [117.978938, 28.406508], [117.979903, 28.406753], [117.980365, 28.406791], [117.98103, 28.406215], [117.981609, 28.40664], [117.982596, 28.406725], [117.982929, 28.406564], [117.983733, 28.406546], [117.983937, 28.406602], [117.983937, 28.406885], [117.983626, 28.407178], [117.983637, 28.407952], [117.984098, 28.408574], [117.984259, 28.409188], [117.984742, 28.409537], [117.985085, 28.40966], [117.98559, 28.40949], [117.986813, 28.408442], [117.987467, 28.408659], [117.987918, 28.410235], [117.988036, 28.410216], [117.988036, 28.40948], [117.988207, 28.409537], [117.988561, 28.41066], [117.988916, 28.411349], [117.990085, 28.4125], [117.990857, 28.412755], [117.991458, 28.412594], [117.992199, 28.412028], [117.992778, 28.41082], [117.993518, 28.410009], [117.99472, 28.41267], [117.995245, 28.414281], [117.995444, 28.414413], [117.995396, 28.41455], [117.995224, 28.414574], [117.994827, 28.414437], [117.994564, 28.414564], [117.993937, 28.415017], [117.99369, 28.41548], [117.99355, 28.415399], [117.993561, 28.414956], [117.993148, 28.414796], [117.992794, 28.414852], [117.992563, 28.415173], [117.992263, 28.415248], [117.991952, 28.415204], [117.991726, 28.414845], [117.990321, 28.41509], [117.989613, 28.415392], [117.989141, 28.415826], [117.988636, 28.416194], [117.988712, 28.416411], [117.990418, 28.416553], [117.991362, 28.41643], [117.992681, 28.417695], [117.993872, 28.417138], [117.994409, 28.416949], [117.994795, 28.416317], [117.995042, 28.416091], [117.99722, 28.416091], [117.998003, 28.416374], [117.998518, 28.41693], [117.999161, 28.417232], [118.000449, 28.417525], [118.001425, 28.417449], [118.002831, 28.417676], [117.9984, 28.422693], [117.993743, 28.425562], [117.992413, 28.427449], [117.991136, 28.428572], [117.98986, 28.428524], [117.987231, 28.429477], [117.981877, 28.4296], [117.974378, 28.429081], [117.967747, 28.431628], [117.963306, 28.436261], [117.962533, 28.438704], [117.963231, 28.439714], [117.956493, 28.443695], [117.952824, 28.444865], [117.950292, 28.444544], [117.946408, 28.442487], [117.940314, 28.438167], [117.937052, 28.435619], [117.932568, 28.432869], [117.930025, 28.43118], [117.93002, 28.430987], [117.930138, 28.430779], [117.930422, 28.430402], [117.931339, 28.429463], [117.931479, 28.429166], [117.931404, 28.428977], [117.931446, 28.42884], [117.931795, 28.4286], [117.932562, 28.428487], [117.933142, 28.427661], [117.933174, 28.427468], [117.932836, 28.427138], [117.932573, 28.426708], [117.932444, 28.426213], [117.934112, 28.426194], [117.934134, 28.425491], [117.934638, 28.424951], [117.934751, 28.42413], [117.935523, 28.423441], [117.935711, 28.423408], [117.93635, 28.423767], [117.937245, 28.423639], [117.937524, 28.423422], [117.937514, 28.422356], [117.938034, 28.421615], [117.93812, 28.421337], [117.938265, 28.420356], [117.938399, 28.420134], [117.938543, 28.419488], [117.938597, 28.419129], [117.938356, 28.418133], [117.938517, 28.417832], [117.938817, 28.417662], [117.939364, 28.417695], [117.939472, 28.416709], [117.939675, 28.415883], [117.940217, 28.414477], [117.94114, 28.413642], [117.940303, 28.41317], [117.93893, 28.412519], [117.938935, 28.411896], [117.939123, 28.411613], [117.93879, 28.411354], [117.938688, 28.411146], [117.938747, 28.410806], [117.938619, 28.410636], [117.938747, 28.410433], [117.939498, 28.409952], [117.939498, 28.409806], [117.939407, 28.409598], [117.939091, 28.409405], [117.938581, 28.409263], [117.938383, 28.408902], [117.937674, 28.408412], [117.935582, 28.407232], [117.934413, 28.406958], [117.933286, 28.40643], [117.933254, 28.406255], [117.933512, 28.406057], [117.933329, 28.405647], [117.932857, 28.405618], [117.932063, 28.405307], [117.931908, 28.40499], [117.931881, 28.404556], [117.931725, 28.404258], [117.931629, 28.403522], [117.93157, 28.402951], [117.930888, 28.40247], [117.930513, 28.40121], [117.930229, 28.400969], [117.930325, 28.400564], [117.930213, 28.400431], [117.929987, 28.400365], [117.929344, 28.400351], [117.929183, 28.400186], [117.929279, 28.400035], [117.929816, 28.399908], [117.930406, 28.399959], [117.930695, 28.399785], [117.930888, 28.399473], [117.931055, 28.399068], [117.930883, 28.39878], [117.931495, 28.398119], [117.931479, 28.397737], [117.931339, 28.397576], [117.931108, 28.397524], [117.92988, 28.398214], [117.929504, 28.398567], [117.929333, 28.398563], [117.929236, 28.398402], [117.930277, 28.39768], [117.930336, 28.397307], [117.930475, 28.397171], [117.930765, 28.397298], [117.930996, 28.397255], [117.931006, 28.396982], [117.930685, 28.396439], [117.9304, 28.396302], [117.928603, 28.397326], [117.928051, 28.398063], [117.927868, 28.398067], [117.927756, 28.397959], [117.927847, 28.397312], [117.92848, 28.396996], [117.929129, 28.396383], [117.929987, 28.39583], [117.930384, 28.395373], [117.930486, 28.394938], [117.930733, 28.39458], [117.930706, 28.394337], [117.930454, 28.394107], [117.930175, 28.394064], [117.930009, 28.394126], [117.928491, 28.395249], [117.928179, 28.395758], [117.928035, 28.395763], [117.927954, 28.395442], [117.928024, 28.395253], [117.929215, 28.394409], [117.929231, 28.394116], [117.929118, 28.393725], [117.929295, 28.393597], [117.929794, 28.393503], [117.930317, 28.393017], [117.930513, 28.392582], [117.930438, 28.392238], [117.930196, 28.392078], [117.929193, 28.392125], [117.928668, 28.392243], [117.928378, 28.392394], [117.928265, 28.392351], [117.928271, 28.392177], [117.928609, 28.391936], [117.930309, 28.391724], [117.930492, 28.391469], [117.930411, 28.391289], [117.93025, 28.391214], [117.929714, 28.391228], [117.929075, 28.391436], [117.92877, 28.391417], [117.928721, 28.391304], [117.930341, 28.390756], [117.930529, 28.390534], [117.930615, 28.390152], [117.930443, 28.389857], [117.929907, 28.389789], [117.929413, 28.389876], [117.927761, 28.390461], [117.92745, 28.390272], [117.92819, 28.38998], [117.928609, 28.389392], [117.928684, 28.388774], [117.929048, 28.388434], [117.929166, 28.38809], [117.929172, 28.387269], [117.928952, 28.386353], [117.928925, 28.3854], [117.928732, 28.385032], [117.928501, 28.384899], [117.927927, 28.385055], [117.926779, 28.383937], [117.926753, 28.383738], [117.926908, 28.383328], [117.926903, 28.383186], [117.926372, 28.383078], [117.926061, 28.382814], [117.925991, 28.382582], [117.926377, 28.382412], [117.926538, 28.381728], [117.926323, 28.380916], [117.925808, 28.3806], [117.925025, 28.380005], [117.924843, 28.379731], [117.924907, 28.378382], [117.925267, 28.37769], [117.925299, 28.37745], [117.92517, 28.377006], [117.92487, 28.376506], [117.924306, 28.375949], [117.923829, 28.375713], [117.923502, 28.375623], [117.922976, 28.375656], [117.922375, 28.376], [117.92208, 28.376572], [117.921463, 28.377388], [117.921324, 28.377445], [117.921195, 28.377266], [117.921742, 28.376657], [117.921925, 28.376227], [117.921839, 28.376029], [117.921479, 28.37592], [117.921098, 28.376024], [117.920852, 28.376289], [117.920396, 28.377067], [117.920315, 28.377072], [117.920519, 28.376421], [117.920492, 28.376175], [117.919907, 28.376203], [117.919473, 28.376491], [117.919323, 28.376548], [117.919242, 28.37644]]]}, "properties": {"display_name": "茅家岭街道, 信州区, 上饶市, 江西省, 中国", "type": "administrative", "osm_type": "relation", "osm_id": 7684931, "class": null, "keyword": "subdistrict"}}, {"type": "Feature", "geometry": {"type": "Polygon", "coordinates": [[[117.554991, 28.399767], [117.555203, 28.399199], [117.555301, 28.39916], [117.555423, 28.399241], [117.555633, 28.399575], [117.555791, 28.399685], [117.555957, 28.399732], [117.556192, 28.399657], [117.556107, 28.399238], [117.55622, 28.398902], [117.556609, 28.398753], [117.557346, 28.39881], [117.5576, 28.398738], [117.557758, 28.398581], [117.557822, 28.398277], [117.557813, 28.397861], [117.557614, 28.396861], [117.55761, 28.396139], [117.5578, 28.395656], [117.55767, 28.395342], [117.557274, 28.39503], [117.557228, 28.394662], [117.557315, 28.394019], [117.557277, 28.393748], [117.557093, 28.393565], [117.556766, 28.393896], [117.556578, 28.393959], [117.556216, 28.39384], [117.55609, 28.393612], [117.555861, 28.392766], [117.555859, 28.392477], [117.555956, 28.392267], [117.556103, 28.392175], [117.556693, 28.392168], [117.556756, 28.392138], [117.556787, 28.391945], [117.556688, 28.391825], [117.555965, 28.391585], [117.555798, 28.39142], [117.555745, 28.391247], [117.555848, 28.390025], [117.556136, 28.389818], [117.557178, 28.389804], [117.558586, 28.389515], [117.559225, 28.3892], [117.55983, 28.389012], [117.560453, 28.38908], [117.561302, 28.389401], [117.561634, 28.389261], [117.561953, 28.389237], [117.562257, 28.388983], [117.562731, 28.388564], [117.562951, 28.387918], [117.562957, 28.387672], [117.562804, 28.387248], [117.562933, 28.386536], [117.563187, 28.386362], [117.563537, 28.386351], [117.563707, 28.38627], [117.563901, 28.385635], [117.563851, 28.385411], [117.563626, 28.385038], [117.563726, 28.384825], [117.563435, 28.384554], [117.563372, 28.384193], [117.563054, 28.383722], [117.563054, 28.383528], [117.562761, 28.383014], [117.562834, 28.382701], [117.562987, 28.382641], [117.563522, 28.382726], [117.563698, 28.38243], [117.567404, 28.38136], [117.569326, 28.380506], [117.569426, 28.380228], [117.569376, 28.379848], [117.568879, 28.378931], [117.568866, 28.378903], [117.570066, 28.378304], [117.569737, 28.377972], [117.569637, 28.37761], [117.569668, 28.377349], [117.570011, 28.377333], [117.569881, 28.377522], [117.569883, 28.377739], [117.570048, 28.377985], [117.570327, 28.378143], [117.570638, 28.378156], [117.571111, 28.377907], [117.570502, 28.377214], [117.570336, 28.376896], [117.570385, 28.376794], [117.570532, 28.376736], [117.57055, 28.376982], [117.571257, 28.377688], [117.571388, 28.377688], [117.571468, 28.377267], [117.571648, 28.377382], [117.571668, 28.377962], [117.571833, 28.378179], [117.572823, 28.376607], [117.573048, 28.375881], [117.57303, 28.375475], [117.573176, 28.375358], [117.57327, 28.374633], [117.573202, 28.374053], [117.572939, 28.373924], [117.572596, 28.373984], [117.572239, 28.374581], [117.570951, 28.375457], [117.570789, 28.37585], [117.57051, 28.375779], [117.570136, 28.376042], [117.569269, 28.376264], [117.569186, 28.376105], [117.569742, 28.375885], [117.570736, 28.37514], [117.570833, 28.374994], [117.5708, 28.37482], [117.569849, 28.374521], [117.569635, 28.374391], [117.570421, 28.374315], [117.570765, 28.374472], [117.571224, 28.374528], [117.571956, 28.373639], [117.572396, 28.373347], [117.572789, 28.373331], [117.573114, 28.372952], [117.573242, 28.372342], [117.572912, 28.372011], [117.572486, 28.371795], [117.572202, 28.370724], [117.571627, 28.37035], [117.571446, 28.370351], [117.571528, 28.370191], [117.571757, 28.370146], [117.572364, 28.370433], [117.572593, 28.370432], [117.573055, 28.371154], [117.573059, 28.371836], [117.573355, 28.37211], [117.574302, 28.371641], [117.574184, 28.371148], [117.574249, 28.371003], [117.574462, 28.37093], [117.574498, 28.371625], [117.574974, 28.371739], [117.575529, 28.371634], [117.575466, 28.372026], [117.574614, 28.371857], [117.574319, 28.371887], [117.573601, 28.372253], [117.57357, 28.372457], [117.573734, 28.372528], [117.575142, 28.37255], [117.57557, 28.372982], [117.575836, 28.373735], [117.576131, 28.373951], [117.576328, 28.373964], [117.576752, 28.373716], [117.576767, 28.37344], [117.577092, 28.37296], [117.577255, 28.372872], [117.577666, 28.373073], [117.578256, 28.37323], [117.579106, 28.373066], [117.579203, 28.372703], [117.579415, 28.372499], [117.57915, 28.372036], [117.579199, 28.37192], [117.579379, 28.37189], [117.579593, 28.372251], [117.579807, 28.372352], [117.580036, 28.372351], [117.580102, 28.372495], [117.579958, 28.373148], [117.580126, 28.373785], [117.580734, 28.374116], [117.580753, 28.374652], [117.582012, 28.376009], [117.583602, 28.376364], [117.584011, 28.376289], [117.584158, 28.376086], [117.584107, 28.375883], [117.583877, 28.375797], [117.583515, 28.375509], [117.58363, 28.37545], [117.584056, 28.375549], [117.584762, 28.375851], [117.585431, 28.375441], [117.586535, 28.375436], [117.586732, 28.375507], [117.586929, 28.375449], [117.586895, 28.375231], [117.586055, 28.37454], [117.586169, 28.374321], [117.586397, 28.374219], [117.58646, 28.373725], [117.58623, 28.373466], [117.585641, 28.373729], [117.585216, 28.373819], [117.58479, 28.373806], [117.584183, 28.373533], [117.584035, 28.373563], [117.583742, 28.373884], [117.583513, 28.37387], [117.583315, 28.373697], [117.582873, 28.373627], [117.582346, 28.373151], [117.582117, 28.373152], [117.581903, 28.372965], [117.581919, 28.372878], [117.582296, 28.372963], [117.58246, 28.373093], [117.583002, 28.373206], [117.58346, 28.373175], [117.583591, 28.373101], [117.583787, 28.3731], [117.584149, 28.373345], [117.585246, 28.37334], [117.586554, 28.372782], [117.586961, 28.372375], [117.587517, 28.372241], [117.588402, 28.37231], [117.588632, 28.37241], [117.588917, 28.372753], [117.589004, 28.373153], [117.589225, 28.373217], [117.589244, 28.374036], [117.589743, 28.374047], [117.589762, 28.373442], [117.590173, 28.373388], [117.590263, 28.373615], [117.590288, 28.374051], [117.590128, 28.374448], [117.590182, 28.374936], [117.590593, 28.374713], [117.59085, 28.374673], [117.591298, 28.374781], [117.591365, 28.374943], [117.591631, 28.37517], [117.591832, 28.375644], [117.592076, 28.375857], [117.592666, 28.376115], [117.593755, 28.376422], [117.59427, 28.376478], [117.59436, 28.376855], [117.59458, 28.376692], [117.595328, 28.376695], [117.595617, 28.377084], [117.595735, 28.377044], [117.595599, 28.37655], [117.595967, 28.376562], [117.596136, 28.376463], [117.596872, 28.376701], [117.596926, 28.377058], [117.597015, 28.377181], [117.597471, 28.377348], [117.597794, 28.377672], [117.598133, 28.377833], [117.598281, 28.378034], [117.598502, 28.378137], [117.598722, 28.377941], [117.598397, 28.377657], [117.598343, 28.377338], [117.597966, 28.376976], [117.597987, 28.376793], [117.598214, 28.376669], [117.598429, 28.375738], [117.598664, 28.375581], [117.598631, 28.375067], [117.59766, 28.374824], [117.597415, 28.374526], [117.597488, 28.374337], [117.597649, 28.374284], [117.598166, 28.374666], [117.598402, 28.374697], [117.598555, 28.374586], [117.598737, 28.374176], [117.598928, 28.374155], [117.599341, 28.374296], [117.600167, 28.374755], [117.600616, 28.374844], [117.600801, 28.375097], [117.601059, 28.375271], [117.601405, 28.375367], [117.601863, 28.375638], [117.60235, 28.37602], [117.602263, 28.376125], [117.6023, 28.376198], [117.602121, 28.376567], [117.602151, 28.376729], [117.602046, 28.376938], [117.60233, 28.377036], [117.602331, 28.377239], [117.602179, 28.377501], [117.602263, 28.377694], [117.60234, 28.377693], [117.602413, 28.378006], [117.602775, 28.378334], [117.602764, 28.378615], [117.602365, 28.378998], [117.602389, 28.379097], [117.60265, 28.379196], [117.602727, 28.379367], [117.602471, 28.379969], [117.602697, 28.380223], [117.60147, 28.381179], [117.600968, 28.381196], [117.600698, 28.381386], [117.600682, 28.38163], [117.60077, 28.381667], [117.601035, 28.381446], [117.601359, 28.381383], [117.60156, 28.38147], [117.601573, 28.381616], [117.60148, 28.381857], [117.601028, 28.38235], [117.600753, 28.3828], [117.600352, 28.382817], [117.600352, 28.382901], [117.600666, 28.382987], [117.600275, 28.383841], [117.599751, 28.383947], [117.599586, 28.384072], [117.59964, 28.384124], [117.600218, 28.384076], [117.600503, 28.384356], [117.60044, 28.384768], [117.600288, 28.384967], [117.60007, 28.385032], [117.600176, 28.385082], [117.600242, 28.385229], [117.600162, 28.38574], [117.600075, 28.385934], [117.599874, 28.385846], [117.599756, 28.385956], [117.599561, 28.386823], [117.599426, 28.386949], [117.59955, 28.387121], [117.599577, 28.387544], [117.59973, 28.387533], [117.599809, 28.386937], [117.59995, 28.386785], [117.599973, 28.386649], [117.600255, 28.386491], [117.600437, 28.386277], [117.600511, 28.38589], [117.600462, 28.385441], [117.600718, 28.384946], [117.600842, 28.384861], [117.600923, 28.384615], [117.600908, 28.384078], [117.601087, 28.383367], [117.601614, 28.382645], [117.601903, 28.382632], [117.602121, 28.382496], [117.601827, 28.381829], [117.602371, 28.381774], [117.602586, 28.382285], [117.603034, 28.382293], [117.603175, 28.382993], [117.602762, 28.38324], [117.602722, 28.383335], [117.602986, 28.384131], [117.602898, 28.384237], [117.603095, 28.384643], [117.602568, 28.385261], [117.602447, 28.385866], [117.602707, 28.385902], [117.602737, 28.386053], [117.602909, 28.386146], [117.60295, 28.386083], [117.603334, 28.38615], [117.603832, 28.386534], [117.605469, 28.387441], [117.605346, 28.387556], [117.60409, 28.386836], [117.603487, 28.386598], [117.603233, 28.386594], [117.603069, 28.386835], [117.603047, 28.387205], [117.603276, 28.387904], [117.604408, 28.388432], [117.604576, 28.388749], [117.60514, 28.388956], [117.6054, 28.38896], [117.605482, 28.388866], [117.605665, 28.388865], [117.605736, 28.388937], [117.605347, 28.389075], [117.605046, 28.389076], [117.604951, 28.388982], [117.604537, 28.388896], [117.604145, 28.388427], [117.603719, 28.388236], [117.603542, 28.388226], [117.60343, 28.388289], [117.603349, 28.388587], [117.603392, 28.388905], [117.603683, 28.389118], [117.604744, 28.389589], [117.605194, 28.389864], [117.605401, 28.389915], [117.605832, 28.389856], [117.605774, 28.38995], [117.605367, 28.39004], [117.605119, 28.389989], [117.604131, 28.389513], [117.603577, 28.389531], [117.603551, 28.390189], [117.603907, 28.390652], [117.604321, 28.390734], [117.604553, 28.390869], [117.604818, 28.390862], [117.605066, 28.390981], [117.605433, 28.390985], [117.605433, 28.391063], [117.605322, 28.391147], [117.604453, 28.391046], [117.604418, 28.391156], [117.604544, 28.391385], [117.604551, 28.391678], [117.604706, 28.39199], [117.605051, 28.392318], [117.60501, 28.392401], [117.604441, 28.391981], [117.604343, 28.391365], [117.60388, 28.390975], [117.603526, 28.390961], [117.603438, 28.391056], [117.603416, 28.391411], [117.603025, 28.392222], [117.602952, 28.392921], [117.603072, 28.393135], [117.603587, 28.393388], [117.60402, 28.393799], [117.604411, 28.394006], [117.60427, 28.394169], [117.604164, 28.394153], [117.603357, 28.393531], [117.603074, 28.393417], [117.602914, 28.393438], [117.602756, 28.39359], [117.602537, 28.394541], [117.602739, 28.39477], [117.603129, 28.3948], [117.603283, 28.394893], [117.603758, 28.395366], [117.60467, 28.39601], [117.604795, 28.39603], [117.60543, 28.395631], [117.605603, 28.395933], [117.60628, 28.396666], [117.606233, 28.396755], [117.605974, 28.396761], [117.605417, 28.397405], [117.605839, 28.398009], [117.605868, 28.398855], [117.605569, 28.399268], [117.605541, 28.399508], [117.605873, 28.399758], [117.605891, 28.39992], [117.605598, 28.40025], [117.605581, 28.40037], [117.605819, 28.400619], [117.605849, 28.400781], [117.605786, 28.401063], [117.60527, 28.401613], [117.605324, 28.401932], [117.60478, 28.401803], [117.604633, 28.401705], [117.604489, 28.401267], [117.603785, 28.401264], [117.603445, 28.400493], [117.603491, 28.400242], [117.602544, 28.398858], [117.602344, 28.398869], [117.602214, 28.398948], [117.601696, 28.399953], [117.601636, 28.400788], [117.601525, 28.401008], [117.601646, 28.401582], [117.601174, 28.401646], [117.600948, 28.401302], [117.600586, 28.40109], [117.600643, 28.401747], [117.600545, 28.402129], [117.600205, 28.402491], [117.599951, 28.402486], [117.599023, 28.402073], [117.598661, 28.40213], [117.599482, 28.403063], [117.599424, 28.403166], [117.599308, 28.403218], [117.599123, 28.40315], [117.598509, 28.402492], [117.598256, 28.402347], [117.597085, 28.4011], [117.596755, 28.401041], [117.595937, 28.400445], [117.595655, 28.400334], [117.595374, 28.400353], [117.59518, 28.400465], [117.596183, 28.401052], [117.598628, 28.403049], [117.600473, 28.405374], [117.600725, 28.405416], [117.60102, 28.405981], [117.601495, 28.406065], [117.602257, 28.405598], [117.602655, 28.405631], [117.603142, 28.406006], [117.603355, 28.405894], [117.604359, 28.406705], [117.604356, 28.40625], [117.605189, 28.405964], [117.605312, 28.405414], [117.605281, 28.405105], [117.604861, 28.404704], [117.604735, 28.404704], [117.604484, 28.404877], [117.604261, 28.404878], [117.60449, 28.404148], [117.604197, 28.403883], [117.604477, 28.403496], [117.604103, 28.402648], [117.604091, 28.402323], [117.604247, 28.402356], [117.604346, 28.402793], [117.604747, 28.403383], [117.605117, 28.403648], [117.605296, 28.404316], [117.605413, 28.404402], [117.605601, 28.404992], [117.606078, 28.405668], [117.607021, 28.406093], [117.607025, 28.405038], [117.606937, 28.404944], [117.607262, 28.404119], [117.607162, 28.403502], [117.606782, 28.403247], [117.606945, 28.402894], [117.607207, 28.402944], [117.607327, 28.403476], [117.607493, 28.40375], [117.6076, 28.403698], [117.608729, 28.404337], [117.608623, 28.404423], [117.607807, 28.40428], [117.607478, 28.404436], [117.60766, 28.405799], [117.607758, 28.405936], [117.608534, 28.405907], [117.608972, 28.406025], [117.608972, 28.406128], [117.608497, 28.406147], [117.608032, 28.406415], [117.607761, 28.406399], [117.607626, 28.40658], [117.607647, 28.406897], [117.607803, 28.407102], [117.608523, 28.407331], [117.608543, 28.407417], [117.608515, 28.407563], [117.608428, 28.407597], [117.60832, 28.407546], [117.607942, 28.407574], [117.607642, 28.407652], [117.607459, 28.407816], [117.607405, 28.408682], [117.607552, 28.408836], [117.607382, 28.409669], [117.607634, 28.409659], [117.607894, 28.409401], [117.608717, 28.408977], [117.609103, 28.408573], [117.609316, 28.408563], [117.609812, 28.408767], [117.609967, 28.408681], [117.610308, 28.408894], [117.610441, 28.408353], [117.610156, 28.407839], [117.609728, 28.405954], [117.609796, 28.405868], [117.610088, 28.406047], [117.610118, 28.406287], [117.610348, 28.406809], [117.610728, 28.407091], [117.610739, 28.407245], [117.611335, 28.407938], [117.611376, 28.408246], [117.6116, 28.408486], [117.611785, 28.408519], [117.612017, 28.408355], [117.612514, 28.407058], [117.61333, 28.407244], [117.613692, 28.407706], [117.613925, 28.40767], [117.614079, 28.407507], [117.614312, 28.407454], [117.614546, 28.407651], [117.614674, 28.407916], [117.614493, 28.408449], [117.614191, 28.408459], [117.613775, 28.408606], [117.613514, 28.408804], [117.613526, 28.40913], [117.613672, 28.409344], [117.614363, 28.409642], [117.614421, 28.409495], [117.614838, 28.409528], [117.614782, 28.409794], [117.61489, 28.410008], [117.614648, 28.410104], [117.614678, 28.410241], [117.614833, 28.410257], [117.615153, 28.410145], [117.615316, 28.409938], [117.615676, 28.409954], [117.615842, 28.410228], [117.616496, 28.410792], [117.616433, 28.410003], [117.615765, 28.408675], [117.615791, 28.408221], [117.614589, 28.406656], [117.614206, 28.406048], [117.614029, 28.405508], [117.614017, 28.405234], [117.614328, 28.405207], [117.61455, 28.404966], [117.614545, 28.404237], [117.614337, 28.403474], [117.614628, 28.403456], [117.614775, 28.403687], [117.615096, 28.403806], [117.615202, 28.403745], [117.61524, 28.403616], [117.615151, 28.403265], [117.615135, 28.400503], [117.615192, 28.400323], [117.615142, 28.400057], [117.615325, 28.399808], [117.615275, 28.39961], [117.615847, 28.399411], [117.615992, 28.399436], [117.616071, 28.399564], [117.615463, 28.400142], [117.61559, 28.400296], [117.615822, 28.40026], [117.615919, 28.400106], [117.61649, 28.399812], [117.616664, 28.399837], [117.616998, 28.40035], [117.61697, 28.400625], [117.616672, 28.401132], [117.616549, 28.40163], [117.61626, 28.401991], [117.616095, 28.402026], [117.615728, 28.402294], [117.615603, 28.402509], [117.615672, 28.402671], [117.615895, 28.402748], [117.616204, 28.402403], [117.616543, 28.402411], [117.616729, 28.402487], [117.616751, 28.403027], [117.616345, 28.403346], [117.616278, 28.403492], [117.61627, 28.40369], [117.616523, 28.403757], [117.616552, 28.403852], [117.615308, 28.405263], [117.61531, 28.405538], [117.615157, 28.405984], [117.615192, 28.406094], [117.615357, 28.405986], [117.615958, 28.405191], [117.616424, 28.405042], [117.6166, 28.405143], [117.616799, 28.405649], [117.616841, 28.40647], [117.616749, 28.406593], [117.616113, 28.406817], [117.616035, 28.406944], [117.616091, 28.40705], [117.616471, 28.407253], [117.616428, 28.40767], [117.616194, 28.408059], [117.6162, 28.408226], [117.616307, 28.408308], [117.616621, 28.408347], [117.616728, 28.408474], [117.616923, 28.409266], [117.616874, 28.409642], [117.617415, 28.40962], [117.617479, 28.409542], [117.617321, 28.40933], [117.617301, 28.409162], [117.617415, 28.408863], [117.617173, 28.408603], [117.617065, 28.408244], [117.61707, 28.407667], [117.616977, 28.407484], [117.617259, 28.406682], [117.617631, 28.406366], [117.617566, 28.406194], [117.617273, 28.405978], [117.617176, 28.40528], [117.617173, 28.403094], [117.617365, 28.401989], [117.617466, 28.401805], [117.617352, 28.401344], [117.617379, 28.401201], [117.617526, 28.401016], [117.617922, 28.400774], [117.61762, 28.399581], [117.61764, 28.399418], [117.617709, 28.399295], [117.617843, 28.399278], [117.617996, 28.399335], [117.61852, 28.399308], [117.619109, 28.398746], [117.619511, 28.398695], [117.619686, 28.398519], [117.619935, 28.398032], [117.621639, 28.396755], [117.622552, 28.396314], [117.622945, 28.39626], [117.622953, 28.396885], [117.62231, 28.39766], [117.622121, 28.397758], [117.621745, 28.397654], [117.621677, 28.397102], [117.621553, 28.397094], [117.621389, 28.397536], [117.621515, 28.397859], [117.62135, 28.39806], [117.621124, 28.39813], [117.620596, 28.398103], [117.620635, 28.398381], [117.62019, 28.398959], [117.620408, 28.399068], [117.621052, 28.398571], [117.621906, 28.398197], [117.622096, 28.398233], [117.62212, 28.398412], [117.621946, 28.398666], [117.620581, 28.400208], [117.620633, 28.400367], [117.620889, 28.400599], [117.621101, 28.400586], [117.62161, 28.399943], [117.621965, 28.3997], [117.622155, 28.399716], [117.622185, 28.401036], [117.621997, 28.402103], [117.622138, 28.402344], [117.622536, 28.402396], [117.622753, 28.402333], [117.622948, 28.400841], [117.62323, 28.400199], [117.623307, 28.399773], [117.623293, 28.398339], [117.623475, 28.397803], [117.623906, 28.397961], [117.624236, 28.398348], [117.624265, 28.39858], [117.623927, 28.399191], [117.623777, 28.399653], [117.623924, 28.399563], [117.624578, 28.398743], [117.624708, 28.398718], [117.625408, 28.399087], [117.625535, 28.399332], [117.625495, 28.399549], [117.624746, 28.400426], [117.624811, 28.400483], [117.625037, 28.400376], [117.62554, 28.399859], [117.625697, 28.399859], [117.626033, 28.400365], [117.626035, 28.400569], [117.625492, 28.401241], [117.625262, 28.401315], [117.625299, 28.401495], [117.625149, 28.401781], [117.625266, 28.402096], [117.625425, 28.402291], [117.625489, 28.402259], [117.62596, 28.401284], [117.626323, 28.400907], [117.62659, 28.400767], [117.626804, 28.400909], [117.62701, 28.401358], [117.627037, 28.401877], [117.626418, 28.402848], [117.626424, 28.403032], [117.626475, 28.403113], [117.62672, 28.403104], [117.626839, 28.402826], [117.6275, 28.402014], [117.627667, 28.402055], [117.627869, 28.402332], [117.627906, 28.403002], [117.627831, 28.403628], [117.62755, 28.40389], [117.627473, 28.404083], [117.627635, 28.404135], [117.627977, 28.404007], [117.628121, 28.40415], [117.628151, 28.40462], [117.62793, 28.405356], [117.628236, 28.405543], [117.628718, 28.405623], [117.628781, 28.406142], [117.628675, 28.406367], [117.628935, 28.406493], [117.629152, 28.406468], [117.629314, 28.406341], [117.629448, 28.405658], [117.629975, 28.405431], [117.630168, 28.405295], [117.630154, 28.405197], [117.629963, 28.404957], [117.629847, 28.404912], [117.629597, 28.404962], [117.629081, 28.404502], [117.628934, 28.403992], [117.628899, 28.40353], [117.628967, 28.403326], [117.629276, 28.403079], [117.629261, 28.402928], [117.629006, 28.402843], [117.627597, 28.400661], [117.627836, 28.400428], [117.628112, 28.400279], [117.628107, 28.400087], [117.627464, 28.400433], [117.627144, 28.400311], [117.626521, 28.399819], [117.626437, 28.399632], [117.626302, 28.398757], [117.626629, 28.398572], [117.626725, 28.398311], [117.626425, 28.398516], [117.626213, 28.39857], [117.625462, 28.398388], [117.625006, 28.397855], [117.625005, 28.397711], [117.62489, 28.397728], [117.624625, 28.397545], [117.624582, 28.397357], [117.624434, 28.397342], [117.624357, 28.396798], [117.624132, 28.39626], [117.624092, 28.395933], [117.6246, 28.3958], [117.624726, 28.395906], [117.624683, 28.396437], [117.62473, 28.396552], [117.625304, 28.39684], [117.62526, 28.397216], [117.625502, 28.397473], [117.625514, 28.397837], [117.625881, 28.398088], [117.626181, 28.397993], [117.627147, 28.397022], [117.627278, 28.396965], [117.627549, 28.397032], [117.62767, 28.397142], [117.627575, 28.398222], [117.627873, 28.399574], [117.627975, 28.399614], [117.628733, 28.399435], [117.628951, 28.399455], [117.62923, 28.399753], [117.629245, 28.399904], [117.628675, 28.400617], [117.62866, 28.401132], [117.629127, 28.402291], [117.629395, 28.402282], [117.630036, 28.40194], [117.630351, 28.40198], [117.630796, 28.40249], [117.630795, 28.403356], [117.630953, 28.40345], [117.632034, 28.403054], [117.632538, 28.403056], [117.632617, 28.403219], [117.632513, 28.404294], [117.632279, 28.404916], [117.632295, 28.405199], [117.63244, 28.405472], [117.632587, 28.40615], [117.632565, 28.406305], [117.632372, 28.406559], [117.631809, 28.406835], [117.631564, 28.407081], [117.631491, 28.407285], [117.631526, 28.407694], [117.631694, 28.407943], [117.631714, 28.408225], [117.631336, 28.408479], [117.630657, 28.408641], [117.630514, 28.408842], [117.630765, 28.408919], [117.63109, 28.409171], [117.631233, 28.40908], [117.632149, 28.408975], [117.631399, 28.40975], [117.631282, 28.410327], [117.630941, 28.410573], [117.630033, 28.411774], [117.629439, 28.412299], [117.628582, 28.412853], [117.62838, 28.413116], [117.628269, 28.413905], [117.62806, 28.414493], [117.627596, 28.415104], [117.627523, 28.416024], [117.627376, 28.416237], [117.627264, 28.416817], [117.62757, 28.41689], [117.627905, 28.41722], [117.627709, 28.418459], [117.627912, 28.418454], [117.62817, 28.418171], [117.628811, 28.417846], [117.628917, 28.417654], [117.629028, 28.416991], [117.629044, 28.416268], [117.629462, 28.415751], [117.629543, 28.4154], [117.629988, 28.414912], [117.630385, 28.41473], [117.630351, 28.415156], [117.630531, 28.415188], [117.630702, 28.414296], [117.630936, 28.413953], [117.63211, 28.414566], [117.63375, 28.416432], [117.633834, 28.416387], [117.634057, 28.416639], [117.633535, 28.416784], [117.633323, 28.416928], [117.63285, 28.417452], [117.632479, 28.417695], [117.632089, 28.41817], [117.63172, 28.41847], [117.631525, 28.418985], [117.630953, 28.419277], [117.630859, 28.419883], [117.631264, 28.420265], [117.631506, 28.420379], [117.631415, 28.420674], [117.631272, 28.420678], [117.631099, 28.420487], [117.630891, 28.420463], [117.630793, 28.420373], [117.630414, 28.420444], [117.630246, 28.420248], [117.630249, 28.41997], [117.630529, 28.419487], [117.630805, 28.419209], [117.630651, 28.419123], [117.629992, 28.419023], [117.627856, 28.419263], [117.624849, 28.4192], [117.62407, 28.418921], [117.623985, 28.420172], [117.624033, 28.420478], [117.624173, 28.420797], [117.624512, 28.421016], [117.62485, 28.421056], [117.62537, 28.420498], [117.626375, 28.420094], [117.627183, 28.419589], [117.627868, 28.419652], [117.627927, 28.42022], [117.62838, 28.420745], [117.628547, 28.42083], [117.62879, 28.42125], [117.62898, 28.421246], [117.629124, 28.421417], [117.629093, 28.421613], [117.628826, 28.421851], [117.62891, 28.422056], [117.628924, 28.422664], [117.6292, 28.423182], [117.630128, 28.424499], [117.630162, 28.4247], [117.630056, 28.42479], [117.629949, 28.424774], [117.628976, 28.424323], [117.628637, 28.424243], [117.627867, 28.42465], [117.627514, 28.425129], [117.627248, 28.425666], [117.627063, 28.426357], [117.627094, 28.426897], [117.626969, 28.427682], [117.627014, 28.428343], [117.626893, 28.428932], [117.62676, 28.429072], [117.626137, 28.42928], [117.626177, 28.429305], [117.626018, 28.429388], [117.625989, 28.429531], [117.625871, 28.429506], [117.62552, 28.429819], [117.625582, 28.430312], [117.62579, 28.430597], [117.626085, 28.430739], [117.626422, 28.430595], [117.626983, 28.430969], [117.628147, 28.431251], [117.629194, 28.431806], [117.629372, 28.431948], [117.629241, 28.432338], [117.629407, 28.432896], [117.629247, 28.433144], [117.629041, 28.433261], [117.6287, 28.432821], [117.627108, 28.432086], [117.626148, 28.431479], [117.625898, 28.43148], [117.625781, 28.431597], [117.625368, 28.431352], [117.625133, 28.431352], [117.624577, 28.431835], [117.623984, 28.433019], [117.623297, 28.433814], [117.62268, 28.433803], [117.621544, 28.435664], [117.620395, 28.436357], [117.620152, 28.437501], [117.619742, 28.437762], [117.619684, 28.437944], [117.619522, 28.437996], [117.61883, 28.437688], [117.618625, 28.437896], [117.61839, 28.43791], [117.61828, 28.437663], [117.618058, 28.437534], [117.617897, 28.437535], [117.617604, 28.437679], [117.616449, 28.438852], [117.616185, 28.438905], [117.615733, 28.439582], [117.615455, 28.43983], [117.615488, 28.440389], [117.61519, 28.440649], [117.614028, 28.440693], [117.613765, 28.440876], [117.613603, 28.440876], [117.613306, 28.440345], [117.61272, 28.440646], [117.611852, 28.440584], [117.611491, 28.440079], [117.61121, 28.43995], [117.61112, 28.439626], [117.610765, 28.439277], [117.610163, 28.439292], [117.609764, 28.438891], [117.609629, 28.438398], [117.60864, 28.437765], [117.608058, 28.437118], [117.607789, 28.436392], [117.606907, 28.43637], [117.606745, 28.436227], [117.60664, 28.435955], [117.606637, 28.435383], [117.606547, 28.435176], [117.606179, 28.434944], [117.605986, 28.434711], [117.605953, 28.434126], [117.605438, 28.433947], [117.605305, 28.433921], [117.604779, 28.434417], [117.604603, 28.434418], [117.60444, 28.434211], [117.60438, 28.433912], [117.603997, 28.433784], [117.603073, 28.434073], [117.601638, 28.434911], [117.6022, 28.435532], [117.602054, 28.435676], [117.60176, 28.435742], [117.601323, 28.43638], [117.601252, 28.436705], [117.601607, 28.437093], [117.601505, 28.437301], [117.600873, 28.437317], [117.600107, 28.436943], [117.598963, 28.435966], [117.59819, 28.436445], [117.597946, 28.435862], [117.596933, 28.435135], [117.596444, 28.43458], [117.595755, 28.433544], [117.595735, 28.432632], [117.59584, 28.432383], [117.595723, 28.431759], [117.595688, 28.431008], [117.59583, 28.430672], [117.595923, 28.429692], [117.595395, 28.427474], [117.594776, 28.426685], [117.594186, 28.425702], [117.594131, 28.425414], [117.593856, 28.424939], [117.593673, 28.424899], [117.590746, 28.421163], [117.590518, 28.42101], [117.589021, 28.42052], [117.587656, 28.4205], [117.586439, 28.420861], [117.585885, 28.420926], [117.585785, 28.421284], [117.584152, 28.422295], [117.582839, 28.422821], [117.582539, 28.423413], [117.581971, 28.423112], [117.581911, 28.423237], [117.581913, 28.423667], [117.579322, 28.426993], [117.578997, 28.426941], [117.5774, 28.423403], [117.583638, 28.420901], [117.583308, 28.419756], [117.58377, 28.419199], [117.584108, 28.418123], [117.5842, 28.416332], [117.584541, 28.415846], [117.585165, 28.415342], [117.584698, 28.415112], [117.583848, 28.415062], [117.583586, 28.415171], [117.583079, 28.415066], [117.582733, 28.41462], [117.58174, 28.414375], [117.581617, 28.413981], [117.582, 28.413819], [117.581857, 28.413622], [117.581272, 28.413822], [117.580905, 28.413287], [117.58076, 28.412768], [117.5809, 28.412481], [117.581549, 28.412782], [117.581691, 28.412782], [117.581263, 28.412354], [117.581342, 28.411924], [117.580425, 28.410675], [117.581269, 28.409686], [117.581349, 28.40947], [117.581062, 28.408755], [117.58108, 28.408379], [117.581626, 28.408448], [117.582178, 28.409377], [117.582158, 28.409556], [117.581677, 28.41031], [117.581294, 28.410455], [117.581375, 28.410581], [117.58184, 28.410543], [117.582486, 28.410288], [117.582588, 28.410449], [117.582688, 28.41009], [117.582989, 28.409785], [117.583535, 28.409764], [117.583657, 28.409835], [117.583399, 28.410678], [117.582795, 28.4112], [117.582329, 28.411095], [117.582413, 28.411667], [117.582676, 28.411666], [117.582938, 28.411486], [117.583201, 28.411431], [117.583404, 28.411609], [117.583667, 28.411518], [117.584367, 28.4101], [117.584281, 28.409277], [117.584037, 28.408884], [117.584035, 28.408651], [117.584156, 28.408507], [117.584297, 28.408489], [117.584275, 28.408131], [117.584578, 28.407986], [117.584922, 28.408056], [117.585002, 28.407948], [117.58478, 28.407842], [117.585223, 28.407661], [117.584818, 28.407573], [117.584676, 28.407466], [117.584755, 28.407269], [117.584874, 28.407215], [117.584844, 28.40711], [117.584592, 28.4071], [117.584494, 28.407363], [117.584195, 28.40763], [117.584148, 28.40783], [117.583731, 28.408121], [117.583728, 28.408275], [117.583581, 28.408456], [117.58343, 28.408568], [117.582916, 28.408705], [117.582709, 28.408703], [117.582463, 28.408533], [117.582446, 28.408265], [117.582762, 28.407092], [117.583123, 28.406671], [117.583115, 28.406507], [117.582656, 28.40666], [117.582464, 28.406812], [117.582371, 28.407364], [117.582236, 28.407554], [117.5822, 28.407777], [117.582068, 28.408037], [117.581776, 28.408222], [117.581436, 28.408224], [117.581041, 28.407934], [117.580714, 28.407568], [117.580347, 28.4074], [117.580025, 28.40764], [117.579722, 28.407665], [117.579525, 28.407535], [117.579219, 28.407464], [117.57903, 28.407518], [117.578317, 28.408036], [117.578255, 28.408263], [117.57829, 28.408489], [117.578231, 28.408584], [117.578076, 28.408588], [117.577948, 28.408986], [117.578127, 28.409227], [117.577972, 28.40932], [117.577884, 28.409524], [117.577885, 28.409757], [117.578067, 28.410517], [117.578254, 28.410794], [117.578084, 28.410943], [117.577847, 28.410914], [117.577733, 28.41042], [117.57741, 28.410182], [117.57715, 28.41017], [117.577117, 28.410256], [117.576962, 28.41027], [117.576646, 28.410094], [117.576652, 28.409832], [117.576445, 28.40983], [117.576348, 28.409742], [117.576142, 28.409366], [117.57602, 28.409422], [117.576104, 28.409779], [117.576023, 28.409963], [117.575538, 28.409926], [117.575615, 28.410391], [117.575568, 28.410661], [117.574839, 28.410723], [117.574608, 28.410449], [117.574475, 28.410443], [117.574009, 28.410688], [117.573738, 28.41064], [117.573777, 28.411041], [117.574035, 28.410934], [117.574461, 28.410916], [117.574554, 28.411043], [117.573643, 28.411543], [117.573261, 28.41244], [117.573106, 28.412572], [117.572643, 28.412706], [117.572179, 28.412567], [117.572656, 28.413076], [117.572604, 28.413162], [117.572192, 28.413292], [117.571971, 28.413515], [117.571539, 28.413639], [117.571807, 28.414608], [117.571722, 28.41466], [117.571611, 28.414612], [117.571576, 28.414279], [117.571307, 28.413828], [117.571025, 28.413849], [117.570396, 28.414102], [117.570324, 28.414488], [117.5706, 28.414906], [117.570463, 28.414923], [117.570046, 28.414407], [117.569423, 28.414903], [117.567944, 28.415773], [117.567622, 28.415667], [117.567272, 28.415387], [117.566303, 28.41591], [117.566035, 28.415898], [117.565906, 28.415991], [117.565472, 28.416062], [117.565447, 28.416285], [117.565141, 28.416477], [117.564764, 28.416568], [117.565108, 28.417241], [117.565119, 28.417438], [117.564129, 28.417985], [117.563699, 28.418331], [117.563417, 28.418244], [117.563117, 28.418253], [117.562541, 28.418394], [117.562245, 28.418763], [117.561948, 28.418522], [117.561477, 28.418331], [117.561642, 28.417992], [117.561641, 28.417802], [117.56157, 28.417707], [117.560656, 28.41727], [117.560808, 28.416639], [117.561213, 28.416168], [117.56105, 28.415582], [117.560953, 28.415471], [117.560952, 28.415196], [117.56031, 28.414849], [117.559917, 28.414098], [117.55969, 28.413804], [117.559484, 28.413712], [117.559875, 28.413238], [117.560009, 28.412731], [117.559985, 28.411206], [117.559875, 28.409974], [117.559567, 28.408836], [117.559572, 28.408427], [117.55949, 28.408187], [117.559235, 28.408126], [117.559148, 28.40754], [117.558994, 28.407205], [117.558599, 28.406725], [117.558288, 28.406536], [117.558033, 28.40652], [117.557656, 28.406662], [117.55754, 28.406458], [117.557666, 28.405932], [117.558223, 28.404941], [117.558315, 28.404609], [117.558222, 28.404446], [117.558019, 28.404301], [117.557977, 28.403853], [117.557806, 28.403506], [117.557614, 28.403343], [117.557317, 28.403412], [117.556955, 28.404211], [117.556783, 28.404442], [117.556661, 28.404488], [117.556551, 28.403622], [117.555887, 28.40259], [117.555902, 28.402143], [117.556132, 28.401578], [117.556529, 28.401111], [117.556867, 28.400521], [117.556892, 28.400202], [117.556703, 28.399991], [117.555022, 28.399867], [117.554991, 28.399767]]]}, "properties": {"display_name": "兴安街道, 横峰县, 上饶市, 江西省, 中国", "type": "administrative", "osm_type": "relation", "osm_id": 9049028, "class": null, "keyword": "subdistrict"}}, {"type": "Feature", "geometry": {"type": "Polygon", "coordinates": [[[118.141179, 28.424845], [118.141351, 28.424543], [118.141437, 28.42409], [118.141651, 28.423901], [118.141737, 28.423977], [118.141994, 28.423977], [118.14208, 28.424052], [118.14311, 28.424052], [118.143196, 28.423977], [118.143368, 28.423977], [118.143454, 28.424052], [118.143883, 28.424052], [118.143969, 28.424128], [118.144655, 28.423448], [118.144741, 28.423448], [118.144913, 28.423297], [118.145685, 28.423297], [118.145771, 28.423222], [118.146028, 28.423222], [118.146114, 28.423146], [118.146544, 28.423146], [118.146887, 28.423297], [118.147058, 28.423448], [118.147488, 28.423448], [118.147831, 28.423297], [118.148217, 28.422958], [118.148217, 28.42258], [118.148131, 28.422505], [118.148131, 28.422278], [118.14796, 28.421976], [118.14796, 28.421825], [118.147788, 28.421599], [118.147788, 28.421372], [118.147917, 28.421259], [118.14826, 28.421259], [118.148432, 28.421335], [118.148689, 28.421184], [118.148861, 28.421259], [118.14929, 28.421259], [118.149505, 28.421146], [118.149505, 28.420693], [118.149419, 28.420617], [118.149419, 28.420391], [118.149333, 28.42024], [118.148947, 28.4199], [118.148646, 28.419863], [118.148646, 28.419787], [118.148904, 28.419561], [118.14899, 28.419334], [118.149161, 28.419183], [118.149161, 28.419032], [118.149333, 28.418881], [118.14899, 28.418579], [118.14899, 28.418428], [118.149161, 28.418277], [118.149247, 28.418051], [118.149505, 28.417919], [118.149591, 28.417919], [118.149719, 28.418032], [118.149719, 28.418259], [118.149805, 28.41841], [118.150277, 28.418749], [118.150535, 28.418749], [118.150792, 28.418523], [118.150964, 28.418523], [118.151007, 28.418712], [118.151221, 28.4189], [118.151393, 28.4189], [118.151565, 28.419051], [118.152165, 28.419051], [118.152509, 28.419353], [118.152766, 28.419429], [118.153367, 28.418976], [118.153539, 28.418976], [118.15371, 28.419127], [118.153796, 28.419127], [118.154097, 28.418787], [118.154097, 28.418712], [118.154483, 28.418372], [118.154655, 28.418296], [118.155255, 28.418296], [118.155942, 28.418598], [118.156371, 28.418598], [118.157058, 28.418296], [118.157401, 28.418296], [118.157487, 28.418221], [118.157916, 28.418221], [118.158002, 28.418145], [118.158174, 28.418145], [118.158946, 28.417541], [118.159118, 28.417541], [118.159375, 28.41739], [118.160062, 28.41724], [118.160405, 28.416937], [118.160491, 28.416937], [118.160834, 28.416711], [118.161778, 28.416711], [118.161864, 28.416787], [118.162208, 28.416787], [118.162336, 28.4169], [118.162336, 28.417051], [118.162079, 28.417277], [118.162079, 28.417504], [118.162208, 28.417617], [118.16298, 28.417541], [118.163238, 28.417692], [118.163409, 28.417617], [118.164267, 28.417617], [118.164439, 28.417541], [118.164868, 28.417164], [118.16504, 28.417164], [118.165469, 28.416937], [118.165641, 28.416937], [118.165941, 28.416598], [118.165941, 28.416522], [118.166199, 28.416296], [118.16637, 28.415994], [118.1674, 28.415012], [118.167315, 28.414786], [118.167529, 28.414597], [118.167872, 28.414522], [118.168216, 28.414295], [118.169074, 28.414371], [118.169203, 28.414258], [118.169246, 28.413918], [118.169417, 28.413918], [118.169503, 28.413993], [118.170104, 28.413993], [118.170276, 28.413918], [118.170791, 28.41339], [118.171134, 28.413314], [118.17122, 28.413238], [118.171391, 28.413238], [118.17152, 28.413125], [118.17152, 28.412974], [118.171692, 28.412672], [118.171692, 28.412446], [118.171778, 28.41237], [118.171778, 28.412219], [118.171864, 28.412144], [118.171864, 28.411993], [118.171949, 28.411917], [118.172121, 28.411313], [118.172293, 28.411087], [118.172293, 28.410936], [118.172464, 28.410634], [118.172464, 28.41003], [118.17255, 28.409955], [118.17255, 28.4092], [118.172765, 28.408935], [118.173108, 28.408935], [118.173537, 28.408709], [118.173709, 28.408709], [118.174009, 28.408445], [118.174009, 28.408369], [118.174353, 28.408143], [118.173408, 28.407312], [118.173408, 28.407237], [118.173537, 28.407124], [118.17431, 28.407124], [118.174396, 28.407199], [118.174739, 28.407199], [118.174996, 28.406972], [118.175254, 28.406972], [118.175426, 28.407048], [118.175726, 28.406784], [118.175898, 28.406482], [118.176327, 28.406104], [118.176327, 28.405802], [118.175855, 28.405161], [118.175254, 28.405312], [118.174868, 28.404896], [118.174868, 28.404443], [118.174954, 28.404292], [118.175254, 28.404028], [118.175597, 28.403877], [118.175726, 28.40399], [118.175726, 28.404141], [118.175812, 28.404217], [118.175898, 28.404519], [118.176327, 28.404972], [118.176413, 28.405274], [118.176713, 28.405538], [118.176885, 28.405538], [118.17697, 28.405614], [118.177142, 28.405614], [118.177228, 28.405689], [118.1774, 28.405689], [118.177486, 28.405765], [118.178172, 28.405916], [118.178472, 28.40618], [118.178558, 28.406331], [118.178558, 28.406557], [118.178644, 28.406633], [118.178644, 28.407614], [118.178859, 28.407652], [118.17903, 28.407577], [118.179331, 28.407237], [118.179417, 28.40701], [118.179545, 28.406897], [118.179631, 28.406897], [118.179674, 28.40701], [118.180704, 28.407841], [118.180704, 28.408143], [118.18079, 28.408218], [118.18079, 28.40852], [118.180876, 28.408596], [118.180876, 28.408747], [118.180532, 28.409124], [118.180532, 28.409275], [118.180618, 28.409351], [118.180618, 28.409879], [118.180489, 28.409992], [118.180189, 28.410106], [118.180189, 28.410408], [118.180361, 28.410559], [118.180275, 28.410709], [118.180275, 28.411087], [118.18006, 28.411276], [118.179889, 28.411276], [118.17976, 28.411389], [118.17976, 28.41154], [118.180275, 28.411993], [118.179975, 28.412182], [118.179116, 28.412106], [118.17903, 28.412182], [118.178687, 28.412257], [118.178472, 28.412446], [118.178472, 28.412899], [118.178215, 28.413125], [118.178215, 28.413352], [118.178472, 28.413729], [118.178472, 28.414031], [118.178558, 28.414107], [118.178558, 28.414786], [118.178816, 28.415239], [118.178816, 28.41539], [118.179009, 28.41556], [118.179009, 28.415541], [118.179073, 28.415484], [118.179245, 28.415598], [118.179374, 28.415635], [118.17946, 28.415711], [118.179717, 28.415824], [118.179996, 28.416069], [118.180168, 28.416371], [118.180232, 28.416428], [118.180361, 28.416466], [118.180489, 28.416617], [118.180575, 28.416617], [118.180618, 28.416579], [118.180833, 28.416579], [118.180876, 28.416541], [118.18109, 28.416541], [118.181133, 28.416504], [118.181348, 28.416504], [118.181391, 28.416466], [118.181562, 28.416466], [118.18182, 28.416277], [118.181906, 28.416277], [118.182292, 28.416617], [118.182335, 28.416617], [118.183172, 28.417353], [118.183258, 28.417504], [118.183322, 28.41756], [118.183365, 28.41756], [118.183386, 28.417466], [118.183429, 28.417428], [118.183429, 28.417353], [118.183472, 28.417315], [118.183472, 28.417202], [118.183515, 28.417164], [118.183515, 28.417088], [118.183558, 28.417051], [118.183558, 28.416975], [118.183644, 28.416824], [118.183644, 28.416711], [118.183687, 28.416673], [118.183687, 28.416598], [118.183773, 28.416447], [118.183773, 28.416334], [118.184051, 28.416088], [118.184094, 28.416088], [118.184266, 28.415937], [118.184309, 28.415937], [118.184738, 28.415598], [118.184781, 28.415598], [118.184867, 28.415522], [118.185768, 28.41556], [118.185833, 28.415503], [118.185833, 28.415465], [118.186455, 28.414918], [118.186798, 28.414767], [118.187356, 28.414352], [118.188129, 28.414012], [118.188214, 28.41405], [118.188386, 28.41405], [118.188429, 28.414088], [118.188515, 28.41405], [118.188772, 28.41405], [118.189158, 28.414352], [118.18933, 28.414314], [118.189437, 28.414409], [118.18948, 28.414522], [118.189631, 28.414654], [118.189802, 28.414579], [118.189888, 28.414579], [118.189952, 28.414635], [118.189952, 28.414711], [118.189395, 28.415126], [118.189395, 28.415315], [118.189437, 28.415352], [118.189437, 28.415465], [118.189523, 28.415541], [118.189609, 28.415692], [118.189759, 28.415824], [118.190274, 28.415824], [118.190553, 28.416069], [118.190553, 28.416107], [118.190382, 28.41622], [118.190424, 28.416409], [118.19051, 28.416522], [118.19051, 28.417353], [118.190661, 28.41756], [118.19109, 28.41756], [118.191154, 28.417617], [118.191154, 28.417994], [118.190811, 28.418259], [118.190811, 28.418372], [118.190939, 28.418523], [118.190896, 28.418749], [118.190961, 28.418806], [118.191004, 28.418768], [118.191132, 28.418768], [118.191304, 28.418957], [118.191433, 28.418957], [118.19169, 28.41873], [118.191948, 28.41873], [118.192205, 28.418844], [118.192313, 28.418976], [118.192356, 28.419315], [118.192527, 28.41958], [118.192527, 28.419731], [118.19242, 28.419825], [118.192377, 28.419825], [118.192055, 28.420108], [118.192012, 28.420184], [118.192012, 28.420372], [118.192055, 28.42041], [118.192055, 28.420485], [118.192098, 28.420523], [118.192184, 28.420825], [118.192334, 28.421033], [118.192892, 28.420542], [118.193107, 28.420467], [118.193343, 28.420259], [118.193386, 28.420108], [118.193428, 28.42007], [118.193428, 28.419995], [118.193471, 28.419957], [118.193471, 28.419882], [118.193514, 28.419844], [118.193514, 28.419768], [118.193557, 28.419731], [118.193557, 28.419655], [118.1936, 28.419617], [118.1936, 28.419542], [118.193643, 28.419504], [118.193643, 28.419391], [118.1936, 28.419315], [118.193493, 28.419221], [118.19345, 28.419221], [118.192656, 28.418523], [118.192656, 28.418485], [118.19227, 28.418108], [118.19227, 28.417957], [118.192227, 28.417919], [118.192227, 28.417655], [118.192398, 28.417353], [118.192484, 28.417277], [118.192484, 28.417164], [118.192356, 28.416975], [118.192356, 28.416824], [118.19242, 28.416768], [118.192635, 28.416768], [118.192763, 28.416843], [118.192849, 28.416843], [118.193192, 28.416994], [118.193579, 28.416956], [118.19375, 28.416843], [118.193879, 28.416805], [118.194029, 28.416673], [118.194158, 28.416447], [118.194158, 28.416409], [118.193836, 28.416126], [118.193793, 28.416126], [118.193708, 28.416051], [118.193665, 28.416051], [118.193579, 28.415975], [118.193278, 28.415824], [118.193171, 28.41573], [118.193171, 28.415692], [118.193343, 28.415503], [118.193343, 28.415465], [118.193278, 28.415409], [118.193235, 28.415409], [118.19315, 28.415333], [118.193021, 28.415296], [118.192935, 28.41522], [118.19272, 28.415145], [118.192635, 28.415069], [118.192463, 28.414994], [118.192334, 28.414994], [118.192291, 28.414956], [118.191991, 28.414918], [118.191948, 28.41488], [118.191862, 28.41488], [118.191798, 28.414824], [118.191841, 28.414673], [118.191884, 28.414635], [118.191884, 28.41456], [118.191969, 28.414446], [118.191969, 28.414371], [118.19212, 28.414201], [118.192205, 28.414163], [118.192549, 28.414163], [118.192806, 28.41405], [118.192914, 28.413956], [118.192914, 28.413616], [118.192956, 28.413578], [118.192956, 28.413503], [118.19315, 28.413333], [118.193214, 28.41339], [118.192999, 28.413691], [118.193042, 28.413729], [118.193042, 28.413842], [118.193085, 28.413918], [118.19345, 28.414201], [118.193665, 28.414239], [118.194137, 28.414616], [118.194394, 28.414616], [118.194458, 28.414673], [118.194501, 28.414824], [118.194544, 28.414862], [118.194501, 28.414937], [118.194501, 28.415352], [118.194566, 28.415409], [118.194652, 28.415409], [118.194823, 28.415484], [118.194952, 28.415484], [118.194995, 28.415522], [118.195167, 28.415522], [118.19536, 28.415315], [118.19536, 28.415277], [118.19551, 28.415145], [118.195939, 28.415107], [118.196046, 28.415012], [118.196175, 28.414786], [118.196175, 28.414635], [118.196089, 28.414522], [118.196132, 28.414069], [118.19596, 28.413805], [118.19596, 28.413691], [118.196068, 28.413673], [118.196154, 28.413597], [118.196583, 28.413408], [118.19684, 28.413371], [118.196905, 28.413314], [118.196905, 28.413238], [118.196948, 28.413201], [118.196948, 28.41305], [118.197055, 28.412955], [118.197119, 28.412974], [118.197119, 28.41305], [118.197162, 28.413087], [118.197162, 28.413238], [118.197205, 28.413276], [118.197205, 28.41339], [118.197248, 28.413427], [118.197248, 28.41354], [118.197291, 28.413578], [118.197291, 28.413729], [118.197334, 28.413767], [118.197334, 28.41388], [118.197398, 28.413937], [118.197484, 28.413899], [118.19768, 28.413878], [118.197699, 28.413861], [118.197827, 28.413861], [118.197892, 28.413805], [118.197892, 28.413767], [118.198171, 28.413522], [118.198256, 28.413559], [118.1986, 28.413559], [118.198643, 28.413597], [118.198986, 28.413597], [118.199072, 28.413257], [118.199201, 28.413295], [118.199243, 28.413257], [118.199501, 28.413257], [118.199544, 28.41322], [118.199673, 28.41322], [118.19978, 28.413314], [118.19978, 28.413352], [118.200316, 28.413824], [118.200574, 28.413937], [118.20066, 28.413937], [118.200703, 28.413975], [118.200917, 28.413975], [118.201089, 28.413861], [118.201132, 28.413861], [118.201261, 28.413748], [118.201432, 28.413673], [118.201497, 28.413616], [118.201539, 28.413465], [118.201625, 28.413352], [118.201625, 28.413238], [118.201582, 28.413201], [118.201539, 28.412974], [118.201497, 28.412937], [118.201454, 28.41271], [118.201411, 28.412672], [118.201411, 28.412597], [118.201454, 28.412559], [118.201454, 28.412333], [118.201368, 28.412257], [118.201325, 28.412106], [118.201282, 28.412068], [118.201282, 28.411804], [118.201346, 28.411748], [118.201432, 28.411748], [118.201475, 28.41171], [118.202333, 28.411748], [118.202763, 28.41137], [118.202848, 28.41137], [118.202857, 28.411387], [118.20287, 28.411389], [118.202999, 28.411653], [118.203192, 28.411823], [118.203321, 28.411795], [118.203449, 28.41171], [118.203519, 28.411689], [118.203793, 28.411521], [118.204136, 28.411483], [118.204179, 28.411446], [118.204351, 28.411446], [118.204694, 28.411295], [118.204737, 28.411295], [118.20478, 28.411295], [118.204994, 28.411181], [118.205166, 28.411144], [118.205273, 28.411049], [118.205273, 28.410936], [118.204887, 28.410596], [118.204887, 28.410068], [118.204715, 28.409879], [118.204823, 28.40986], [118.204865, 28.409898], [118.205123, 28.409898], [118.205166, 28.409936], [118.205295, 28.409936], [118.205423, 28.409823], [118.205509, 28.409823], [118.205574, 28.409766], [118.205574, 28.40969], [118.205617, 28.409653], [118.205617, 28.409502], [118.205574, 28.409464], [118.205574, 28.409313], [118.205531, 28.409275], [118.205574, 28.409011], [118.205466, 28.408917], [118.205295, 28.408879], [118.205187, 28.408784], [118.205187, 28.408671], [118.205273, 28.408558], [118.20523, 28.408445], [118.205295, 28.408388], [118.206024, 28.408388], [118.206067, 28.408426], [118.20641, 28.408426], [118.206883, 28.408086], [118.207054, 28.408048], [118.207183, 28.407973], [118.207397, 28.407935], [118.20744, 28.407897], [118.207998, 28.407897], [118.208041, 28.407935], [118.208384, 28.407935], [118.208427, 28.407973], [118.208599, 28.407973], [118.208857, 28.40786], [118.208942, 28.407784], [118.209286, 28.407822], [118.209414, 28.407709], [118.2095, 28.407746], [118.209672, 28.407746], [118.209908, 28.407463], [118.210037, 28.407237], [118.21023, 28.407067], [118.210316, 28.407067], [118.210487, 28.406991], [118.210916, 28.406991], [118.210959, 28.406954], [118.211303, 28.406954], [118.211861, 28.406538], [118.212118, 28.406501], [118.212161, 28.406463], [118.212333, 28.406463], [118.212376, 28.406425], [118.212547, 28.406425], [118.21259, 28.406387], [118.212762, 28.406387], [118.212805, 28.40635], [118.212976, 28.40635], [118.213019, 28.406312], [118.213191, 28.406312], [118.213234, 28.406274], [118.213406, 28.406274], [118.213448, 28.406236], [118.21362, 28.406236], [118.213663, 28.406199], [118.214006, 28.406199], [118.214049, 28.406236], [118.214178, 28.406236], [118.214221, 28.406274], [118.214478, 28.406312], [118.214521, 28.40635], [118.214822, 28.40635], [118.215015, 28.40618], [118.215058, 28.405878], [118.215095, 28.405846], [118.215101, 28.405802], [118.215101, 28.405689], [118.215119, 28.405673], [118.215122, 28.405651], [118.215144, 28.405632], [118.215144, 28.4055], [118.215187, 28.405463], [118.215187, 28.405349], [118.21523, 28.405312], [118.21523, 28.405161], [118.215358, 28.404972], [118.215358, 28.404896], [118.215573, 28.404519], [118.215573, 28.404443], [118.215744, 28.404255], [118.215744, 28.404217], [118.215981, 28.404009], [118.216023, 28.404009], [118.216474, 28.403726], [118.216474, 28.403273], [118.216495, 28.403254], [118.216495, 28.403235], [118.216517, 28.403217], [118.216517, 28.403122], [118.216667, 28.40299], [118.216774, 28.40299], [118.216796, 28.402971], [118.217397, 28.402745], [118.217525, 28.402631], [118.217697, 28.402254], [118.217869, 28.402103], [118.217955, 28.401877], [118.218126, 28.401726], [118.218212, 28.401499], [118.218384, 28.401348], [118.218641, 28.400895], [118.218985, 28.400593], [118.218985, 28.400517], [118.219371, 28.400253], [118.219628, 28.400253], [118.219714, 28.400329], [118.220143, 28.400404], [118.220272, 28.400517], [118.220272, 28.40082], [118.219929, 28.401121], [118.219929, 28.401273], [118.220272, 28.401499], [118.220358, 28.401726], [118.220487, 28.401839], [118.220573, 28.401839], [118.220701, 28.401726], [118.220787, 28.401423], [118.220959, 28.401273], [118.220959, 28.401197], [118.221087, 28.401084], [118.221259, 28.401084], [118.221388, 28.401197], [118.221731, 28.401801], [118.221903, 28.402707], [118.222117, 28.402896], [118.222375, 28.402896], [118.222547, 28.40282], [118.222804, 28.402971], [118.222976, 28.402971], [118.223147, 28.40282], [118.223276, 28.402933], [118.223276, 28.40299], [118.223319, 28.40299], [118.223383, 28.403047], [118.223383, 28.403084], [118.223341, 28.403122], [118.223341, 28.403198], [118.223255, 28.403349], [118.223212, 28.403575], [118.223126, 28.403726], [118.222868, 28.404028], [118.222868, 28.404066], [118.22274, 28.404179], [118.22274, 28.404255], [118.222697, 28.404292], [118.222697, 28.404594], [118.222783, 28.404745], [118.222911, 28.404859], [118.222911, 28.404896], [118.223426, 28.405349], [118.223426, 28.405482], [118.22392, 28.405916], [118.224092, 28.405991], [118.224692, 28.405991], [118.224778, 28.405916], [118.22701, 28.405916], [118.227439, 28.405538], [118.227696, 28.405538], [118.228855, 28.406482], [118.229198, 28.40701], [118.229198, 28.407388], [118.229284, 28.407463], [118.229284, 28.408218], [118.22937, 28.408294], [118.22937, 28.408671], [118.229284, 28.408747], [118.229284, 28.408973], [118.229456, 28.409275], [118.229713, 28.409502], [118.229713, 28.409577], [118.230357, 28.410068], [118.230443, 28.410068], [118.230872, 28.41037], [118.231559, 28.410521], [118.231902, 28.410747], [118.232202, 28.410709], [118.232202, 28.410559], [118.232374, 28.410257], [118.232374, 28.409955], [118.232288, 28.409879], [118.232288, 28.409653], [118.232202, 28.409577], [118.232202, 28.408973], [118.232589, 28.408558], [118.232675, 28.408558], [118.233018, 28.408256], [118.233533, 28.40803], [118.233962, 28.407954], [118.234005, 28.408218], [118.233833, 28.408369], [118.233833, 28.408445], [118.23349, 28.408671], [118.233404, 28.409124], [118.233533, 28.409237], [118.233705, 28.409237], [118.234305, 28.408709], [118.234477, 28.408709], [118.234992, 28.409162], [118.235164, 28.409237], [118.235421, 28.409237], [118.23555, 28.409124], [118.23555, 28.408747], [118.235979, 28.408445], [118.235979, 28.408218], [118.235636, 28.407916], [118.235636, 28.407765], [118.235807, 28.407463], [118.237224, 28.406293], [118.237309, 28.406293], [118.238082, 28.405689], [118.238168, 28.405689], [118.238339, 28.405538], [118.238597, 28.405538], [118.239026, 28.405161], [118.239541, 28.405236], [118.23967, 28.405123], [118.23967, 28.404821], [118.239498, 28.404594], [118.239627, 28.404481], [118.239756, 28.404594], [118.239756, 28.40467], [118.240786, 28.4055], [118.240786, 28.405576], [118.241215, 28.406029], [118.241215, 28.406255], [118.241301, 28.406331], [118.241301, 28.406784], [118.241386, 28.406859], [118.241386, 28.40701], [118.241558, 28.407312], [118.242416, 28.408067], [118.242416, 28.408294], [118.242502, 28.408369], [118.242502, 28.408596], [118.242588, 28.408671], [118.242674, 28.409049], [118.24306, 28.409464], [118.243489, 28.409464], [118.243747, 28.409313], [118.244004, 28.409313], [118.24409, 28.409237], [118.24512, 28.409237], [118.245206, 28.409313], [118.245549, 28.409313], [118.245635, 28.409237], [118.245892, 28.409237], [118.246236, 28.409086], [118.247266, 28.409086], [118.247352, 28.409011], [118.247781, 28.409011], [118.247867, 28.408935], [118.248296, 28.408935], [118.248382, 28.40886], [118.248725, 28.40886], [118.248811, 28.408935], [118.249154, 28.408935], [118.24924, 28.409011], [118.249669, 28.409011], [118.249755, 28.409086], [118.249927, 28.409086], [118.250012, 28.409011], [118.250613, 28.409011], [118.250742, 28.409124], [118.250742, 28.409728], [118.250828, 28.409804], [118.250828, 28.409955], [118.250914, 28.41003], [118.251, 28.410332], [118.251128, 28.410445], [118.251214, 28.410445], [118.251686, 28.41086], [118.251686, 28.411012], [118.251429, 28.411313], [118.251429, 28.411615], [118.251343, 28.411691], [118.251343, 28.411842], [118.251643, 28.412031], [118.252501, 28.412031], [118.252587, 28.411955], [118.252759, 28.411955], [118.253017, 28.411729], [118.253274, 28.411955], [118.253446, 28.411955], [118.253574, 28.412068], [118.25366, 28.412219], [118.25366, 28.412521], [118.25336, 28.412786], [118.253102, 28.412786], [118.252931, 28.41271], [118.252587, 28.413087], [118.252416, 28.413087], [118.252287, 28.413201], [118.251858, 28.413956], [118.251858, 28.41456], [118.2516, 28.414786], [118.2516, 28.414937], [118.251471, 28.41505], [118.2513, 28.41505], [118.250699, 28.415352], [118.250527, 28.415352], [118.250442, 28.415428], [118.249755, 28.415579], [118.24954, 28.415767], [118.24954, 28.415994], [118.249798, 28.416296], [118.249798, 28.416447], [118.249884, 28.416522], [118.249884, 28.417202], [118.250141, 28.417504], [118.250141, 28.417579], [118.250656, 28.418032], [118.250656, 28.418108], [118.251471, 28.4189], [118.251643, 28.418976], [118.251901, 28.418976], [118.252158, 28.418825], [118.252416, 28.418825], [118.252802, 28.419164], [118.252802, 28.419466], [118.252931, 28.41958], [118.253188, 28.41958], [118.253274, 28.419655], [118.253789, 28.419655], [118.253875, 28.41958], [118.254046, 28.41958], [118.254776, 28.418938], [118.254776, 28.418862], [118.254905, 28.418749], [118.256106, 28.418221], [118.256535, 28.418221], [118.256664, 28.418108], [118.25645, 28.417843], [118.256192, 28.417768], [118.255978, 28.417579], [118.255806, 28.417202], [118.25469, 28.416371], [118.25469, 28.416296], [118.254905, 28.416107], [118.255033, 28.41622], [118.255033, 28.416296], [118.255162, 28.416409], [118.255248, 28.416409], [118.255978, 28.415767], [118.256063, 28.415541], [118.256278, 28.415352], [118.256965, 28.41505], [118.257308, 28.414975], [118.257651, 28.415277], [118.257737, 28.415277], [118.258038, 28.415012], [118.258038, 28.414937], [118.258338, 28.414673], [118.258424, 28.414673], [118.259111, 28.413993], [118.259196, 28.413993], [118.260312, 28.413087], [118.260655, 28.413012], [118.260741, 28.412937], [118.260956, 28.412974], [118.260784, 28.413201], [118.260784, 28.413578], [118.260913, 28.413691], [118.263069, 28.414361], [118.264486, 28.414418], [118.26499, 28.414645], [118.265204, 28.41489], [118.265526, 28.414645], [118.26588, 28.414814], [118.266116, 28.415107], [118.267533, 28.415834], [118.266406, 28.417938], [118.266205, 28.418851], [118.265162, 28.42358], [118.264582, 28.426071], [118.263509, 28.427864], [118.262394, 28.428477], [118.262608, 28.429223], [118.262157, 28.429808], [118.261514, 28.431751], [118.261342, 28.431902], [118.261085, 28.432355], [118.260741, 28.432732], [118.260655, 28.432959], [118.260484, 28.43311], [118.260312, 28.433412], [118.260055, 28.433638], [118.260055, 28.433714], [118.259797, 28.43394], [118.259797, 28.434016], [118.258724, 28.434884], [118.257866, 28.435261], [118.256836, 28.435261], [118.256535, 28.434997], [118.256364, 28.434695], [118.255892, 28.434355], [118.25572, 28.434355], [118.255634, 28.434431], [118.255119, 28.434431], [118.255033, 28.434506], [118.254519, 28.434582], [118.254433, 28.434657], [118.254175, 28.434657], [118.253832, 28.434808], [118.253403, 28.434808], [118.253231, 28.434657], [118.253145, 28.434657], [118.252029, 28.433676], [118.251257, 28.433468], [118.251632, 28.433412], [118.252105, 28.433374], [118.252362, 28.433223], [118.252877, 28.433223], [118.252963, 28.433148], [118.253135, 28.433148], [118.253263, 28.433034], [118.253403, 28.432298], [118.253274, 28.432185], [118.253102, 28.432185], [118.253017, 28.43211], [118.252587, 28.43211], [118.252501, 28.432034], [118.25233, 28.432034], [118.251815, 28.431808], [118.251128, 28.431808], [118.251, 28.431695], [118.251, 28.43094], [118.24748, 28.430638], [118.242803, 28.430506], [118.239434, 28.430676], [118.235743, 28.431562], [118.230658, 28.43428], [118.227439, 28.435053], [118.225422, 28.435846], [118.222053, 28.439223], [118.218706, 28.442469], [118.217247, 28.443053], [118.215702, 28.442978], [118.214264, 28.442487], [118.21214, 28.440431], [118.210101, 28.437412], [118.209286, 28.434676], [118.208513, 28.430695], [118.207204, 28.427222], [118.205917, 28.425165], [118.205101, 28.424335], [118.203793, 28.423505], [118.202527, 28.423146], [118.201582, 28.423127], [118.199136, 28.423486], [118.195875, 28.424599], [118.192635, 28.42526], [118.189995, 28.427034], [118.187184, 28.429411], [118.182963, 28.433581], [118.1805, 28.435516], [118.178172, 28.437034], [118.177024, 28.437355], [118.174374, 28.43761], [118.172486, 28.437478], [118.170394, 28.436921], [118.167508, 28.434893], [118.163581, 28.431143], [118.160813, 28.429977], [118.155942, 28.428751], [118.149977, 28.427751], [118.148775, 28.427373], [118.148089, 28.427222], [118.141565, 28.42526], [118.141179, 28.425071], [118.141179, 28.424845]]]}, "properties": {"display_name": "丰溪街道, 广丰区, 上饶市, 江西省, 中国", "type": "administrative", "osm_type": "relation", "osm_id": 8026726, "class": null, "keyword": "subdistrict"}}, {"type": "Feature", "geometry": {"type": "Polygon", "coordinates": [[[118.161349, 28.399951], [118.161435, 28.399876], [118.161521, 28.399574], [118.161736, 28.399385], [118.161821, 28.399385], [118.161945, 28.399293], [118.162079, 28.399234], [118.162379, 28.39897], [118.162379, 28.39829], [118.162637, 28.398064], [118.162637, 28.397913], [118.161778, 28.397233], [118.162079, 28.396969], [118.162937, 28.396893], [118.163152, 28.396705], [118.163152, 28.396629], [118.163624, 28.396063], [118.164225, 28.396063], [118.164568, 28.395761], [118.164997, 28.395761], [118.165083, 28.395836], [118.16534, 28.395836], [118.165469, 28.395723], [118.165641, 28.395421], [118.165641, 28.39527], [118.165212, 28.394741], [118.165212, 28.39459], [118.165555, 28.394213], [118.165555, 28.394137], [118.16607, 28.393684], [118.16607, 28.393533], [118.166285, 28.393269], [118.166542, 28.393269], [118.166671, 28.393382], [118.166671, 28.393684], [118.166585, 28.39376], [118.166628, 28.393873], [118.166757, 28.393835], [118.166757, 28.39376], [118.166971, 28.393571], [118.167057, 28.393571], [118.167272, 28.39376], [118.167272, 28.393911], [118.167486, 28.394175], [118.167658, 28.394175], [118.167872, 28.393987], [118.167701, 28.393684], [118.167701, 28.393533], [118.167615, 28.393458], [118.167615, 28.39308], [118.1674, 28.392892], [118.167229, 28.392892], [118.1671, 28.392778], [118.166928, 28.392476], [118.167443, 28.392023], [118.167615, 28.391721], [118.168044, 28.391268], [118.168044, 28.391193], [118.168173, 28.39108], [118.16843, 28.391004], [118.168774, 28.390702], [118.168945, 28.390702], [118.169289, 28.39108], [118.169975, 28.391004], [118.17019, 28.390815], [118.17019, 28.390136], [118.169718, 28.389796], [118.169203, 28.38972], [118.169074, 28.389607], [118.169074, 28.389532], [118.169375, 28.389343], [118.170061, 28.389343], [118.170147, 28.389267], [118.170404, 28.389267], [118.170533, 28.389154], [118.170533, 28.389135], [118.170919, 28.388739], [118.17152, 28.38821], [118.171606, 28.38821], [118.171735, 28.388323], [118.171907, 28.389229], [118.172078, 28.389381], [118.172078, 28.389532], [118.171992, 28.389607], [118.172121, 28.38972], [118.172207, 28.38972], [118.172336, 28.389607], [118.172336, 28.389079], [118.17225, 28.389003], [118.17225, 28.388701], [118.172078, 28.38855], [118.172078, 28.388172], [118.172207, 28.388059], [118.17255, 28.387984], [118.172636, 28.387908], [118.173494, 28.387908], [118.173623, 28.387795], [118.174052, 28.386964], [118.174052, 28.386058], [118.174138, 28.385983], [118.174138, 28.385756], [118.174224, 28.385605], [118.174954, 28.384963], [118.175125, 28.384963], [118.17534, 28.384774], [118.175426, 28.384472], [118.175597, 28.384246], [118.175597, 28.384095], [118.175683, 28.384019], [118.175683, 28.383566], [118.175855, 28.38334], [118.175855, 28.383264], [118.176026, 28.382962], [118.176026, 28.382811], [118.176112, 28.382736], [118.176149, 28.382649], [118.176198, 28.382585], [118.176198, 28.382534], [118.17637, 28.382131], [118.176799, 28.381754], [118.176799, 28.381709], [118.176935, 28.381576], [118.177149, 28.381414], [118.177185, 28.381414], [118.1774, 28.381225], [118.1774, 28.381074], [118.177185, 28.380886], [118.17697, 28.380697], [118.17697, 28.380546], [118.177391, 28.380229], [118.177443, 28.380206], [118.1777, 28.380206], [118.177829, 28.380093], [118.177829, 28.379639], [118.177571, 28.379413], [118.177571, 28.379035], [118.177314, 28.378809], [118.177314, 28.378658], [118.1774, 28.378582], [118.1774, 28.378205], [118.177486, 28.378129], [118.177486, 28.377752], [118.177571, 28.377676], [118.177571, 28.377601], [118.177829, 28.377147], [118.1777, 28.37711], [118.177486, 28.377298], [118.177443, 28.377412], [118.177271, 28.377613], [118.177013, 28.377789], [118.176928, 28.377789], [118.176799, 28.377676], [118.176799, 28.377525], [118.177142, 28.376996], [118.177142, 28.37677], [118.177314, 28.376468], [118.177571, 28.376241], [118.177743, 28.37609], [118.17858, 28.375892], [118.178805, 28.375562], [118.178773, 28.374995], [118.179138, 28.374193], [118.179492, 28.373806], [118.180286, 28.373815], [118.180511, 28.37373], [118.180801, 28.373655], [118.180672, 28.372937], [118.181005, 28.372692], [118.181734, 28.372541], [118.182013, 28.37222], [118.182056, 28.371955], [118.181992, 28.371899], [118.181777, 28.371899], [118.181519, 28.372012], [118.181262, 28.372012], [118.18109, 28.371937], [118.180962, 28.371937], [118.180522, 28.37188], [118.18035, 28.371427], [118.180565, 28.371125], [118.180425, 28.370804], [118.179964, 28.370596], [118.180018, 28.370417], [118.179728, 28.370389], [118.179513, 28.370275], [118.180468, 28.36918], [118.180897, 28.369161], [118.180962, 28.369105], [118.181241, 28.369426], [118.181284, 28.369539], [118.181691, 28.369822], [118.182464, 28.36986], [118.183236, 28.370049], [118.183665, 28.370049], [118.183987, 28.369803], [118.183987, 28.369728], [118.184287, 28.369124], [118.185317, 28.368368], [118.185403, 28.368179], [118.185532, 28.368066], [118.185532, 28.367991], [118.186004, 28.367575], [118.18609, 28.367386], [118.186283, 28.367217], [118.187013, 28.366763], [118.187184, 28.366612], [118.187571, 28.366499], [118.187699, 28.366499], [118.187871, 28.366423], [118.188129, 28.366461], [118.188193, 28.366518], [118.188193, 28.367047], [118.188236, 28.367084], [118.188236, 28.367198], [118.187871, 28.367254], [118.187807, 28.367311], [118.187807, 28.3675], [118.187914, 28.367594], [118.188343, 28.367783], [118.188794, 28.368255], [118.188794, 28.368368], [118.188515, 28.368651], [118.188086, 28.368689], [118.187699, 28.369105], [118.187485, 28.369105], [118.187313, 28.369029], [118.187163, 28.369161], [118.187163, 28.369501], [118.186519, 28.370143], [118.186519, 28.370219], [118.186691, 28.370332], [118.186691, 28.370483], [118.186734, 28.370521], [118.186691, 28.371087], [118.186755, 28.371144], [118.187141, 28.371181], [118.187356, 28.371106], [118.187699, 28.371068], [118.187807, 28.370974], [118.187764, 28.370936], [118.187764, 28.370785], [118.187635, 28.370634], [118.187742, 28.370577], [118.188043, 28.370728], [118.188214, 28.370766], [118.188472, 28.370993], [118.188815, 28.370993], [118.189201, 28.371333], [118.189759, 28.370917], [118.190489, 28.370615], [118.190575, 28.370615], [118.191261, 28.3702], [118.192205, 28.3702], [118.192313, 28.370105], [118.192313, 28.369916], [118.192227, 28.369803], [118.192227, 28.36969], [118.192398, 28.369463], [118.192442, 28.369086], [118.192613, 28.368784], [118.192613, 28.368708], [118.192506, 28.368651], [118.191905, 28.368651], [118.191798, 28.368557], [118.191712, 28.368142], [118.191626, 28.367953], [118.191626, 28.367802], [118.191583, 28.367764], [118.191583, 28.367575], [118.192248, 28.36733], [118.192635, 28.367292], [118.192742, 28.36716], [118.192742, 28.367009], [118.192849, 28.366914], [118.193192, 28.366877], [118.1933, 28.366782], [118.193428, 28.36648], [118.193579, 28.366273], [118.193793, 28.366386], [118.193965, 28.366197], [118.194051, 28.366197], [118.194587, 28.365649], [118.194716, 28.365423], [118.194716, 28.365045], [118.195102, 28.364819], [118.195102, 28.364705], [118.194716, 28.364328], [118.194544, 28.364026], [118.194909, 28.364007], [118.195038, 28.36412], [118.195424, 28.364082], [118.195467, 28.36412], [118.195853, 28.36412], [118.196154, 28.364044], [118.196497, 28.363893], [118.196518, 28.363761], [118.196883, 28.363553], [118.197141, 28.363214], [118.197506, 28.363044], [118.197463, 28.362968], [118.197463, 28.362742], [118.197506, 28.362704], [118.197506, 28.362591], [118.19742, 28.36244], [118.197484, 28.362345], [118.198128, 28.362421], [118.198686, 28.362911], [118.199329, 28.362911], [118.199844, 28.362458], [118.200166, 28.362288], [118.200295, 28.362062], [118.200166, 28.361382], [118.199823, 28.36108], [118.199887, 28.361023], [118.200145, 28.360948], [118.200273, 28.360948], [118.200617, 28.36057], [118.200746, 28.360532], [118.200896, 28.3604], [118.200939, 28.360023], [118.200896, 28.359985], [118.200853, 28.359645], [118.201046, 28.359551], [118.201303, 28.359324], [118.202269, 28.359116], [118.202269, 28.358739], [118.202226, 28.358701], [118.202183, 28.358134], [118.201969, 28.357719], [118.201539, 28.357341], [118.20184, 28.356775], [118.20184, 28.356208], [118.201969, 28.356019], [118.201883, 28.355491], [118.202055, 28.355113], [118.203321, 28.354414], [118.204007, 28.354565], [118.204737, 28.35483], [118.204951, 28.35483], [118.204994, 28.354868], [118.205273, 28.354849], [118.204694, 28.354301], [118.204308, 28.354188], [118.204007, 28.35415], [118.203943, 28.354093], [118.2039, 28.354018], [118.203943, 28.353904], [118.203921, 28.353583], [118.204136, 28.353697], [118.204994, 28.354339], [118.205466, 28.35449], [118.205745, 28.354282], [118.205788, 28.354169], [118.205895, 28.354074], [118.206453, 28.354037], [118.206883, 28.353735], [118.207226, 28.353735], [118.207354, 28.353621], [118.207698, 28.353508], [118.208127, 28.35313], [118.208599, 28.35313], [118.209238, 28.352894], [118.209495, 28.353225], [118.209844, 28.353791], [118.210101, 28.354018], [118.210616, 28.354018], [118.211217, 28.354395], [118.210874, 28.355302], [118.211303, 28.35568], [118.211989, 28.355528], [118.212419, 28.355906], [118.212247, 28.356964], [118.213191, 28.357643], [118.213878, 28.357795], [118.214049, 28.357945], [118.214393, 28.357945], [118.215165, 28.358625], [118.215165, 28.358927], [118.214822, 28.35923], [118.214994, 28.359683], [118.213964, 28.360589], [118.213964, 28.36074], [118.21465, 28.361344], [118.214822, 28.361646], [118.214822, 28.363006], [118.215165, 28.363308], [118.215165, 28.364365], [118.215508, 28.364667], [118.215594, 28.365045], [118.216281, 28.365045], [118.21671, 28.365423], [118.21671, 28.365574], [118.218255, 28.366933], [118.218255, 28.367235], [118.218427, 28.367386], [118.218427, 28.368293], [118.21877, 28.368897], [118.218598, 28.369954], [118.21877, 28.370256], [118.218341, 28.370634], [118.217998, 28.370634], [118.217654, 28.370181], [118.217483, 28.370181], [118.217139, 28.370483], [118.216796, 28.370483], [118.215766, 28.37154], [118.215423, 28.37154], [118.214822, 28.371918], [118.215079, 28.372144], [118.215594, 28.372144], [118.215938, 28.371993], [118.216624, 28.372598], [118.216796, 28.372598], [118.217139, 28.3729], [118.217483, 28.3729], [118.21774, 28.373126], [118.217912, 28.373579], [118.217397, 28.374032], [118.217225, 28.375241], [118.217483, 28.375467], [118.217654, 28.375467], [118.218684, 28.376373], [118.219199, 28.376524], [118.219457, 28.376751], [118.219457, 28.37811], [118.2198, 28.378412], [118.2198, 28.379319], [118.220744, 28.379998], [118.221774, 28.380451], [118.222117, 28.380451], [118.222632, 28.380753], [118.223035, 28.380815], [118.223083, 28.381405], [118.22304, 28.381848], [118.223126, 28.381924], [118.223984, 28.381999], [118.22407, 28.382075], [118.224842, 28.381999], [118.224928, 28.382075], [118.225186, 28.382075], [118.225443, 28.381924], [118.225701, 28.381924], [118.225958, 28.38215], [118.226259, 28.382188], [118.226345, 28.382339], [118.226109, 28.382981], [118.225765, 28.383585], [118.225293, 28.383849], [118.224778, 28.383849], [118.224478, 28.383585], [118.224392, 28.383359], [118.224177, 28.38317], [118.224092, 28.38317], [118.223877, 28.383434], [118.223877, 28.383585], [118.224134, 28.383812], [118.224134, 28.384114], [118.224006, 28.384227], [118.223748, 28.384303], [118.223147, 28.384756], [118.223062, 28.384756], [118.222718, 28.385058], [118.222632, 28.385058], [118.222289, 28.38536], [118.222203, 28.38536], [118.221946, 28.385586], [118.22186, 28.385586], [118.221216, 28.386153], [118.221216, 28.386228], [118.220873, 28.38653], [118.220701, 28.386832], [118.220444, 28.387059], [118.2201, 28.387587], [118.219714, 28.388002], [118.218942, 28.388002], [118.218856, 28.387927], [118.218684, 28.387927], [118.218341, 28.388229], [118.218169, 28.388229], [118.218083, 28.388305], [118.217654, 28.388305], [118.217568, 28.38838], [118.217225, 28.38838], [118.217053, 28.388456], [118.216925, 28.388569], [118.216925, 28.38872], [118.217011, 28.388795], [118.217011, 28.389173], [118.217268, 28.389475], [118.217268, 28.389702], [118.217053, 28.38989], [118.216882, 28.38989], [118.216109, 28.39057], [118.216023, 28.39057], [118.215895, 28.390683], [118.215895, 28.390834], [118.216195, 28.391098], [118.216281, 28.391098], [118.216538, 28.390872], [118.21671, 28.390872], [118.218041, 28.389626], [118.218126, 28.389399], [118.218341, 28.389211], [118.218598, 28.389211], [118.218684, 28.389135], [118.218856, 28.389135], [118.219027, 28.388984], [118.219199, 28.388984], [118.220143, 28.388229], [118.220401, 28.388229], [118.220658, 28.388456], [118.22083, 28.388456], [118.221045, 28.388644], [118.220959, 28.388946], [118.22083, 28.38906], [118.220658, 28.38906], [118.220573, 28.388984], [118.220229, 28.388984], [118.2201, 28.389097], [118.2201, 28.389324], [118.219585, 28.389702], [118.219585, 28.39023], [118.21907, 28.391136], [118.219156, 28.391287], [118.219156, 28.391438], [118.21907, 28.391514], [118.21907, 28.391816], [118.219156, 28.391891], [118.219156, 28.392118], [118.219285, 28.392231], [118.219714, 28.392231], [118.220229, 28.392457], [118.220272, 28.392797], [118.219843, 28.393175], [118.219671, 28.393477], [118.219671, 28.393628], [118.2195, 28.393854], [118.2195, 28.394005], [118.219328, 28.394232], [118.219328, 28.394383], [118.219156, 28.394609], [118.219156, 28.39476], [118.218899, 28.395213], [118.218899, 28.39544], [118.218813, 28.395515], [118.218813, 28.395893], [118.219156, 28.39612], [118.219328, 28.396497], [118.219457, 28.39661], [118.219628, 28.39661], [118.219972, 28.396384], [118.2201, 28.396497], [118.220186, 28.396799], [118.220444, 28.397252], [118.220615, 28.397403], [118.220701, 28.39763], [118.221173, 28.398196], [118.222032, 28.398196], [118.222117, 28.39812], [118.222246, 28.398233], [118.222246, 28.398309], [118.222075, 28.398611], [118.223062, 28.399479], [118.223147, 28.399479], [118.223319, 28.39963], [118.223491, 28.39963], [118.223576, 28.399555], [118.224006, 28.399555], [118.224092, 28.399479], [118.224349, 28.399479], [118.224435, 28.399404], [118.224692, 28.399404], [118.224778, 28.399328], [118.225207, 28.399328], [118.225508, 28.399517], [118.225508, 28.399593], [118.22495, 28.400083], [118.223662, 28.400083], [118.223534, 28.400197], [118.223534, 28.400423], [118.223362, 28.400725], [118.223448, 28.401329], [118.223233, 28.401518], [118.222933, 28.401329], [118.222933, 28.401103], [118.222847, 28.401027], [118.222847, 28.400197], [118.222933, 28.400046], [118.222804, 28.399932], [118.222289, 28.399857], [118.22216, 28.39997], [118.222075, 28.400423], [118.221817, 28.400801], [118.221817, 28.400952], [118.221989, 28.401178], [118.221989, 28.401329], [118.222418, 28.401707], [118.222418, 28.402311], [118.22216, 28.402348], [118.222026, 28.401792], [118.221661, 28.401273], [118.221592, 28.401117], [118.221517, 28.401112], [118.221388, 28.401197], [118.221259, 28.401084], [118.221087, 28.401084], [118.220959, 28.401197], [118.220959, 28.401273], [118.220787, 28.401423], [118.220701, 28.401726], [118.220573, 28.401839], [118.220487, 28.401839], [118.220358, 28.401726], [118.220272, 28.401499], [118.219929, 28.401273], [118.219929, 28.401121], [118.220272, 28.40082], [118.220272, 28.400517], [118.220143, 28.400404], [118.219714, 28.400329], [118.219628, 28.400253], [118.219371, 28.400253], [118.218985, 28.400517], [118.218985, 28.400593], [118.218641, 28.400895], [118.218384, 28.401348], [118.218212, 28.401499], [118.218126, 28.401726], [118.217955, 28.401877], [118.217869, 28.402103], [118.217697, 28.402254], [118.217525, 28.402631], [118.217397, 28.402745], [118.216796, 28.402971], [118.216774, 28.40299], [118.216667, 28.40299], [118.216517, 28.403122], [118.216517, 28.403217], [118.216495, 28.403235], [118.216495, 28.403254], [118.216474, 28.403273], [118.216474, 28.403726], [118.216023, 28.404009], [118.215981, 28.404009], [118.215744, 28.404217], [118.215744, 28.404255], [118.215573, 28.404443], [118.215573, 28.404519], [118.215358, 28.404896], [118.215358, 28.404972], [118.21523, 28.405161], [118.21523, 28.405312], [118.215187, 28.405349], [118.215187, 28.405463], [118.215144, 28.4055], [118.215144, 28.405632], [118.215122, 28.405651], [118.215119, 28.405673], [118.215101, 28.405689], [118.215101, 28.405802], [118.215095, 28.405846], [118.215058, 28.405878], [118.215015, 28.40618], [118.214822, 28.40635], [118.214521, 28.40635], [118.214478, 28.406312], [118.214221, 28.406274], [118.214178, 28.406236], [118.214049, 28.406236], [118.214006, 28.406199], [118.213663, 28.406199], [118.21362, 28.406236], [118.213448, 28.406236], [118.213406, 28.406274], [118.213234, 28.406274], [118.213191, 28.406312], [118.213019, 28.406312], [118.212976, 28.40635], [118.212805, 28.40635], [118.212762, 28.406387], [118.21259, 28.406387], [118.212547, 28.406425], [118.212376, 28.406425], [118.212333, 28.406463], [118.212161, 28.406463], [118.212118, 28.406501], [118.211861, 28.406538], [118.211303, 28.406954], [118.210959, 28.406954], [118.210916, 28.406991], [118.210487, 28.406991], [118.210316, 28.407067], [118.21023, 28.407067], [118.210037, 28.407237], [118.209908, 28.407463], [118.209672, 28.407746], [118.2095, 28.407746], [118.209414, 28.407709], [118.209286, 28.407822], [118.208942, 28.407784], [118.208857, 28.40786], [118.208599, 28.407973], [118.208427, 28.407973], [118.208384, 28.407935], [118.208041, 28.407935], [118.207998, 28.407897], [118.20744, 28.407897], [118.207397, 28.407935], [118.207183, 28.407973], [118.207054, 28.408048], [118.206883, 28.408086], [118.20641, 28.408426], [118.206067, 28.408426], [118.206024, 28.408388], [118.205295, 28.408388], [118.20523, 28.408445], [118.205273, 28.408558], [118.205187, 28.408671], [118.205187, 28.408784], [118.205295, 28.408879], [118.205466, 28.408917], [118.205574, 28.409011], [118.205531, 28.409275], [118.205574, 28.409313], [118.205574, 28.409464], [118.205617, 28.409502], [118.205617, 28.409653], [118.205574, 28.40969], [118.205574, 28.409766], [118.205509, 28.409823], [118.205423, 28.409823], [118.205295, 28.409936], [118.205166, 28.409936], [118.205123, 28.409898], [118.204865, 28.409898], [118.204823, 28.40986], [118.204715, 28.409879], [118.204887, 28.410068], [118.204887, 28.410596], [118.205273, 28.410936], [118.205273, 28.411049], [118.205166, 28.411144], [118.204994, 28.411181], [118.20478, 28.411295], [118.204737, 28.411295], [118.204694, 28.411295], [118.204351, 28.411446], [118.204179, 28.411446], [118.204136, 28.411483], [118.203793, 28.411521], [118.203519, 28.411689], [118.203449, 28.41171], [118.203321, 28.411795], [118.203192, 28.411823], [118.202999, 28.411653], [118.20287, 28.411389], [118.202857, 28.411387], [118.202848, 28.41137], [118.202763, 28.41137], [118.202333, 28.411748], [118.201475, 28.41171], [118.201432, 28.411748], [118.201346, 28.411748], [118.201282, 28.411804], [118.201282, 28.412068], [118.201325, 28.412106], [118.201368, 28.412257], [118.201454, 28.412333], [118.201454, 28.412559], [118.201411, 28.412597], [118.201411, 28.412672], [118.201454, 28.41271], [118.201497, 28.412937], [118.201539, 28.412974], [118.201582, 28.413201], [118.201625, 28.413238], [118.201625, 28.413352], [118.201539, 28.413465], [118.201497, 28.413616], [118.201432, 28.413673], [118.201261, 28.413748], [118.201132, 28.413861], [118.201089, 28.413861], [118.200917, 28.413975], [118.200703, 28.413975], [118.20066, 28.413937], [118.200574, 28.413937], [118.200316, 28.413824], [118.19978, 28.413352], [118.19978, 28.413314], [118.199673, 28.41322], [118.199544, 28.41322], [118.199501, 28.413257], [118.199243, 28.413257], [118.199201, 28.413295], [118.199072, 28.413257], [118.198986, 28.413597], [118.198643, 28.413597], [118.1986, 28.413559], [118.198256, 28.413559], [118.198171, 28.413522], [118.197892, 28.413767], [118.197892, 28.413805], [118.197827, 28.413861], [118.197699, 28.413861], [118.19768, 28.413878], [118.197484, 28.413899], [118.197398, 28.413937], [118.197334, 28.41388], [118.197334, 28.413767], [118.197291, 28.413729], [118.197291, 28.413578], [118.197248, 28.41354], [118.197248, 28.413427], [118.197205, 28.41339], [118.197205, 28.413276], [118.197162, 28.413238], [118.197162, 28.413087], [118.197119, 28.41305], [118.197119, 28.412974], [118.197055, 28.412955], [118.196948, 28.41305], [118.196948, 28.413201], [118.196905, 28.413238], [118.196905, 28.413314], [118.19684, 28.413371], [118.196583, 28.413408], [118.196154, 28.413597], [118.196068, 28.413673], [118.19596, 28.413691], [118.19596, 28.413805], [118.196132, 28.414069], [118.196089, 28.414522], [118.196175, 28.414635], [118.196175, 28.414786], [118.196046, 28.415012], [118.195939, 28.415107], [118.19551, 28.415145], [118.19536, 28.415277], [118.19536, 28.415315], [118.195167, 28.415522], [118.194995, 28.415522], [118.194952, 28.415484], [118.194823, 28.415484], [118.194652, 28.415409], [118.194566, 28.415409], [118.194501, 28.415352], [118.194501, 28.414937], [118.194544, 28.414862], [118.194501, 28.414824], [118.194458, 28.414673], [118.194394, 28.414616], [118.194137, 28.414616], [118.193665, 28.414239], [118.19345, 28.414201], [118.193085, 28.413918], [118.193042, 28.413842], [118.193042, 28.413729], [118.192999, 28.413691], [118.193214, 28.41339], [118.19315, 28.413333], [118.192956, 28.413503], [118.192956, 28.413578], [118.192914, 28.413616], [118.192914, 28.413956], [118.192806, 28.41405], [118.192549, 28.414163], [118.192205, 28.414163], [118.19212, 28.414201], [118.191969, 28.414371], [118.191969, 28.414446], [118.191884, 28.41456], [118.191884, 28.414635], [118.191841, 28.414673], [118.191798, 28.414824], [118.191862, 28.41488], [118.191948, 28.41488], [118.191991, 28.414918], [118.192291, 28.414956], [118.192334, 28.414994], [118.192463, 28.414994], [118.192635, 28.415069], [118.19272, 28.415145], [118.192935, 28.41522], [118.193021, 28.415296], [118.19315, 28.415333], [118.193235, 28.415409], [118.193278, 28.415409], [118.193343, 28.415465], [118.193343, 28.415503], [118.193171, 28.415692], [118.193171, 28.41573], [118.193278, 28.415824], [118.193579, 28.415975], [118.193665, 28.416051], [118.193708, 28.416051], [118.193793, 28.416126], [118.193836, 28.416126], [118.194158, 28.416409], [118.194158, 28.416447], [118.194029, 28.416673], [118.193879, 28.416805], [118.19375, 28.416843], [118.193579, 28.416956], [118.193192, 28.416994], [118.192849, 28.416843], [118.192763, 28.416843], [118.192635, 28.416768], [118.19242, 28.416768], [118.192356, 28.416824], [118.192356, 28.416975], [118.192484, 28.417164], [118.192484, 28.417277], [118.192398, 28.417353], [118.192227, 28.417655], [118.192227, 28.417919], [118.19227, 28.417957], [118.19227, 28.418108], [118.192656, 28.418485], [118.192656, 28.418523], [118.19345, 28.419221], [118.193493, 28.419221], [118.1936, 28.419315], [118.193643, 28.419391], [118.193643, 28.419504], [118.1936, 28.419542], [118.1936, 28.419617], [118.193557, 28.419655], [118.193557, 28.419731], [118.193514, 28.419768], [118.193514, 28.419844], [118.193471, 28.419882], [118.193471, 28.419957], [118.193428, 28.419995], [118.193428, 28.42007], [118.193386, 28.420108], [118.193343, 28.420259], [118.193107, 28.420467], [118.192892, 28.420542], [118.192334, 28.421033], [118.192184, 28.420825], [118.192098, 28.420523], [118.192055, 28.420485], [118.192055, 28.42041], [118.192012, 28.420372], [118.192012, 28.420184], [118.192055, 28.420108], [118.192377, 28.419825], [118.19242, 28.419825], [118.192527, 28.419731], [118.192527, 28.41958], [118.192356, 28.419315], [118.192313, 28.418976], [118.192205, 28.418844], [118.191948, 28.41873], [118.19169, 28.41873], [118.191433, 28.418957], [118.191304, 28.418957], [118.191132, 28.418768], [118.191004, 28.418768], [118.190961, 28.418806], [118.190896, 28.418749], [118.190939, 28.418523], [118.190811, 28.418372], [118.190811, 28.418259], [118.191154, 28.417994], [118.191154, 28.417617], [118.19109, 28.41756], [118.190661, 28.41756], [118.19051, 28.417353], [118.19051, 28.416522], [118.190424, 28.416409], [118.190382, 28.41622], [118.190553, 28.416107], [118.190553, 28.416069], [118.190274, 28.415824], [118.189759, 28.415824], [118.189609, 28.415692], [118.189523, 28.415541], [118.189437, 28.415465], [118.189437, 28.415352], [118.189395, 28.415315], [118.189395, 28.415126], [118.189952, 28.414711], [118.189952, 28.414635], [118.189888, 28.414579], [118.189802, 28.414579], [118.189631, 28.414654], [118.18948, 28.414522], [118.189437, 28.414409], [118.18933, 28.414314], [118.189158, 28.414352], [118.188772, 28.41405], [118.188515, 28.41405], [118.188429, 28.414088], [118.188386, 28.41405], [118.188214, 28.41405], [118.188129, 28.414012], [118.187356, 28.414352], [118.186798, 28.414767], [118.186455, 28.414918], [118.185833, 28.415465], [118.185833, 28.415503], [118.185768, 28.41556], [118.184867, 28.415522], [118.184781, 28.415598], [118.184738, 28.415598], [118.184309, 28.415937], [118.184266, 28.415937], [118.184094, 28.416088], [118.184051, 28.416088], [118.183773, 28.416334], [118.183773, 28.416447], [118.183687, 28.416598], [118.183687, 28.416673], [118.183644, 28.416711], [118.183644, 28.416824], [118.183558, 28.416975], [118.183558, 28.417051], [118.183515, 28.417088], [118.183515, 28.417164], [118.183472, 28.417202], [118.183472, 28.417315], [118.183429, 28.417353], [118.183429, 28.417428], [118.183386, 28.417466], [118.183365, 28.41756], [118.183322, 28.41756], [118.183258, 28.417504], [118.183172, 28.417353], [118.182335, 28.416617], [118.182292, 28.416617], [118.181906, 28.416277], [118.18182, 28.416277], [118.181562, 28.416466], [118.181391, 28.416466], [118.181348, 28.416504], [118.181133, 28.416504], [118.18109, 28.416541], [118.180876, 28.416541], [118.180833, 28.416579], [118.180618, 28.416579], [118.180575, 28.416617], [118.180489, 28.416617], [118.180361, 28.416466], [118.180232, 28.416428], [118.180168, 28.416371], [118.179996, 28.416069], [118.179717, 28.415824], [118.17946, 28.415711], [118.179374, 28.415635], [118.179245, 28.415598], [118.179073, 28.415484], [118.179009, 28.415541], [118.179009, 28.41556], [118.178816, 28.41539], [118.178816, 28.415239], [118.178558, 28.414786], [118.178558, 28.414107], [118.178472, 28.414031], [118.178472, 28.413729], [118.178215, 28.413352], [118.178215, 28.413125], [118.178472, 28.412899], [118.178472, 28.412446], [118.178687, 28.412257], [118.17903, 28.412182], [118.179116, 28.412106], [118.179975, 28.412182], [118.180275, 28.411993], [118.17976, 28.41154], [118.17976, 28.411389], [118.179889, 28.411276], [118.18006, 28.411276], [118.180275, 28.411087], [118.180275, 28.410709], [118.180361, 28.410559], [118.180189, 28.410408], [118.180189, 28.410106], [118.180489, 28.409992], [118.180618, 28.409879], [118.180618, 28.409351], [118.180532, 28.409275], [118.180532, 28.409124], [118.180876, 28.408747], [118.180876, 28.408596], [118.18079, 28.40852], [118.18079, 28.408218], [118.180704, 28.408143], [118.180704, 28.407841], [118.179674, 28.40701], [118.179631, 28.406897], [118.179545, 28.406897], [118.179417, 28.40701], [118.179331, 28.407237], [118.17903, 28.407577], [118.178859, 28.407652], [118.178644, 28.407614], [118.178644, 28.406633], [118.178558, 28.406557], [118.178558, 28.406331], [118.178472, 28.40618], [118.178172, 28.405916], [118.177486, 28.405765], [118.1774, 28.405689], [118.177228, 28.405689], [118.177142, 28.405614], [118.17697, 28.405614], [118.176885, 28.405538], [118.176713, 28.405538], [118.176413, 28.405274], [118.176327, 28.404972], [118.175898, 28.404519], [118.175812, 28.404217], [118.175726, 28.404141], [118.175726, 28.40399], [118.175597, 28.403877], [118.175254, 28.404028], [118.174954, 28.404292], [118.174868, 28.404443], [118.174776, 28.40441], [118.174621, 28.404481], [118.174567, 28.404783], [118.174567, 28.40501], [118.174438, 28.405123], [118.174181, 28.405123], [118.174095, 28.405198], [118.173494, 28.405198], [118.173408, 28.405274], [118.173065, 28.405274], [118.172808, 28.405047], [118.172378, 28.404896], [118.172164, 28.404708], [118.172164, 28.404481], [118.17225, 28.40433], [118.172464, 28.404141], [118.172722, 28.404141], [118.173323, 28.403764], [118.173408, 28.403764], [118.173924, 28.403235], [118.174009, 28.403235], [118.174138, 28.403122], [118.174138, 28.402896], [118.173838, 28.402556], [118.17358, 28.402556], [118.173151, 28.403009], [118.172979, 28.403084], [118.172207, 28.403084], [118.171907, 28.402896], [118.171907, 28.40282], [118.171778, 28.402707], [118.17152, 28.402707], [118.171005, 28.403235], [118.170748, 28.40316], [118.170447, 28.40282], [118.170447, 28.402745], [118.170576, 28.402631], [118.170662, 28.402631], [118.170791, 28.402518], [118.170705, 28.402216], [118.170834, 28.402103], [118.17152, 28.401801], [118.171907, 28.401461], [118.171907, 28.40131], [118.171692, 28.401121], [118.171349, 28.401348], [118.171177, 28.401348], [118.170834, 28.40165], [118.170748, 28.40165], [118.170404, 28.401877], [118.170104, 28.401537], [118.170104, 28.401235], [118.170705, 28.400706], [118.170705, 28.40048], [118.170361, 28.400178], [118.170361, 28.400027], [118.169889, 28.399687], [118.169375, 28.399611], [118.169246, 28.3998], [118.169246, 28.400102], [118.16916, 28.400253], [118.168859, 28.400442], [118.168602, 28.400442], [118.16843, 28.400517], [118.168259, 28.400668], [118.167915, 28.400593], [118.167829, 28.400517], [118.1674, 28.400517], [118.166285, 28.401574], [118.166199, 28.401574], [118.166027, 28.401726], [118.165855, 28.401726], [118.16577, 28.401801], [118.164482, 28.401801], [118.164139, 28.401952], [118.163967, 28.401952], [118.16371, 28.402103], [118.163624, 28.402027], [118.163452, 28.402027], [118.163323, 28.401914], [118.163323, 28.401688], [118.163581, 28.401386], [118.163581, 28.40131], [118.163409, 28.401008], [118.163409, 28.400857], [118.163109, 28.400593], [118.163023, 28.400593], [118.162851, 28.400442], [118.162165, 28.400442], [118.162079, 28.400366], [118.161736, 28.400366], [118.16165, 28.400291], [118.161478, 28.400291], [118.161349, 28.400178], [118.161349, 28.399951]]]}, "properties": {"display_name": "大石街道, 广丰区, 上饶市, 江西省, 中国", "type": "administrative", "osm_type": "relation", "osm_id": 8026938, "class": null, "keyword": "subdistrict"}}, {"type": "Feature", "geometry": {"type": "Polygon", "coordinates": [[[117.924402, 28.444298], [117.927091, 28.437952], [117.92833, 28.436414], [117.928936, 28.43615], [117.929494, 28.436202], [117.929751, 28.436169], [117.92995, 28.436044], [117.931344, 28.434968], [117.932117, 28.433907], [117.932568, 28.43302], [117.932568, 28.432869], [117.937052, 28.435619], [117.940314, 28.438167], [117.938672, 28.439884], [117.938662, 28.440426], [117.938367, 28.440591], [117.938265, 28.441176], [117.938232, 28.441799], [117.9379, 28.443044], [117.943259, 28.445662], [117.947132, 28.44711], [117.949734, 28.448497], [117.95056, 28.449147], [117.95101, 28.449912], [117.951107, 28.450779], [117.951998, 28.451308], [117.954637, 28.454138], [117.955012, 28.461127], [117.960838, 28.461108], [117.963735, 28.461334], [117.965151, 28.455137], [117.965031, 28.454089], [117.966294, 28.454642], [117.9672, 28.454798], [117.967314, 28.454793], [117.969035, 28.454718], [117.969088, 28.455019], [117.96896, 28.455199], [117.968713, 28.455255], [117.968783, 28.455802], [117.969606, 28.456285], [117.969652, 28.456312], [117.969488, 28.456477], [117.969646, 28.457203], [117.966766, 28.457345], [117.966836, 28.458981], [117.967184, 28.459005], [117.967201, 28.459716], [117.967206, 28.459901], [117.966975, 28.460368], [117.96719, 28.461136], [117.966991, 28.461556], [117.971063, 28.461957], [117.97309, 28.461891], [117.973516, 28.462209], [117.974119, 28.462659], [117.975712, 28.463847], [117.979549, 28.466711], [117.98044, 28.467871], [117.982585, 28.466088], [117.983891, 28.465744], [117.985772, 28.465249], [117.987263, 28.465268], [117.988191, 28.465621], [117.990085, 28.467154], [117.990439, 28.466852], [117.987531, 28.464343], [117.985064, 28.458939], [117.985944, 28.458585], [117.995825, 28.465202], [117.99472, 28.466466], [117.995117, 28.467409], [117.995782, 28.467852], [117.995782, 28.468795], [117.99448, 28.469601], [117.993786, 28.470031], [117.993673, 28.470196], [117.993593, 28.470313], [117.994752, 28.471125], [117.993368, 28.472492], [117.99546, 28.47385], [117.995782, 28.474171], [117.99517, 28.475425], [117.994645, 28.475472], [117.99443, 28.475887], [117.995074, 28.476519], [117.994752, 28.476613], [117.994269, 28.476604], [117.99369, 28.47733], [117.992553, 28.477047], [117.992048, 28.477924], [117.992799, 28.478217], [117.993003, 28.479707], [117.991222, 28.481649], [117.991383, 28.481734], [117.99104, 28.48213], [117.990965, 28.482772], [117.991029, 28.482866], [117.990611, 28.484667], [117.990085, 28.48451], [117.988776, 28.48412], [117.988508, 28.484177], [117.988647, 28.484837], [117.987574, 28.485374], [117.987606, 28.486016], [117.986609, 28.487317], [117.985525, 28.487006], [117.985424, 28.487192], [117.985396, 28.487251], [117.985547, 28.487364], [117.985386, 28.488976], [117.983304, 28.489288], [117.98174, 28.489022], [117.981467, 28.488742], [117.980925, 28.488473], [117.980137, 28.488351], [117.980201, 28.488021], [117.97952, 28.486177], [117.97894, 28.485484], [117.978865, 28.484843], [117.978704, 28.484612], [117.978195, 28.48431], [117.977873, 28.484032], [117.97783, 28.483702], [117.97798, 28.483306], [117.977787, 28.482966], [117.977658, 28.482287], [117.977749, 28.481603], [117.978071, 28.480854], [117.978471, 28.48023], [117.977478, 28.477808], [117.976863, 28.476083], [117.976073, 28.473872], [117.976107, 28.470954], [117.976123, 28.470472], [117.973466, 28.470483], [117.972114, 28.470474], [117.970204, 28.47054], [117.969722, 28.470031], [117.969335, 28.469635], [117.969046, 28.468993], [117.968847, 28.467781], [117.968539, 28.467567], [117.968434, 28.467069], [117.968279, 28.466619], [117.968223, 28.465911], [117.968181, 28.465597], [117.967361, 28.465675], [117.966157, 28.466097], [117.964103, 28.465933], [117.96391, 28.466172], [117.963578, 28.46625], [117.963652, 28.46666], [117.96392, 28.466921], [117.964058, 28.467762], [117.964643, 28.467892], [117.964662, 28.468088], [117.964683, 28.468302], [117.964806, 28.468606], [117.965114, 28.468759], [117.965708, 28.469016], [117.966119, 28.469164], [117.966605, 28.469556], [117.966887, 28.469996], [117.967425, 28.470631], [117.96835, 28.472138], [117.968097, 28.472721], [117.967698, 28.47338], [117.967483, 28.47416], [117.967968, 28.475053], [117.967383, 28.475961], [117.965917, 28.478664], [117.96517, 28.479512], [117.964789, 28.479479], [117.964092, 28.480154], [117.964446, 28.480413], [117.964896, 28.481191], [117.965663, 28.481361], [117.965975, 28.481535], [117.966017, 28.481761], [117.965969, 28.481955], [117.96561, 28.482228], [117.964816, 28.482412], [117.964156, 28.482313], [117.964086, 28.482615], [117.963936, 28.482803], [117.963416, 28.48302], [117.962906, 28.48302], [117.962772, 28.483096], [117.962777, 28.483284], [117.963335, 28.483365], [117.963421, 28.483565], [117.963185, 28.483881], [117.962439, 28.484484], [117.962305, 28.484654], [117.962332, 28.484791], [117.962472, 28.484779], [117.962742, 28.484627], [117.963145, 28.484391], [117.963338, 28.484382], [117.963526, 28.484514], [117.963611, 28.484273], [117.963933, 28.483976], [117.964142, 28.48359], [117.964432, 28.483434], [117.96469, 28.483514], [117.964904, 28.483203], [117.965446, 28.482944], [117.96572, 28.482915], [117.965806, 28.483017], [117.965784, 28.484297], [117.965376, 28.484863], [117.96484, 28.485193], [117.96425, 28.485315], [117.963445, 28.485139], [117.963102, 28.485464], [117.963129, 28.485954], [117.962968, 28.486492], [117.963059, 28.486794], [117.962995, 28.486841], [117.962748, 28.486647], [117.96197, 28.486977], [117.962179, 28.487369], [117.962233, 28.487713], [117.96182, 28.488264], [117.96175, 28.488514], [117.962646, 28.488727], [117.964325, 28.488703], [117.964518, 28.490316], [117.964207, 28.490787], [117.964164, 28.491089], [117.964808, 28.491145], [117.966224, 28.492352], [117.966428, 28.493597], [117.965966, 28.494191], [117.965484, 28.494332], [117.964218, 28.494502], [117.962437, 28.495209], [117.961493, 28.495106], [117.959631, 28.495459], [117.959341, 28.495478], [117.959073, 28.495313], [117.958563, 28.494856], [117.958011, 28.494813], [117.957517, 28.494601], [117.957185, 28.494059], [117.95556, 28.492168], [117.955522, 28.491174], [117.95535, 28.490928], [117.954524, 28.490763], [117.952454, 28.491546], [117.951922, 28.491593], [117.951418, 28.491433], [117.950318, 28.49065], [117.949535, 28.490348], [117.949304, 28.490127], [117.949026, 28.488882], [117.948602, 28.488175], [117.948967, 28.486935], [117.948913, 28.486086], [117.948655, 28.485959], [117.948307, 28.48602], [117.948554, 28.485388], [117.948366, 28.485172], [117.947722, 28.485063], [117.947159, 28.485266], [117.946923, 28.48495], [117.947089, 28.484832], [117.94799, 28.48482], [117.948602, 28.484717], [117.949031, 28.484302], [117.949246, 28.483726], [117.948784, 28.483293], [117.948323, 28.483302], [117.948312, 28.483161], [117.948529, 28.483063], [117.948537, 28.482651], [117.947926, 28.481953], [117.947497, 28.482001], [117.947539, 28.481409], [117.947572, 28.480944], [117.947218, 28.480445], [117.946853, 28.480294], [117.946048, 28.480944], [117.945233, 28.481442], [117.944729, 28.481414], [117.944187, 28.481659], [117.943769, 28.48155], [117.94276, 28.482635], [117.942551, 28.482625], [117.943211, 28.481555], [117.943028, 28.481282], [117.942363, 28.480928], [117.942465, 28.480721], [117.942883, 28.480659], [117.943452, 28.480829], [117.944053, 28.480843], [117.944332, 28.480805], [117.945448, 28.480136], [117.945962, 28.479297], [117.946059, 28.478738], [117.945839, 28.478582], [117.94526, 28.47854], [117.944246, 28.479077], [117.943945, 28.478964], [117.943742, 28.478592], [117.943414, 28.478502], [117.942985, 28.478625], [117.942846, 28.47854], [117.942953, 28.478389], [117.943951, 28.478092], [117.944911, 28.477493], [117.945228, 28.476979], [117.945174, 28.476578], [117.944503, 28.476012], [117.944192, 28.475965], [117.943913, 28.47613], [117.943763, 28.476484], [117.943586, 28.476772], [117.943473, 28.477257], [117.943404, 28.4773], [117.94328, 28.477219], [117.94328, 28.477021], [117.943618, 28.476323], [117.94357, 28.475942], [117.943185, 28.475821], [117.942534, 28.475883], [117.942218, 28.476136], [117.942105, 28.477086], [117.941568, 28.477463], [117.941393, 28.477488], [117.941469, 28.477077], [117.94186, 28.476849], [117.941926, 28.476422], [117.94202, 28.476207], [117.94194, 28.475817], [117.942308, 28.475601], [117.94228, 28.475316], [117.941992, 28.474781], [117.941648, 28.474545], [117.941087, 28.474474], [117.939993, 28.474685], [117.939847, 28.474594], [117.939785, 28.474333], [117.939927, 28.474234], [117.940794, 28.474084], [117.941671, 28.474134], [117.942189, 28.47388], [117.942953, 28.473504], [117.943302, 28.473169], [117.943585, 28.472683], [117.943928, 28.472093], [117.94391, 28.471351], [117.943759, 28.471066], [117.943285, 28.471062], [117.942983, 28.47091], [117.942043, 28.47111], [117.941586, 28.470841], [117.941002, 28.471066], [117.940495, 28.470504], [117.940774, 28.470232], [117.940925, 28.469918], [117.940801, 28.46965], [117.940683, 28.469585], [117.940869, 28.4692], [117.933515, 28.465907], [117.93556, 28.462182], [117.924974, 28.45717], [117.925301, 28.456379], [117.925254, 28.456191], [117.925054, 28.456109], [117.92452, 28.45615], [117.924407, 28.455986], [117.924434, 28.455388], [117.924554, 28.4551], [117.925094, 28.454455], [117.925301, 28.453805], [117.926027, 28.45357], [117.92598, 28.453213], [117.925761, 28.452825], [117.926361, 28.452567], [117.926501, 28.452798], [117.926855, 28.453001], [117.927423, 28.453732], [117.927896, 28.453975], [117.928339, 28.454009], [117.928801, 28.453901], [117.929499, 28.453826], [117.930027, 28.453901], [117.931112, 28.453453], [117.93197, 28.453726], [117.932602, 28.453652], [117.93333, 28.453816], [117.932942, 28.453138], [117.932593, 28.452939], [117.931734, 28.452731], [117.931565, 28.452267], [117.931367, 28.452292], [117.930829, 28.452723], [117.930235, 28.452806], [117.929792, 28.452665], [117.929509, 28.452201], [117.929631, 28.451579], [117.930367, 28.451438], [117.930216, 28.4506], [117.929886, 28.450252], [117.929395, 28.450136], [117.928566, 28.450036], [117.927754, 28.449987], [117.927267, 28.449478], [117.927114, 28.449445], [117.926863, 28.449148], [117.9265, 28.448716], [117.926446, 28.448629], [117.926436, 28.448465], [117.9262, 28.448318], [117.926053, 28.448249], [117.925812, 28.447982], [117.925798, 28.447701], [117.925626, 28.447399], [117.925488, 28.447256], [117.925061, 28.447049], [117.924568, 28.446786], [117.924402, 28.444298]]]}, "properties": {"display_name": "北门街道, 信州区, 上饶市, 江西省, 中国", "type": "administrative", "osm_type": "relation", "osm_id": 7684932, "class": null, "keyword": "subdistrict"}}, {"type": "Feature", "geometry": {"type": "Polygon", "coordinates": [[[118.162572, 28.440638], [118.16261, 28.440134], [118.162889, 28.43928], [118.162905, 28.438582], [118.162723, 28.436412], [118.163581, 28.431143], [118.167508, 28.434893], [118.170394, 28.436921], [118.172486, 28.437478], [118.174374, 28.43761], [118.177024, 28.437355], [118.178172, 28.437034], [118.1805, 28.435516], [118.182963, 28.433581], [118.187184, 28.429411], [118.189995, 28.427034], [118.192635, 28.42526], [118.195875, 28.424599], [118.199136, 28.423486], [118.201582, 28.423127], [118.202527, 28.423146], [118.203793, 28.423505], [118.205101, 28.424335], [118.205917, 28.425165], [118.207204, 28.427222], [118.208513, 28.430695], [118.209286, 28.434676], [118.210101, 28.437412], [118.21214, 28.440431], [118.214264, 28.442487], [118.215702, 28.442978], [118.217247, 28.443053], [118.217247, 28.444035], [118.217332, 28.44411], [118.217332, 28.444714], [118.21759, 28.44494], [118.21759, 28.445242], [118.217847, 28.445468], [118.217847, 28.446374], [118.218062, 28.446563], [118.218491, 28.446714], [118.21862, 28.446827], [118.21862, 28.447733], [118.219221, 28.448185], [118.219221, 28.448563], [118.21862, 28.449619], [118.21862, 28.450147], [118.218534, 28.450298], [118.217375, 28.451468], [118.217032, 28.451543], [118.216731, 28.451732], [118.216817, 28.451958], [118.217289, 28.452449], [118.217461, 28.452449], [118.217547, 28.452374], [118.218319, 28.452374], [118.218405, 28.452298], [118.219521, 28.452374], [118.219821, 28.452562], [118.220251, 28.453392], [118.220465, 28.453581], [118.220809, 28.453732], [118.221152, 28.453732], [118.221238, 28.453656], [118.221495, 28.453656], [118.221581, 28.453581], [118.222268, 28.453581], [118.222353, 28.453656], [118.222611, 28.453656], [118.222697, 28.453732], [118.223298, 28.453807], [118.223469, 28.453883], [118.223855, 28.454222], [118.223855, 28.454298], [118.224156, 28.454638], [118.224671, 28.454713], [118.225014, 28.455015], [118.225872, 28.455015], [118.225958, 28.45509], [118.226388, 28.45509], [118.226473, 28.455166], [118.22716, 28.455166], [118.228018, 28.454788], [118.228394, 28.454623], [118.228233, 28.454977], [118.228061, 28.455128], [118.227975, 28.455354], [118.227804, 28.455505], [118.227718, 28.455732], [118.227289, 28.45626], [118.226774, 28.457165], [118.226688, 28.457392], [118.226173, 28.457845], [118.225915, 28.458297], [118.22583, 28.459052], [118.2254, 28.45958], [118.2254, 28.460636], [118.225229, 28.460787], [118.225057, 28.46124], [118.224585, 28.46158], [118.224499, 28.46158], [118.223984, 28.462108], [118.223641, 28.462108], [118.222697, 28.462938], [118.22201, 28.463089], [118.221538, 28.463428], [118.221538, 28.463881], [118.220465, 28.4649], [118.21995, 28.465126], [118.219564, 28.465466], [118.219564, 28.465617], [118.219736, 28.465767], [118.219736, 28.465918], [118.219564, 28.466069], [118.219478, 28.466371], [118.218577, 28.467012], [118.218234, 28.467088], [118.217976, 28.467239], [118.217804, 28.467239], [118.217461, 28.467541], [118.216431, 28.467993], [118.21626, 28.468144], [118.215916, 28.468295], [118.215744, 28.468295], [118.213856, 28.468899], [118.213636, 28.468951], [118.213556, 28.468786], [118.212526, 28.466975], [118.212311, 28.466786], [118.212054, 28.466786], [118.211796, 28.466937], [118.211625, 28.466937], [118.211496, 28.466824], [118.21141, 28.466597], [118.211238, 28.466447], [118.210809, 28.465692], [118.210509, 28.465428], [118.209908, 28.465428], [118.209393, 28.46573], [118.209307, 28.46573], [118.209178, 28.465617], [118.209436, 28.465164], [118.209436, 28.464636], [118.20935, 28.46456], [118.20935, 28.464183], [118.209221, 28.46407], [118.208535, 28.46407], [118.208277, 28.464221], [118.207591, 28.464221], [118.206904, 28.464523], [118.206389, 28.464523], [118.206003, 28.464258], [118.205917, 28.464032], [118.205745, 28.463881], [118.205745, 28.463428], [118.206003, 28.463051], [118.206003, 28.462825], [118.205659, 28.462297], [118.205659, 28.461617], [118.205745, 28.461542], [118.205745, 28.460787], [118.205831, 28.460636], [118.205531, 28.460297], [118.205187, 28.460221], [118.205101, 28.460146], [118.20493, 28.460146], [118.204844, 28.460071], [118.204672, 28.460071], [118.204587, 28.459995], [118.204415, 28.459995], [118.204329, 28.45992], [118.204157, 28.45992], [118.2041, 28.459869], [118.203642, 28.459769], [118.202698, 28.45924], [118.202097, 28.45924], [118.201926, 28.459316], [118.200638, 28.458712], [118.200553, 28.458712], [118.200424, 28.458825], [118.200424, 28.458901], [118.200939, 28.459505], [118.200939, 28.45958], [118.200638, 28.459769], [118.200295, 28.459844], [118.200252, 28.459656], [118.199909, 28.459354], [118.199909, 28.459203], [118.19978, 28.45909], [118.199608, 28.45909], [118.19948, 28.459203], [118.19948, 28.459278], [118.199007, 28.459693], [118.198664, 28.459844], [118.198235, 28.459391], [118.197806, 28.459542], [118.197076, 28.458976], [118.197076, 28.458901], [118.196905, 28.45875], [118.196905, 28.458524], [118.197134, 28.458272], [118.197248, 28.458071], [118.19669, 28.457731], [118.196347, 28.457731], [118.195918, 28.458109], [118.195832, 28.458109], [118.195789, 28.45792], [118.195703, 28.457845], [118.195703, 28.457694], [118.195403, 28.457429], [118.195317, 28.457429], [118.195016, 28.457769], [118.195016, 28.457995], [118.195102, 28.458071], [118.195016, 28.458373], [118.194716, 28.458637], [118.194544, 28.458637], [118.194416, 28.45875], [118.194416, 28.458901], [118.19433, 28.458976], [118.194458, 28.459589], [118.194373, 28.459665], [118.194373, 28.459967], [118.194201, 28.460269], [118.193901, 28.460533], [118.193471, 28.460533], [118.193386, 28.460457], [118.193128, 28.460457], [118.192999, 28.46057], [118.192999, 28.460721], [118.193343, 28.461023], [118.193343, 28.46125], [118.193428, 28.461325], [118.193428, 28.461551], [118.193514, 28.461627], [118.193514, 28.462259], [118.193734, 28.462631], [118.193353, 28.462862], [118.193573, 28.463273], [118.193842, 28.463556], [118.194308, 28.463461], [118.194732, 28.463858], [118.194394, 28.464339], [118.194174, 28.464216], [118.194056, 28.463858], [118.193085, 28.463919], [118.192956, 28.463806], [118.192442, 28.462825], [118.192313, 28.462712], [118.191969, 28.462636], [118.191583, 28.462221], [118.191583, 28.46207], [118.191884, 28.461806], [118.19257, 28.461504], [118.192785, 28.461316], [118.192613, 28.461014], [118.192613, 28.460938], [118.191926, 28.460108], [118.191841, 28.459882], [118.191154, 28.459052], [118.191068, 28.458825], [118.190994, 28.458738], [118.190553, 28.458222], [118.190553, 28.458071], [118.190382, 28.457845], [118.190382, 28.457694], [118.190296, 28.457618], [118.190296, 28.457467], [118.19021, 28.457392], [118.19021, 28.457241], [118.190124, 28.457165], [118.190038, 28.456864], [118.189909, 28.45675], [118.189309, 28.45675], [118.188837, 28.456486], [118.188922, 28.455883], [118.188751, 28.455732], [118.188579, 28.45543], [118.188279, 28.455166], [118.187592, 28.455241], [118.187249, 28.455392], [118.186991, 28.455392], [118.186905, 28.455468], [118.18639, 28.455543], [118.186305, 28.455618], [118.18579, 28.455694], [118.185704, 28.455769], [118.185618, 28.455769], [118.185146, 28.455354], [118.185146, 28.454826], [118.185232, 28.454751], [118.185317, 28.454147], [118.185403, 28.454072], [118.185489, 28.453468], [118.185575, 28.453392], [118.185575, 28.452109], [118.185489, 28.452034], [118.185489, 28.451808], [118.185403, 28.451732], [118.185317, 28.451506], [118.185317, 28.451279], [118.185232, 28.451204], [118.185146, 28.450827], [118.184974, 28.4506], [118.184974, 28.450525], [118.184717, 28.450072], [118.184717, 28.449921], [118.184545, 28.449695], [118.184545, 28.449544], [118.184373, 28.449317], [118.18431, 28.449095], [118.184073, 28.448827], [118.183644, 28.448827], [118.183558, 28.448902], [118.183258, 28.44897], [118.182957, 28.449129], [118.182785, 28.449129], [118.182614, 28.449279], [118.182271, 28.449129], [118.181927, 28.449129], [118.181841, 28.449204], [118.181326, 28.449129], [118.181069, 28.449279], [118.180983, 28.449279], [118.180811, 28.449129], [118.180468, 28.449129], [118.180382, 28.449204], [118.180039, 28.449204], [118.179867, 28.449279], [118.179738, 28.449166], [118.179738, 28.449015], [118.17961, 28.448902], [118.179095, 28.448902], [118.178752, 28.449053], [118.178494, 28.449053], [118.178279, 28.449242], [118.178279, 28.449393], [118.178151, 28.449506], [118.177807, 28.44943], [118.177679, 28.449317], [118.177679, 28.449015], [118.17755, 28.448902], [118.177206, 28.448902], [118.176863, 28.449204], [118.176348, 28.449355], [118.176176, 28.449506], [118.175576, 28.449808], [118.174417, 28.450827], [118.174245, 28.451279], [118.174117, 28.451393], [118.173945, 28.451393], [118.173301, 28.450978], [118.173559, 28.450751], [118.173644, 28.450525], [118.173816, 28.450374], [118.173816, 28.449845], [118.173602, 28.449657], [118.173344, 28.449657], [118.172915, 28.450034], [118.172829, 28.450034], [118.172743, 28.449959], [118.172572, 28.449959], [118.172357, 28.44977], [118.172357, 28.449619], [118.172443, 28.449544], [118.172443, 28.449242], [118.172529, 28.449166], [118.172529, 28.449015], [118.172743, 28.448827], [118.173087, 28.448751], [118.173173, 28.448676], [118.173344, 28.448676], [118.17343, 28.4486], [118.174202, 28.4486], [118.174331, 28.448487], [118.174331, 28.448185], [118.174074, 28.448034], [118.174503, 28.447733], [118.174503, 28.447506], [118.174374, 28.447393], [118.173859, 28.447393], [118.173773, 28.447468], [118.173516, 28.447468], [118.17343, 28.447544], [118.173173, 28.447544], [118.173087, 28.447468], [118.172657, 28.447468], [118.1724, 28.447242], [118.172057, 28.447242], [118.171799, 28.447015], [118.171627, 28.447091], [118.171413, 28.44728], [118.171327, 28.447506], [118.171198, 28.447544], [118.171155, 28.447431], [118.171241, 28.447355], [118.171241, 28.447053], [118.170812, 28.446676], [118.170812, 28.446072], [118.170726, 28.445997], [118.170641, 28.445695], [118.17034, 28.445431], [118.170168, 28.445355], [118.169911, 28.445355], [118.169825, 28.44528], [118.169568, 28.44528], [118.169482, 28.445204], [118.16931, 28.445204], [118.169224, 28.44528], [118.168881, 28.44528], [118.16828, 28.444978], [118.167336, 28.444148], [118.16725, 28.444148], [118.166821, 28.443846], [118.166478, 28.44377], [118.166392, 28.443695], [118.16622, 28.443695], [118.166134, 28.443619], [118.165705, 28.443619], [118.165533, 28.443695], [118.164718, 28.442978], [118.164547, 28.442676], [118.163345, 28.441695], [118.163259, 28.441468], [118.162744, 28.44094], [118.162572, 28.440638]]]}, "properties": {"display_name": "永丰街道, 广丰区, 上饶市, 江西省, 中国", "type": "administrative", "osm_type": "relation", "osm_id": 8026696, "class": null, "keyword": "subdistrict"}}, {"type": "Feature", "geometry": {"type": "Polygon", "coordinates": [[[117.899802, 28.448949], [117.899973, 28.447893], [117.900231, 28.447516], [117.900574, 28.44661], [117.900746, 28.446308], [117.901175, 28.445855], [117.904522, 28.441553], [117.904952, 28.441101], [117.905381, 28.440346], [117.905381, 28.440195], [117.90581, 28.439516], [117.90581, 28.439365], [117.906067, 28.438912], [117.906411, 28.43861], [117.906411, 28.438459], [117.906497, 28.438384], [117.906497, 28.437855], [117.906582, 28.43778], [117.906582, 28.437327], [117.906582, 28.436799], [117.906497, 28.43627], [117.904265, 28.430761], [117.904394, 28.430647], [117.906969, 28.430723], [117.909758, 28.427892], [117.909758, 28.427817], [117.909501, 28.42759], [117.909501, 28.427213], [117.909415, 28.427062], [117.9089, 28.426609], [117.9089, 28.426534], [117.908513, 28.426119], [117.907312, 28.426119], [117.907226, 28.426194], [117.906883, 28.426194], [117.906025, 28.425439], [117.905939, 28.425439], [117.905166, 28.42476], [117.90508, 28.42476], [117.903836, 28.423741], [117.908513, 28.415749], [117.91053, 28.416522], [117.91096, 28.417296], [117.913449, 28.418693], [117.919693, 28.421637], [117.921195, 28.423656], [117.923233, 28.426232], [117.927761, 28.429883], [117.930025, 28.43118], [117.932568, 28.432869], [117.932568, 28.43302], [117.932117, 28.433907], [117.931344, 28.434968], [117.92995, 28.436044], [117.929751, 28.436169], [117.929494, 28.436202], [117.928936, 28.43615], [117.92833, 28.436414], [117.927091, 28.437952], [117.924402, 28.444298], [117.924568, 28.446786], [117.925061, 28.447049], [117.925488, 28.447256], [117.925626, 28.447399], [117.925798, 28.447701], [117.925812, 28.447982], [117.926053, 28.448249], [117.9262, 28.448318], [117.926436, 28.448465], [117.926446, 28.448629], [117.9265, 28.448716], [117.926863, 28.449148], [117.927114, 28.449445], [117.927267, 28.449478], [117.927754, 28.449987], [117.928566, 28.450036], [117.929395, 28.450136], [117.929886, 28.450252], [117.930216, 28.4506], [117.930367, 28.451438], [117.929631, 28.451579], [117.929509, 28.452201], [117.929792, 28.452665], [117.930235, 28.452806], [117.930829, 28.452723], [117.931367, 28.452292], [117.931565, 28.452267], [117.931734, 28.452731], [117.932593, 28.452939], [117.932942, 28.453138], [117.93333, 28.453816], [117.932602, 28.453652], [117.93197, 28.453726], [117.931112, 28.453453], [117.930027, 28.453901], [117.929499, 28.453826], [117.928801, 28.453901], [117.928339, 28.454009], [117.927896, 28.453975], [117.927423, 28.453732], [117.926855, 28.453001], [117.926501, 28.452798], [117.926361, 28.452567], [117.925761, 28.452825], [117.92598, 28.453213], [117.926027, 28.45357], [117.925301, 28.453805], [117.925094, 28.454455], [117.924554, 28.4551], [117.924434, 28.455388], [117.924407, 28.455986], [117.92452, 28.45615], [117.925054, 28.456109], [117.925254, 28.456191], [117.925301, 28.456379], [117.924974, 28.45717], [117.924607, 28.458005], [117.924521, 28.45808], [117.924521, 28.458231], [117.924178, 28.458684], [117.924178, 28.45891], [117.924779, 28.459967], [117.924779, 28.460118], [117.924478, 28.460231], [117.924349, 28.460344], [117.924349, 28.46057], [117.924435, 28.460646], [117.924392, 28.460684], [117.924221, 28.460684], [117.924006, 28.460495], [117.923834, 28.460118], [117.92362, 28.459929], [117.923105, 28.459929], [117.922847, 28.46008], [117.92259, 28.46008], [117.922461, 28.459967], [117.922375, 28.45974], [117.922203, 28.459589], [117.922203, 28.459439], [117.922032, 28.459288], [117.922032, 28.459212], [117.921732, 28.458948], [117.921646, 28.458948], [117.921174, 28.459288], [117.921174, 28.459891], [117.921517, 28.460269], [117.921517, 28.460344], [117.92186, 28.460646], [117.92186, 28.460721], [117.921732, 28.460835], [117.921302, 28.460835], [117.920873, 28.460457], [117.920616, 28.460382], [117.920487, 28.460269], [117.920487, 28.459514], [117.920401, 28.459439], [117.920401, 28.459212], [117.920315, 28.459137], [117.920229, 28.458684], [117.920058, 28.458533], [117.919886, 28.458231], [117.918727, 28.457288], [117.918556, 28.457288], [117.918427, 28.457401], [117.918255, 28.457778], [117.918084, 28.457929], [117.917998, 28.458156], [117.917826, 28.458307], [117.91774, 28.458533], [117.917612, 28.458646], [117.917097, 28.458646], [117.916925, 28.458571], [117.916796, 28.458458], [117.916453, 28.457778], [117.916324, 28.457665], [117.916024, 28.457778], [117.916024, 28.457929], [117.916539, 28.458759], [117.916539, 28.45891], [117.916367, 28.459061], [117.916281, 28.459514], [117.916152, 28.459627], [117.915809, 28.459476], [117.91553, 28.45925], [117.911464, 28.45859], [117.909823, 28.458467], [117.907484, 28.458495], [117.907398, 28.458571], [117.907237, 28.458593], [117.907134, 28.458607], [117.906086, 28.45875], [117.905285, 28.458859], [117.904587, 28.458954], [117.903767, 28.459066], [117.90242, 28.45925], [117.902334, 28.459325], [117.900673, 28.459633], [117.900102, 28.459738], [117.899888, 28.459514], [117.899879, 28.45652], [117.899888, 28.452572], [117.899802, 28.452496], [117.899802, 28.449553], [117.899802, 28.448949]]]}, "properties": {"display_name": "旭日街道, 广信区, 上饶市, 江西省, 中国", "type": "administrative", "osm_type": "relation", "osm_id": 8033967, "class": null, "keyword": "subdistrict"}}, {"type": "Feature", "geometry": {"type": "Polygon", "coordinates": [[[117.962533, 28.438704], [117.963306, 28.436261], [117.967747, 28.431628], [117.974378, 28.429081], [117.981877, 28.4296], [117.987231, 28.429477], [117.98986, 28.428524], [117.991136, 28.428572], [117.990782, 28.429355], [117.991051, 28.430015], [117.992338, 28.430062], [117.993851, 28.429675], [117.994226, 28.429973], [117.994623, 28.430048], [117.995079, 28.43102], [117.995396, 28.431614], [117.995058, 28.432312], [117.994178, 28.432284], [117.994355, 28.43311], [117.993242, 28.432737], [117.992483, 28.432482], [117.992268, 28.433148], [117.99399, 28.433572], [117.994602, 28.433921], [117.994484, 28.435176], [117.994913, 28.436035], [117.994162, 28.436601], [117.994151, 28.437686], [117.995245, 28.43794], [117.995535, 28.438874], [117.994612, 28.439459], [117.993797, 28.44045], [117.99458, 28.44028], [117.994816, 28.44044], [117.995331, 28.441119], [117.996887, 28.438808], [117.997026, 28.438648], [117.9984, 28.439299], [117.998303, 28.440129], [117.997209, 28.440223], [117.997241, 28.441072], [117.996511, 28.441468], [117.997166, 28.443242], [117.996469, 28.443714], [117.996469, 28.445469], [117.995675, 28.447317], [117.994902, 28.448261], [117.994752, 28.452204], [117.996662, 28.452845], [117.997391, 28.454694], [118.001039, 28.45477], [118.003936, 28.457411], [118.005652, 28.457392], [118.006167, 28.458146], [118.009279, 28.458863], [118.011618, 28.459278], [118.013227, 28.457618], [118.014364, 28.455203], [118.015308, 28.454411], [118.015802, 28.454487], [118.01651, 28.454939], [118.016918, 28.455524], [118.016639, 28.456505], [118.015673, 28.457335], [118.015909, 28.458599], [118.013592, 28.460014], [118.011103, 28.459825], [118.010395, 28.463051], [118.011897, 28.464523], [118.013549, 28.46705], [118.012798, 28.467239], [118.010867, 28.466013], [118.009214, 28.465428], [118.009407, 28.468069], [118.00739, 28.46888], [118.002949, 28.468861], [117.995825, 28.465202], [117.985944, 28.458585], [117.984195, 28.455958], [117.982092, 28.4506], [117.979453, 28.448072], [117.968659, 28.441638], [117.967249, 28.441139], [117.963231, 28.439714], [117.962533, 28.438704]]]}, "properties": {"display_name": "水南街道, 信州区, 上饶市, 江西省, 中国", "type": "administrative", "osm_type": "relation", "osm_id": 7684924, "class": null, "keyword": "subdistrict"}}, {"type": "Feature", "geometry": {"type": "MultiPolygon", "coordinates": [[[[117.344063, 28.41416], [117.344581, 28.411132], [117.346618, 28.408626], [117.351569, 28.408797], [117.35388, 28.409377], [117.3548, 28.408154], [117.355399, 28.409784], [117.356721, 28.410364], [117.359695, 28.411875], [117.360119, 28.414436], [117.357863, 28.416245], [117.356336, 28.417691], [117.352513, 28.414736], [117.351133, 28.416426], [117.349483, 28.416602], [117.34856, 28.416836], [117.347498, 28.415031], [117.346707, 28.415323], [117.344063, 28.41416]]], [[[117.360211, 28.427276], [117.361134, 28.427013], [117.360372, 28.42617], [117.361294, 28.425644], [117.361029, 28.425354], [117.361257, 28.424684], [117.362447, 28.425236], [117.362511, 28.424653], [117.361518, 28.423839], [117.363065, 28.422586], [117.364613, 28.422089], [117.364484, 28.422963], [117.367029, 28.424181], [117.368856, 28.424501], [117.368884, 28.42479], [117.370923, 28.425012], [117.370355, 28.426362], [117.367243, 28.42884], [117.367756, 28.429185], [117.364539, 28.429106], [117.364538, 28.428669], [117.364241, 28.42864], [117.363086, 28.428641], [117.362362, 28.429196], [117.360348, 28.42879], [117.360211, 28.427276]]], [[[117.422038, 28.439293], [117.422861, 28.438616], [117.424766, 28.438608], [117.427432, 28.438316], [117.428446, 28.437524], [117.428757, 28.436118], [117.428245, 28.435108], [117.425885, 28.432701], [117.426449, 28.430731], [117.426891, 28.428543], [117.427737, 28.428536], [117.429181, 28.426984], [117.430726, 28.426607], [117.432786, 28.426833], [117.433815, 28.427437], [117.434529, 28.428], [117.435077, 28.427943], [117.435139, 28.427263], [117.435993, 28.426969], [117.43656, 28.426626], [117.436997, 28.426019], [117.438406, 28.426079], [117.438904, 28.426296], [117.438401, 28.424623], [117.439278, 28.424565], [117.439215, 28.425814], [117.439988, 28.424786], [117.440819, 28.424433], [117.440553, 28.425223], [117.441112, 28.42543], [117.441798, 28.427005], [117.442227, 28.428212], [117.443429, 28.42791], [117.445575, 28.427835], [117.448064, 28.427835], [117.448407, 28.428665], [117.448579, 28.430249], [117.449008, 28.430627], [117.450982, 28.430929], [117.452613, 28.431533], [117.454075, 28.432074], [117.454471, 28.432937], [117.453583, 28.432998], [117.454603, 28.43395], [117.455809, 28.433886], [117.454549, 28.436201], [117.453851, 28.436205], [117.453282, 28.436771], [117.452648, 28.437056], [117.451441, 28.437175], [117.451638, 28.438581], [117.449925, 28.438928], [117.449675, 28.439886], [117.448279, 28.440231], [117.447642, 28.43984], [117.44561, 28.440301], [117.443134, 28.440652], [117.443841, 28.442505], [117.443848, 28.444194], [117.443407, 28.444984], [117.441749, 28.443754], [117.441498, 28.444544], [117.441052, 28.444096], [117.439906, 28.443651], [117.440163, 28.444212], [117.439468, 28.445229], [117.437752, 28.445237], [117.435911, 28.445752], [117.435151, 28.446544], [117.435154, 28.447163], [117.435476, 28.4484], [117.43439, 28.446942], [117.432475, 28.445149], [117.430757, 28.444707], [117.430396, 28.44482], [117.428916, 28.443818], [117.423763, 28.441872], [117.422038, 28.439293]]], [[[117.427496, 28.41505], [117.430898, 28.417234], [117.429481, 28.419729], [117.427563, 28.41659], [117.427496, 28.41505]]], [[[117.473682, 28.494759], [117.479862, 28.493099], [117.481063, 28.499436], [117.477459, 28.496569], [117.474025, 28.496871], [117.473682, 28.494759]]], [[[117.475015, 28.507838], [117.475307, 28.506917], [117.475309, 28.507332], [117.476395, 28.50625], [117.47767, 28.506672], [117.477121, 28.505816], [117.477118, 28.505171], [117.478092, 28.506078], [117.478939, 28.505804], [117.479365, 28.506231], [117.477913, 28.506724], [117.478884, 28.507094], [117.479429, 28.506876], [117.479973, 28.506496], [117.480334, 28.505903], [117.480085, 28.5044], [117.481301, 28.505306], [117.481852, 28.50643], [117.481793, 28.506807], [117.483611, 28.506741], [117.482889, 28.507874], [117.482771, 28.508681], [117.482286, 28.508684], [117.481498, 28.508474], [117.481438, 28.508744], [117.481443, 28.509818], [117.481075, 28.508853], [117.480108, 28.509451], [117.479984, 28.508968], [117.478287, 28.508925], [117.477075, 28.509094], [117.475898, 28.509624], [117.475745, 28.509289], [117.475087, 28.509235], [117.475015, 28.507838]]]]}, "properties": {"display_name": "花亭街道, 弋阳县, 上饶市, 江西省, 中国", "type": "administrative", "osm_type": "relation", "osm_id": 9045863, "class": null, "keyword": "subdistrict"}}, {"type": "Feature", "geometry": {"type": "Polygon", "coordinates": [[[117.963161, 28.449181], [117.964116, 28.447718], [117.964598, 28.446883], [117.964715, 28.446523], [117.964788, 28.446421], [117.964909, 28.446256], [117.96517, 28.445907], [117.965514, 28.445124], [117.965618, 28.44475], [117.965641, 28.444679], [117.965888, 28.444113], [117.965995, 28.443933], [117.966712, 28.442223], [117.967249, 28.441139], [117.968659, 28.441638], [117.979453, 28.448072], [117.982092, 28.4506], [117.984195, 28.455958], [117.985944, 28.458585], [117.985064, 28.458939], [117.987531, 28.464343], [117.990439, 28.466852], [117.990085, 28.467154], [117.988191, 28.465621], [117.987263, 28.465268], [117.985772, 28.465249], [117.983891, 28.465744], [117.982585, 28.466088], [117.98044, 28.467871], [117.979549, 28.466711], [117.975712, 28.463847], [117.974119, 28.462659], [117.973516, 28.462209], [117.97309, 28.461891], [117.971063, 28.461957], [117.966991, 28.461556], [117.96719, 28.461136], [117.966975, 28.460368], [117.967206, 28.459901], [117.967201, 28.459716], [117.967184, 28.459005], [117.966836, 28.458981], [117.966766, 28.457345], [117.969646, 28.457203], [117.969488, 28.456477], [117.969652, 28.456312], [117.969606, 28.456285], [117.968783, 28.455802], [117.968713, 28.455255], [117.96896, 28.455199], [117.969088, 28.455019], [117.969035, 28.454718], [117.967314, 28.454793], [117.9672, 28.454798], [117.966294, 28.454642], [117.965031, 28.454089], [117.964931, 28.452949], [117.964749, 28.452371], [117.964501, 28.451679], [117.963923, 28.449955], [117.963883, 28.449855], [117.963803, 28.449618], [117.963735, 28.449416], [117.963161, 28.449181]]]}, "properties": {"display_name": "东市街道, 信州区, 上饶市, 江西省, 334000, 中国", "type": "administrative", "osm_type": "relation", "osm_id": 7684926, "class": null, "keyword": "subdistrict"}}, {"type": "Feature", "geometry": {"type": "Polygon", "coordinates": [[[117.432066, 28.411905], [117.43271, 28.41183], [117.433675, 28.411735], [117.435048, 28.41149], [117.436336, 28.411358], [117.437816, 28.411509], [117.438131, 28.410486], [117.438267, 28.409848], [117.438246, 28.409168], [117.438525, 28.408508], [117.438567, 28.407772], [117.437967, 28.406488], [117.43728, 28.40511], [117.43713, 28.404846], [117.436271, 28.404525], [117.436262, 28.402754], [117.438086, 28.403264], [117.439803, 28.403235], [117.441337, 28.403217], [117.442646, 28.403217], [117.444019, 28.40315], [117.44565, 28.403103], [117.447002, 28.403169], [117.448568, 28.403094], [117.449727, 28.403018], [117.450446, 28.402896], [117.451347, 28.402735], [117.45207, 28.404428], [117.45236, 28.405412], [117.451632, 28.405922], [117.451538, 28.406232], [117.451571, 28.406598], [117.451921, 28.406624], [117.452049, 28.406792], [117.452621, 28.406958], [117.452687, 28.407577], [117.452434, 28.40786], [117.451548, 28.408568], [117.450881, 28.408543], [117.449578, 28.408156], [117.448689, 28.408189], [117.448381, 28.410358], [117.450693, 28.409107], [117.451554, 28.409918], [117.451524, 28.410341], [117.451843, 28.410592], [117.452128, 28.410563], [117.452318, 28.410365], [117.453559, 28.411061], [117.453719, 28.41137], [117.454196, 28.411396], [117.454705, 28.411702], [117.454674, 28.411871], [117.454834, 28.412264], [117.455313, 28.412909], [117.455028, 28.412911], [117.455028, 28.413051], [117.454743, 28.413053], [117.454521, 28.413279], [117.454236, 28.413422], [117.454016, 28.413986], [117.454018, 28.414323], [117.452176, 28.414192], [117.45211, 28.413743], [117.451634, 28.413689], [117.451409, 28.413212], [117.450425, 28.413245], [117.44976, 28.413587], [117.448871, 28.413619], [117.448426, 28.413537], [117.447886, 28.41354], [117.447444, 28.414134], [117.447001, 28.414361], [117.446588, 28.414335], [117.446078, 28.414028], [117.446044, 28.413437], [117.446679, 28.413293], [117.44674, 28.412899], [117.446675, 28.412365], [117.446101, 28.411805], [117.445495, 28.411357], [117.44502, 28.41167], [117.444415, 28.411194], [117.44334, 28.412269], [117.443214, 28.412523], [117.443756, 28.413111], [117.44439, 28.412939], [117.445189, 28.414004], [117.445094, 28.414089], [117.444935, 28.413949], [117.444539, 28.413848], [117.444299, 28.413896], [117.444205, 28.414122], [117.445095, 28.414399], [117.445576, 28.415466], [117.445483, 28.415945], [117.445674, 28.416084], [117.445389, 28.41617], [117.445389, 28.416311], [117.445742, 28.417097], [117.446443, 28.417797], [117.446159, 28.418052], [117.446033, 28.418446], [117.446036, 28.419137], [117.446592, 28.419119], [117.446521, 28.420048], [117.445551, 28.420915], [117.445329, 28.421248], [117.447799, 28.421235], [117.447719, 28.420042], [117.447489, 28.418915], [117.447409, 28.417656], [117.448304, 28.416988], [117.450554, 28.417971], [117.449512, 28.419369], [117.44884, 28.419571], [117.449593, 28.420828], [117.450718, 28.42122], [117.450646, 28.42195], [117.451621, 28.422475], [117.451555, 28.424399], [117.451854, 28.424397], [117.4523, 28.423732], [117.453423, 28.423726], [117.454025, 28.424584], [117.453953, 28.425182], [117.455417, 28.426354], [117.454762, 28.426539], [117.454764, 28.427214], [117.455912, 28.428164], [117.456238, 28.430245], [117.457193, 28.430802], [117.456816, 28.431817], [117.454467, 28.432087], [117.454075, 28.432074], [117.452613, 28.431533], [117.450982, 28.430929], [117.449008, 28.430627], [117.448579, 28.430249], [117.448407, 28.428665], [117.448064, 28.427835], [117.445575, 28.427835], [117.443429, 28.42791], [117.442227, 28.428212], [117.441798, 28.427005], [117.441112, 28.42543], [117.441304, 28.425513], [117.441757, 28.424748], [117.442755, 28.425038], [117.442877, 28.425771], [117.444448, 28.425564], [117.44505, 28.426091], [117.444973, 28.425628], [117.443995, 28.424638], [117.443917, 28.42371], [117.442867, 28.423317], [117.44361, 28.422053], [117.441883, 28.421], [117.441488, 28.420887], [117.441037, 28.420566], [117.4399, 28.419698], [117.4366, 28.417128], [117.436234, 28.416733], [117.436019, 28.416318], [117.434471, 28.415433], [117.434192, 28.415112], [117.434106, 28.414791], [117.433999, 28.414338], [117.43404, 28.413906], [117.433933, 28.413641], [117.433482, 28.413302], [117.432817, 28.412698], [117.432259, 28.412264], [117.432139, 28.412103], [117.432066, 28.411905]]]}, "properties": {"display_name": "桃源街道, 南岩街道, 弋阳县, 上饶市, 江西省, 中国", "type": "administrative", "osm_type": "relation", "osm_id": 9045858, "class": null, "keyword": "subdistrict"}}, {"type": "Feature", "geometry": {"type": "Polygon", "coordinates": [[[117.9379, 28.443044], [117.938232, 28.441799], [117.938265, 28.441176], [117.938367, 28.440591], [117.938662, 28.440426], [117.938672, 28.439884], [117.940314, 28.438167], [117.946408, 28.442487], [117.950292, 28.444544], [117.952824, 28.444865], [117.956493, 28.443695], [117.963231, 28.439714], [117.967249, 28.441139], [117.966712, 28.442223], [117.965995, 28.443933], [117.965888, 28.444113], [117.965641, 28.444679], [117.965618, 28.44475], [117.965514, 28.445124], [117.96517, 28.445907], [117.964909, 28.446256], [117.964788, 28.446421], [117.964715, 28.446523], [117.964598, 28.446883], [117.964116, 28.447718], [117.963161, 28.449181], [117.963735, 28.449416], [117.963803, 28.449618], [117.963883, 28.449855], [117.963923, 28.449955], [117.964501, 28.451679], [117.964749, 28.452371], [117.964931, 28.452949], [117.965031, 28.454089], [117.965151, 28.455137], [117.963735, 28.461334], [117.960838, 28.461108], [117.955012, 28.461127], [117.954637, 28.454138], [117.951998, 28.451308], [117.951107, 28.450779], [117.95101, 28.449912], [117.95056, 28.449147], [117.949734, 28.448497], [117.947132, 28.44711], [117.943259, 28.445662], [117.9379, 28.443044]]]}, "properties": {"display_name": "西市街道, 信州区, 上饶市, 江西省, 中国", "type": "administrative", "osm_type": "relation", "osm_id": 7684927, "class": null, "keyword": "subdistrict"}}, {"type": "Feature", "geometry": {"type": "Polygon", "coordinates": [[[117.911476, 28.433499], [117.91192, 28.432901], [117.912022, 28.432751], [117.912554, 28.431983], [117.913639, 28.432429], [117.915067, 28.432827], [117.915722, 28.432854], [117.916963, 28.433273], [117.917057, 28.433389], [117.916198, 28.434453], [117.915808, 28.435256], [117.91547, 28.435534], [117.915057, 28.435808], [117.914645, 28.436017], [117.914388, 28.436168], [117.914193, 28.4361], [117.913998, 28.435983], [117.913865, 28.435976], [117.913786, 28.435852], [117.913764, 28.435818], [117.913702, 28.435626], [117.912547, 28.434645], [117.912438, 28.434532], [117.911476, 28.433499]]]}, "properties": {"display_name": "江西省上饶市广信中学, 六七路, 七六社区, 旭日街道, 广信区, 上饶市, 江西省, 中国", "type": "school", "osm_type": "way", "osm_id": 951603308, "class": null, "keyword": "市中心"}}, {"type": "Feature", "geometry": {"type": "Polygon", "coordinates": [[[117.983788, 28.465663], [117.984269, 28.465247], [117.9845, 28.465033], [117.984787, 28.464769], [117.985411, 28.465289], [117.985717, 28.465188], [117.985902, 28.465017], [117.985857, 28.464769], [117.985417, 28.464393], [117.985461, 28.464349], [117.985525, 28.464285], [117.985426, 28.464212], [117.985717, 28.463987], [117.986247, 28.464001], [117.986623, 28.464335], [117.987343, 28.464993], [117.987658, 28.465259], [117.988174, 28.465729], [117.988592, 28.466084], [117.988733, 28.466167], [117.988732, 28.466407], [117.988452, 28.466561], [117.988042, 28.46674], [117.987489, 28.466888], [117.987016, 28.466994], [117.986171, 28.467096], [117.985606, 28.467037], [117.983788, 28.465736], [117.983788, 28.465663]]]}, "properties": {"display_name": "中央公园, 北门街道, 信州区, 上饶市, 江西省, 中国", "type": "residential", "osm_type": "way", "osm_id": 841829487, "class": null, "keyword": "中央区"}}, {"type": "Feature", "geometry": {"type": "Polygon", "coordinates": [[[117.841152, 29.268314], [117.84118, 29.267919], [117.843808, 29.267898], [117.844278, 29.27006], [117.843376, 29.270365], [117.842708, 29.270488], [117.842289, 29.269931], [117.842017, 29.269673], [117.841908, 29.269672], [117.841724, 29.269752], [117.841632, 29.269697], [117.84154, 29.269601], [117.841466, 29.269548], [117.841468, 29.269439], [117.841238, 29.269013], [117.84122, 29.268939], [117.841232, 29.2686], [117.84121, 29.26843], [117.841152, 29.268314]]]}, "properties": {"display_name": "紫阳中学, 源头路, 汤村村, 紫阳镇, 婺源县, 上饶市, 江西省, 中国", "type": "school", "osm_type": "way", "osm_id": 655297994, "class": null, "keyword": "中央区"}}, {"type": "Feature", "geometry": {"type": "Polygon", "coordinates": [[[118.017389, 28.488126], [118.018367, 28.487131], [118.01941, 28.487998], [118.019443, 28.488247], [118.01899, 28.488697], [118.018562, 28.489146], [118.018478, 28.48921], [118.018239, 28.489197], [118.018101, 28.488961], [118.017887, 28.488649], [118.017389, 28.488126]]]}, "properties": {"display_name": "上饶市大数据创新创业孵化中心, 灵溪街道, 信州区, 上饶市, 江西省, 中国", "type": "commercial", "osm_type": "way", "osm_id": 1321763713, "class": null, "keyword": "市中心"}}, {"type": "Feature", "geometry": {"type": "Polygon", "coordinates": [[[118.045301, 29.020192], [118.04624, 29.019437], [118.046529, 29.019362], [118.046722, 29.019226], [118.046969, 29.01923], [118.046948, 29.020305], [118.046191, 29.021266], [118.04602, 29.021346], [118.045301, 29.020192]]]}, "properties": {"display_name": "昄大乡中心小学, 东阳-白沙关, 大洋畈, 港首村, 港首办事处, 昄大乡, 三清山风景名胜区, 德兴市, 上饶市, 江西省, 中国", "type": "school", "osm_type": "way", "osm_id": 973015478, "class": null, "keyword": "中心商務區"}}, {"type": "Feature", "geometry": {"type": "Polygon", "coordinates": [[[117.705812, 29.04008], [117.705946, 29.039833], [117.705838, 29.039694], [117.70587, 29.039518], [117.706415, 29.039625], [117.706923, 29.039712], [117.706922, 29.039825], [117.706901, 29.04007], [117.70715, 29.040077], [117.707174, 29.039957], [117.707234, 29.039938], [117.707539, 29.039946], [117.707714, 29.039949], [117.707832, 29.039998], [117.707845, 29.040207], [117.70784, 29.040813], [117.707826, 29.040985], [117.707519, 29.041014], [117.707289, 29.040948], [117.707001, 29.041013], [117.706964, 29.040685], [117.706649, 29.040685], [117.706584, 29.040516], [117.70621, 29.040504], [117.705845, 29.040389], [117.705899, 29.04022], [117.705812, 29.04008]]]}, "properties": {"display_name": "老奈坑小区, 铜矿街道, 德兴市, 上饶市, 江西省, 中国", "type": "residential", "osm_type": "way", "osm_id": 1264818022, "class": null, "keyword": "老城区"}}, {"type": "Feature", "geometry": {"type": "Polygon", "coordinates": [[[118.242408, 28.465205], [118.242489, 28.464691], [118.24275, 28.464419], [118.243725, 28.464076], [118.244213, 28.464434], [118.244473, 28.464877], [118.242636, 28.46562], [118.242408, 28.465205]]]}, "properties": {"display_name": "上饶市广丰区新实中学, 白沙关-东阳, 吴村镇, 广丰区, 上饶市, 江西省, 中国", "type": "school", "osm_type": "way", "osm_id": 1374660650, "class": null, "keyword": "市中心"}}, {"type": "Feature", "geometry": {"type": "Polygon", "coordinates": [[[117.924436, 29.107466], [117.924548, 29.107363], [117.92501, 29.107377], [117.925095, 29.107476], [117.925331, 29.107485], [117.92539, 29.10741], [117.925986, 29.107433], [117.926018, 29.10838], [117.925723, 29.108694], [117.924575, 29.108544], [117.9245, 29.108488], [117.924436, 29.107466]]]}, "properties": {"display_name": "新岗山镇中心小学, 杭长高速, 施家, 新岗山镇, 德兴市, 上饶市, 江西省, 中国", "type": "school", "osm_type": "way", "osm_id": 665552183, "class": null, "keyword": "中心商圈"}}, {"type": "Feature", "geometry": {"type": "Polygon", "coordinates": [[[118.004542, 28.43254], [118.004978, 28.431705], [118.006098, 28.431869], [118.00576, 28.432983], [118.004738, 28.432763], [118.004542, 28.43254]]]}, "properties": {"display_name": "上饶市朝阳中学, 上广公路, 老鼠垄, 里许家, 朝阳镇, 信州区, 上饶市, 江西省, 334000, 中国", "type": "school", "osm_type": "way", "osm_id": 1018225971, "class": null, "keyword": "中央区"}}, {"type": "Feature", "geometry": {"type": "Polygon", "coordinates": [[[117.89275, 28.540584], [117.893184, 28.540248], [117.893276, 28.540343], [117.893807, 28.540186], [117.89413, 28.540509], [117.894219, 28.540421], [117.894564, 28.540896], [117.894167, 28.541144], [117.89367, 28.541454], [117.892924, 28.540613], [117.892809, 28.540642], [117.89275, 28.540584]]]}, "properties": {"display_name": "清水乡中心小学, 629县道, 竹山排, 清水乡, 广信区, 上饶市, 江西省, 中国", "type": "school", "osm_type": "way", "osm_id": 1000722575, "class": null, "keyword": "中心商務區"}}, {"type": "Feature", "geometry": {"type": "Polygon", "coordinates": [[[118.112052, 28.902771], [118.112528, 28.902321], [118.113379, 28.90289], [118.113199, 28.903098], [118.113504, 28.903333], [118.113264, 28.903643], [118.113105, 28.903629], [118.112337, 28.903365], [118.1123, 28.903269], [118.112333, 28.903038], [118.112109, 28.902878], [118.112052, 28.902771]]]}, "properties": {"display_name": "三清山中心小学, 白沙关-东阳/三清山旅游公路, 金沙服务区, 礤底, 三清, 三清乡, 三清山风景名胜区, 玉山县, 上饶市, 江西省, 中国", "type": "school", "osm_type": "way", "osm_id": 844540685, "class": null, "keyword": "中心商務區"}}, {"type": "Feature", "geometry": {"type": "Polygon", "coordinates": [[[117.85883, 29.243363], [117.859216, 29.242661], [117.859954, 29.24298], [117.859908, 29.243958], [117.859766, 29.243946], [117.859766, 29.243855], [117.85884, 29.243432], [117.85883, 29.243363]]]}, "properties": {"display_name": "共产主义劳动大学, 詹天佑大道, 大王桥, 城关村, 蚺城街道, 婺源县, 上饶市, 江西省, 中国", "type": "college", "osm_type": "way", "osm_id": 704262978, "class": null, "keyword": "老城区"}}, {"type": "Feature", "geometry": {"type": "Polygon", "coordinates": [[[118.197997, 28.430815], [118.198404, 28.42971], [118.198852, 28.429817], [118.198591, 28.430486], [118.199081, 28.430609], [118.198847, 28.43116], [118.197997, 28.430815]]]}, "properties": {"display_name": "广丰区城东全民健身中心, 裕丰大道, 永丰街道, 广丰区, 上饶市, 江西省, 中国", "type": "sports_centre", "osm_type": "way", "osm_id": 1346642387, "class": null, "keyword": "中心城区"}}, {"type": "Feature", "geometry": {"type": "Polygon", "coordinates": [[[118.186802, 28.439551], [118.186839, 28.438919], [118.18759, 28.4389], [118.187582, 28.439305], [118.187834, 28.439348], [118.18784, 28.439706], [118.187518, 28.439688], [118.187475, 28.439881], [118.186858, 28.439848], [118.186802, 28.439551]]]}, "properties": {"display_name": "广丰老年大学, 考场路, 城北, 永丰街道, 广丰区, 上饶市, 江西省, 中国", "type": "school", "osm_type": "way", "osm_id": 1353685265, "class": null, "keyword": "老城区"}}, {"type": "Feature", "geometry": {"type": "Polygon", "coordinates": [[[118.163086, 28.445085], [118.163195, 28.44437], [118.163504, 28.444385], [118.163512, 28.444317], [118.163944, 28.444392], [118.163887, 28.445117], [118.163086, 28.445085]]]}, "properties": {"display_name": "上饶市广丰区青少年学生校外活动中心, 铜钹山西大道, 西坛, 西坛村, 芦林街道, 广丰区, 上饶市, 江西省, 中国", "type": "community_centre", "osm_type": "way", "osm_id": 1349224130, "class": null, "keyword": "市中心"}}, {"type": "Feature", "geometry": {"type": "Polygon", "coordinates": [[[117.826157, 28.548948], [117.826215, 28.54842], [117.827073, 28.548492], [117.827015, 28.54902], [117.826157, 28.548948]]]}, "properties": {"display_name": "上饶灵山风景区游客中心, 左尖公路, 白水, 左溪村, 广信区, 上饶市, 江西省, 中国", "type": "information", "osm_type": "way", "osm_id": 1199222554, "class": null, "keyword": "city center"}}, {"type": "Feature", "geometry": {"type": "Polygon", "coordinates": [[[117.850961, 29.275482], [117.85173, 29.275461], [117.851747, 29.275935], [117.850978, 29.275956], [117.850961, 29.275482]]]}, "properties": {"display_name": "旅游集散中心, 文公北路, 新建, 朱塘社区, 蚺城街道, 婺源县, 上饶市, 江西省, 中国", "type": "yes", "osm_type": "way", "osm_id": 703837609, "class": null, "keyword": "中心商務區"}}, {"type": "Feature", "geometry": {"type": "Polygon", "coordinates": [[[117.938088, 28.453543], [117.938181, 28.453427], [117.938845, 28.453838], [117.939079, 28.453546], [117.939223, 28.453634], [117.938896, 28.454043], [117.938088, 28.453543]]]}, "properties": {"display_name": "上饶市信州区行政服务中心, 凤凰中大道, 北门街道, 上饶市, 信州区, 上饶市, 江西省, 334000, 中国", "type": "yes", "osm_type": "way", "osm_id": 273302751, "class": null, "keyword": "市中心"}}, {"type": "Feature", "geometry": {"type": "Polygon", "coordinates": [[[117.959544, 28.445117], [117.959705, 28.445004], [117.959709, 28.444958], [117.960076, 28.444704], [117.960278, 28.444959], [117.959734, 28.445311], [117.959544, 28.445117]]]}, "properties": {"display_name": "上饶市第五人民医院体检中心, 信江中路, 下泽街, 西市街道, 信州区, 上饶市, 江西省, 334000, 中国", "type": "hospital", "osm_type": "way", "osm_id": 953001503, "class": null, "keyword": "市中心"}}, {"type": "Feature", "geometry": {"type": "Polygon", "coordinates": [[[117.984134, 28.446937], [117.984356, 28.446904], [117.984427, 28.447277], [117.984205, 28.447309], [117.984134, 28.446937]]]}, "properties": {"display_name": "云碧峰游客中心, 玉丰路, 水南街道, 七里门, 信州区, 上饶市, 江西省, 334000, 中国", "type": "information", "osm_type": "way", "osm_id": 1156038946, "class": null, "keyword": "中心商務區"}}]}