{"type": "FeatureCollection", "features": [{"type": "Feature", "geometry": {"type": "Polygon", "coordinates": [[[112.344128, 37.947736], [112.346187, 37.946744], [112.34756, 37.943406], [112.350878, 37.940068], [112.354767, 37.938805], [112.359228, 37.936279], [112.362202, 37.933031], [112.363918, 37.933031], [112.365405, 37.933934], [112.368494, 37.931949], [112.371697, 37.932761], [112.374328, 37.935558], [112.375929, 37.935648], [112.374671, 37.931768], [112.380276, 37.92861], [112.383136, 37.929783], [112.384852, 37.929332], [112.384966, 37.928159], [112.382793, 37.927798], [112.382564, 37.925001], [112.385996, 37.922023], [112.388284, 37.922925], [112.389428, 37.922023], [112.391372, 37.922655], [112.392402, 37.925542], [112.39469, 37.92464], [112.396062, 37.925001], [112.393775, 37.926806], [112.393775, 37.92852], [112.399036, 37.931317], [112.399036, 37.934655], [112.400981, 37.935377], [112.40407, 37.935648], [112.405786, 37.937362], [112.401782, 37.938535], [112.402011, 37.940159], [112.406815, 37.939798], [112.409103, 37.938354], [112.411963, 37.933482], [112.412077, 37.930415], [112.412992, 37.927888], [112.415623, 37.929513], [112.418598, 37.929061], [112.421, 37.925993], [112.424431, 37.926084], [112.425461, 37.927527], [112.428435, 37.928069], [112.427978, 37.926625], [112.427063, 37.925181], [112.429236, 37.924911], [112.429579, 37.922835], [112.431638, 37.922384], [112.434384, 37.922204], [112.435413, 37.92094], [112.434727, 37.918774], [112.434612, 37.91706], [112.434956, 37.916157], [112.43675, 37.914595], [112.441247, 37.914352], [112.443077, 37.915436], [112.447539, 37.915075], [112.454173, 37.911374], [112.457376, 37.910291], [112.457948, 37.908847], [112.462295, 37.908486], [112.464584, 37.906367], [112.46879, 37.906143], [112.470084, 37.904995], [112.470448, 37.901069], [112.472828, 37.895941], [112.476423, 37.893906], [112.477206, 37.895004], [112.478277, 37.897117], [112.479463, 37.89892], [112.480599, 37.899969], [112.482189, 37.900935], [112.481728, 37.906004], [112.480078, 37.90681], [112.479253, 37.907958], [112.479017, 37.909539], [112.480078, 37.912701], [112.48385, 37.916143], [112.485501, 37.917786], [112.487505, 37.898252], [112.496642, 37.898124], [112.502988, 37.898035], [112.502988, 37.903865], [112.507743, 37.903493], [112.507704, 37.906439], [112.52251, 37.906487], [112.520455, 37.910127], [112.519297, 37.91271], [112.51562, 37.921691], [112.511804, 37.932505], [112.511288, 37.933968], [112.508316, 37.944218], [112.507409, 37.94672], [112.50625, 37.949263], [112.503027, 37.95395], [112.4994, 37.95943], [112.497284, 37.961853], [112.494866, 37.964077], [112.48921, 37.968829], [112.473358, 37.982144], [112.470738, 37.98409], [112.468874, 37.985122], [112.46011, 37.988496], [112.458246, 37.988933], [112.456533, 37.989052], [112.454619, 37.989132], [112.449884, 37.989052], [112.448021, 37.98937], [112.446308, 37.989846], [112.444797, 37.99068], [112.443991, 37.991434], [112.443437, 37.99195], [112.435377, 37.991355], [112.420618, 37.990918], [112.415833, 37.993379], [112.408579, 37.992665], [112.406615, 37.993022], [112.401376, 37.99203], [112.399714, 37.99195], [112.396138, 37.991553], [112.395382, 37.991275], [112.392209, 37.991236], [112.389035, 37.993141], [112.386063, 37.995245], [112.382285, 37.994967], [112.381026, 37.993181], [112.378306, 37.988973], [112.377674, 37.988252], [112.378414, 37.98672], [112.378689, 37.984811], [112.377861, 37.982335], [112.376646, 37.98091], [112.374806, 37.980255], [112.373747, 37.980931], [112.372155, 37.981917], [112.370703, 37.982239], [112.36795, 37.979852], [112.367238, 37.979259], [112.365127, 37.976287], [112.364441, 37.97304], [112.362209, 37.971822], [112.359119, 37.974934], [112.355858, 37.975069], [112.352081, 37.971957], [112.352081, 37.969656], [112.353798, 37.967627], [112.357231, 37.965191], [112.355914, 37.963277], [112.358885, 37.957839], [112.35797, 37.954141], [112.356483, 37.952156], [112.350306, 37.951164], [112.348361, 37.948638], [112.344472, 37.948729], [112.344128, 37.947736]]]}, "properties": {"display_name": "柴村街道, 尖草坪区, 太原市, 山西省, 中国", "type": "administrative", "osm_type": "relation", "osm_id": 9882561, "class": null, "keyword": "subdistrict"}}, {"type": "Feature", "geometry": {"type": "Polygon", "coordinates": [[[112.162042, 37.900696], [112.163201, 37.893306], [112.169862, 37.893459], [112.175752, 37.894525], [112.183862, 37.893687], [112.185214, 37.89262], [112.18811, 37.89163], [112.193517, 37.89102], [112.200951, 37.889496], [112.202013, 37.887668], [112.202013, 37.885534], [112.197089, 37.883705], [112.193324, 37.882486], [112.186855, 37.878904], [112.184924, 37.878981], [112.181931, 37.876085], [112.181641, 37.872579], [112.176814, 37.87075], [112.176814, 37.868311], [112.178455, 37.865796], [112.181641, 37.864729], [112.184248, 37.863585], [112.190427, 37.860689], [112.193517, 37.858478], [112.192551, 37.857792], [112.194, 37.852227], [112.190813, 37.850245], [112.186855, 37.849178], [112.191103, 37.845366], [112.190813, 37.840715], [112.191972, 37.836216], [112.197089, 37.830879], [112.203751, 37.830345], [112.214468, 37.83065], [112.222481, 37.830497], [112.241405, 37.838046], [112.247294, 37.845442], [112.254632, 37.85055], [112.259266, 37.855582], [112.281382, 37.85705], [112.28303, 37.859219], [112.282847, 37.860954], [112.278269, 37.863268], [112.278635, 37.871363], [112.276621, 37.875122], [112.276987, 37.877146], [112.2801, 37.876857], [112.281931, 37.874255], [112.284356, 37.872894], [112.287076, 37.874223], [112.289925, 37.873609], [112.294457, 37.871769], [112.297953, 37.872383], [112.298212, 37.874325], [112.295881, 37.877902], [112.296011, 37.882604], [112.293291, 37.885261], [112.290831, 37.885159], [112.284874, 37.882093], [112.280342, 37.881888], [112.277752, 37.88567], [112.27568, 37.891802], [112.273608, 37.894458], [112.272055, 37.897626], [112.27063, 37.900896], [112.270371, 37.903757], [112.266875, 37.907027], [112.266227, 37.911522], [112.258458, 37.918775], [112.257464, 37.921154], [112.257493, 37.922855], [112.253127, 37.922762], [112.24198, 37.922433], [112.238386, 37.923173], [112.236667, 37.923995], [112.234937, 37.925002], [112.232653, 37.926397], [112.229633, 37.927559], [112.228234, 37.924537], [112.223372, 37.925467], [112.224182, 37.922794], [112.223446, 37.921109], [112.220573, 37.919598], [112.217037, 37.919656], [112.216006, 37.919075], [112.212912, 37.919656], [112.209524, 37.922387], [112.206913, 37.922516], [112.202677, 37.922516], [112.199602, 37.921601], [112.195669, 37.921402], [112.193248, 37.920288], [112.192895, 37.919015], [112.193299, 37.916231], [112.19224, 37.914918], [112.185887, 37.90903], [112.182811, 37.907638], [112.179231, 37.9072], [112.177113, 37.907877], [112.17192, 37.910423], [112.170442, 37.911057], [112.163973, 37.906486], [112.162814, 37.904505], [112.162042, 37.900696]]]}, "properties": {"display_name": "东曲街道, 古交市, 太原市, 山西省, 中国", "type": "administrative", "osm_type": "relation", "osm_id": 7740954, "class": null, "keyword": "subdistrict"}}, {"type": "Feature", "geometry": {"type": "Polygon", "coordinates": [[[112.055226, 37.844072], [112.083158, 37.836996], [112.088779, 37.833528], [112.086408, 37.830337], [112.088077, 37.82888], [112.10033, 37.830517], [112.10238, 37.828899], [112.104181, 37.828948], [112.105361, 37.828261], [112.112876, 37.827623], [112.115733, 37.827034], [112.117721, 37.825415], [112.127845, 37.828849], [112.133124, 37.829438], [112.138776, 37.825563], [112.144739, 37.824532], [112.147161, 37.828555], [112.147534, 37.836061], [112.150802, 37.839682], [112.155474, 37.845832], [112.163731, 37.852837], [112.168899, 37.855483], [112.179831, 37.851413], [112.185669, 37.849451], [112.186855, 37.849178], [112.190813, 37.850245], [112.194, 37.852227], [112.192551, 37.857792], [112.193517, 37.858478], [112.190427, 37.860689], [112.184248, 37.863585], [112.181641, 37.864729], [112.178455, 37.865796], [112.176814, 37.868311], [112.176814, 37.87075], [112.181641, 37.872579], [112.181931, 37.876085], [112.184924, 37.878981], [112.186855, 37.878904], [112.193324, 37.882486], [112.197089, 37.883705], [112.202013, 37.885534], [112.202013, 37.887668], [112.200951, 37.889496], [112.193517, 37.89102], [112.18811, 37.89163], [112.185214, 37.89262], [112.183862, 37.893687], [112.175752, 37.894525], [112.169862, 37.893459], [112.163201, 37.893306], [112.162042, 37.900696], [112.162814, 37.904505], [112.163973, 37.906486], [112.170442, 37.911057], [112.16639, 37.912482], [112.155948, 37.916126], [112.147633, 37.919157], [112.14253, 37.919655], [112.139759, 37.919456], [112.137428, 37.918462], [112.135538, 37.916226], [112.134374, 37.915605], [112.134921, 37.9153], [112.137995, 37.913844], [112.137819, 37.911696], [112.136326, 37.908924], [112.133252, 37.90733], [112.131056, 37.906776], [112.128684, 37.90539], [112.129563, 37.903518], [112.125786, 37.901231], [112.118846, 37.895201], [112.115333, 37.889101], [112.113225, 37.887299], [112.110941, 37.886397], [112.110678, 37.878771], [112.107691, 37.879118], [112.105671, 37.877524], [112.10409, 37.874334], [112.102745, 37.870772], [112.09809, 37.861411], [112.093435, 37.861272], [112.088779, 37.863491], [112.084212, 37.861827], [112.076746, 37.866681], [112.064536, 37.861965], [112.061023, 37.858984], [112.06032, 37.856625], [112.056631, 37.85503], [112.055226, 37.844072]]]}, "properties": {"display_name": "桃园街道, 古交市, 太原市, 山西省, 中国", "type": "administrative", "osm_type": "relation", "osm_id": 7741651, "class": null, "keyword": "subdistrict"}}, {"type": "Feature", "geometry": {"type": "Polygon", "coordinates": [[[112.51127, 37.688923], [112.513753, 37.687043], [112.514116, 37.686805], [112.516651, 37.685069], [112.5192, 37.684545], [112.518559, 37.682893], [112.521979, 37.682449], [112.521488, 37.679756], [112.523146, 37.680171], [112.5261, 37.680991], [112.526539, 37.681214], [112.527258, 37.681616], [112.53287, 37.680186], [112.532432, 37.67866], [112.536062, 37.677827], [112.536729, 37.677563], [112.537203, 37.677133], [112.537395, 37.676744], [112.537623, 37.674245], [112.537799, 37.674037], [112.538601, 37.673865], [112.541896, 37.673159], [112.544534, 37.672593], [112.547077, 37.68621], [112.551339, 37.685614], [112.551602, 37.68671], [112.552461, 37.686557], [112.552707, 37.687321], [112.553268, 37.687238], [112.553619, 37.688958], [112.5538, 37.689841], [112.554712, 37.689771], [112.554916, 37.690894], [112.560168, 37.690416], [112.559336, 37.688376], [112.558372, 37.685516], [112.560792, 37.685211], [112.560459, 37.683795], [112.562581, 37.683573], [112.564743, 37.683206], [112.564466, 37.682282], [112.565198, 37.682165], [112.565204, 37.681703], [112.565755, 37.681632], [112.566422, 37.681547], [112.574553, 37.680792], [112.581817, 37.682175], [112.583852, 37.686845], [112.577382, 37.687872], [112.577716, 37.690414], [112.577013, 37.690565], [112.577399, 37.692117], [112.574948, 37.691958], [112.572131, 37.693539], [112.572989, 37.694801], [112.573778, 37.69652], [112.574426, 37.699072], [112.57513, 37.704648], [112.566294, 37.7053], [112.566803, 37.706604], [112.567855, 37.708422], [112.568171, 37.709227], [112.568539, 37.711502], [112.568592, 37.713181], [112.568627, 37.717621], [112.568978, 37.72138], [112.571714, 37.721297], [112.571731, 37.723836], [112.573854, 37.72385], [112.57452, 37.72471], [112.572854, 37.724765], [112.573012, 37.729385], [112.574503, 37.729399], [112.574678, 37.730647], [112.572872, 37.730744], [112.572942, 37.731979], [112.572433, 37.731979], [112.572468, 37.734753], [112.575064, 37.734656], [112.575099, 37.735599], [112.577572, 37.73564], [112.578835, 37.753198], [112.570662, 37.752962], [112.563804, 37.752768], [112.563558, 37.758204], [112.572468, 37.758717], [112.572608, 37.765358], [112.578721, 37.765553], [112.578161, 37.773661], [112.563586, 37.773661], [112.56378, 37.775964], [112.563728, 37.776635], [112.554951, 37.776671], [112.554872, 37.773619], [112.553415, 37.773654], [112.552976, 37.771226], [112.547407, 37.771656], [112.542673, 37.771933], [112.543129, 37.770783], [112.536186, 37.77088], [112.535713, 37.770866], [112.535152, 37.770769], [112.533522, 37.770256], [112.530323, 37.769644], [112.531835, 37.766255], [112.535611, 37.760827], [112.537105, 37.757004], [112.538625, 37.753758], [112.539104, 37.751915], [112.540244, 37.749162], [112.539558, 37.747126], [112.540072, 37.741289], [112.540367, 37.740707], [112.541446, 37.738574], [112.541446, 37.737684], [112.541446, 37.734501], [112.542819, 37.729071], [112.54097, 37.725695], [112.539373, 37.723695], [112.538384, 37.721006], [112.536426, 37.717596], [112.534247, 37.714852], [112.533224, 37.712685], [112.531504, 37.710025], [112.528983, 37.706867], [112.528795, 37.706624], [112.527018, 37.704328], [112.519645, 37.700146], [112.518675, 37.699732], [112.516099, 37.698021], [112.514737, 37.696466], [112.513195, 37.693769], [112.51281, 37.692139], [112.51127, 37.688923]]]}, "properties": {"display_name": "小店街道, 小店区, 太原市, 山西省, 中国", "type": "administrative", "osm_type": "relation", "osm_id": 9881419, "class": null, "keyword": "subdistrict"}}, {"type": "Feature", "geometry": {"type": "Polygon", "coordinates": [[[112.106183, 37.932226], [112.10738, 37.9284], [112.10927, 37.926611], [112.112608, 37.925916], [112.120294, 37.926065], [112.123884, 37.92517], [112.128861, 37.922487], [112.128672, 37.920946], [112.128168, 37.917219], [112.129302, 37.91543], [112.133207, 37.914983], [112.134374, 37.915605], [112.135538, 37.916226], [112.137428, 37.918462], [112.139759, 37.919456], [112.14253, 37.919655], [112.147633, 37.919157], [112.155948, 37.916126], [112.16639, 37.912482], [112.170442, 37.911057], [112.17192, 37.910423], [112.172222, 37.91098], [112.173785, 37.911298], [112.174995, 37.911099], [112.176457, 37.913566], [112.175953, 37.919691], [112.172877, 37.92872], [112.168844, 37.934328], [112.164558, 37.938623], [112.161482, 37.941804], [112.160423, 37.944349], [112.158347, 37.946847], [112.15759, 37.94983], [112.156784, 37.952176], [112.157338, 37.955396], [112.157439, 37.9581], [112.15512, 37.961479], [112.149674, 37.963387], [112.145791, 37.96609], [112.143873, 37.966437], [112.139775, 37.965595], [112.135321, 37.962855], [112.127125, 37.962083], [112.123116, 37.962013], [112.115187, 37.960467], [112.111159, 37.958257], [112.108388, 37.955922], [112.108451, 37.952048], [112.110467, 37.949763], [112.115254, 37.951601], [112.118026, 37.951054], [112.120546, 37.948571], [112.124514, 37.947031], [112.122876, 37.944646], [112.12042, 37.942709], [112.118089, 37.941368], [112.116892, 37.940076], [112.11538, 37.93938], [112.113427, 37.936698], [112.109774, 37.935257], [112.10801, 37.933766], [112.106183, 37.932226]]]}, "properties": {"display_name": "西曲街道, 古交市, 太原市, 山西省, 中国", "type": "administrative", "osm_type": "relation", "osm_id": 7741652, "class": null, "keyword": "subdistrict"}}, {"type": "Feature", "geometry": {"type": "Polygon", "coordinates": [[[112.371597, 37.992114], [112.372337, 37.991457], [112.375255, 37.990743], [112.377338, 37.988947], [112.377674, 37.988252], [112.378306, 37.988973], [112.381026, 37.993181], [112.382285, 37.994967], [112.386063, 37.995245], [112.389035, 37.993141], [112.392209, 37.991236], [112.395382, 37.991275], [112.396138, 37.991553], [112.399714, 37.99195], [112.401376, 37.99203], [112.406615, 37.993022], [112.408579, 37.992665], [112.415833, 37.993379], [112.420618, 37.990918], [112.435377, 37.991355], [112.443437, 37.99195], [112.447403, 37.991284], [112.453003, 37.991423], [112.453478, 37.991617], [112.45523, 37.99168], [112.45538, 38.002572], [112.4542, 38.002579], [112.454235, 38.013859], [112.455133, 38.013894], [112.455151, 38.015454], [112.456639, 38.015503], [112.459859, 38.015544], [112.45986, 38.017889], [112.456717, 38.017949], [112.456975, 38.027248], [112.45521, 38.027043], [112.454522, 38.026939], [112.45194, 38.026832], [112.451553, 38.026967], [112.449057, 38.027063], [112.448756, 38.027367], [112.448067, 38.027569], [112.448067, 38.028008], [112.44768, 38.028413], [112.447207, 38.028412], [112.446648, 38.02929], [112.446518, 38.030169], [112.446131, 38.030473], [112.445486, 38.030403], [112.445142, 38.031384], [112.444539, 38.032262], [112.44398, 38.033579], [112.442776, 38.034287], [112.424358, 38.040411], [112.422456, 38.038698], [112.422055, 38.037122], [112.4236, 38.034238], [112.422989, 38.032365], [112.424018, 38.02804], [112.422531, 38.026598], [112.422989, 38.023895], [112.426192, 38.020471], [112.427221, 38.018218], [112.423904, 38.014703], [112.420014, 38.013802], [112.414116, 38.012337], [112.41457, 38.013633], [112.414595, 38.01397], [112.41486, 38.014857], [112.415208, 38.015229], [112.416017, 38.015762], [112.416656, 38.017048], [112.417003, 38.018391], [112.416282, 38.020116], [112.415236, 38.020634], [112.413981, 38.020902], [112.413525, 38.020685], [112.411834, 38.01869], [112.410168, 38.017596], [112.408793, 38.016576], [112.406275, 38.016092], [112.404647, 38.016437], [112.400932, 38.018176], [112.399407, 38.018548], [112.398944, 38.018604], [112.398258, 38.018223], [112.397907, 38.017696], [112.397868, 38.017038], [112.398693, 38.01603], [112.399622, 38.015416], [112.401001, 38.015134], [112.402609, 38.015033], [112.403488, 38.014436], [112.403801, 38.013645], [112.40358, 38.011325], [112.402378, 38.009161], [112.39946, 38.007403], [112.397795, 38.007404], [112.396027, 38.006591], [112.3963, 38.00513], [112.397571, 38.004698], [112.401005, 38.004833], [112.402893, 38.003616], [112.403236, 38.001587], [112.401691, 37.999693], [112.400868, 37.999356], [112.399512, 37.999612], [112.397056, 38.001722], [112.395503, 38.003421], [112.394356, 38.004287], [112.392983, 38.004303], [112.391833, 38.003428], [112.390711, 38.001446], [112.388955, 38.000237], [112.386604, 37.999312], [112.384868, 37.999828], [112.382808, 38.001181], [112.380749, 38.001181], [112.376457, 38.000504], [112.372337, 37.998746], [112.372337, 37.997258], [112.373539, 37.996176], [112.376629, 37.995364], [112.37706, 37.994793], [112.375521, 37.993628], [112.372165, 37.992929], [112.371597, 37.992114]]]}, "properties": {"display_name": "上兰街道, 尖草坪区, 太原市, 山西省, 中国", "type": "administrative", "osm_type": "relation", "osm_id": 9882568, "class": null, "keyword": "subdistrict"}}, {"type": "Feature", "geometry": {"type": "MultiPolygon", "coordinates": [[[[112.568575, 37.898577], [112.569198, 37.898553], [112.570874, 37.899207], [112.571428, 37.899123], [112.571949, 37.899144], [112.572051, 37.899586], [112.572224, 37.899798], [112.572598, 37.899793], [112.573602, 37.899505], [112.57378, 37.899167], [112.576544, 37.899341], [112.576881, 37.899366], [112.577643, 37.899666], [112.57674, 37.901396], [112.577094, 37.901566], [112.577422, 37.9016], [112.57746, 37.901846], [112.578668, 37.901948], [112.578512, 37.902773], [112.578232, 37.903009], [112.578356, 37.903379], [112.578447, 37.903429], [112.578511, 37.903721], [112.578655, 37.903713], [112.578752, 37.904013], [112.579003, 37.904279], [112.57962, 37.905943], [112.580253, 37.907869], [112.580554, 37.907788], [112.580345, 37.907513], [112.580833, 37.907268], [112.581435, 37.906672], [112.582074, 37.906711], [112.582171, 37.906397], [112.58142, 37.906148], [112.580936, 37.906142], [112.580346, 37.904573], [112.580083, 37.904314], [112.58026, 37.904267], [112.580732, 37.904721], [112.581059, 37.904569], [112.58078, 37.903985], [112.580399, 37.903726], [112.581017, 37.90352], [112.581457, 37.9036], [112.58209, 37.903783], [112.582416, 37.904706], [112.583033, 37.905065], [112.58342, 37.904973], [112.583575, 37.904609], [112.583735, 37.90431], [112.583826, 37.904233], [112.583794, 37.904085], [112.584214, 37.903979], [112.583227, 37.899777], [112.584603, 37.900673], [112.585023, 37.900741], [112.585998, 37.901637], [112.58676, 37.902205], [112.587468, 37.903086], [112.588486, 37.902925], [112.590139, 37.903298], [112.591019, 37.90279], [112.591931, 37.902968], [112.594104, 37.905024], [112.595242, 37.904762], [112.59581, 37.905219], [112.596465, 37.905051], [112.597378, 37.905627], [112.596842, 37.906035], [112.593602, 37.907085], [112.592679, 37.906679], [112.59255, 37.907322], [112.592035, 37.907847], [112.590855, 37.907492], [112.589846, 37.907745], [112.589159, 37.908202], [112.588348, 37.908932], [112.588032, 37.909004], [112.587586, 37.909419], [112.585847, 37.909304], [112.58487, 37.909049], [112.584575, 37.909053], [112.583825, 37.909475], [112.583605, 37.909599], [112.582656, 37.90959], [112.5817, 37.909529], [112.580861, 37.909498], [112.580539, 37.909486], [112.577812, 37.909383], [112.577281, 37.909245], [112.576185, 37.909261], [112.575928, 37.908109], [112.575627, 37.908058], [112.575219, 37.908244], [112.573887, 37.906923], [112.573758, 37.906686], [112.57436, 37.906347], [112.574682, 37.906094], [112.575069, 37.905671], [112.575134, 37.905383], [112.574746, 37.904756], [112.574984, 37.904561], [112.574511, 37.904019], [112.575048, 37.903562], [112.575349, 37.903088], [112.574833, 37.902404], [112.574938, 37.902326], [112.574956, 37.902306], [112.574966, 37.902284], [112.574969, 37.902261], [112.574961, 37.902229], [112.57495, 37.902204], [112.574933, 37.902182], [112.574912, 37.902161], [112.574878, 37.902145], [112.574848, 37.902136], [112.574829, 37.902031], [112.574582, 37.900854], [112.573485, 37.900852], [112.568801, 37.900911], [112.56918, 37.899942], [112.56908, 37.899131], [112.568575, 37.898577]]], [[[112.589393, 37.872564], [112.589425, 37.872344], [112.589554, 37.872336], [112.589645, 37.87201], [112.590439, 37.872145], [112.590525, 37.871925], [112.591212, 37.871988], [112.591324, 37.871849], [112.59178, 37.871959], [112.591677, 37.872247], [112.592551, 37.872261], [112.596357, 37.872168], [112.596347, 37.868458], [112.597468, 37.868136], [112.597532, 37.867502], [112.597243, 37.867489], [112.596824, 37.867583], [112.596604, 37.86757], [112.59581, 37.867769], [112.594567, 37.86779], [112.594475, 37.867303], [112.594212, 37.867244], [112.594245, 37.867074], [112.593457, 37.866905], [112.59291, 37.866875], [112.592423, 37.866566], [112.591629, 37.866485], [112.59091, 37.866511], [112.590786, 37.866608], [112.590599, 37.866608], [112.590593, 37.866362], [112.590894, 37.866422], [112.59106, 37.866329], [112.591108, 37.866257], [112.59225, 37.866278], [112.592845, 37.866405], [112.59313, 37.866343], [112.594916, 37.8663], [112.594883, 37.865678], [112.594749, 37.864883], [112.594749, 37.864739], [112.594745, 37.864548], [112.598614, 37.864692], [112.598468, 37.865406], [112.598349, 37.868997], [112.598188, 37.872089], [112.605641, 37.872495], [112.606756, 37.872494], [112.606767, 37.872884], [112.606392, 37.873376], [112.609244, 37.873857], [112.612642, 37.874838], [112.612738, 37.874879], [112.612611, 37.871636], [112.61529, 37.871591], [112.61529, 37.870821], [112.616898, 37.870743], [112.617016, 37.869312], [112.619781, 37.869283], [112.61963, 37.867615], [112.619577, 37.864759], [112.61962, 37.863201], [112.621067, 37.863132], [112.621089, 37.862438], [112.620913, 37.861007], [112.624766, 37.860913], [112.630457, 37.862136], [112.633535, 37.86624], [112.638064, 37.86509], [112.640653, 37.866878], [112.644697, 37.866751], [112.647124, 37.868283], [112.651492, 37.867772], [112.655374, 37.870071], [112.65958, 37.869816], [112.661845, 37.870454], [112.663463, 37.86956], [112.666537, 37.869688], [112.666213, 37.875051], [112.664434, 37.877733], [112.665081, 37.880287], [112.66631, 37.881699], [112.674368, 37.886852], [112.674614, 37.889787], [112.673222, 37.891435], [112.670952, 37.8921], [112.670862, 37.893107], [112.669219, 37.893014], [112.664618, 37.892548], [112.663462, 37.89255], [112.653123, 37.894043], [112.625702, 37.901379], [112.617732, 37.90115], [112.610356, 37.901832], [112.604366, 37.901281], [112.604727, 37.899166], [112.604642, 37.898996], [112.604458, 37.896836], [112.601595, 37.896125], [112.599117, 37.896913], [112.596684, 37.896862], [112.59634, 37.897019], [112.59514, 37.897028], [112.594737, 37.896982], [112.594088, 37.896838], [112.592444, 37.896338], [112.592808, 37.894831], [112.592486, 37.894424], [112.594782, 37.894679], [112.595147, 37.893291], [112.595018, 37.893223], [112.595083, 37.89285], [112.594707, 37.892791], [112.594712, 37.892664], [112.593827, 37.892643], [112.592776, 37.892468], [112.59247, 37.89243], [112.592255, 37.893463], [112.592132, 37.893175], [112.592277, 37.892464], [112.590625, 37.892638], [112.590603, 37.891545], [112.590668, 37.891351], [112.590796, 37.891263], [112.590786, 37.891123], [112.59137, 37.891043], [112.591482, 37.890942], [112.592673, 37.891001], [112.592775, 37.891102], [112.593221, 37.891107], [112.593725, 37.891005], [112.594267, 37.891166], [112.59431, 37.891162], [112.594513, 37.890713], [112.594712, 37.88941], [112.5949, 37.889131], [112.594842, 37.888983], [112.59432, 37.888951], [112.594304, 37.888748], [112.594148, 37.888574], [112.594228, 37.887483], [112.594599, 37.887466], [112.595638, 37.887508], [112.595692, 37.886696], [112.595885, 37.8867], [112.595928, 37.885557], [112.598457, 37.885667], [112.598544, 37.885608], [112.598527, 37.884563], [112.598613, 37.884444], [112.599176, 37.88444], [112.599223, 37.884254], [112.600055, 37.884343], [112.600001, 37.885558], [112.600627, 37.885571], [112.600767, 37.884347], [112.600198, 37.884322], [112.600241, 37.883438], [112.600928, 37.883481], [112.600928, 37.882401], [112.600257, 37.882389], [112.600203, 37.882596], [112.599936, 37.882562], [112.599925, 37.882359], [112.599502, 37.882351], [112.599486, 37.88238], [112.599335, 37.882368], [112.59925, 37.8823], [112.598896, 37.882291], [112.598896, 37.881902], [112.605203, 37.881752], [112.605573, 37.881943], [112.605825, 37.882248], [112.607372, 37.883148], [112.608079, 37.883203], [112.608594, 37.883025], [112.61042, 37.881509], [112.610596, 37.881615], [112.610923, 37.882275], [112.610955, 37.883037], [112.611212, 37.883908], [112.610993, 37.884475], [112.611115, 37.884725], [112.611063, 37.885008], [112.611185, 37.88536], [112.611179, 37.885816], [112.611346, 37.886082], [112.61109, 37.88777], [112.611099, 37.891393], [112.611489, 37.892223], [112.611366, 37.893318], [112.611409, 37.893927], [112.612004, 37.894621], [112.612248, 37.894883], [112.612157, 37.895031], [112.612828, 37.895415], [112.613846, 37.8953], [112.614617, 37.894796], [112.614745, 37.894102], [112.614756, 37.893662], [112.615291, 37.893085], [112.615483, 37.891855], [112.615987, 37.8911], [112.617026, 37.88912], [112.617524, 37.887851], [112.617851, 37.887144], [112.617658, 37.886488], [112.616663, 37.885766], [112.615698, 37.885656], [112.614492, 37.884976], [112.614364, 37.884434], [112.615109, 37.884168], [112.615077, 37.883956], [112.614492, 37.883812], [112.614263, 37.883246], [112.613791, 37.882819], [112.612314, 37.882381], [112.611868, 37.88264], [112.611423, 37.882869], [112.610458, 37.88126], [112.610204, 37.880663], [112.609758, 37.88027], [112.609994, 37.880016], [112.610702, 37.880058], [112.611318, 37.880248], [112.611875, 37.879521], [112.612041, 37.879584], [112.612352, 37.880008], [112.612887, 37.880075], [112.612844, 37.879876], [112.613005, 37.879837], [112.613096, 37.880062], [112.613262, 37.880142], [112.613133, 37.879791], [112.613149, 37.879719], [112.613203, 37.879723], [112.61338, 37.879863], [112.614693, 37.879908], [112.614666, 37.879375], [112.612994, 37.879384], [112.612956, 37.879088], [112.614184, 37.879074], [112.614677, 37.878896], [112.615078, 37.878648], [112.615325, 37.878295], [112.615368, 37.878193], [112.615561, 37.87821], [112.615919, 37.878414], [112.61692, 37.878341], [112.616988, 37.878327], [112.618083, 37.878107], [112.617975, 37.877522], [112.618955, 37.877336], [112.62018, 37.876853], [112.620233, 37.876975], [112.621074, 37.876661], [112.621251, 37.876471], [112.622119, 37.876152], [112.622178, 37.876271], [112.622755, 37.876045], [112.622793, 37.875939], [112.623997, 37.875494], [112.624295, 37.875398], [112.624282, 37.875998], [112.624699, 37.876007], [112.624725, 37.875469], [112.624814, 37.875447], [112.625108, 37.87543], [112.625664, 37.875255], [112.625859, 37.875699], [112.626255, 37.875572], [112.626255, 37.875538], [112.626676, 37.875381], [112.626839, 37.875724], [112.627171, 37.875648], [112.627406, 37.875639], [112.627728, 37.876782], [112.62854, 37.876836], [112.628743, 37.876357], [112.628974, 37.876294], [112.629359, 37.876454], [112.629467, 37.876725], [112.629621, 37.876631], [112.62991, 37.876554], [112.630141, 37.877062], [112.630134, 37.877215], [112.630183, 37.877396], [112.630787, 37.877536], [112.630781, 37.877285], [112.630536, 37.877176], [112.630557, 37.876892], [112.630289, 37.876706], [112.63038, 37.876617], [112.63007, 37.876228], [112.630246, 37.875931], [112.630455, 37.876101], [112.630825, 37.875939], [112.630878, 37.875838], [112.630937, 37.875795], [112.630643, 37.875013], [112.633308, 37.875395], [112.635554, 37.875896], [112.636084, 37.875853], [112.636577, 37.875572], [112.636828, 37.875458], [112.636223, 37.875117], [112.636583, 37.874709], [112.636175, 37.874499], [112.635993, 37.874634], [112.635415, 37.874745], [112.635372, 37.874576], [112.634976, 37.874576], [112.633225, 37.874024], [112.633606, 37.872949], [112.633814, 37.87286], [112.63376, 37.872789], [112.633257, 37.872721], [112.633225, 37.872633], [112.632979, 37.87268], [112.632904, 37.872561], [112.633119, 37.872357], [112.632888, 37.872184], [112.632417, 37.872338], [112.633258, 37.870302], [112.632363, 37.869511], [112.63101, 37.869251], [112.628512, 37.867621], [112.628346, 37.867117], [112.626639, 37.867149], [112.626767, 37.867657], [112.626575, 37.868089], [112.626275, 37.86833], [112.625509, 37.869715], [112.625557, 37.870396], [112.625691, 37.870988], [112.625595, 37.871398], [112.62523, 37.871919], [112.624545, 37.872703], [112.62454, 37.872944], [112.624652, 37.873477], [112.624341, 37.873863], [112.624658, 37.874345], [112.625322, 37.87398], [112.625981, 37.871876], [112.627133, 37.86873], [112.630403, 37.869836], [112.630574, 37.870571], [112.630676, 37.870643], [112.630473, 37.870847], [112.630274, 37.871478], [112.629691, 37.871741], [112.628137, 37.873761], [112.626521, 37.873911], [112.626403, 37.873942], [112.623187, 37.874837], [112.623096, 37.875091], [112.621689, 37.87583], [112.621748, 37.875956], [112.622332, 37.875734], [112.622439, 37.875908], [112.621977, 37.876133], [112.619974, 37.876858], [112.619953, 37.876464], [112.620066, 37.876142], [112.619814, 37.875846], [112.618775, 37.876164], [112.616259, 37.87637], [112.616313, 37.876878], [112.616248, 37.877437], [112.615775, 37.877373], [112.61565, 37.8781], [112.615414, 37.878079], [112.615505, 37.877392], [112.614296, 37.877296], [112.614111, 37.877324], [112.613864, 37.877297], [112.613179, 37.877223], [112.612537, 37.877226], [112.612229, 37.877322], [112.611069, 37.877895], [112.609378, 37.878826], [112.608052, 37.879688], [112.607755, 37.879425], [112.607648, 37.879459], [112.607416, 37.879485], [112.607448, 37.879589], [112.607855, 37.879847], [112.605842, 37.880497], [112.605012, 37.88043], [112.603938, 37.880386], [112.602179, 37.880374], [112.598337, 37.880347], [112.598127, 37.880384], [112.598115, 37.880603], [112.597801, 37.88062], [112.597768, 37.880266], [112.597649, 37.880266], [112.597666, 37.879994], [112.59869, 37.880036], [112.599753, 37.880202], [112.601949, 37.880123], [112.605011, 37.879959], [112.608167, 37.878894], [112.60784, 37.878306], [112.607679, 37.877721], [112.608252, 37.877485], [112.609666, 37.877237], [112.610121, 37.878097], [112.611209, 37.877659], [112.611387, 37.877561], [112.612156, 37.877147], [112.614231, 37.877103], [112.614273, 37.876761], [112.614396, 37.87668], [112.614391, 37.876549], [112.612805, 37.876694], [112.612211, 37.876525], [112.611456, 37.876348], [112.610728, 37.875916], [112.610326, 37.87554], [112.60706, 37.874502], [112.601665, 37.874017], [112.600935, 37.873679], [112.600548, 37.873086], [112.597567, 37.872967], [112.597432, 37.875886], [112.596668, 37.876043], [112.596303, 37.875958], [112.596423, 37.875677], [112.593848, 37.875107], [112.593542, 37.875933], [112.592851, 37.876013], [112.59314, 37.875632], [112.593151, 37.875282], [112.593317, 37.874672], [112.592743, 37.874579], [112.592577, 37.874837], [112.590948, 37.874532], [112.590079, 37.874408], [112.590133, 37.874243], [112.591378, 37.874295], [112.591646, 37.8735], [112.591496, 37.873376], [112.590584, 37.8733], [112.590026, 37.873237], [112.59016, 37.872826], [112.5895, 37.872674], [112.589393, 37.872564]]]]}, "properties": {"display_name": "杨家峪街道, 杏花岭区, 太原市, 山西省, 中国", "type": "administrative", "osm_type": "relation", "osm_id": 9882940, "class": null, "keyword": "subdistrict"}}, {"type": "Feature", "geometry": {"type": "Polygon", "coordinates": [[[112.06366, 37.89312], [112.064075, 37.890259], [112.067286, 37.888378], [112.071119, 37.885271], [112.075677, 37.879629], [112.077853, 37.878321], [112.080753, 37.877667], [112.091631, 37.879956], [112.096086, 37.882818], [112.098675, 37.886661], [112.102301, 37.889523], [112.102612, 37.89173], [112.102612, 37.896635], [112.107895, 37.898188], [112.108413, 37.891894], [112.109449, 37.890667], [112.110692, 37.888705], [112.110941, 37.886397], [112.113225, 37.887299], [112.115333, 37.889101], [112.118846, 37.895201], [112.125786, 37.901231], [112.129563, 37.903518], [112.128684, 37.90539], [112.131056, 37.906776], [112.133252, 37.90733], [112.136326, 37.908924], [112.137819, 37.911696], [112.137995, 37.913844], [112.134921, 37.9153], [112.134374, 37.915605], [112.133207, 37.914983], [112.129302, 37.91543], [112.128168, 37.917219], [112.128672, 37.920946], [112.128861, 37.922487], [112.123884, 37.92517], [112.120294, 37.926065], [112.112608, 37.925916], [112.10927, 37.926611], [112.10738, 37.9284], [112.102508, 37.926876], [112.096914, 37.922709], [112.093185, 37.921401], [112.086348, 37.921973], [112.082307, 37.922218], [112.082618, 37.919521], [112.081168, 37.915762], [112.083033, 37.908651], [112.072051, 37.900314], [112.067493, 37.894346], [112.06366, 37.89312]]]}, "properties": {"display_name": "屯兰街道, 古交市, 太原市, 山西省, 中国", "type": "administrative", "osm_type": "relation", "osm_id": 7741671, "class": null, "keyword": "subdistrict"}}, {"type": "Feature", "geometry": {"type": "Polygon", "coordinates": [[[112.416249, 37.881742], [112.425969, 37.882376], [112.428508, 37.882452], [112.429879, 37.882334], [112.430925, 37.882147], [112.430942, 37.881446], [112.430257, 37.880177], [112.429607, 37.87956], [112.432322, 37.879241], [112.434536, 37.87861], [112.433587, 37.875967], [112.432542, 37.87553], [112.43226, 37.874892], [112.433464, 37.874399], [112.434079, 37.874198], [112.434563, 37.874045], [112.435116, 37.873907], [112.43879, 37.873588], [112.439352, 37.873497], [112.439879, 37.873317], [112.440354, 37.873088], [112.441153, 37.872672], [112.443535, 37.870848], [112.443957, 37.870459], [112.444238, 37.870105], [112.444396, 37.869821], [112.444502, 37.869433], [112.444528, 37.869044], [112.444466, 37.868642], [112.444326, 37.868302], [112.44415, 37.86799], [112.443456, 37.86715], [112.443069, 37.866672], [112.442832, 37.866241], [112.438631, 37.86611], [112.437964, 37.865908], [112.437225, 37.865825], [112.437111, 37.865673], [112.436443, 37.865534], [112.436043, 37.863501], [112.441025, 37.862697], [112.443597, 37.864011], [112.444516, 37.863629], [112.445398, 37.863481], [112.446082, 37.863491], [112.447709, 37.863207], [112.454405, 37.864914], [112.455024, 37.86508], [112.455341, 37.865115], [112.456588, 37.865073], [112.456817, 37.865004], [112.457493, 37.864643], [112.457107, 37.861716], [112.457124, 37.861022], [112.457291, 37.860537], [112.458372, 37.860592], [112.459944, 37.860717], [112.460867, 37.860863], [112.463871, 37.861612], [112.464003, 37.862213], [112.464164, 37.862861], [112.464487, 37.863992], [112.46547, 37.867005], [112.466052, 37.868895], [112.46632, 37.869964], [112.466674, 37.871524], [112.466663, 37.872667], [112.466631, 37.873709], [112.46634, 37.87585], [112.46621, 37.877112], [112.466383, 37.877934], [112.466532, 37.878519], [112.467103, 37.87941], [112.467694, 37.880165], [112.468093, 37.880623], [112.469342, 37.880466], [112.472229, 37.880278], [112.472593, 37.880254], [112.472528, 37.879086], [112.472819, 37.879061], [112.472754, 37.878103], [112.472765, 37.877578], [112.474369, 37.877474], [112.474466, 37.878016], [112.474531, 37.878668], [112.474596, 37.878982], [112.47481, 37.879075], [112.474919, 37.880084], [112.480183, 37.879658], [112.480699, 37.879643], [112.481711, 37.879722], [112.483294, 37.880065], [112.483329, 37.879692], [112.484514, 37.879713], [112.484573, 37.879536], [112.486221, 37.879578], [112.486485, 37.879061], [112.48656, 37.878841], [112.486624, 37.878563], [112.486813, 37.878131], [112.487093, 37.877573], [112.487373, 37.87757], [112.487637, 37.877155], [112.488068, 37.876542], [112.488885, 37.875465], [112.489187, 37.874932], [112.489349, 37.874255], [112.48958, 37.872343], [112.489516, 37.871547], [112.48929, 37.871165], [112.489828, 37.870684], [112.490216, 37.870694], [112.490399, 37.871117], [112.490258, 37.871591], [112.490088, 37.873285], [112.489948, 37.875301], [112.489958, 37.876207], [112.489861, 37.87641], [112.489775, 37.877562], [112.489635, 37.878611], [112.489538, 37.878645], [112.489463, 37.879043], [112.489441, 37.880313], [112.48926, 37.881609], [112.489034, 37.883471], [112.489088, 37.884412], [112.489184, 37.885233], [112.489572, 37.885998], [112.489146, 37.886012], [112.488768, 37.889445], [112.487836, 37.889584], [112.484109, 37.889681], [112.484118, 37.892194], [112.483603, 37.892197], [112.4836, 37.892465], [112.481218, 37.892668], [112.48164, 37.895021], [112.483255, 37.895178], [112.483447, 37.89658], [112.483931, 37.89737], [112.485089, 37.898164], [112.485193, 37.899688], [112.484274, 37.899766], [112.484437, 37.90074], [112.482189, 37.900935], [112.480599, 37.899969], [112.479463, 37.89892], [112.478277, 37.897117], [112.477206, 37.895004], [112.476423, 37.893906], [112.472828, 37.895941], [112.470448, 37.901069], [112.470084, 37.904995], [112.46879, 37.906143], [112.464584, 37.906367], [112.462295, 37.908486], [112.457948, 37.908847], [112.457376, 37.910291], [112.454173, 37.911374], [112.447539, 37.915075], [112.443077, 37.915436], [112.441247, 37.914352], [112.43675, 37.914595], [112.43739, 37.90054], [112.433364, 37.897219], [112.425263, 37.890535], [112.416249, 37.881742]]]}, "properties": {"display_name": "东社街道, 万柏林区, 太原市, 山西省, 中国", "type": "administrative", "osm_type": "relation", "osm_id": 9882250, "class": null, "keyword": "subdistrict"}}, {"type": "Feature", "geometry": {"type": "Polygon", "coordinates": [[[112.413231, 37.777954], [112.415494, 37.775586], [112.416027, 37.773797], [112.415894, 37.772428], [112.418956, 37.770902], [112.41849, 37.769639], [112.419156, 37.768429], [112.420887, 37.767429], [112.422085, 37.765955], [112.422551, 37.762429], [112.427079, 37.760955], [112.428277, 37.760113], [112.430607, 37.759639], [112.43074, 37.758692], [112.432472, 37.757902], [112.432992, 37.757467], [112.43367, 37.756902], [112.435934, 37.756534], [112.436466, 37.754902], [112.435201, 37.752638], [112.434868, 37.751217], [112.435001, 37.750059], [112.436932, 37.749269], [112.437198, 37.747795], [112.438064, 37.746584], [112.445387, 37.743057], [112.44627, 37.742794], [112.447675, 37.743049], [112.448357, 37.7433], [112.449149, 37.74384], [112.453243, 37.747479], [112.4607, 37.750375], [112.461566, 37.749638], [112.463163, 37.749638], [112.465028, 37.749743], [112.46829, 37.748532], [112.46809, 37.746479], [112.469954, 37.745532], [112.470154, 37.744794], [112.471818, 37.7469], [112.475081, 37.748006], [112.475813, 37.750743], [112.478876, 37.751006], [112.479532, 37.753214], [112.480074, 37.754428], [112.482204, 37.753796], [112.481938, 37.752586], [112.488197, 37.751743], [112.490726, 37.757902], [112.489328, 37.758376], [112.488929, 37.759902], [112.487873, 37.761461], [112.484801, 37.76385], [112.484402, 37.762955], [112.482271, 37.763165], [112.482537, 37.764481], [112.481672, 37.765692], [112.482005, 37.767902], [112.478609, 37.769481], [112.476945, 37.773481], [112.472418, 37.774744], [112.471885, 37.77748], [112.472285, 37.779532], [112.473283, 37.781216], [112.471153, 37.780532], [112.469954, 37.779164], [112.468889, 37.778848], [112.467757, 37.777533], [112.466825, 37.777428], [112.466026, 37.775533], [112.464562, 37.775691], [112.463896, 37.774007], [112.462231, 37.774533], [112.462831, 37.776691], [112.4611, 37.777217], [112.460367, 37.778585], [112.455774, 37.778743], [112.453576, 37.779269], [112.451313, 37.780269], [112.449582, 37.780637], [112.447851, 37.782321], [112.446919, 37.783689], [112.442192, 37.784689], [112.441126, 37.785899], [112.438397, 37.784531], [112.435734, 37.783847], [112.433204, 37.784479], [112.433137, 37.785215], [112.433071, 37.786688], [112.432338, 37.786688], [112.431739, 37.78611], [112.430807, 37.787636], [112.429742, 37.787004], [112.429542, 37.788372], [112.427611, 37.789161], [112.427811, 37.789687], [112.425614, 37.788951], [112.423151, 37.788793], [112.424016, 37.787425], [112.424349, 37.786162], [112.427745, 37.784268], [112.430008, 37.783847], [112.430208, 37.783058], [112.429875, 37.781953], [112.430208, 37.781321], [112.429609, 37.780059], [112.428077, 37.778743], [112.427878, 37.777638], [112.428277, 37.77648], [112.426613, 37.776901], [112.426013, 37.779322], [112.426013, 37.780374], [112.425281, 37.781427], [112.423284, 37.782637], [112.420887, 37.781374], [112.420554, 37.780479], [112.419489, 37.780374], [112.418224, 37.780953], [112.414562, 37.780585], [112.413497, 37.779269], [112.413231, 37.777954]]]}, "properties": {"display_name": "罗城街道, 晋源区, 太原市, 山西省, 中国", "type": "administrative", "osm_type": "relation", "osm_id": 6749094, "class": null, "keyword": "subdistrict"}}, {"type": "Feature", "geometry": {"type": "MultiPolygon", "coordinates": [[[[112.358086, 37.788448], [112.363756, 37.79021], [112.367799, 37.791816], [112.371936, 37.793388], [112.375566, 37.7947], [112.379222, 37.795943], [112.385597, 37.79716], [112.388823, 37.797246], [112.39098, 37.797232], [112.392738, 37.797213], [112.395181, 37.797088], [112.39846, 37.797947], [112.40475, 37.800224], [112.407688, 37.801288], [112.409678, 37.803085], [112.409853, 37.809166], [112.410882, 37.812509], [112.411766, 37.813786], [112.413762, 37.815342], [112.415797, 37.815652], [112.418482, 37.81666], [112.421218, 37.817655], [112.424995, 37.820036], [112.430632, 37.819758], [112.434287, 37.818619], [112.435698, 37.821005], [112.43851, 37.822393], [112.440267, 37.822893], [112.4409, 37.823726], [112.442165, 37.82628], [112.443781, 37.829222], [112.444273, 37.831276], [112.44596, 37.831721], [112.449383, 37.831937], [112.449475, 37.831943], [112.451794, 37.832664], [112.451794, 37.833997], [112.453614, 37.836554], [112.45281, 37.83797], [112.452678, 37.839115], [112.452388, 37.84223], [112.45129, 37.842063], [112.450236, 37.84207], [112.449753, 37.841529], [112.449498, 37.840509], [112.448663, 37.839399], [112.446292, 37.840343], [112.447662, 37.841515], [112.448426, 37.842452], [112.447785, 37.84259], [112.447328, 37.842889], [112.446933, 37.84454], [112.443559, 37.844033], [112.443726, 37.843409], [112.441495, 37.842903], [112.441574, 37.842653], [112.440731, 37.842445], [112.440353, 37.843374], [112.439931, 37.843326], [112.438385, 37.842903], [112.438367, 37.842271], [112.437164, 37.841917], [112.436918, 37.841626], [112.436567, 37.841772], [112.436479, 37.842091], [112.436268, 37.842056], [112.436031, 37.841716], [112.435592, 37.841591], [112.435179, 37.841598], [112.434485, 37.841293], [112.434001, 37.84114], [112.432732, 37.843507], [112.429487, 37.842181], [112.429118, 37.842916], [112.427871, 37.842625], [112.428248, 37.841758], [112.426905, 37.841133], [112.426457, 37.841015], [112.425894, 37.840988], [112.425086, 37.840995], [112.423312, 37.841002], [112.422275, 37.840953], [112.422183, 37.839135], [112.420195, 37.838586], [112.418704, 37.837408], [112.418306, 37.836231], [112.416716, 37.833876], [112.41105, 37.833797], [112.40767, 37.830971], [112.403694, 37.82893], [112.396338, 37.825082], [112.390771, 37.821627], [112.388485, 37.819586], [112.383913, 37.817309], [112.378744, 37.812675], [112.373773, 37.810634], [112.371388, 37.807414], [112.368605, 37.806079], [112.366318, 37.804508], [112.363038, 37.797361], [112.35936, 37.793276], [112.358086, 37.788448]]], [[[112.432505, 37.849487], [112.435348, 37.849063], [112.435857, 37.849759], [112.435983, 37.850089], [112.435993, 37.850116], [112.436001, 37.850137], [112.436155, 37.850544], [112.436242, 37.850929], [112.436329, 37.851319], [112.436441, 37.852633], [112.432979, 37.853028], [112.432505, 37.849487]]]]}, "properties": {"display_name": "白家庄街道, 万柏林区, 太原市, 山西省, 中国", "type": "administrative", "osm_type": "relation", "osm_id": 9882248, "class": null, "keyword": "subdistrict"}}, {"type": "Feature", "geometry": {"type": "MultiPolygon", "coordinates": [[[[112.477989, 38.013734], [112.478684, 38.007789], [112.479028, 38.006228], [112.479134, 38.004224], [112.479811, 38.004251], [112.479785, 38.004862], [112.480982, 38.004883], [112.48093, 38.006527], [112.482417, 38.006555], [112.48247, 38.006769], [112.480877, 38.007096], [112.48085, 38.008129], [112.481449, 38.007706], [112.4835, 38.006596], [112.483685, 38.00679], [112.483483, 38.007387], [112.483588, 38.007692], [112.482902, 38.009475], [112.48243, 38.012037], [112.480979, 38.014173], [112.480384, 38.013977], [112.477989, 38.013734]]], [[[112.499261, 38.01017], [112.500173, 38.00741], [112.500489, 38.006453], [112.501266, 38.004088], [112.501546, 38.003699], [112.503527, 38.004195], [112.504174, 38.002422], [112.504518, 38.002456], [112.505121, 38.00058], [112.505617, 37.999026], [112.506543, 37.996543], [112.506565, 37.996344], [112.506145, 37.996105], [112.506102, 37.99685], [112.505036, 37.996736], [112.505003, 37.996508], [112.504465, 37.996397], [112.50439, 37.996303], [112.503001, 37.996181], [112.502052, 37.996127], [112.504462, 37.994377], [112.506573, 37.992143], [112.507036, 37.992295], [112.508867, 37.992826], [112.509276, 37.99188], [112.510816, 37.991867], [112.510751, 37.993068], [112.511591, 37.993257], [112.511591, 37.993384], [112.513874, 37.993975], [112.514455, 37.994289], [112.512743, 37.99628], [112.51213, 37.996126], [112.512119, 37.996024], [112.511666, 37.995922], [112.511612, 37.996032], [112.508209, 37.995082], [112.506626, 37.99507], [112.505916, 37.995355], [112.506769, 37.996291], [112.506834, 37.99641], [112.50915, 37.996924], [112.510592, 37.997206], [112.510614, 37.997088], [112.51211, 37.997083], [112.512681, 37.997179], [112.513877, 37.997403], [112.514275, 37.997438], [112.515029, 37.997567], [112.515061, 37.997676], [112.51476, 37.998529], [112.51407, 38.000261], [112.512121, 37.999756], [112.511518, 38.00202], [112.512918, 38.00216], [112.513758, 38.002179], [112.513865, 38.004107], [112.513865, 38.005172], [112.513801, 38.005528], [112.517741, 38.009716], [112.51703, 38.011795], [112.516728, 38.012623], [112.519766, 38.012903], [112.519464, 38.013544], [112.521014, 38.013651], [112.51927, 38.015404], [112.521359, 38.01585], [112.521294, 38.016898], [112.519356, 38.016825], [112.519292, 38.016029], [112.519055, 38.015471], [112.516665, 38.015397], [112.512616, 38.015436], [112.511604, 38.01381], [112.511021, 38.013419], [112.510074, 38.013365], [112.51001, 38.013094], [112.507791, 38.012377], [112.506133, 38.011848], [112.501998, 38.011024], [112.50008, 38.010697], [112.499261, 38.01017]]], [[[112.509394, 37.9908], [112.510433, 37.989705], [112.510855, 37.989913], [112.51251, 37.988262], [112.512316, 37.987839], [112.513126, 37.987645], [112.512844, 37.986819], [112.513821, 37.986604], [112.519734, 37.9853], [112.518573, 37.982686], [112.517666, 37.982748], [112.517358, 37.981638], [112.517015, 37.980376], [112.516989, 37.979217], [112.519268, 37.979585], [112.519884, 37.979627], [112.5183, 37.976366], [112.517851, 37.975312], [112.517693, 37.974729], [112.517596, 37.974167], [112.512809, 37.974043], [112.512193, 37.974063], [112.510855, 37.974202], [112.510908, 37.973148], [112.511031, 37.973175], [112.511216, 37.972822], [112.511445, 37.972475], [112.511788, 37.972128], [112.512237, 37.971781], [112.514076, 37.970845], [112.517631, 37.970879], [112.517719, 37.96902], [112.518247, 37.968812], [112.518687, 37.96868], [112.51903, 37.968645], [112.521961, 37.968645], [112.522084, 37.96519], [112.52673, 37.965322], [112.526766, 37.964982], [112.527311, 37.964989], [112.52725, 37.962679], [112.52945, 37.962762], [112.529423, 37.961992], [112.527866, 37.961957], [112.527892, 37.961083], [112.525956, 37.961035], [112.52593, 37.959716], [112.521618, 37.959661], [112.521785, 37.955102], [112.522005, 37.955123], [112.522031, 37.952937], [112.525842, 37.953014], [112.526079, 37.952937], [112.532292, 37.953041], [112.53458, 37.953097], [112.534342, 37.959918], [112.531975, 37.959848], [112.531883, 37.962776], [112.538034, 37.962846], [112.538043, 37.96347], [112.540067, 37.963505], [112.53953, 37.964788], [112.541308, 37.965281], [112.541308, 37.965399], [112.541854, 37.965392], [112.541889, 37.965947], [112.543341, 37.965912], [112.544652, 37.966176], [112.544652, 37.965052], [112.545858, 37.965045], [112.546016, 37.972184], [112.546122, 37.972489], [112.546562, 37.973044], [112.546694, 37.973336], [112.543112, 37.974571], [112.535262, 37.978913], [112.535174, 37.979739], [112.536785, 37.979794], [112.542127, 37.979565], [112.550997, 37.979135], [112.551103, 37.983797], [112.553224, 37.984518], [112.5538, 37.984927], [112.554241, 37.989915], [112.551001, 37.990082], [112.551134, 37.990664], [112.553748, 37.990318], [112.553941, 37.99038], [112.554593, 37.990214], [112.554971, 37.989929], [112.555447, 37.989971], [112.55564, 37.990082], [112.557506, 37.98986], [112.5588, 37.989901], [112.558791, 37.989554], [112.564477, 37.989554], [112.568289, 37.994616], [112.565438, 37.996608], [112.563758, 37.997782], [112.560532, 38.001058], [112.560188, 38.002342], [112.554763, 38.002687], [112.554666, 38.001077], [112.545465, 38.001438], [112.545209, 38.001486], [112.544989, 38.001597], [112.544892, 38.001785], [112.544901, 38.002284], [112.540305, 38.002652], [112.540446, 38.004553], [112.540349, 38.00465], [112.53909, 38.004789], [112.53894, 38.004935], [112.535752, 38.004956], [112.535743, 38.00574], [112.532468, 38.005774], [112.531235, 38.005021], [112.531279, 38.003904], [112.530935, 38.003903], [112.527705, 38.003794], [112.526974, 38.003589], [112.526077, 38.001608], [112.524971, 38.001818], [112.524024, 38.00168], [112.524077, 38.0002], [112.525316, 37.999891], [112.525783, 37.999935], [112.525732, 37.999695], [112.525758, 37.999513], [112.525608, 37.999454], [112.525306, 37.99969], [112.524715, 37.999824], [112.524639, 37.999925], [112.523907, 37.999974], [112.523508, 37.999846], [112.520569, 37.999626], [112.520624, 37.998536], [112.517156, 37.998628], [112.517157, 37.997411], [112.517168, 37.995695], [112.516952, 37.99533], [112.516909, 37.995017], [112.516834, 37.993874], [112.518664, 37.993847], [112.520247, 37.993817], [112.520237, 37.993597], [112.520485, 37.993564], [112.521755, 37.993702], [112.522045, 37.992291], [112.521141, 37.992178], [112.520959, 37.991932], [112.521066, 37.991611], [112.521152, 37.99134], [112.522002, 37.991394], [112.522068, 37.991141], [112.522423, 37.991108], [112.522358, 37.99181], [112.523671, 37.991779], [112.52365, 37.991449], [112.525072, 37.991418], [112.524988, 37.990315], [112.516382, 37.992319], [112.516241, 37.991834], [112.513742, 37.992361], [112.512527, 37.989899], [112.511031, 37.991605], [112.509394, 37.9908]]]]}, "properties": {"display_name": "南寨街道, 尖草坪区, 太原市, 山西省, 中国", "type": "administrative", "osm_type": "relation", "osm_id": 9882567, "class": null, "keyword": "subdistrict"}}, {"type": "Feature", "geometry": {"type": "Polygon", "coordinates": [[[112.476136, 37.795682], [112.476203, 37.790632], [112.489452, 37.78879], [112.489649, 37.78989], [112.489917, 37.791378], [112.489851, 37.792526], [112.491183, 37.79242], [112.491516, 37.793104], [112.492514, 37.792789], [112.492314, 37.791789], [112.494112, 37.791263], [112.494844, 37.792052], [112.495111, 37.792789], [112.496043, 37.793315], [112.497241, 37.793157], [112.498839, 37.795156], [112.500836, 37.794946], [112.501036, 37.794314], [112.503366, 37.794262], [112.503899, 37.795314], [112.505896, 37.795051], [112.506562, 37.796419], [112.508892, 37.795945], [112.509758, 37.794946], [112.513419, 37.78879], [112.514684, 37.787369], [112.519345, 37.783055], [112.524005, 37.782055], [112.528702, 37.781097], [112.528836, 37.781121], [112.529736, 37.783204], [112.531148, 37.786472], [112.531285, 37.786841], [112.531456, 37.787302], [112.532504, 37.788079], [112.533069, 37.789381], [112.533633, 37.790674], [112.533242, 37.791627], [112.533912, 37.793951], [112.534409, 37.79651], [112.534409, 37.798816], [112.534377, 37.805924], [112.535075, 37.809811], [112.534462, 37.813681], [112.53142, 37.813902], [112.52458, 37.810528], [112.524248, 37.810309], [112.524274, 37.803569], [112.519823, 37.803522], [112.520178, 37.799361], [112.518834, 37.799364], [112.51716, 37.799368], [112.516999, 37.799368], [112.51524, 37.799372], [112.513815, 37.79939], [112.513651, 37.799412], [112.513607, 37.800855], [112.513644, 37.803664], [112.513779, 37.807217], [112.507107, 37.807999], [112.509339, 37.811523], [112.508373, 37.811853], [112.508692, 37.812948], [112.507911, 37.813116], [112.508079, 37.815396], [112.500242, 37.816221], [112.496679, 37.816597], [112.497073, 37.819522], [112.496189, 37.819725], [112.496379, 37.821273], [112.486842, 37.82212], [112.486399, 37.823811], [112.481961, 37.824714], [112.481756, 37.823506], [112.479698, 37.823543], [112.478916, 37.822336], [112.476799, 37.821902], [112.476819, 37.821381], [112.478667, 37.819978], [112.478916, 37.818939], [112.476747, 37.81658], [112.477032, 37.815542], [112.478964, 37.815178], [112.481365, 37.815102], [112.482241, 37.814106], [112.482867, 37.808515], [112.482826, 37.806641], [112.481336, 37.803278], [112.481234, 37.802992], [112.479414, 37.799283], [112.477156, 37.796975], [112.476868, 37.796314], [112.476136, 37.795682]], [[112.505102, 37.80461], [112.506828, 37.807518], [112.50901, 37.807252], [112.50836, 37.805594], [112.508094, 37.805548], [112.50756, 37.804415], [112.505102, 37.80461]]]}, "properties": {"display_name": "义井街道, 晋源区, 太原市, 山西省, 中国", "type": "administrative", "osm_type": "relation", "osm_id": 6749145, "class": null, "keyword": "subdistrict"}}, {"type": "Feature", "geometry": {"type": "MultiPolygon", "coordinates": [[[[112.541052, 37.788027], [112.541399, 37.789214], [112.544507, 37.789158], [112.544612, 37.789713], [112.546342, 37.789554], [112.548001, 37.789373], [112.549248, 37.788874], [112.551504, 37.788756], [112.551609, 37.79312], [112.545359, 37.793071], [112.546175, 37.797941], [112.546228, 37.798642], [112.546254, 37.806993], [112.556402, 37.806986], [112.556402, 37.802186], [112.555507, 37.802179], [112.555481, 37.80091], [112.556499, 37.80091], [112.55635, 37.795839], [112.558983, 37.795867], [112.55901, 37.797282], [112.56087, 37.797268], [112.560887, 37.807003], [112.563029, 37.806996], [112.563117, 37.812495], [112.563205, 37.815193], [112.565513, 37.815242], [112.565443, 37.816713], [112.565438, 37.816806], [112.565136, 37.823091], [112.546771, 37.82254], [112.546719, 37.824268], [112.546298, 37.838206], [112.532512, 37.837991], [112.534696, 37.834106], [112.535745, 37.82986], [112.536734, 37.827128], [112.536832, 37.825768], [112.536869, 37.825517], [112.536843, 37.822698], [112.536945, 37.821812], [112.536618, 37.820448], [112.536476, 37.81868], [112.535425, 37.81642], [112.534878, 37.814865], [112.534462, 37.813681], [112.535075, 37.809811], [112.534377, 37.805924], [112.534409, 37.798816], [112.534409, 37.79651], [112.533912, 37.793951], [112.533242, 37.791627], [112.533633, 37.790674], [112.533069, 37.789381], [112.532504, 37.788079], [112.536072, 37.787994], [112.541052, 37.788027]], [[112.537312, 37.796413], [112.538711, 37.796519], [112.538925, 37.79713], [112.539743, 37.797522], [112.539958, 37.798337], [112.541808, 37.798391], [112.542045, 37.797714], [112.541723, 37.795814], [112.541636, 37.793193], [112.539313, 37.793214], [112.538366, 37.794568], [112.537333, 37.795803], [112.537312, 37.796413]]], [[[112.541052, 37.788027], [112.540254, 37.782381], [112.535242, 37.782686], [112.529736, 37.783204], [112.528836, 37.781121], [112.528745, 37.780909], [112.528573, 37.779281], [112.528254, 37.77705], [112.528707, 37.774005], [112.530323, 37.769644], [112.533522, 37.770256], [112.535152, 37.770769], [112.535713, 37.770866], [112.536186, 37.77088], [112.543129, 37.770783], [112.542673, 37.771933], [112.547407, 37.771656], [112.552976, 37.771226], [112.553415, 37.773654], [112.554872, 37.773619], [112.554951, 37.776671], [112.555012, 37.779099], [112.545323, 37.779092], [112.545029, 37.781111], [112.54796, 37.78107], [112.547952, 37.782693], [112.547214, 37.783366], [112.547197, 37.78347], [112.544704, 37.783477], [112.544405, 37.785884], [112.544335, 37.787986], [112.541052, 37.788027]]]]}, "properties": {"display_name": "平阳路街道, 小店区, 太原市, 山西省, 030006, 中国", "type": "administrative", "osm_type": "relation", "osm_id": 9881415, "class": null, "keyword": "subdistrict"}}, {"type": "Feature", "geometry": {"type": "MultiPolygon", "coordinates": [[[[112.453614, 37.836554], [112.458179, 37.833315], [112.463129, 37.828717], [112.472343, 37.829724], [112.478685, 37.830318], [112.482195, 37.830328], [112.485985, 37.830899], [112.487988, 37.831057], [112.489861, 37.830859], [112.490632, 37.830723], [112.49004, 37.827959], [112.49089, 37.827835], [112.493857, 37.827596], [112.493387, 37.825112], [112.495402, 37.824864], [112.500248, 37.824166], [112.501698, 37.823975], [112.503805, 37.835192], [112.50618, 37.83497], [112.506453, 37.835109], [112.506312, 37.835456], [112.506259, 37.83581], [112.50618, 37.838217], [112.506022, 37.838675], [112.505689, 37.839008], [112.50532, 37.839216], [112.504959, 37.839306], [112.504626, 37.839389], [112.504793, 37.840679], [112.503194, 37.840672], [112.50337, 37.841858], [112.50402, 37.841831], [112.504959, 37.841734], [112.505012, 37.842164], [112.504538, 37.855168], [112.50449, 37.858938], [112.502956, 37.859104], [112.499552, 37.859602], [112.49699, 37.85995], [112.494469, 37.860265], [112.49251, 37.860428], [112.490507, 37.860625], [112.486145, 37.860927], [112.484004, 37.861114], [112.479718, 37.86134], [112.477048, 37.861095], [112.477096, 37.860745], [112.476914, 37.860195], [112.476849, 37.859533], [112.476914, 37.858745], [112.476946, 37.857881], [112.476914, 37.857], [112.476935, 37.856492], [112.474265, 37.856384], [112.474283, 37.854846], [112.474326, 37.854703], [112.474746, 37.854518], [112.475359, 37.85429], [112.475769, 37.854291], [112.476845, 37.8551], [112.477448, 37.854923], [112.479264, 37.855022], [112.479524, 37.852351], [112.479493, 37.851893], [112.474282, 37.851777], [112.474314, 37.850244], [112.474195, 37.847219], [112.473002, 37.847187], [112.472683, 37.847199], [112.469238, 37.846428], [112.466246, 37.845657], [112.467269, 37.844422], [112.466827, 37.843693], [112.465386, 37.84335], [112.464998, 37.841943], [112.465191, 37.840977], [112.463277, 37.839853], [112.462437, 37.839461], [112.462353, 37.838037], [112.461168, 37.835865], [112.453614, 37.836554]]], [[[112.49273, 37.861808], [112.492741, 37.861656], [112.494162, 37.861457], [112.494399, 37.861432], [112.494399, 37.861669], [112.495681, 37.861851], [112.496833, 37.862295], [112.497315, 37.862481], [112.498028, 37.862756], [112.49819, 37.862926], [112.49778, 37.863992], [112.497619, 37.865], [112.497759, 37.865499], [112.49778, 37.865677], [112.497769, 37.865897], [112.49666, 37.865894], [112.495346, 37.86589], [112.495324, 37.864112], [112.494296, 37.863872], [112.493925, 37.863786], [112.493106, 37.863647], [112.493203, 37.863215], [112.492988, 37.862724], [112.49273, 37.861808]]]]}, "properties": {"display_name": "小井峪街道, 万柏林区, 太原市, 山西省, 中国", "type": "administrative", "osm_type": "relation", "osm_id": 9882256, "class": null, "keyword": "subdistrict"}}, {"type": "Feature", "geometry": {"type": "Polygon", "coordinates": [[[112.434287, 37.818619], [112.43765, 37.816034], [112.440647, 37.813485], [112.4469, 37.809666], [112.448407, 37.808826], [112.452116, 37.808387], [112.455805, 37.808228], [112.46681, 37.808522], [112.47207, 37.80563], [112.470686, 37.802107], [112.470646, 37.799151], [112.471573, 37.797346], [112.474364, 37.796495], [112.477156, 37.796975], [112.479414, 37.799283], [112.481234, 37.802992], [112.481336, 37.803278], [112.482826, 37.806641], [112.482867, 37.808515], [112.482241, 37.814106], [112.481365, 37.815102], [112.478964, 37.815178], [112.477032, 37.815542], [112.476747, 37.81658], [112.478916, 37.818939], [112.478667, 37.819978], [112.476819, 37.821381], [112.476799, 37.821902], [112.478916, 37.822336], [112.479698, 37.823543], [112.481756, 37.823506], [112.481961, 37.824714], [112.486399, 37.823811], [112.486842, 37.82212], [112.496379, 37.821273], [112.496189, 37.819725], [112.497073, 37.819522], [112.496679, 37.816597], [112.500242, 37.816221], [112.501698, 37.823975], [112.500248, 37.824166], [112.495402, 37.824864], [112.493387, 37.825112], [112.493857, 37.827596], [112.49089, 37.827835], [112.49004, 37.827959], [112.490632, 37.830723], [112.489861, 37.830859], [112.487988, 37.831057], [112.485985, 37.830899], [112.482195, 37.830328], [112.478685, 37.830318], [112.472343, 37.829724], [112.463129, 37.828717], [112.458179, 37.833315], [112.453614, 37.836554], [112.451794, 37.833997], [112.451794, 37.832664], [112.449475, 37.831943], [112.449383, 37.831937], [112.44596, 37.831721], [112.444273, 37.831276], [112.443781, 37.829222], [112.442165, 37.82628], [112.4409, 37.823726], [112.440267, 37.822893], [112.43851, 37.822393], [112.435698, 37.821005], [112.434287, 37.818619]]]}, "properties": {"display_name": "神堂沟街道, 万柏林区, 太原市, 山西省, 中国", "type": "administrative", "osm_type": "relation", "osm_id": 9882254, "class": null, "keyword": "subdistrict"}}, {"type": "Feature", "geometry": {"type": "Polygon", "coordinates": [[[112.518373, 37.94776], [112.518438, 37.942954], [112.519278, 37.943041], [112.519018, 37.944394], [112.520375, 37.944381], [112.522486, 37.944269], [112.523605, 37.944255], [112.523692, 37.942207], [112.521065, 37.942251], [112.521021, 37.944197], [112.519213, 37.944311], [112.519493, 37.942906], [112.518417, 37.942785], [112.522504, 37.936107], [112.523355, 37.935274], [112.525703, 37.932809], [112.528696, 37.925977], [112.529343, 37.924268], [112.530226, 37.922257], [112.531454, 37.918873], [112.531755, 37.917078], [112.53238, 37.915421], [112.533176, 37.914186], [112.533886, 37.914409], [112.535286, 37.914379], [112.54129, 37.914376], [112.541462, 37.914072], [112.542108, 37.914005], [112.542215, 37.913836], [112.542172, 37.912803], [112.541828, 37.911059], [112.541549, 37.9095], [112.541183, 37.908348], [112.540709, 37.908415], [112.540065, 37.908345], [112.537976, 37.908662], [112.537309, 37.909033], [112.536449, 37.908794], [112.536707, 37.908438], [112.537934, 37.906495], [112.539096, 37.90416], [112.53985, 37.901944], [112.540302, 37.89976], [112.540496, 37.89971], [112.542605, 37.899495], [112.544519, 37.900007], [112.54454, 37.898961], [112.547733, 37.898935], [112.549444, 37.899397], [112.551627, 37.900546], [112.554252, 37.901255], [112.554355, 37.899129], [112.555979, 37.899047], [112.555991, 37.900222], [112.555987, 37.90055], [112.556005, 37.900725], [112.556032, 37.900953], [112.556709, 37.902455], [112.556873, 37.903227], [112.556652, 37.908236], [112.558799, 37.908358], [112.561865, 37.910591], [112.560046, 37.911975], [112.559926, 37.912423], [112.560009, 37.91504], [112.562529, 37.915064], [112.562799, 37.917937], [112.562889, 37.918146], [112.563042, 37.921064], [112.560191, 37.921143], [112.558181, 37.924255], [112.556847, 37.925132], [112.555686, 37.925367], [112.553192, 37.924957], [112.552804, 37.924989], [112.551061, 37.92472], [112.551059, 37.924599], [112.549961, 37.924665], [112.549015, 37.925205], [112.548262, 37.92605], [112.548089, 37.927269], [112.548111, 37.929046], [112.548261, 37.929775], [112.547572, 37.931196], [112.546173, 37.933968], [112.545786, 37.935135], [112.545722, 37.93566], [112.545614, 37.9362], [112.545829, 37.93764], [112.545851, 37.939316], [112.546216, 37.940163], [112.546495, 37.942092], [112.545076, 37.941022], [112.54372, 37.941205], [112.541934, 37.941117], [112.542063, 37.945653], [112.542069, 37.947176], [112.53703, 37.947155], [112.534231, 37.947184], [112.532173, 37.947206], [112.526296, 37.947275], [112.525715, 37.947307], [112.521797, 37.94777], [112.518373, 37.94776]]]}, "properties": {"display_name": "尖草坪街道, 尖草坪区, 太原市, 山西省, 中国", "type": "administrative", "osm_type": "relation", "osm_id": 9882565, "class": null, "keyword": "subdistrict"}}, {"type": "Feature", "geometry": {"type": "Polygon", "coordinates": [[[112.500242, 37.816221], [112.508079, 37.815396], [112.507911, 37.813116], [112.508692, 37.812948], [112.508373, 37.811853], [112.509339, 37.811523], [112.507107, 37.807999], [112.513779, 37.807217], [112.513644, 37.803664], [112.513607, 37.800855], [112.513651, 37.799412], [112.513815, 37.79939], [112.51524, 37.799372], [112.516999, 37.799368], [112.51716, 37.799368], [112.518834, 37.799364], [112.520178, 37.799361], [112.519823, 37.803522], [112.524274, 37.803569], [112.524248, 37.810309], [112.52458, 37.810528], [112.53142, 37.813902], [112.534462, 37.813681], [112.534878, 37.814865], [112.535425, 37.81642], [112.536476, 37.81868], [112.536618, 37.820448], [112.536945, 37.821812], [112.536843, 37.822698], [112.536869, 37.825517], [112.536832, 37.825768], [112.536734, 37.827128], [112.535745, 37.82986], [112.534696, 37.834106], [112.532512, 37.837991], [112.521866, 37.837883], [112.521172, 37.837939], [112.520671, 37.838008], [112.513019, 37.839881], [112.510054, 37.840575], [112.50618, 37.841505], [112.504959, 37.841734], [112.50402, 37.841831], [112.50337, 37.841858], [112.503194, 37.840672], [112.504793, 37.840679], [112.504626, 37.839389], [112.504959, 37.839306], [112.50532, 37.839216], [112.505689, 37.839008], [112.506022, 37.838675], [112.50618, 37.838217], [112.506259, 37.83581], [112.506312, 37.835456], [112.506453, 37.835109], [112.50618, 37.83497], [112.503805, 37.835192], [112.501698, 37.823975], [112.500242, 37.816221]]]}, "properties": {"display_name": "长风西街街道, 万柏林区, 太原市, 山西省, 中国", "type": "administrative", "osm_type": "relation", "osm_id": 9882249, "class": null, "keyword": "subdistrict"}}, {"type": "Feature", "geometry": {"type": "Polygon", "coordinates": [[[112.429361, 37.84794], [112.433053, 37.847169], [112.432772, 37.846739], [112.433, 37.846482], [112.432517, 37.846288], [112.432315, 37.846094], [112.432086, 37.845802], [112.431972, 37.845483], [112.431981, 37.845115], [112.432148, 37.844595], [112.432732, 37.843507], [112.434001, 37.84114], [112.434485, 37.841293], [112.435179, 37.841598], [112.435592, 37.841591], [112.436031, 37.841716], [112.436268, 37.842056], [112.436479, 37.842091], [112.436567, 37.841772], [112.436918, 37.841626], [112.437164, 37.841917], [112.438367, 37.842271], [112.438385, 37.842903], [112.439931, 37.843326], [112.440353, 37.843374], [112.440731, 37.842445], [112.441574, 37.842653], [112.441495, 37.842903], [112.443726, 37.843409], [112.443559, 37.844033], [112.446933, 37.84454], [112.447328, 37.842889], [112.447785, 37.84259], [112.448426, 37.842452], [112.447662, 37.841515], [112.446292, 37.840343], [112.448663, 37.839399], [112.449498, 37.840509], [112.449753, 37.841529], [112.450236, 37.84207], [112.45129, 37.842063], [112.452388, 37.84223], [112.452678, 37.839115], [112.45281, 37.83797], [112.453614, 37.836554], [112.461168, 37.835865], [112.462353, 37.838037], [112.462437, 37.839461], [112.463277, 37.839853], [112.465191, 37.840977], [112.464998, 37.841943], [112.465386, 37.84335], [112.466827, 37.843693], [112.467269, 37.844422], [112.466246, 37.845657], [112.469238, 37.846428], [112.472683, 37.847199], [112.473002, 37.847187], [112.474195, 37.847219], [112.474314, 37.850244], [112.474282, 37.851777], [112.479493, 37.851893], [112.479524, 37.852351], [112.479264, 37.855022], [112.477448, 37.854923], [112.476845, 37.8551], [112.475769, 37.854291], [112.475359, 37.85429], [112.474746, 37.854518], [112.474326, 37.854703], [112.474283, 37.854846], [112.474265, 37.856384], [112.474054, 37.860814], [112.471199, 37.860357], [112.470452, 37.860225], [112.469731, 37.859982], [112.467271, 37.859219], [112.467105, 37.859552], [112.467078, 37.859739], [112.467148, 37.859892], [112.46851, 37.861383], [112.468317, 37.86148], [112.468598, 37.861848], [112.468897, 37.861869], [112.468958, 37.862229], [112.468844, 37.862257], [112.468862, 37.862541], [112.468783, 37.862826], [112.468633, 37.862978], [112.467184, 37.862458], [112.465734, 37.861869], [112.463889, 37.860821], [112.463871, 37.861612], [112.460867, 37.860863], [112.459944, 37.860717], [112.458372, 37.860592], [112.457291, 37.860537], [112.457124, 37.861022], [112.457107, 37.861716], [112.457493, 37.864643], [112.456817, 37.865004], [112.456588, 37.865073], [112.455341, 37.865115], [112.455024, 37.86508], [112.454405, 37.864914], [112.447709, 37.863207], [112.446082, 37.863491], [112.445398, 37.863481], [112.444516, 37.863629], [112.443597, 37.864011], [112.441025, 37.862697], [112.440715, 37.86201], [112.439128, 37.86031], [112.438876, 37.85998], [112.43787, 37.859941], [112.436963, 37.859784], [112.435584, 37.85847], [112.43505, 37.858028], [112.434379, 37.857675], [112.433671, 37.857528], [112.432689, 37.857479], [112.432627, 37.857292], [112.436665, 37.857371], [112.43658, 37.855576], [112.436441, 37.852633], [112.436329, 37.851319], [112.436242, 37.850929], [112.436155, 37.850544], [112.436001, 37.850137], [112.435993, 37.850116], [112.435983, 37.850089], [112.435857, 37.849759], [112.435348, 37.849063], [112.432505, 37.849487], [112.430354, 37.849808], [112.430267, 37.849318], [112.430143, 37.848857], [112.429795, 37.848288], [112.429361, 37.84794]]]}, "properties": {"display_name": "南寒街道, 万柏林区, 太原市, 山西省, 中国", "type": "administrative", "osm_type": "relation", "osm_id": 9882252, "class": null, "keyword": "subdistrict"}}, {"type": "Feature", "geometry": {"type": "Polygon", "coordinates": [[[112.479017, 37.909539], [112.479253, 37.907958], [112.480078, 37.90681], [112.481728, 37.906004], [112.482189, 37.900935], [112.484437, 37.90074], [112.484274, 37.899766], [112.485193, 37.899688], [112.485089, 37.898164], [112.483931, 37.89737], [112.483447, 37.89658], [112.483255, 37.895178], [112.48164, 37.895021], [112.481218, 37.892668], [112.4836, 37.892465], [112.483603, 37.892197], [112.484118, 37.892194], [112.490356, 37.892162], [112.500803, 37.892536], [112.5018, 37.892216], [112.5023, 37.89203], [112.503235, 37.892173], [112.503437, 37.886411], [112.508962, 37.886493], [112.517984, 37.886747], [112.518532, 37.885055], [112.521327, 37.885033], [112.522222, 37.885025], [112.522604, 37.882918], [112.524607, 37.882781], [112.524364, 37.881335], [112.531436, 37.880986], [112.531654, 37.885322], [112.531705, 37.88731], [112.53177, 37.889818], [112.533703, 37.891684], [112.525492, 37.90182], [112.522924, 37.905755], [112.52251, 37.906487], [112.507704, 37.906439], [112.507743, 37.903493], [112.502988, 37.903865], [112.502988, 37.898035], [112.496642, 37.898124], [112.487505, 37.898252], [112.485501, 37.917786], [112.48385, 37.916143], [112.480078, 37.912701], [112.479017, 37.909539]]]}, "properties": {"display_name": "汇丰街道, 尖草坪区, 太原市, 山西省, 中国", "type": "administrative", "osm_type": "relation", "osm_id": 9882564, "class": null, "keyword": "subdistrict"}}, {"type": "Feature", "geometry": {"type": "Polygon", "coordinates": [[[112.48921, 37.968829], [112.494866, 37.964077], [112.497284, 37.961853], [112.4994, 37.95943], [112.503027, 37.95395], [112.50625, 37.949263], [112.507409, 37.94672], [112.508316, 37.944218], [112.511288, 37.933968], [112.511804, 37.932505], [112.513521, 37.93288], [112.514474, 37.932252], [112.514965, 37.932051], [112.515191, 37.932059], [112.517854, 37.932803], [112.518237, 37.934104], [112.522504, 37.936107], [112.518417, 37.942785], [112.519493, 37.942906], [112.519213, 37.944311], [112.521021, 37.944197], [112.521065, 37.942251], [112.523692, 37.942207], [112.523605, 37.944255], [112.522486, 37.944269], [112.520375, 37.944381], [112.519018, 37.944394], [112.519278, 37.943041], [112.518438, 37.942954], [112.518373, 37.94776], [112.521797, 37.94777], [112.525715, 37.947307], [112.526296, 37.947275], [112.532173, 37.947206], [112.532327, 37.950842], [112.532292, 37.953041], [112.526079, 37.952937], [112.525842, 37.953014], [112.522031, 37.952937], [112.522005, 37.955123], [112.521785, 37.955102], [112.521618, 37.959661], [112.52593, 37.959716], [112.525956, 37.961035], [112.527892, 37.961083], [112.527866, 37.961957], [112.529423, 37.961992], [112.52945, 37.962762], [112.52725, 37.962679], [112.527311, 37.964989], [112.526766, 37.964982], [112.52673, 37.965322], [112.522084, 37.96519], [112.521961, 37.968645], [112.51903, 37.968645], [112.518687, 37.96868], [112.518247, 37.968812], [112.517719, 37.96902], [112.517631, 37.970879], [112.514076, 37.970845], [112.512237, 37.971781], [112.511788, 37.972128], [112.511445, 37.972475], [112.511216, 37.972822], [112.511031, 37.973175], [112.510908, 37.973148], [112.51104, 37.972086], [112.511181, 37.971212], [112.505074, 37.97074], [112.48921, 37.968829]]]}, "properties": {"display_name": "迎新街道, 尖草坪区, 太原市, 山西省, 030008, 中国", "type": "administrative", "osm_type": "relation", "osm_id": 9882573, "class": null, "keyword": "subdistrict"}}, {"type": "Feature", "geometry": {"type": "Polygon", "coordinates": [[[112.56087, 37.796981], [112.562933, 37.796974], [112.562946, 37.792604], [112.562955, 37.788026], [112.573206, 37.788033], [112.573228, 37.786326], [112.575388, 37.786361], [112.575405, 37.786687], [112.576134, 37.786722], [112.575757, 37.787145], [112.575239, 37.787541], [112.574712, 37.787797], [112.57465, 37.787999], [112.577082, 37.788005], [112.584667, 37.788026], [112.588407, 37.788033], [112.588403, 37.788255], [112.587753, 37.792793], [112.587291, 37.794928], [112.587288, 37.794944], [112.587025, 37.795505], [112.587035, 37.795842], [112.58699, 37.798718], [112.585734, 37.798724], [112.585664, 37.799689], [112.583495, 37.799675], [112.583513, 37.79998], [112.582477, 37.79998], [112.582442, 37.801243], [112.584479, 37.801333], [112.584338, 37.802401], [112.584496, 37.802415], [112.584391, 37.804135], [112.58612, 37.80426], [112.586059, 37.804912], [112.585866, 37.804933], [112.585875, 37.805356], [112.584856, 37.805342], [112.584803, 37.806993], [112.585819, 37.807063], [112.582167, 37.813507], [112.581714, 37.814479], [112.58145, 37.815437], [112.581349, 37.817246], [112.581072, 37.822963], [112.575211, 37.823421], [112.574412, 37.823483], [112.573306, 37.82349], [112.570892, 37.823372], [112.565136, 37.823091], [112.565438, 37.816806], [112.565443, 37.816713], [112.565513, 37.815242], [112.563205, 37.815193], [112.563117, 37.812495], [112.563029, 37.806996], [112.560887, 37.807003], [112.56087, 37.797268], [112.56087, 37.796981]]]}, "properties": {"display_name": "坞城街道, 小店区, 太原市, 山西省, 030012, 中国", "type": "administrative", "osm_type": "relation", "osm_id": 9881418, "class": null, "keyword": "subdistrict"}}, {"type": "Feature", "geometry": {"type": "Polygon", "coordinates": [[[112.531883, 37.962776], [112.531975, 37.959848], [112.534342, 37.959918], [112.53458, 37.953097], [112.532292, 37.953041], [112.532327, 37.950842], [112.532173, 37.947206], [112.534231, 37.947184], [112.53703, 37.947155], [112.542069, 37.947176], [112.543209, 37.947156], [112.548146, 37.9471], [112.550919, 37.947149], [112.551245, 37.9481], [112.551095, 37.949432], [112.551104, 37.950057], [112.551254, 37.95057], [112.551641, 37.951376], [112.55084, 37.952139], [112.551474, 37.95268], [112.551826, 37.953097], [112.552098, 37.953569], [112.555689, 37.962604], [112.556033, 37.963243], [112.556482, 37.963805], [112.557063, 37.964388], [112.55764, 37.964927], [112.56264, 37.968206], [112.565282, 37.969957], [112.568081, 37.971831], [112.563753, 37.972134], [112.563839, 37.973419], [112.566058, 37.974074], [112.566894, 37.974439], [112.56766, 37.974942], [112.568829, 37.976103], [112.569231, 37.976634], [112.569665, 37.977499], [112.570009, 37.97839], [112.569529, 37.978535], [112.568991, 37.978517], [112.568304, 37.978955], [112.568086, 37.979463], [112.567874, 37.979953], [112.566627, 37.981288], [112.566843, 37.981643], [112.566713, 37.982032], [112.567293, 37.98276], [112.56753, 37.983521], [112.568174, 37.984874], [112.570087, 37.985351], [112.569592, 37.986094], [112.568389, 37.986346], [112.568797, 37.986736], [112.569356, 37.987024], [112.569421, 37.987227], [112.569335, 37.987362], [112.565826, 37.989068], [112.565606, 37.988818], [112.565448, 37.988409], [112.564682, 37.987514], [112.562473, 37.985191], [112.56228, 37.984782], [112.562025, 37.983283], [112.562095, 37.982569], [112.562271, 37.982278], [112.563371, 37.980897], [112.563573, 37.980467], [112.563573, 37.980127], [112.563309, 37.979683], [112.561989, 37.980023], [112.558504, 37.980092], [112.558284, 37.980647], [112.558751, 37.983263], [112.554949, 37.98338], [112.553224, 37.984518], [112.551103, 37.983797], [112.550997, 37.979135], [112.542127, 37.979565], [112.536785, 37.979794], [112.535174, 37.979739], [112.535262, 37.978913], [112.543112, 37.974571], [112.546694, 37.973336], [112.546562, 37.973044], [112.546122, 37.972489], [112.546016, 37.972184], [112.545858, 37.965045], [112.544652, 37.965052], [112.544652, 37.966176], [112.543341, 37.965912], [112.541889, 37.965947], [112.541854, 37.965392], [112.541308, 37.965399], [112.541308, 37.965281], [112.53953, 37.964788], [112.540067, 37.963505], [112.538043, 37.96347], [112.538034, 37.962846], [112.531883, 37.962776]]]}, "properties": {"display_name": "新城街道, 尖草坪区, 太原市, 山西省, 中国", "type": "administrative", "osm_type": "relation", "osm_id": 9882570, "class": null, "keyword": "subdistrict"}}, {"type": "Feature", "geometry": {"type": "Polygon", "coordinates": [[[112.463871, 37.861612], [112.463889, 37.860821], [112.465734, 37.861869], [112.467184, 37.862458], [112.468633, 37.862978], [112.468783, 37.862826], [112.468862, 37.862541], [112.468844, 37.862257], [112.468958, 37.862229], [112.468897, 37.861869], [112.468598, 37.861848], [112.468317, 37.86148], [112.46851, 37.861383], [112.467148, 37.859892], [112.467078, 37.859739], [112.467105, 37.859552], [112.467271, 37.859219], [112.469731, 37.859982], [112.470452, 37.860225], [112.471199, 37.860357], [112.474054, 37.860814], [112.474265, 37.856384], [112.476935, 37.856492], [112.476914, 37.857], [112.476946, 37.857881], [112.476914, 37.858745], [112.476849, 37.859533], [112.476914, 37.860195], [112.477096, 37.860745], [112.477048, 37.861095], [112.479718, 37.86134], [112.484004, 37.861114], [112.486145, 37.860927], [112.490507, 37.860625], [112.49251, 37.860428], [112.494469, 37.860265], [112.49699, 37.85995], [112.499552, 37.859602], [112.502956, 37.859104], [112.50449, 37.858938], [112.504004, 37.868741], [112.503816, 37.874709], [112.503344, 37.874641], [112.502041, 37.87462], [112.502052, 37.874561], [112.50202, 37.874214], [112.50189, 37.874221], [112.501816, 37.87527], [112.501536, 37.87532], [112.501527, 37.875913], [112.501106, 37.880968], [112.499694, 37.880964], [112.499824, 37.880473], [112.495538, 37.880324], [112.49557, 37.880358], [112.495613, 37.880833], [112.495946, 37.880825], [112.495795, 37.882086], [112.494278, 37.882039], [112.492835, 37.882027], [112.492081, 37.881914], [112.490864, 37.882097], [112.49039, 37.882341], [112.489939, 37.882823], [112.489756, 37.883974], [112.489702, 37.884567], [112.489583, 37.885049], [112.489626, 37.885499], [112.489799, 37.88593], [112.489572, 37.885998], [112.489184, 37.885233], [112.489088, 37.884412], [112.489034, 37.883471], [112.48926, 37.881609], [112.489441, 37.880313], [112.489463, 37.879043], [112.489538, 37.878645], [112.489635, 37.878611], [112.489775, 37.877562], [112.489861, 37.87641], [112.489958, 37.876207], [112.489948, 37.875301], [112.490088, 37.873285], [112.490258, 37.871591], [112.490399, 37.871117], [112.490216, 37.870694], [112.489828, 37.870684], [112.48929, 37.871165], [112.489516, 37.871547], [112.48958, 37.872343], [112.489349, 37.874255], [112.489187, 37.874932], [112.488885, 37.875465], [112.488068, 37.876542], [112.487637, 37.877155], [112.487373, 37.87757], [112.487093, 37.877573], [112.486813, 37.878131], [112.486624, 37.878563], [112.48656, 37.878841], [112.486485, 37.879061], [112.486221, 37.879578], [112.484573, 37.879536], [112.484514, 37.879713], [112.483329, 37.879692], [112.483294, 37.880065], [112.481711, 37.879722], [112.480699, 37.879643], [112.480183, 37.879658], [112.474919, 37.880084], [112.47481, 37.879075], [112.474596, 37.878982], [112.474531, 37.878668], [112.474466, 37.878016], [112.474369, 37.877474], [112.472765, 37.877578], [112.472754, 37.878103], [112.472819, 37.879061], [112.472528, 37.879086], [112.472593, 37.880254], [112.472229, 37.880278], [112.469342, 37.880466], [112.468093, 37.880623], [112.467694, 37.880165], [112.467103, 37.87941], [112.466532, 37.878519], [112.466383, 37.877934], [112.46621, 37.877112], [112.46634, 37.87585], [112.466631, 37.873709], [112.466663, 37.872667], [112.466674, 37.871524], [112.46632, 37.869964], [112.466052, 37.868895], [112.46547, 37.867005], [112.464487, 37.863992], [112.464164, 37.862861], [112.464003, 37.862213], [112.463871, 37.861612]], [[112.49273, 37.861808], [112.492988, 37.862724], [112.493203, 37.863215], [112.493106, 37.863647], [112.493925, 37.863786], [112.494296, 37.863872], [112.495324, 37.864112], [112.495346, 37.86589], [112.49666, 37.865894], [112.497769, 37.865897], [112.49778, 37.865677], [112.497759, 37.865499], [112.497619, 37.865], [112.49778, 37.863992], [112.49819, 37.862926], [112.498028, 37.862756], [112.497315, 37.862481], [112.496833, 37.862295], [112.495681, 37.861851], [112.494399, 37.861669], [112.494399, 37.861432], [112.494162, 37.861457], [112.492741, 37.861656], [112.49273, 37.861808]], [[112.501217, 37.868849], [112.501379, 37.868896], [112.501874, 37.868923], [112.502504, 37.868937], [112.503333, 37.868978], [112.503436, 37.868991], [112.503737, 37.869005], [112.50378, 37.868937], [112.50378, 37.868869], [112.503662, 37.868865], [112.503231, 37.868783], [112.503059, 37.868681], [112.502848, 37.868638], [112.502316, 37.868552], [112.502009, 37.868509], [112.501416, 37.868422], [112.501255, 37.86854], [112.501217, 37.868849]], [[112.502296, 37.873399], [112.502544, 37.873412], [112.502566, 37.87334], [112.503144, 37.87336], [112.503408, 37.873348], [112.503435, 37.873433], [112.503677, 37.87345], [112.503653, 37.873343], [112.503664, 37.873136], [112.503702, 37.872268], [112.50312, 37.872237], [112.502437, 37.872197], [112.502432, 37.872574], [112.502382, 37.872662], [112.502345, 37.872967], [112.502296, 37.873399]], [[112.5026, 37.871497], [112.503306, 37.871499], [112.503408, 37.87108], [112.502677, 37.871074], [112.5026, 37.871497]], [[112.503245, 37.865579], [112.503638, 37.86564], [112.503859, 37.865636], [112.50387, 37.865581], [112.503897, 37.865497], [112.503897, 37.865348], [112.503369, 37.865334], [112.503245, 37.865579]]]}, "properties": {"display_name": "和平街道, 万柏林区, 太原市, 山西省, 中国", "type": "administrative", "osm_type": "relation", "osm_id": 9882251, "class": null, "keyword": "subdistrict"}}, {"type": "Feature", "geometry": {"type": "Polygon", "coordinates": [[[112.546298, 37.838206], [112.546719, 37.824268], [112.546771, 37.82254], [112.565136, 37.823091], [112.570892, 37.823372], [112.573306, 37.82349], [112.574412, 37.823483], [112.575211, 37.823421], [112.581072, 37.822963], [112.58097, 37.825065], [112.58191, 37.825077], [112.58191, 37.825244], [112.58316, 37.82528], [112.583214, 37.824841], [112.583699, 37.822928], [112.584346, 37.822901], [112.58468, 37.826932], [112.586456, 37.826804], [112.586756, 37.82715], [112.588295, 37.827118], [112.588407, 37.827334], [112.590022, 37.827285], [112.590034, 37.82699], [112.590298, 37.827], [112.590307, 37.826421], [112.591809, 37.826412], [112.591798, 37.826804], [112.59278, 37.826794], [112.592854, 37.827638], [112.594606, 37.827677], [112.595988, 37.827957], [112.596805, 37.828256], [112.596764, 37.829822], [112.59591, 37.829865], [112.59596, 37.830248], [112.5955, 37.830248], [112.59514, 37.830768], [112.595152, 37.831327], [112.596395, 37.831317], [112.596372, 37.832693], [112.595363, 37.832657], [112.595227, 37.833765], [112.592553, 37.833165], [112.589795, 37.833319], [112.585697, 37.833707], [112.583456, 37.833702], [112.580493, 37.833562], [112.580204, 37.838803], [112.565945, 37.838553], [112.546298, 37.838206]]]}, "properties": {"display_name": "营盘街道, 小店区, 太原市, 山西省, 中国", "type": "administrative", "osm_type": "relation", "osm_id": 9881420, "class": null, "keyword": "subdistrict"}}, {"type": "Feature", "geometry": {"type": "Polygon", "coordinates": [[[112.541934, 37.941117], [112.54372, 37.941205], [112.545076, 37.941022], [112.546495, 37.942092], [112.546216, 37.940163], [112.545851, 37.939316], [112.545829, 37.93764], [112.545614, 37.9362], [112.545722, 37.93566], [112.545786, 37.935135], [112.546173, 37.933968], [112.547572, 37.931196], [112.548261, 37.929775], [112.548111, 37.929046], [112.548089, 37.927269], [112.548262, 37.92605], [112.549015, 37.925205], [112.549961, 37.924665], [112.551059, 37.924599], [112.551061, 37.92472], [112.552804, 37.924989], [112.553192, 37.924957], [112.555686, 37.925367], [112.556847, 37.925132], [112.558181, 37.924255], [112.560191, 37.921143], [112.55999, 37.922447], [112.559194, 37.929834], [112.559115, 37.938834], [112.558822, 37.947874], [112.559265, 37.948157], [112.56248, 37.947701], [112.569499, 37.946738], [112.574561, 37.945799], [112.575667, 37.948571], [112.576252, 37.950564], [112.576731, 37.95246], [112.576948, 37.953021], [112.577372, 37.953958], [112.573476, 37.954329], [112.572559, 37.955442], [112.56956, 37.957997], [112.569699, 37.959769], [112.568059, 37.960811], [112.567714, 37.961961], [112.567027, 37.962028], [112.566683, 37.961756], [112.565093, 37.962701], [112.562598, 37.963341], [112.558643, 37.964418], [112.55764, 37.964927], [112.557063, 37.964388], [112.556482, 37.963805], [112.556033, 37.963243], [112.555689, 37.962604], [112.552098, 37.953569], [112.551826, 37.953097], [112.551474, 37.95268], [112.55084, 37.952139], [112.551641, 37.951376], [112.551254, 37.95057], [112.551104, 37.950057], [112.551095, 37.949432], [112.551245, 37.9481], [112.550919, 37.947149], [112.548146, 37.9471], [112.543209, 37.947156], [112.542069, 37.947176], [112.542063, 37.945653], [112.541934, 37.941117]]]}, "properties": {"display_name": "光社街道, 尖草坪区, 太原市, 山西省, 中国", "type": "administrative", "osm_type": "relation", "osm_id": 9882562, "class": null, "keyword": "subdistrict"}}, {"type": "Feature", "geometry": {"type": "Polygon", "coordinates": [[[112.511804, 37.932505], [112.51562, 37.921691], [112.519297, 37.91271], [112.520455, 37.910127], [112.52251, 37.906487], [112.522924, 37.905755], [112.525492, 37.90182], [112.533703, 37.891684], [112.536867, 37.895148], [112.53846, 37.898084], [112.538941, 37.898467], [112.543713, 37.898968], [112.543991, 37.898966], [112.54454, 37.898961], [112.544519, 37.900007], [112.542605, 37.899495], [112.540496, 37.89971], [112.540302, 37.89976], [112.53985, 37.901944], [112.539096, 37.90416], [112.537934, 37.906495], [112.536707, 37.908438], [112.536449, 37.908794], [112.537309, 37.909033], [112.537976, 37.908662], [112.540065, 37.908345], [112.540709, 37.908415], [112.541183, 37.908348], [112.541549, 37.9095], [112.541828, 37.911059], [112.542172, 37.912803], [112.542215, 37.913836], [112.542108, 37.914005], [112.541462, 37.914072], [112.54129, 37.914376], [112.535286, 37.914379], [112.533886, 37.914409], [112.533176, 37.914186], [112.53238, 37.915421], [112.531755, 37.917078], [112.531454, 37.918873], [112.530226, 37.922257], [112.529343, 37.924268], [112.528696, 37.925977], [112.525703, 37.932809], [112.523355, 37.935274], [112.522504, 37.936107], [112.518237, 37.934104], [112.517854, 37.932803], [112.515191, 37.932059], [112.514965, 37.932051], [112.514474, 37.932252], [112.513521, 37.93288], [112.511804, 37.932505]]]}, "properties": {"display_name": "古城街道, 尖草坪区, 太原市, 山西省, 中国", "type": "administrative", "osm_type": "relation", "osm_id": 9882563, "class": null, "keyword": "subdistrict"}}, {"type": "Feature", "geometry": {"type": "MultiPolygon", "coordinates": [[[[112.558392, 37.89904], [112.560309, 37.899641], [112.56125, 37.900317], [112.55856, 37.900428], [112.558392, 37.89904]]], [[[112.563088, 37.900236], [112.566847, 37.900033], [112.567767, 37.899997], [112.56918, 37.899942], [112.568801, 37.900911], [112.573485, 37.900852], [112.574582, 37.900854], [112.574829, 37.902031], [112.574848, 37.902136], [112.574878, 37.902145], [112.574912, 37.902161], [112.574933, 37.902182], [112.57495, 37.902204], [112.574961, 37.902229], [112.574969, 37.902261], [112.574966, 37.902284], [112.574956, 37.902306], [112.574938, 37.902326], [112.574833, 37.902404], [112.575349, 37.903088], [112.575048, 37.903562], [112.574511, 37.904019], [112.574984, 37.904561], [112.574746, 37.904756], [112.575134, 37.905383], [112.575069, 37.905671], [112.574682, 37.906094], [112.57436, 37.906347], [112.573758, 37.906686], [112.573887, 37.906923], [112.575219, 37.908244], [112.575627, 37.908058], [112.575928, 37.908109], [112.576185, 37.909261], [112.577281, 37.909245], [112.577812, 37.909383], [112.580539, 37.909486], [112.580861, 37.909498], [112.5817, 37.909529], [112.582656, 37.90959], [112.583605, 37.909599], [112.583825, 37.909475], [112.584575, 37.909053], [112.58487, 37.909049], [112.585847, 37.909304], [112.587586, 37.909419], [112.588032, 37.909004], [112.588348, 37.908932], [112.588772, 37.910176], [112.589378, 37.910541], [112.589485, 37.910736], [112.589771, 37.911372], [112.589643, 37.911609], [112.587754, 37.912073], [112.586745, 37.912115], [112.585285, 37.913011], [112.583457, 37.913995], [112.583087, 37.911867], [112.582068, 37.91198], [112.581982, 37.911408], [112.581596, 37.911438], [112.58144, 37.910312], [112.581162, 37.910354], [112.580581, 37.910413], [112.579562, 37.910857], [112.579246, 37.910793], [112.578929, 37.910886], [112.578457, 37.91127], [112.578007, 37.911672], [112.577507, 37.911701], [112.577394, 37.91198], [112.576992, 37.912073], [112.576836, 37.912285], [112.576562, 37.912331], [112.576363, 37.91222], [112.575699, 37.912203], [112.575285, 37.912596], [112.575274, 37.91313], [112.573916, 37.913415], [112.573407, 37.913001], [112.57257, 37.912852], [112.572182, 37.912805], [112.571679, 37.912686], [112.571663, 37.911819], [112.571416, 37.91145], [112.570718, 37.911207], [112.570772, 37.910941], [112.570358, 37.910543], [112.569579, 37.910542], [112.569402, 37.910297], [112.568608, 37.909991], [112.568312, 37.909563], [112.568001, 37.909521], [112.567889, 37.909384], [112.567159, 37.909606], [112.565078, 37.908458], [112.565298, 37.906543], [112.563671, 37.905461], [112.563456, 37.904837], [112.563088, 37.900236]]], [[[112.567818, 37.896952], [112.56788, 37.896806], [112.570324, 37.8936], [112.570506, 37.893478], [112.570641, 37.89335], [112.571494, 37.892969], [112.572795, 37.892428], [112.572566, 37.891872], [112.572777, 37.891817], [112.57261, 37.891449], [112.573806, 37.891088], [112.574545, 37.890776], [112.575855, 37.890096], [112.576268, 37.88995], [112.576734, 37.88993], [112.5775, 37.889963], [112.57829, 37.8902], [112.579178, 37.890547], [112.579477, 37.890596], [112.581579, 37.890644], [112.582256, 37.890485], [112.583399, 37.890145], [112.584722, 37.889583], [112.586462, 37.889021], [112.586717, 37.889278], [112.591112, 37.889444], [112.59142, 37.889347], [112.591763, 37.889333], [112.591886, 37.889458], [112.592211, 37.889465], [112.592378, 37.888889], [112.593617, 37.889063], [112.593987, 37.889035], [112.59432, 37.888951], [112.594842, 37.888983], [112.5949, 37.889131], [112.594712, 37.88941], [112.594513, 37.890713], [112.59431, 37.891162], [112.594267, 37.891166], [112.593725, 37.891005], [112.593221, 37.891107], [112.592775, 37.891102], [112.592673, 37.891001], [112.591482, 37.890942], [112.59137, 37.891043], [112.590786, 37.891123], [112.590796, 37.891263], [112.590668, 37.891351], [112.590603, 37.891545], [112.590625, 37.892638], [112.592277, 37.892464], [112.592132, 37.893175], [112.592255, 37.893463], [112.59247, 37.89243], [112.592776, 37.892468], [112.593827, 37.892643], [112.594712, 37.892664], [112.594707, 37.892791], [112.595083, 37.89285], [112.595018, 37.893223], [112.595147, 37.893291], [112.594782, 37.894679], [112.592486, 37.894424], [112.592808, 37.894831], [112.592444, 37.896338], [112.594088, 37.896838], [112.594737, 37.896982], [112.59514, 37.897028], [112.59634, 37.897019], [112.596684, 37.896862], [112.599117, 37.896913], [112.601595, 37.896125], [112.604458, 37.896836], [112.604642, 37.898996], [112.604727, 37.899166], [112.604366, 37.901281], [112.600448, 37.900921], [112.599375, 37.904105], [112.597378, 37.905627], [112.596465, 37.905051], [112.59581, 37.905219], [112.595242, 37.904762], [112.594104, 37.905024], [112.591931, 37.902968], [112.591019, 37.90279], [112.590139, 37.903298], [112.588486, 37.902925], [112.587468, 37.903086], [112.58676, 37.902205], [112.585998, 37.901637], [112.585023, 37.900741], [112.584603, 37.900673], [112.583227, 37.899777], [112.584214, 37.903979], [112.583794, 37.904085], [112.583826, 37.904233], [112.583735, 37.90431], [112.583575, 37.904609], [112.58342, 37.904973], [112.583033, 37.905065], [112.582416, 37.904706], [112.58209, 37.903783], [112.581457, 37.9036], [112.581017, 37.90352], [112.580399, 37.903726], [112.58078, 37.903985], [112.581059, 37.904569], [112.580732, 37.904721], [112.58026, 37.904267], [112.580083, 37.904314], [112.580346, 37.904573], [112.580936, 37.906142], [112.58142, 37.906148], [112.582171, 37.906397], [112.582074, 37.906711], [112.581435, 37.906672], [112.580833, 37.907268], [112.580345, 37.907513], [112.580554, 37.907788], [112.580253, 37.907869], [112.57962, 37.905943], [112.579003, 37.904279], [112.578752, 37.904013], [112.578655, 37.903713], [112.578511, 37.903721], [112.578447, 37.903429], [112.578356, 37.903379], [112.578232, 37.903009], [112.578512, 37.902773], [112.578668, 37.901948], [112.57746, 37.901846], [112.577422, 37.9016], [112.577094, 37.901566], [112.57674, 37.901396], [112.577643, 37.899666], [112.576881, 37.899366], [112.576544, 37.899341], [112.57378, 37.899167], [112.573602, 37.899505], [112.572598, 37.899793], [112.572224, 37.899798], [112.572051, 37.899586], [112.571949, 37.899144], [112.571428, 37.899123], [112.570874, 37.899207], [112.569198, 37.898553], [112.568575, 37.898577], [112.567985, 37.898055], [112.567915, 37.897909], [112.567818, 37.896952]]]]}, "properties": {"display_name": "敦化坊街道, 杏花岭区, 太原市, 山西省, 中国", "type": "administrative", "osm_type": "relation", "osm_id": 9882933, "class": null, "keyword": "subdistrict"}}, {"type": "Feature", "geometry": {"type": "Polygon", "coordinates": [[[112.531705, 37.88731], [112.537307, 37.887462], [112.538467, 37.890168], [112.53874, 37.890536], [112.539276, 37.890806], [112.540234, 37.891021], [112.541922, 37.891091], [112.544392, 37.891902], [112.544857, 37.891971], [112.545139, 37.890591], [112.545332, 37.890577], [112.545306, 37.890334], [112.545569, 37.890064], [112.546044, 37.889544], [112.546053, 37.888996], [112.546624, 37.889002], [112.546668, 37.888545], [112.546079, 37.888447], [112.546079, 37.888239], [112.545912, 37.888253], [112.545903, 37.888461], [112.54513, 37.888447], [112.545112, 37.888198], [112.544251, 37.888149], [112.54426, 37.887268], [112.545218, 37.88724], [112.545227, 37.88688], [112.54724, 37.88697], [112.547248, 37.886588], [112.547371, 37.886339], [112.547776, 37.886207], [112.548154, 37.885506], [112.548391, 37.883779], [112.548549, 37.883126], [112.548646, 37.883009], [112.548831, 37.88296], [112.550206, 37.882981], [112.550215, 37.881608], [112.552509, 37.881594], [112.562216, 37.881441], [112.562514, 37.887584], [112.563446, 37.887654], [112.563455, 37.887473], [112.569476, 37.887737], [112.569541, 37.888139], [112.577565, 37.888111], [112.5775, 37.889963], [112.576734, 37.88993], [112.576268, 37.88995], [112.575855, 37.890096], [112.574545, 37.890776], [112.573806, 37.891088], [112.57261, 37.891449], [112.572777, 37.891817], [112.572566, 37.891872], [112.572795, 37.892428], [112.571494, 37.892969], [112.570641, 37.89335], [112.570506, 37.893478], [112.570324, 37.8936], [112.56788, 37.896806], [112.567818, 37.896952], [112.567915, 37.897909], [112.567985, 37.898055], [112.568575, 37.898577], [112.56908, 37.899131], [112.56918, 37.899942], [112.567767, 37.899997], [112.566847, 37.900033], [112.563088, 37.900236], [112.56125, 37.900317], [112.560309, 37.899641], [112.558392, 37.89904], [112.558023, 37.898943], [112.557232, 37.898853], [112.557162, 37.898041], [112.556229, 37.89811], [112.555979, 37.899047], [112.554355, 37.899129], [112.554252, 37.901255], [112.551627, 37.900546], [112.549444, 37.899397], [112.547733, 37.898935], [112.54454, 37.898961], [112.543991, 37.898966], [112.543713, 37.898968], [112.538941, 37.898467], [112.53846, 37.898084], [112.536867, 37.895148], [112.533703, 37.891684], [112.53177, 37.889818], [112.531705, 37.88731]]]}, "properties": {"display_name": "巨轮街道, 杏花岭区, 太原市, 山西省, 030001, 中国", "type": "administrative", "osm_type": "relation", "osm_id": 9882936, "class": null, "keyword": "subdistrict"}}, {"type": "Feature", "geometry": {"type": "MultiPolygon", "coordinates": [[[[112.555979, 37.899047], [112.556229, 37.89811], [112.557162, 37.898041], [112.557232, 37.898853], [112.558023, 37.898943], [112.558392, 37.89904], [112.55856, 37.900428], [112.56125, 37.900317], [112.563088, 37.900236], [112.563456, 37.904837], [112.563671, 37.905461], [112.565298, 37.906543], [112.565078, 37.908458], [112.567159, 37.909606], [112.566735, 37.910011], [112.566762, 37.910341], [112.566837, 37.910506], [112.566374, 37.911047], [112.566412, 37.911136], [112.566562, 37.911136], [112.566632, 37.911271], [112.566762, 37.911369], [112.566826, 37.91153], [112.566546, 37.911538], [112.566605, 37.912105], [112.566251, 37.912219], [112.565826, 37.912256], [112.565896, 37.913132], [112.56595, 37.913174], [112.565837, 37.913246], [112.565966, 37.91428], [112.565869, 37.914275], [112.565901, 37.91461], [112.565934, 37.914711], [112.566137, 37.914922], [112.566288, 37.915235], [112.566443, 37.915896], [112.566551, 37.917884], [112.566847, 37.91789], [112.56682, 37.917513], [112.566734, 37.917487], [112.566573, 37.915185], [112.5666, 37.915152], [112.566847, 37.915152], [112.566847, 37.914949], [112.566347, 37.914838], [112.566175, 37.913361], [112.567512, 37.913308], [112.567469, 37.913761], [112.568112, 37.913766], [112.568575, 37.913838], [112.568692, 37.913986], [112.568767, 37.914135], [112.568881, 37.914152], [112.568892, 37.914964], [112.569497, 37.915049], [112.569502, 37.915409], [112.569873, 37.91543], [112.569889, 37.915379], [112.570373, 37.91538], [112.570411, 37.915617], [112.570883, 37.915761], [112.570904, 37.915799], [112.57135, 37.915936], [112.571886, 37.916004], [112.5739, 37.916319], [112.573905, 37.916577], [112.574163, 37.916556], [112.574695, 37.916781], [112.57491, 37.916769], [112.575908, 37.917214], [112.576493, 37.917524], [112.576965, 37.917613], [112.576938, 37.917807], [112.576981, 37.917942], [112.577014, 37.920795], [112.57631, 37.921069], [112.573955, 37.921143], [112.570606, 37.921389], [112.569773, 37.921371], [112.569823, 37.920795], [112.569119, 37.920866], [112.569082, 37.921069], [112.569087, 37.921205], [112.569167, 37.921709], [112.567014, 37.921812], [112.567159, 37.922641], [112.567405, 37.923119], [112.56748, 37.92394], [112.566643, 37.924019], [112.565703, 37.924208], [112.56575, 37.924504], [112.565364, 37.924597], [112.565214, 37.924847], [112.564628, 37.924934], [112.564687, 37.925171], [112.56538, 37.925134], [112.566469, 37.925157], [112.56649, 37.925318], [112.567215, 37.925323], [112.567242, 37.925531], [112.568457, 37.925565], [112.568451, 37.92629], [112.567548, 37.9263], [112.567564, 37.926669], [112.566667, 37.926693], [112.566726, 37.927319], [112.567801, 37.927228], [112.567864, 37.927528], [112.568784, 37.92747], [112.568863, 37.927402], [112.568992, 37.927187], [112.569213, 37.927183], [112.569556, 37.92737], [112.569879, 37.927323], [112.570701, 37.927427], [112.570916, 37.927638], [112.571136, 37.928167], [112.570701, 37.928302], [112.57063, 37.92845], [112.570169, 37.92853], [112.570035, 37.928788], [112.570137, 37.92897], [112.570287, 37.930163], [112.564528, 37.930731], [112.564802, 37.932804], [112.561874, 37.933129], [112.560783, 37.933086], [112.560567, 37.934998], [112.560389, 37.938522], [112.562483, 37.938631], [112.562558, 37.938746], [112.562989, 37.938902], [112.563171, 37.939093], [112.563472, 37.939153], [112.563493, 37.93947], [112.563224, 37.939605], [112.563375, 37.94018], [112.563659, 37.940194], [112.563885, 37.942013], [112.566558, 37.942334], [112.566844, 37.940215], [112.56708, 37.940059], [112.569238, 37.940214], [112.569055, 37.941893], [112.569183, 37.942563], [112.56943, 37.945575], [112.569811, 37.945554], [112.57023, 37.945555], [112.570551, 37.945598], [112.570986, 37.945602], [112.571351, 37.945535], [112.571636, 37.945366], [112.572564, 37.945401], [112.573493, 37.9453], [112.574255, 37.945176], [112.574561, 37.945799], [112.569499, 37.946738], [112.56248, 37.947701], [112.559265, 37.948157], [112.558822, 37.947874], [112.559115, 37.938834], [112.559194, 37.929834], [112.55999, 37.922447], [112.560191, 37.921143], [112.563042, 37.921064], [112.562889, 37.918146], [112.562799, 37.917937], [112.562529, 37.915064], [112.560009, 37.91504], [112.559926, 37.912423], [112.560046, 37.911975], [112.561865, 37.910591], [112.558799, 37.908358], [112.556652, 37.908236], [112.556873, 37.903227], [112.556709, 37.902455], [112.556032, 37.900953], [112.556005, 37.900725], [112.555987, 37.90055], [112.555991, 37.900222], [112.555979, 37.899047]]], [[[112.573514, 37.935404], [112.573531, 37.935053], [112.573616, 37.935023], [112.574702, 37.934948], [112.574909, 37.934991], [112.575806, 37.934958], [112.575997, 37.935026], [112.583203, 37.934778], [112.587981, 37.934421], [112.591034, 37.934055], [112.590981, 37.934387], [112.590877, 37.934427], [112.589395, 37.938218], [112.584773, 37.938582], [112.584617, 37.938713], [112.58414, 37.938603], [112.58105, 37.938809], [112.579724, 37.939028], [112.578824, 37.939001], [112.578512, 37.939466], [112.578026, 37.939744], [112.577573, 37.939596], [112.577359, 37.939269], [112.576941, 37.939217], [112.575158, 37.939267], [112.575104, 37.939368], [112.574051, 37.939325], [112.573847, 37.939172], [112.573819, 37.938858], [112.573579, 37.937536], [112.573611, 37.937346], [112.573547, 37.937143], [112.573595, 37.937046], [112.573606, 37.936669], [112.573536, 37.936682], [112.573514, 37.935404]]], [[[112.612849, 37.908742], [112.612934, 37.908712], [112.613117, 37.908433], [112.613283, 37.908017], [112.613513, 37.908055], [112.615105, 37.908545], [112.616819, 37.90945], [112.616957, 37.909674], [112.617065, 37.909759], [112.617032, 37.909928], [112.616936, 37.909958], [112.617043, 37.910275], [112.618264, 37.910257], [112.618409, 37.910024], [112.618415, 37.90977], [112.618506, 37.909681], [112.619158, 37.909638], [112.6217, 37.908921], [112.622525, 37.90889], [112.623189, 37.908961], [112.624291, 37.908939], [112.627174, 37.910358], [112.627871, 37.909621], [112.630145, 37.908958], [112.630823, 37.910587], [112.631253, 37.912222], [112.631246, 37.913243], [112.630358, 37.913286], [112.629812, 37.913443], [112.629469, 37.913453], [112.628885, 37.913229], [112.628709, 37.913068], [112.627824, 37.912828], [112.627258, 37.912473], [112.62661, 37.912241], [112.625867, 37.913016], [112.625674, 37.912902], [112.625529, 37.912699], [112.62487, 37.912734], [112.623845, 37.911995], [112.622549, 37.911589], [112.622398, 37.91165], [112.622029, 37.91165], [112.621859, 37.911806], [112.62134, 37.911845], [112.620461, 37.911486], [112.620086, 37.911499], [112.619776, 37.911702], [112.619331, 37.911711], [112.618732, 37.911467], [112.618544, 37.910895], [112.6162, 37.910749], [112.615873, 37.910521], [112.615498, 37.909738], [112.615343, 37.909522], [112.614772, 37.909308], [112.61287, 37.908784], [112.612849, 37.908742]]]]}, "properties": {"display_name": "涧河街道, 杏花岭区, 太原市, 山西省, 030003, 中国", "type": "administrative", "osm_type": "relation", "osm_id": 9882935, "class": null, "keyword": "subdistrict"}}, {"type": "Feature", "geometry": {"type": "Polygon", "coordinates": [[[112.503756, 37.876607], [112.503816, 37.874709], [112.504004, 37.868741], [112.525897, 37.862856], [112.527736, 37.862718], [112.530419, 37.862846], [112.530863, 37.868335], [112.531436, 37.880986], [112.524364, 37.881335], [112.524607, 37.882781], [112.522604, 37.882918], [112.522639, 37.882182], [112.51923, 37.882002], [112.518532, 37.885055], [112.517984, 37.886747], [112.508962, 37.886493], [112.509036, 37.88454], [112.509844, 37.88458], [112.509856, 37.883383], [112.510092, 37.883413], [112.51013, 37.881628], [112.509123, 37.881589], [112.509098, 37.880981], [112.509732, 37.880991], [112.509757, 37.880451], [112.51049, 37.880461], [112.51049, 37.880314], [112.511111, 37.880373], [112.511161, 37.878509], [112.509223, 37.878647], [112.509248, 37.877666], [112.508279, 37.877607], [112.508303, 37.876685], [112.503756, 37.876607]]]}, "properties": {"display_name": "兴华街道, 万柏林区, 太原市, 山西省, 中国", "type": "administrative", "osm_type": "relation", "osm_id": 9882258, "class": null, "keyword": "subdistrict"}}, {"type": "Feature", "geometry": {"type": "Polygon", "coordinates": [[[112.609708, 37.746471], [112.609838, 37.746459], [112.609822, 37.745679], [112.609823, 37.745303], [112.609851, 37.745224], [112.609891, 37.745166], [112.60993, 37.745141], [112.609981, 37.745116], [112.610073, 37.745083], [112.610173, 37.745065], [112.610232, 37.745059], [112.611486, 37.74504], [112.612415, 37.745032], [112.613394, 37.745044], [112.615981, 37.745041], [112.616349, 37.74504], [112.617514, 37.745044], [112.619282, 37.74503], [112.62076, 37.744994], [112.621456, 37.745007], [112.625141, 37.745183], [112.625373, 37.745202], [112.625501, 37.74521], [112.625649, 37.745219], [112.625818, 37.745216], [112.626575, 37.745218], [112.627791, 37.74522], [112.631108, 37.743234], [112.632284, 37.742525], [112.633067, 37.742064], [112.633253, 37.741949], [112.634738, 37.741062], [112.635407, 37.740663], [112.636908, 37.739765], [112.637383, 37.739479], [112.637212, 37.739285], [112.637144, 37.739208], [112.637364, 37.73908], [112.63979, 37.737631], [112.642207, 37.736191], [112.642272, 37.736173], [112.642377, 37.736116], [112.642396, 37.736078], [112.644563, 37.734783], [112.645825, 37.734032], [112.647331, 37.733131], [112.647374, 37.733126], [112.647445, 37.73313], [112.647468, 37.733147], [112.647677, 37.73338], [112.647859, 37.733572], [112.648007, 37.733721], [112.648352, 37.734069], [112.649265, 37.73352], [112.649808, 37.734104], [112.650365, 37.73472], [112.649486, 37.735255], [112.649516, 37.7353], [112.650607, 37.736475], [112.649485, 37.737144], [112.648572, 37.737684], [112.647992, 37.738034], [112.647013, 37.738629], [112.646433, 37.73898], [112.646166, 37.739137], [112.645572, 37.739495], [112.644799, 37.73995], [112.64446, 37.740158], [112.643643, 37.740652], [112.642645, 37.741251], [112.642649, 37.741275], [112.64295, 37.741589], [112.642932, 37.74165], [112.642426, 37.741957], [112.642329, 37.742016], [112.642308, 37.742013], [112.642032, 37.741664], [112.641944, 37.741664], [112.641126, 37.742159], [112.640398, 37.742593], [112.640302, 37.742666], [112.639632, 37.743055], [112.639237, 37.743291], [112.639302, 37.743347], [112.638649, 37.74373], [112.637748, 37.744267], [112.637049, 37.744687], [112.63745, 37.74511], [112.637982, 37.744784], [112.638301, 37.745087], [112.638303, 37.745113], [112.637769, 37.745421], [112.637729, 37.745447], [112.63769, 37.745489], [112.637506, 37.745729], [112.637257, 37.746029], [112.637215, 37.746088], [112.637184, 37.746119], [112.636087, 37.746887], [112.63583, 37.74706], [112.635543, 37.747315], [112.635264, 37.747554], [112.635162, 37.747654], [112.634982, 37.747862], [112.634879, 37.747994], [112.63471, 37.748236], [112.634723, 37.749022], [112.634729, 37.749296], [112.634735, 37.74948], [112.634742, 37.749735], [112.634751, 37.749933], [112.634765, 37.750147], [112.634591, 37.750253], [112.63444, 37.750349], [112.634822, 37.750695], [112.631787, 37.752583], [112.632016, 37.752882], [112.632057, 37.754947], [112.631855, 37.755314], [112.631493, 37.755632], [112.630893, 37.755769], [112.630471, 37.755876], [112.630226, 37.756144], [112.630207, 37.756399], [112.630178, 37.758598], [112.623183, 37.758572], [112.623203, 37.756469], [112.621479, 37.757651], [112.620905, 37.757064], [112.620181, 37.757526], [112.620813, 37.758267], [112.62001, 37.758694], [112.619317, 37.757991], [112.617538, 37.758968], [112.616964, 37.758347], [112.616438, 37.758639], [112.61804, 37.759331], [112.623323, 37.759303], [112.623252, 37.763065], [112.621948, 37.763076], [112.621906, 37.764191], [112.617732, 37.764564], [112.616368, 37.764541], [112.612519, 37.764742], [112.612474, 37.76474], [112.612422, 37.76473], [112.612376, 37.764712], [112.612346, 37.76469], [112.612304, 37.764649], [112.611596, 37.76411], [112.611513, 37.764027], [112.611328, 37.763779], [112.61129, 37.763726], [112.611257, 37.763656], [112.611212, 37.763347], [112.61121, 37.763228], [112.611151, 37.762528], [112.611161, 37.761474], [112.61117, 37.760824], [112.611174, 37.760805], [112.611353, 37.760709], [112.611288, 37.759607], [112.611246, 37.759201], [112.611121, 37.757579], [112.611112, 37.757536], [112.611098, 37.757485], [112.611093, 37.757427], [112.611094, 37.757288], [112.611043, 37.756432], [112.611021, 37.75643], [112.610939, 37.75553], [112.610899, 37.75496], [112.610932, 37.752867], [112.610943, 37.752672], [112.610956, 37.750991], [112.610974, 37.750528], [112.610959, 37.750458], [112.610915, 37.750394], [112.610872, 37.750358], [112.610591, 37.750114], [112.610249, 37.749844], [112.610173, 37.749782], [112.610106, 37.749704], [112.610062, 37.749612], [112.610026, 37.749475], [112.610003, 37.749338], [112.609906, 37.748691], [112.609807, 37.747737], [112.609771, 37.747352], [112.609723, 37.746864], [112.609708, 37.746471]]]}, "properties": {"display_name": "太原武宿国际机场, 太榆路, 西温庄乡, 小店区, 太原市, 山西省, 030031, 中国", "type": "aerodrome", "osm_type": "way", "osm_id": 179987291, "class": null, "keyword": "district"}}, {"type": "Feature", "geometry": {"type": "Polygon", "coordinates": [[[112.576171, 37.883067], [112.57625, 37.881228], [112.577877, 37.881297], [112.580673, 37.881373], [112.580743, 37.880679], [112.581086, 37.87977], [112.581306, 37.879375], [112.581649, 37.879118], [112.582097, 37.87891], [112.582625, 37.878792], [112.5831, 37.878736], [112.583619, 37.878736], [112.591083, 37.878653], [112.593282, 37.878646], [112.594231, 37.878299], [112.594803, 37.878202], [112.595638, 37.878118], [112.596632, 37.878112], [112.597071, 37.878153], [112.597317, 37.876827], [112.597432, 37.875886], [112.597567, 37.872967], [112.600548, 37.873086], [112.600935, 37.873679], [112.601665, 37.874017], [112.60706, 37.874502], [112.610326, 37.87554], [112.610728, 37.875916], [112.611456, 37.876348], [112.612211, 37.876525], [112.612805, 37.876694], [112.614391, 37.876549], [112.614396, 37.87668], [112.614273, 37.876761], [112.614231, 37.877103], [112.612156, 37.877147], [112.611387, 37.877561], [112.611209, 37.877659], [112.610121, 37.878097], [112.609666, 37.877237], [112.608252, 37.877485], [112.607679, 37.877721], [112.60784, 37.878306], [112.608167, 37.878894], [112.605011, 37.879959], [112.601949, 37.880123], [112.599753, 37.880202], [112.59869, 37.880036], [112.597666, 37.879994], [112.597649, 37.880266], [112.597768, 37.880266], [112.597801, 37.88062], [112.598115, 37.880603], [112.598127, 37.880384], [112.598337, 37.880347], [112.602179, 37.880374], [112.603938, 37.880386], [112.605012, 37.88043], [112.605842, 37.880497], [112.607855, 37.879847], [112.607448, 37.879589], [112.607416, 37.879485], [112.607648, 37.879459], [112.607755, 37.879425], [112.608052, 37.879688], [112.609378, 37.878826], [112.611069, 37.877895], [112.612229, 37.877322], [112.612537, 37.877226], [112.613179, 37.877223], [112.613864, 37.877297], [112.614111, 37.877324], [112.614296, 37.877296], [112.615505, 37.877392], [112.615414, 37.878079], [112.61565, 37.8781], [112.615775, 37.877373], [112.616248, 37.877437], [112.616313, 37.876878], [112.616259, 37.87637], [112.618775, 37.876164], [112.619814, 37.875846], [112.620066, 37.876142], [112.619953, 37.876464], [112.619974, 37.876858], [112.621977, 37.876133], [112.622439, 37.875908], [112.622332, 37.875734], [112.621748, 37.875956], [112.621689, 37.87583], [112.623096, 37.875091], [112.623187, 37.874837], [112.626403, 37.873942], [112.626521, 37.873911], [112.628137, 37.873761], [112.629691, 37.871741], [112.630274, 37.871478], [112.630473, 37.870847], [112.630676, 37.870643], [112.630574, 37.870571], [112.630403, 37.869836], [112.627133, 37.86873], [112.625981, 37.871876], [112.625322, 37.87398], [112.624658, 37.874345], [112.624341, 37.873863], [112.624652, 37.873477], [112.62454, 37.872944], [112.624545, 37.872703], [112.62523, 37.871919], [112.625595, 37.871398], [112.625691, 37.870988], [112.625557, 37.870396], [112.625509, 37.869715], [112.626275, 37.86833], [112.626575, 37.868089], [112.626767, 37.867657], [112.626639, 37.867149], [112.628346, 37.867117], [112.628512, 37.867621], [112.63101, 37.869251], [112.632363, 37.869511], [112.633258, 37.870302], [112.632417, 37.872338], [112.632888, 37.872184], [112.633119, 37.872357], [112.632904, 37.872561], [112.632979, 37.87268], [112.633225, 37.872633], [112.633257, 37.872721], [112.63376, 37.872789], [112.633814, 37.87286], [112.633606, 37.872949], [112.633225, 37.874024], [112.634976, 37.874576], [112.635372, 37.874576], [112.635415, 37.874745], [112.635993, 37.874634], [112.636175, 37.874499], [112.636583, 37.874709], [112.636223, 37.875117], [112.636828, 37.875458], [112.636577, 37.875572], [112.636084, 37.875853], [112.635554, 37.875896], [112.633308, 37.875395], [112.630643, 37.875013], [112.630937, 37.875795], [112.630878, 37.875838], [112.630825, 37.875939], [112.630455, 37.876101], [112.630246, 37.875931], [112.63007, 37.876228], [112.63038, 37.876617], [112.630289, 37.876706], [112.630557, 37.876892], [112.630536, 37.877176], [112.630781, 37.877285], [112.630787, 37.877536], [112.630183, 37.877396], [112.630134, 37.877215], [112.630141, 37.877062], [112.62991, 37.876554], [112.629621, 37.876631], [112.629467, 37.876725], [112.629359, 37.876454], [112.628974, 37.876294], [112.628743, 37.876357], [112.62854, 37.876836], [112.627728, 37.876782], [112.627406, 37.875639], [112.627171, 37.875648], [112.626839, 37.875724], [112.626676, 37.875381], [112.626255, 37.875538], [112.626255, 37.875572], [112.625859, 37.875699], [112.625664, 37.875255], [112.625108, 37.87543], [112.624814, 37.875447], [112.624725, 37.875469], [112.624699, 37.876007], [112.624282, 37.875998], [112.624295, 37.875398], [112.623997, 37.875494], [112.622793, 37.875939], [112.622755, 37.876045], [112.622178, 37.876271], [112.622119, 37.876152], [112.621251, 37.876471], [112.621074, 37.876661], [112.620233, 37.876975], [112.62018, 37.876853], [112.618955, 37.877336], [112.617975, 37.877522], [112.618083, 37.878107], [112.616988, 37.878327], [112.61692, 37.878341], [112.615919, 37.878414], [112.615561, 37.87821], [112.615368, 37.878193], [112.615325, 37.878295], [112.615078, 37.878648], [112.614677, 37.878896], [112.614184, 37.879074], [112.612956, 37.879088], [112.612994, 37.879384], [112.614666, 37.879375], [112.614693, 37.879908], [112.61338, 37.879863], [112.613203, 37.879723], [112.613149, 37.879719], [112.613133, 37.879791], [112.613262, 37.880142], [112.613096, 37.880062], [112.613005, 37.879837], [112.612844, 37.879876], [112.612887, 37.880075], [112.612352, 37.880008], [112.612041, 37.879584], [112.611875, 37.879521], [112.611318, 37.880248], [112.610702, 37.880058], [112.609994, 37.880016], [112.609758, 37.88027], [112.610204, 37.880663], [112.610458, 37.88126], [112.611423, 37.882869], [112.611868, 37.88264], [112.612314, 37.882381], [112.613791, 37.882819], [112.614263, 37.883246], [112.614492, 37.883812], [112.615077, 37.883956], [112.615109, 37.884168], [112.614364, 37.884434], [112.614492, 37.884976], [112.615698, 37.885656], [112.616663, 37.885766], [112.617658, 37.886488], [112.617851, 37.887144], [112.617524, 37.887851], [112.617026, 37.88912], [112.615987, 37.8911], [112.615483, 37.891855], [112.615291, 37.893085], [112.614756, 37.893662], [112.614745, 37.894102], [112.614617, 37.894796], [112.613846, 37.8953], [112.612828, 37.895415], [112.612157, 37.895031], [112.612248, 37.894883], [112.612004, 37.894621], [112.611409, 37.893927], [112.611366, 37.893318], [112.611489, 37.892223], [112.611099, 37.891393], [112.61109, 37.88777], [112.611346, 37.886082], [112.611179, 37.885816], [112.611185, 37.88536], [112.611063, 37.885008], [112.611115, 37.884725], [112.610993, 37.884475], [112.611212, 37.883908], [112.610955, 37.883037], [112.610923, 37.882275], [112.610596, 37.881615], [112.61042, 37.881509], [112.608594, 37.883025], [112.608079, 37.883203], [112.607372, 37.883148], [112.605825, 37.882248], [112.605573, 37.881943], [112.605203, 37.881752], [112.598896, 37.881902], [112.598896, 37.882291], [112.59925, 37.8823], [112.599335, 37.882368], [112.599486, 37.88238], [112.599502, 37.882351], [112.599925, 37.882359], [112.599936, 37.882562], [112.600203, 37.882596], [112.600257, 37.882389], [112.600928, 37.882401], [112.600928, 37.883481], [112.600241, 37.883438], [112.600198, 37.884322], [112.600767, 37.884347], [112.600627, 37.885571], [112.600001, 37.885558], [112.600055, 37.884343], [112.599223, 37.884254], [112.599176, 37.88444], [112.598613, 37.884444], [112.598527, 37.884563], [112.598544, 37.885608], [112.598457, 37.885667], [112.595928, 37.885557], [112.595885, 37.8867], [112.595692, 37.886696], [112.595638, 37.887508], [112.594599, 37.887466], [112.594228, 37.887483], [112.594148, 37.888574], [112.594304, 37.888748], [112.59432, 37.888951], [112.593987, 37.889035], [112.593617, 37.889063], [112.592378, 37.888889], [112.592211, 37.889465], [112.591886, 37.889458], [112.591763, 37.889333], [112.59142, 37.889347], [112.591112, 37.889444], [112.586717, 37.889278], [112.586462, 37.889021], [112.584722, 37.889583], [112.583399, 37.890145], [112.582256, 37.890485], [112.581579, 37.890644], [112.579477, 37.890596], [112.579178, 37.890547], [112.57829, 37.8902], [112.5775, 37.889963], [112.577565, 37.888111], [112.577587, 37.887119], [112.576787, 37.887078], [112.576804, 37.886821], [112.577341, 37.886856], [112.577367, 37.886439], [112.577147, 37.886446], [112.577174, 37.885905], [112.576294, 37.885919], [112.576285, 37.883074], [112.576171, 37.883067]]]}, "properties": {"display_name": "职工新街街道, 杏花岭区, 太原市, 山西省, 中国", "type": "administrative", "osm_type": "relation", "osm_id": 9882941, "class": null, "keyword": "subdistrict"}}, {"type": "Feature", "geometry": {"type": "Polygon", "coordinates": [[[112.54528, 37.858621], [112.546298, 37.838206], [112.565945, 37.838553], [112.56581, 37.839147], [112.565748, 37.839556], [112.56552, 37.845989], [112.565318, 37.852456], [112.565335, 37.853122], [112.565414, 37.853719], [112.565537, 37.854288], [112.565775, 37.854961], [112.567181, 37.858645], [112.567145, 37.859089], [112.567022, 37.859311], [112.56664, 37.859783], [112.563337, 37.859727], [112.553277, 37.859111], [112.54528, 37.858621]]]}, "properties": {"display_name": "迎泽街道, 迎泽区, 太原市, 山西省, 中国", "type": "administrative", "osm_type": "relation", "osm_id": 9882828, "class": null, "keyword": "subdistrict"}}, {"type": "Feature", "geometry": {"type": "Polygon", "coordinates": [[[112.504538, 37.855168], [112.505012, 37.842164], [112.504959, 37.841734], [112.50618, 37.841505], [112.510054, 37.840575], [112.513019, 37.839881], [112.520671, 37.838008], [112.521172, 37.837939], [112.521866, 37.837883], [112.532512, 37.837991], [112.530783, 37.842236], [112.530294, 37.844811], [112.530219, 37.850542], [112.530111, 37.854757], [112.52403, 37.854703], [112.52251, 37.854627], [112.507152, 37.855092], [112.505597, 37.855196], [112.504538, 37.855168]]]}, "properties": {"display_name": "下元街道, 万柏林区, 太原市, 山西省, 中国", "type": "administrative", "osm_type": "relation", "osm_id": 9882257, "class": null, "keyword": "subdistrict"}}, {"type": "Feature", "geometry": {"type": "Polygon", "coordinates": [[[112.530863, 37.868335], [112.532417, 37.868715], [112.54467, 37.868807], [112.54472, 37.868052], [112.546049, 37.867967], [112.546155, 37.868394], [112.545839, 37.87223], [112.5504, 37.872174], [112.553133, 37.87232], [112.553115, 37.871925], [112.553871, 37.871932], [112.553923, 37.872271], [112.554661, 37.872258], [112.554723, 37.872695], [112.554451, 37.872889], [112.553774, 37.872972], [112.553712, 37.873187], [112.553176, 37.873284], [112.552948, 37.87352], [112.552913, 37.873686], [112.553089, 37.87368], [112.553141, 37.874775], [112.553009, 37.875316], [112.553036, 37.876274], [112.55315, 37.876295], [112.553159, 37.876676], [112.553238, 37.876891], [112.552834, 37.876891], [112.552851, 37.877085], [112.55221, 37.877071], [112.552236, 37.878077], [112.552904, 37.878091], [112.552895, 37.878958], [112.553062, 37.878958], [112.553071, 37.879201], [112.553545, 37.879187], [112.553537, 37.87934], [112.55279, 37.879312], [112.552807, 37.879887], [112.552456, 37.87988], [112.552517, 37.880088], [112.552509, 37.881594], [112.550215, 37.881608], [112.550206, 37.882981], [112.548831, 37.88296], [112.548646, 37.883009], [112.548549, 37.883126], [112.548391, 37.883779], [112.548154, 37.885506], [112.547776, 37.886207], [112.547371, 37.886339], [112.547248, 37.886588], [112.54724, 37.88697], [112.545227, 37.88688], [112.545218, 37.88724], [112.54426, 37.887268], [112.544251, 37.888149], [112.545112, 37.888198], [112.54513, 37.888447], [112.545903, 37.888461], [112.545912, 37.888253], [112.546079, 37.888239], [112.546079, 37.888447], [112.546668, 37.888545], [112.546624, 37.889002], [112.546053, 37.888996], [112.546044, 37.889544], [112.545569, 37.890064], [112.545306, 37.890334], [112.545332, 37.890577], [112.545139, 37.890591], [112.544857, 37.891971], [112.544392, 37.891902], [112.541922, 37.891091], [112.540234, 37.891021], [112.539276, 37.890806], [112.53874, 37.890536], [112.538467, 37.890168], [112.537307, 37.887462], [112.531705, 37.88731], [112.531654, 37.885322], [112.531436, 37.880986], [112.530863, 37.868335]]]}, "properties": {"display_name": "三桥街道, 杏花岭区, 太原市, 山西省, 中国", "type": "administrative", "osm_type": "relation", "osm_id": 9882937, "class": null, "keyword": "subdistrict"}}, {"type": "Feature", "geometry": {"type": "Polygon", "coordinates": [[[112.565318, 37.852456], [112.56552, 37.845989], [112.565748, 37.839556], [112.56581, 37.839147], [112.565945, 37.838553], [112.580204, 37.838803], [112.580069, 37.842041], [112.580395, 37.8422], [112.584031, 37.845133], [112.584762, 37.846414], [112.585078, 37.846641], [112.584857, 37.850483], [112.58484, 37.852942], [112.584862, 37.853145], [112.585055, 37.853853], [112.585184, 37.854249], [112.585221, 37.854444], [112.5852, 37.855084], [112.584898, 37.857749], [112.584877, 37.858334], [112.580732, 37.858332], [112.580756, 37.858708], [112.580611, 37.858889], [112.579401, 37.858903], [112.579113, 37.85904], [112.578806, 37.859436], [112.578569, 37.8597], [112.578259, 37.859822], [112.577804, 37.859924], [112.571003, 37.859748], [112.56664, 37.859783], [112.567022, 37.859311], [112.567145, 37.859089], [112.567181, 37.858645], [112.565775, 37.854961], [112.565537, 37.854288], [112.565414, 37.853719], [112.565335, 37.853122], [112.565318, 37.852456]]]}, "properties": {"display_name": "桥东街道, 迎泽区, 太原市, 山西省, 中国", "type": "administrative", "osm_type": "relation", "osm_id": 9882826, "class": null, "keyword": "subdistrict"}}, {"type": "Feature", "geometry": {"type": "Polygon", "coordinates": [[[112.530111, 37.854757], [112.530219, 37.850542], [112.530294, 37.844811], [112.530783, 37.842236], [112.532512, 37.837991], [112.546298, 37.838206], [112.54528, 37.858621], [112.530222, 37.857666], [112.530111, 37.854757]]]}, "properties": {"display_name": "老军营街道, 迎泽区, 太原市, 山西省, 中国", "type": "administrative", "osm_type": "relation", "osm_id": 9882823, "class": null, "keyword": "subdistrict"}}, {"type": "Feature", "geometry": {"type": "MultiPolygon", "coordinates": [[[[112.501217, 37.868849], [112.501255, 37.86854], [112.501416, 37.868422], [112.502009, 37.868509], [112.502316, 37.868552], [112.502848, 37.868638], [112.503059, 37.868681], [112.503231, 37.868783], [112.503662, 37.868865], [112.50378, 37.868869], [112.50378, 37.868937], [112.503737, 37.869005], [112.503436, 37.868991], [112.503333, 37.868978], [112.502504, 37.868937], [112.501874, 37.868923], [112.501379, 37.868896], [112.501217, 37.868849]]], [[[112.503245, 37.865579], [112.503369, 37.865334], [112.503897, 37.865348], [112.503897, 37.865497], [112.50387, 37.865581], [112.503859, 37.865636], [112.503638, 37.86564], [112.503245, 37.865579]]], [[[112.504004, 37.868741], [112.50449, 37.858938], [112.504538, 37.855168], [112.505597, 37.855196], [112.507152, 37.855092], [112.52251, 37.854627], [112.52403, 37.854703], [112.530111, 37.854757], [112.530222, 37.857666], [112.530419, 37.862846], [112.527736, 37.862718], [112.525897, 37.862856], [112.504004, 37.868741]]]]}, "properties": {"display_name": "千峰街道, 万柏林区, 太原市, 山西省, 030024, 中国", "type": "administrative", "osm_type": "relation", "osm_id": 9882253, "class": null, "keyword": "subdistrict"}}, {"type": "Feature", "geometry": {"type": "Polygon", "coordinates": [[[112.576391, 37.880228], [112.576454, 37.877453], [112.57709, 37.877509], [112.577213, 37.875157], [112.577652, 37.875178], [112.577819, 37.873437], [112.578505, 37.873471], [112.57863, 37.871562], [112.578834, 37.866712], [112.579005, 37.86401], [112.594745, 37.864548], [112.594749, 37.864739], [112.594749, 37.864883], [112.594883, 37.865678], [112.594916, 37.8663], [112.59313, 37.866343], [112.592845, 37.866405], [112.59225, 37.866278], [112.591108, 37.866257], [112.59106, 37.866329], [112.590894, 37.866422], [112.590593, 37.866362], [112.590599, 37.866608], [112.590786, 37.866608], [112.59091, 37.866511], [112.591629, 37.866485], [112.592423, 37.866566], [112.59291, 37.866875], [112.593457, 37.866905], [112.594245, 37.867074], [112.594212, 37.867244], [112.594475, 37.867303], [112.594567, 37.86779], [112.59581, 37.867769], [112.596604, 37.86757], [112.596824, 37.867583], [112.597243, 37.867489], [112.597532, 37.867502], [112.597468, 37.868136], [112.596347, 37.868458], [112.596357, 37.872168], [112.592551, 37.872261], [112.591677, 37.872247], [112.59178, 37.871959], [112.591324, 37.871849], [112.591212, 37.871988], [112.590525, 37.871925], [112.590439, 37.872145], [112.589645, 37.87201], [112.589554, 37.872336], [112.589425, 37.872344], [112.589393, 37.872564], [112.5895, 37.872674], [112.59016, 37.872826], [112.590026, 37.873237], [112.590584, 37.8733], [112.591496, 37.873376], [112.591646, 37.8735], [112.591378, 37.874295], [112.590133, 37.874243], [112.590079, 37.874408], [112.590948, 37.874532], [112.592577, 37.874837], [112.592743, 37.874579], [112.593317, 37.874672], [112.593151, 37.875282], [112.59314, 37.875632], [112.592851, 37.876013], [112.593542, 37.875933], [112.593848, 37.875107], [112.596423, 37.875677], [112.596303, 37.875958], [112.596668, 37.876043], [112.597432, 37.875886], [112.597317, 37.876827], [112.597071, 37.878153], [112.596632, 37.878112], [112.595638, 37.878118], [112.594803, 37.878202], [112.594231, 37.878299], [112.593282, 37.878646], [112.591083, 37.878653], [112.583619, 37.878736], [112.5831, 37.878736], [112.582625, 37.878792], [112.582097, 37.87891], [112.581649, 37.879118], [112.581306, 37.879375], [112.581086, 37.87977], [112.580743, 37.880679], [112.580673, 37.881373], [112.577877, 37.881297], [112.577956, 37.880325], [112.576391, 37.880228]]]}, "properties": {"display_name": "大东关街道, 杏花岭区, 太原市, 山西省, 中国", "type": "administrative", "osm_type": "relation", "osm_id": 9882932, "class": null, "keyword": "subdistrict"}}, {"type": "Feature", "geometry": {"type": "Polygon", "coordinates": [[[112.484109, 37.889681], [112.487836, 37.889584], [112.488768, 37.889445], [112.489146, 37.886012], [112.489572, 37.885998], [112.489799, 37.88593], [112.489626, 37.885499], [112.489583, 37.885049], [112.489702, 37.884567], [112.489756, 37.883974], [112.489939, 37.882823], [112.49039, 37.882341], [112.490864, 37.882097], [112.492081, 37.881914], [112.492835, 37.882027], [112.494278, 37.882039], [112.495795, 37.882086], [112.495946, 37.880825], [112.495613, 37.880833], [112.49557, 37.880358], [112.495538, 37.880324], [112.499824, 37.880473], [112.499694, 37.880964], [112.501106, 37.880968], [112.501527, 37.875913], [112.501536, 37.87532], [112.501816, 37.87527], [112.50189, 37.874221], [112.50202, 37.874214], [112.502052, 37.874561], [112.502041, 37.87462], [112.503344, 37.874641], [112.503816, 37.874709], [112.503756, 37.876607], [112.508303, 37.876685], [112.508279, 37.877607], [112.509248, 37.877666], [112.509223, 37.878647], [112.511161, 37.878509], [112.511111, 37.880373], [112.51049, 37.880314], [112.51049, 37.880461], [112.509757, 37.880451], [112.509732, 37.880991], [112.509098, 37.880981], [112.509123, 37.881589], [112.51013, 37.881628], [112.510092, 37.883413], [112.509856, 37.883383], [112.509844, 37.88458], [112.509036, 37.88454], [112.508962, 37.886493], [112.503437, 37.886411], [112.503235, 37.892173], [112.5023, 37.89203], [112.5018, 37.892216], [112.500803, 37.892536], [112.490356, 37.892162], [112.484118, 37.892194], [112.484109, 37.889681]]]}, "properties": {"display_name": "万柏林街道, 万柏林区, 太原市, 山西省, 中国", "type": "administrative", "osm_type": "relation", "osm_id": 9882255, "class": null, "keyword": "subdistrict"}}, {"type": "Feature", "geometry": {"type": "Polygon", "coordinates": [[[112.56664, 37.859783], [112.571003, 37.859748], [112.577804, 37.859924], [112.578259, 37.859822], [112.578569, 37.8597], [112.578806, 37.859436], [112.579113, 37.85904], [112.579401, 37.858903], [112.580611, 37.858889], [112.580756, 37.858708], [112.580732, 37.858332], [112.584877, 37.858334], [112.585212, 37.85823], [112.594466, 37.858225], [112.595856, 37.85826], [112.595839, 37.859429], [112.596166, 37.859328], [112.596917, 37.859205], [112.597276, 37.859205], [112.597292, 37.859786], [112.597271, 37.86032], [112.597324, 37.861553], [112.598214, 37.861532], [112.598948, 37.861529], [112.59863, 37.861933], [112.598614, 37.864692], [112.594745, 37.864548], [112.579005, 37.86401], [112.578834, 37.866712], [112.57863, 37.871562], [112.574035, 37.871575], [112.573996, 37.869779], [112.567706, 37.86983], [112.56762, 37.862717], [112.567559, 37.862398], [112.567418, 37.862232], [112.56697, 37.862155], [112.566759, 37.862107], [112.566662, 37.861982], [112.566642, 37.859912], [112.56664, 37.859783]]]}, "properties": {"display_name": "文庙街道, 迎泽区, 太原市, 山西省, 中国", "type": "administrative", "osm_type": "relation", "osm_id": 9882827, "class": null, "keyword": "subdistrict"}}, {"type": "Feature", "geometry": {"type": "Polygon", "coordinates": [[[112.530222, 37.857666], [112.54528, 37.858621], [112.553277, 37.859111], [112.554053, 37.867539], [112.546049, 37.867967], [112.54472, 37.868052], [112.54467, 37.868807], [112.532417, 37.868715], [112.530863, 37.868335], [112.530419, 37.862846], [112.530222, 37.857666]]]}, "properties": {"display_name": "庙前街道, 迎泽区, 太原市, 山西省, 中国", "type": "administrative", "osm_type": "relation", "osm_id": 9882825, "class": null, "keyword": "subdistrict"}}, {"type": "Feature", "geometry": {"type": "Polygon", "coordinates": [[[112.553277, 37.859111], [112.563337, 37.859727], [112.56664, 37.859783], [112.566642, 37.859912], [112.566662, 37.861982], [112.566759, 37.862107], [112.56697, 37.862155], [112.567418, 37.862232], [112.567559, 37.862398], [112.56762, 37.862717], [112.567706, 37.86983], [112.561617, 37.869807], [112.561695, 37.870542], [112.555027, 37.870637], [112.555115, 37.871945], [112.554691, 37.871942], [112.554053, 37.867539], [112.553277, 37.859111]]]}, "properties": {"display_name": "柳巷街道, 迎泽区, 太原市, 山西省, 中国", "type": "administrative", "osm_type": "relation", "osm_id": 9882824, "class": null, "keyword": "subdistrict"}}, {"type": "Feature", "geometry": {"type": "Polygon", "coordinates": [[[112.562128, 37.877646], [112.563032, 37.877613], [112.563014, 37.876947], [112.563709, 37.876912], [112.563709, 37.87703], [112.564746, 37.876968], [112.564763, 37.877557], [112.568033, 37.877412], [112.568121, 37.879222], [112.571531, 37.879215], [112.5715, 37.878695], [112.572089, 37.878529], [112.57208, 37.878348], [112.573073, 37.878307], [112.573882, 37.878064], [112.574146, 37.877884], [112.574427, 37.877627], [112.574356, 37.87633], [112.575253, 37.876295], [112.575297, 37.876552], [112.576475, 37.876531], [112.576454, 37.877453], [112.576391, 37.880228], [112.577956, 37.880325], [112.577877, 37.881297], [112.57625, 37.881228], [112.576171, 37.883067], [112.576285, 37.883074], [112.576294, 37.885919], [112.577174, 37.885905], [112.577147, 37.886446], [112.577367, 37.886439], [112.577341, 37.886856], [112.576804, 37.886821], [112.576787, 37.887078], [112.577587, 37.887119], [112.577565, 37.888111], [112.569541, 37.888139], [112.569476, 37.887737], [112.563455, 37.887473], [112.563446, 37.887654], [112.562514, 37.887584], [112.562216, 37.881441], [112.562128, 37.877646]]]}, "properties": {"display_name": "坝陵桥街道, 杏花岭区, 太原市, 山西省, 中国", "type": "administrative", "osm_type": "relation", "osm_id": 9882931, "class": null, "keyword": "subdistrict"}}, {"type": "Feature", "geometry": {"type": "Polygon", "coordinates": [[[112.545839, 37.87223], [112.546155, 37.868394], [112.546049, 37.867967], [112.554053, 37.867539], [112.554691, 37.871942], [112.555115, 37.871945], [112.555027, 37.870637], [112.561695, 37.870542], [112.562045, 37.870546], [112.562076, 37.870673], [112.562182, 37.870678], [112.562269, 37.871399], [112.561712, 37.871438], [112.561724, 37.871777], [112.561698, 37.872623], [112.561742, 37.873879], [112.562287, 37.873851], [112.562331, 37.874566], [112.562937, 37.874566], [112.562972, 37.875371], [112.561874, 37.875419], [112.561997, 37.876883], [112.562128, 37.877646], [112.562216, 37.881441], [112.552509, 37.881594], [112.552517, 37.880088], [112.552456, 37.87988], [112.552807, 37.879887], [112.55279, 37.879312], [112.553537, 37.87934], [112.553545, 37.879187], [112.553071, 37.879201], [112.553062, 37.878958], [112.552895, 37.878958], [112.552904, 37.878091], [112.552236, 37.878077], [112.55221, 37.877071], [112.552851, 37.877085], [112.552834, 37.876891], [112.553238, 37.876891], [112.553159, 37.876676], [112.55315, 37.876295], [112.553036, 37.876274], [112.553009, 37.875316], [112.553141, 37.874775], [112.553089, 37.87368], [112.552913, 37.873686], [112.552948, 37.87352], [112.553176, 37.873284], [112.553712, 37.873187], [112.553774, 37.872972], [112.554451, 37.872889], [112.554723, 37.872695], [112.554661, 37.872258], [112.553923, 37.872271], [112.553871, 37.871932], [112.553115, 37.871925], [112.553133, 37.87232], [112.5504, 37.872174], [112.545839, 37.87223]]]}, "properties": {"display_name": "鼓楼街道, 杏花岭区, 太原市, 山西省, 中国", "type": "administrative", "osm_type": "relation", "osm_id": 9882934, "class": null, "keyword": "subdistrict"}}, {"type": "Feature", "geometry": {"type": "Polygon", "coordinates": [[[112.561617, 37.869807], [112.567706, 37.86983], [112.573996, 37.869779], [112.574035, 37.871575], [112.57863, 37.871562], [112.578505, 37.873471], [112.577819, 37.873437], [112.577652, 37.875178], [112.577213, 37.875157], [112.57709, 37.877509], [112.576454, 37.877453], [112.576475, 37.876531], [112.575297, 37.876552], [112.575253, 37.876295], [112.574356, 37.87633], [112.574427, 37.877627], [112.574146, 37.877884], [112.573882, 37.878064], [112.573073, 37.878307], [112.57208, 37.878348], [112.572089, 37.878529], [112.5715, 37.878695], [112.571531, 37.879215], [112.568121, 37.879222], [112.568033, 37.877412], [112.564763, 37.877557], [112.564746, 37.876968], [112.563709, 37.87703], [112.563709, 37.876912], [112.563014, 37.876947], [112.563032, 37.877613], [112.562128, 37.877646], [112.561997, 37.876883], [112.561874, 37.875419], [112.562972, 37.875371], [112.562937, 37.874566], [112.562331, 37.874566], [112.562287, 37.873851], [112.561742, 37.873879], [112.561698, 37.872623], [112.561724, 37.871777], [112.561712, 37.871438], [112.562269, 37.871399], [112.562182, 37.870678], [112.562076, 37.870673], [112.562045, 37.870546], [112.561695, 37.870542], [112.561617, 37.869807]]]}, "properties": {"display_name": "杏花岭街道, 杏花岭区, 太原市, 山西省, 中国", "type": "administrative", "osm_type": "relation", "osm_id": 9882939, "class": null, "keyword": "subdistrict"}}, {"type": "Feature", "geometry": {"type": "Polygon", "coordinates": [[[112.566738, 37.907292], [112.567009, 37.907016], [112.567169, 37.906729], [112.567301, 37.906567], [112.567416, 37.906461], [112.56749, 37.906395], [112.567579, 37.90633], [112.567866, 37.906261], [112.567887, 37.90658], [112.568375, 37.90658], [112.56844, 37.907577], [112.56983, 37.907497], [112.569856, 37.907943], [112.570517, 37.907941], [112.570595, 37.908124], [112.570761, 37.908174], [112.570802, 37.908233], [112.570884, 37.908253], [112.570937, 37.908208], [112.571222, 37.908136], [112.571348, 37.908133], [112.57147, 37.908099], [112.571588, 37.90817], [112.571678, 37.908111], [112.571776, 37.907948], [112.571821, 37.907718], [112.571682, 37.907569], [112.571427, 37.907538], [112.571283, 37.907384], [112.571487, 37.907364], [112.571411, 37.907168], [112.571561, 37.907154], [112.571547, 37.906898], [112.571832, 37.906928], [112.572021, 37.907085], [112.572115, 37.907127], [112.572309, 37.90716], [112.572457, 37.907151], [112.572568, 37.907157], [112.572698, 37.907174], [112.572796, 37.907232], [112.573005, 37.907313], [112.5731, 37.907308], [112.573364, 37.90726], [112.573482, 37.907234], [112.57363, 37.906971], [112.573799, 37.906878], [112.574158, 37.90723], [112.574461, 37.907681], [112.575185, 37.908291], [112.575632, 37.908099], [112.575995, 37.908174], [112.576103, 37.909162], [112.577139, 37.909162], [112.577773, 37.909366], [112.582445, 37.90945], [112.583189, 37.909479], [112.58408, 37.909205], [112.584609, 37.908924], [112.585819, 37.909235], [112.587487, 37.90932], [112.587895, 37.909227], [112.588195, 37.909027], [112.589386, 37.907761], [112.58976, 37.907653], [112.590099, 37.907607], [112.590732, 37.907632], [112.59139, 37.907837], [112.591959, 37.907949], [112.59225, 37.907798], [112.592781, 37.907302], [112.592948, 37.907215], [112.593176, 37.907201], [112.59405, 37.907434], [112.594125, 37.907969], [112.592382, 37.910221], [112.591568, 37.910455], [112.590521, 37.911116], [112.589966, 37.911827], [112.589338, 37.912312], [112.588933, 37.912498], [112.588415, 37.912658], [112.586749, 37.913028], [112.586709, 37.912971], [112.584885, 37.91366], [112.58391, 37.914097], [112.58345, 37.914135], [112.58335, 37.914183], [112.582726, 37.914003], [112.581752, 37.913677], [112.581177, 37.913554], [112.580641, 37.913533], [112.579484, 37.913552], [112.578225, 37.913784], [112.577125, 37.913559], [112.576736, 37.912499], [112.576069, 37.912175], [112.575546, 37.912167], [112.575188, 37.912394], [112.575178, 37.912791], [112.575025, 37.913048], [112.573539, 37.913539], [112.573287, 37.913371], [112.573025, 37.913045], [112.571519, 37.912566], [112.57158, 37.911794], [112.571577, 37.911428], [112.570929, 37.911157], [112.570744, 37.911003], [112.570048, 37.912224], [112.569672, 37.911982], [112.569558, 37.91188], [112.569418, 37.911751], [112.569037, 37.911199], [112.568942, 37.91101], [112.568886, 37.910933], [112.568348, 37.909741], [112.568249, 37.909627], [112.568155, 37.909565], [112.567423, 37.909132], [112.567374, 37.908998], [112.567362, 37.908967], [112.567014, 37.908041], [112.566738, 37.907292]]]}, "properties": {"display_name": "太原动物园, 涧河南沿岸, 敦化坊街道, 杏花岭区, 太原市, 山西省, 030003, 中国", "type": "zoo", "osm_type": "way", "osm_id": 933608461, "class": null, "keyword": "中央区"}}, {"type": "Feature", "geometry": {"type": "Polygon", "coordinates": [[[112.556074, 37.956592], [112.556149, 37.956209], [112.558372, 37.955642], [112.558652, 37.95699], [112.558988, 37.957763], [112.560193, 37.960458], [112.5618, 37.963257], [112.558802, 37.963603], [112.558194, 37.963676], [112.557578, 37.962542], [112.557298, 37.962646], [112.556952, 37.961548], [112.556607, 37.960076], [112.556177, 37.957984], [112.556074, 37.956592]]]}, "properties": {"display_name": "润恒城果蔬交易中心, 钢园路, 光社街道, 尖草坪区, 太原市, 山西省, 030008, 中国", "type": "wholesale", "osm_type": "way", "osm_id": 1020570693, "class": null, "keyword": "中心城区"}}, {"type": "Feature", "geometry": {"type": "Polygon", "coordinates": [[[112.539232, 37.699], [112.540159, 37.698591], [112.541925, 37.697854], [112.542074, 37.697896], [112.545408, 37.703393], [112.542605, 37.704432], [112.540449, 37.700954], [112.539232, 37.699]]]}, "properties": {"display_name": "太原市中心医院(汾东院区), 汾东南路, 小店街道, 小店区, 太原市, 山西省, 中国", "type": "hospital", "osm_type": "way", "osm_id": 961627992, "class": null, "keyword": "市中心"}}, {"type": "Feature", "geometry": {"type": "Polygon", "coordinates": [[[112.514251, 37.755698], [112.519707, 37.755658], [112.519701, 37.757215], [112.514471, 37.757248], [112.514279, 37.756296], [112.514251, 37.755698]]]}, "properties": {"display_name": "成成中学新校区, 新晋祠路, 金胜镇, 晋源区, 太原市, 山西省, 中国", "type": "school", "osm_type": "way", "osm_id": 422966436, "class": null, "keyword": "市中心"}}, {"type": "Feature", "geometry": {"type": "Polygon", "coordinates": [[[112.514029, 37.803927], [112.514866, 37.803799], [112.516936, 37.803791], [112.517022, 37.805876], [112.514351, 37.805842], [112.514115, 37.805766], [112.514029, 37.803927]]]}, "properties": {"display_name": "太原市政务服务中心, 长兴南街, 长风西街街道, 万柏林区, 太原市, 山西省, 030000, 中国", "type": "government", "osm_type": "way", "osm_id": 823118751, "class": null, "keyword": "市中心"}}, {"type": "Feature", "geometry": {"type": "Polygon", "coordinates": [[[112.557002, 37.884306], [112.557106, 37.884217], [112.558745, 37.884198], [112.559888, 37.884219], [112.559892, 37.884391], [112.56005, 37.884393], [112.560083, 37.884909], [112.560087, 37.885314], [112.560066, 37.885348], [112.557061, 37.885425], [112.557021, 37.885399], [112.557002, 37.884306]]]}, "properties": {"display_name": "太原市中心医院, 东二道巷, 巨轮街道, 杏花岭区, 太原市, 山西省, 030009, 中国", "type": "hospital", "osm_type": "way", "osm_id": 806645817, "class": null, "keyword": "市中心"}}, {"type": "Feature", "geometry": {"type": "Polygon", "coordinates": [[[112.561431, 37.715506], [112.563571, 37.715256], [112.563855, 37.717114], [112.562418, 37.717072], [112.562171, 37.717017], [112.562031, 37.716622], [112.561935, 37.716622], [112.561431, 37.715506]]]}, "properties": {"display_name": "太原市疾病预防控制中心, 人民北路, 小店街道, 小店区, 太原市, 山西省, 中国", "type": "hospital", "osm_type": "way", "osm_id": 1217016531, "class": null, "keyword": "市中心"}}, {"type": "Feature", "geometry": {"type": "Polygon", "coordinates": [[[112.539991, 37.840358], [112.540044, 37.838248], [112.541257, 37.838223], [112.541239, 37.838753], [112.541182, 37.840426], [112.539991, 37.840358]]]}, "properties": {"display_name": "太原市第三十六中学校, 老军营中巷, 老军营街道, 迎泽区, 太原市, 山西省, 030006, 中国", "type": "school", "osm_type": "way", "osm_id": 699343584, "class": null, "keyword": "中央区"}}, {"type": "Feature", "geometry": {"type": "Polygon", "coordinates": [[[112.163434, 37.903775], [112.165666, 37.903148], [112.166106, 37.904105], [112.163949, 37.904714], [112.163434, 37.903775]]]}, "properties": {"display_name": "古交市中心医院, 大川东路, 东曲街道, 古交市, 太原市, 山西省, 中国", "type": "hospital", "osm_type": "way", "osm_id": 742073410, "class": null, "keyword": "市中心"}}, {"type": "Feature", "geometry": {"type": "Polygon", "coordinates": [[[112.513232, 37.821304], [112.514058, 37.821169], [112.514036, 37.820932], [112.514637, 37.820847], [112.515206, 37.821889], [112.51336, 37.82205], [112.513232, 37.821304]]]}, "properties": {"display_name": "山西中心实验小学, 上庄东街, 长风西街街道, 万柏林区, 太原市, 山西省, 030021, 中国", "type": "school", "osm_type": "way", "osm_id": 1321791456, "class": null, "keyword": "市中心"}}, {"type": "Feature", "geometry": {"type": "Polygon", "coordinates": [[[112.558506, 37.883146], [112.560173, 37.883132], [112.560171, 37.883838], [112.560115, 37.88384], [112.560116, 37.883965], [112.560091, 37.884015], [112.560051, 37.884044], [112.560005, 37.88406], [112.558725, 37.884041], [112.558714, 37.883831], [112.558515, 37.883836], [112.558506, 37.883146]]]}, "properties": {"display_name": "太原市中心医院, 永定路, 巨轮街道, 杏花岭区, 太原市, 山西省, 030009, 中国", "type": "hospital", "osm_type": "way", "osm_id": 1216691274, "class": null, "keyword": "市中心"}}, {"type": "Feature", "geometry": {"type": "Polygon", "coordinates": [[[112.503722, 37.676054], [112.505061, 37.676033], [112.504924, 37.67716], [112.50499, 37.677222], [112.504181, 37.677223], [112.503781, 37.677036], [112.503722, 37.676054]]]}, "properties": {"display_name": "太原市周全驾驶人科目二考试中心, 滨河东路, 西蒲村, 北格镇, 小店区, 太原市, 山西省, 中国", "type": "driving_school", "osm_type": "way", "osm_id": 1379033736, "class": null, "keyword": "市中心"}}, {"type": "Feature", "geometry": {"type": "Polygon", "coordinates": [[[112.554341, 37.819584], [112.555077, 37.819581], [112.555088, 37.821244], [112.554352, 37.821247], [112.554341, 37.819584]]]}, "properties": {"display_name": "山西世贸中心, 长治路, 平阳路街道, 小店区, 太原市, 山西省, 030006, 中国", "type": "mall", "osm_type": "way", "osm_id": 179418438, "class": null, "keyword": "市中心"}}, {"type": "Feature", "geometry": {"type": "Polygon", "coordinates": [[[112.55402, 37.863293], [112.554567, 37.86325], [112.554583, 37.863538], [112.554055, 37.863568], [112.55402, 37.863293]]]}, "properties": {"display_name": "太原清真古寺, 解放路, 柳巷街道, 迎泽区, 太原市, 山西省, 030002, 中国", "type": "place_of_worship", "osm_type": "way", "osm_id": 823646963, "class": null, "keyword": "district"}}]}