{"type": "FeatureCollection", "features": [{"type": "Feature", "geometry": {"type": "MultiPolygon", "coordinates": [[[[87.149074, 43.252085], [87.163728, 43.255375], [87.191603, 43.269255], [87.175958, 43.277358], [87.151168, 43.277117], [87.154914, 43.269817], [87.149515, 43.255295], [87.149074, 43.252085]]], [[[87.206383, 43.595063], [87.209988, 43.592265], [87.220545, 43.59556], [87.231788, 43.594814], [87.236938, 43.596492], [87.243547, 43.594752], [87.244663, 43.589033], [87.229128, 43.576474], [87.224836, 43.571126], [87.23196, 43.570628], [87.238054, 43.565653], [87.233505, 43.55763], [87.236595, 43.555764], [87.243118, 43.558687], [87.250414, 43.557195], [87.255564, 43.547366], [87.271185, 43.541705], [87.266722, 43.533056], [87.267923, 43.529634], [87.259683, 43.526086], [87.256079, 43.516875], [87.232389, 43.504737], [87.214708, 43.501749], [87.22372, 43.492783], [87.249126, 43.505733], [87.262001, 43.510775], [87.268438, 43.518058], [87.276421, 43.505297], [87.297792, 43.52117], [87.30277, 43.527269], [87.309036, 43.523037], [87.318992, 43.533181], [87.343712, 43.537598], [87.357616, 43.549792], [87.379439, 43.565389], [87.382207, 43.565747], [87.387829, 43.565902], [87.392378, 43.567581], [87.401218, 43.570411], [87.406282, 43.571312], [87.412462, 43.57523], [87.415959, 43.576007], [87.417333, 43.576427], [87.419243, 43.576598], [87.422118, 43.575386], [87.423363, 43.575199], [87.425337, 43.575541], [87.430057, 43.578339], [87.440143, 43.581914], [87.440894, 43.583251], [87.448425, 43.587727], [87.451086, 43.590276], [87.457094, 43.591271], [87.460699, 43.590773], [87.4616, 43.591022], [87.473831, 43.598823], [87.480783, 43.60392], [87.484068, 43.606999], [87.491491, 43.617545], [87.496066, 43.620987], [87.498679, 43.622237], [87.501919, 43.623246], [87.505417, 43.6248], [87.507391, 43.62671], [87.512798, 43.628651], [87.518914, 43.630438], [87.523141, 43.632798], [87.531338, 43.636867], [87.536423, 43.635594], [87.538097, 43.634678], [87.541079, 43.635687], [87.545757, 43.636665], [87.545435, 43.63974], [87.54565, 43.641246], [87.545972, 43.642162], [87.546937, 43.642954], [87.547152, 43.643855], [87.54668, 43.645144], [87.545478, 43.647085], [87.545178, 43.648622], [87.547452, 43.665869], [87.548531, 43.669], [87.548642, 43.67426], [87.550135, 43.682336], [87.553525, 43.684043], [87.55537, 43.685936], [87.559319, 43.689287], [87.562687, 43.691243], [87.566003, 43.69319], [87.567, 43.693616], [87.568937, 43.693876], [87.577011, 43.693741], [87.580063, 43.69369], [87.580057, 43.694551], [87.579955, 43.696467], [87.57892, 43.698503], [87.579639, 43.702754], [87.580154, 43.706337], [87.580476, 43.707151], [87.580401, 43.708679], [87.579585, 43.711968], [87.579532, 43.712968], [87.582064, 43.723366], [87.585819, 43.732073], [87.590443, 43.743848], [87.591784, 43.745894], [87.592964, 43.748948], [87.594423, 43.750606], [87.59526, 43.753807], [87.595357, 43.75421], [87.595475, 43.754814], [87.595528, 43.755496], [87.595679, 43.755969], [87.595872, 43.756295], [87.59717, 43.757627], [87.601238, 43.769881], [87.603607, 43.777043], [87.605281, 43.783016], [87.605431, 43.78503], [87.605002, 43.786292], [87.604176, 43.787787], [87.603543, 43.789073], [87.603135, 43.791172], [87.603135, 43.791753], [87.602953, 43.793394], [87.603425, 43.798126], [87.603339, 43.799171], [87.60262, 43.80072], [87.602218, 43.801797], [87.602201, 43.802025], [87.60188, 43.80285], [87.599985, 43.804809], [87.597602, 43.807147], [87.597052, 43.808111], [87.596322, 43.809722], [87.595893, 43.810805], [87.595609, 43.812431], [87.595501, 43.813794], [87.595863, 43.819089], [87.596239, 43.824684], [87.596837, 43.835216], [87.593495, 43.834627], [87.589633, 43.833691], [87.589016, 43.833621], [87.586531, 43.833613], [87.581612, 43.833549], [87.574967, 43.83366], [87.574376, 43.833722], [87.574158, 43.833675], [87.573963, 43.833633], [87.573674, 43.833494], [87.574269, 43.832344], [87.575133, 43.832321], [87.575905, 43.830665], [87.575707, 43.830622], [87.575165, 43.831029], [87.573373, 43.830467], [87.571592, 43.832472], [87.571287, 43.832333], [87.57008, 43.833872], [87.569543, 43.834713], [87.56705, 43.83872], [87.559863, 43.847692], [87.558391, 43.847144], [87.557672, 43.846425], [87.55676, 43.845407], [87.556261, 43.845306], [87.555628, 43.845334], [87.554432, 43.84557], [87.553042, 43.846316], [87.550623, 43.847543], [87.550156, 43.848107], [87.549598, 43.849446], [87.548944, 43.850026], [87.548407, 43.851001], [87.549137, 43.852286], [87.549067, 43.853543], [87.548498, 43.853879], [87.547984, 43.85398], [87.547179, 43.853883], [87.546546, 43.853636], [87.547109, 43.849051], [87.537893, 43.846997], [87.534514, 43.846691], [87.533666, 43.849512], [87.531, 43.849763], [87.530866, 43.849028], [87.530351, 43.848959], [87.530313, 43.848796], [87.530125, 43.848765], [87.529948, 43.848053], [87.529101, 43.847899], [87.528119, 43.846846], [87.524301, 43.843368], [87.523089, 43.840309], [87.520389, 43.836256], [87.522068, 43.828862], [87.503862, 43.827632], [87.494883, 43.821194], [87.489374, 43.817537], [87.48695, 43.807002], [87.487714, 43.805746], [87.491341, 43.802803], [87.490069, 43.800364], [87.491633, 43.799806], [87.495489, 43.799289], [87.496759, 43.798234], [87.497059, 43.797592], [87.49718, 43.795942], [87.496791, 43.795718], [87.495997, 43.795416], [87.495352, 43.794795], [87.4952, 43.794486], [87.49501, 43.793937], [87.493336, 43.793518], [87.491555, 43.793363], [87.488111, 43.793735], [87.486877, 43.793789], [87.485783, 43.793131], [87.483176, 43.792209], [87.477805, 43.792052], [87.474689, 43.792051], [87.473123, 43.79166], [87.469894, 43.791164], [87.459461, 43.788592], [87.448773, 43.788393], [87.443925, 43.789745], [87.440344, 43.789984], [87.437755, 43.789865], [87.419576, 43.78545], [87.417427, 43.784376], [87.415389, 43.784337], [87.413241, 43.784655], [87.412414, 43.784973], [87.410156, 43.786961], [87.404922, 43.788751], [87.399454, 43.788837], [87.396328, 43.788831], [87.393463, 43.787916], [87.391425, 43.786683], [87.389607, 43.786206], [87.38801, 43.786405], [87.386853, 43.786285], [87.385916, 43.785927], [87.384814, 43.786007], [87.383107, 43.786723], [87.38184, 43.786564], [87.379306, 43.785728], [87.373246, 43.785808], [87.367873, 43.785635], [87.355397, 43.786166], [87.349612, 43.785888], [87.344159, 43.786524], [87.343822, 43.784456], [87.345536, 43.783859], [87.346693, 43.782348], [87.349943, 43.779961], [87.35178, 43.777572], [87.352807, 43.775268], [87.353632, 43.772264], [87.353265, 43.765948], [87.353182, 43.76452], [87.366894, 43.71769], [87.363466, 43.69888], [87.358954, 43.688411], [87.358288, 43.684186], [87.357389, 43.673528], [87.358012, 43.665301], [87.360661, 43.663384], [87.364245, 43.659777], [87.366271, 43.655606], [87.367051, 43.651778], [87.367052, 43.64963], [87.369624, 43.638253], [87.362375, 43.623582], [87.362352, 43.623093], [87.358739, 43.620742], [87.351117, 43.627953], [87.34854, 43.630966], [87.339914, 43.63373], [87.349334, 43.651541], [87.349505, 43.656788], [87.348905, 43.661756], [87.347574, 43.664115], [87.342467, 43.664146], [87.34457, 43.669362], [87.344055, 43.677649], [87.343068, 43.682584], [87.343712, 43.688046], [87.345922, 43.694547], [87.340257, 43.701761], [87.334013, 43.707749], [87.327468, 43.714821], [87.322683, 43.723537], [87.317533, 43.718326], [87.29466, 43.711812], [87.30629, 43.695431], [87.303543, 43.691584], [87.276077, 43.692515], [87.262516, 43.688915], [87.257452, 43.677929], [87.252216, 43.675694], [87.25462, 43.66514], [87.254362, 43.650175], [87.237196, 43.641107], [87.220716, 43.642846], [87.221832, 43.636945], [87.214537, 43.631292], [87.215738, 43.620606], [87.211876, 43.616877], [87.210331, 43.602024], [87.206383, 43.595063]], [[87.433362, 43.612605], [87.446773, 43.623487], [87.436559, 43.639748], [87.436591, 43.648323], [87.443748, 43.654304], [87.44643, 43.65217], [87.449284, 43.655639], [87.453468, 43.659225], [87.454712, 43.658605], [87.463532, 43.663929], [87.469025, 43.657782], [87.473831, 43.660297], [87.49958, 43.667841], [87.504988, 43.662563], [87.522626, 43.667468], [87.522797, 43.66216], [87.503142, 43.655018], [87.487907, 43.648001], [87.483702, 43.642225], [87.488766, 43.638001], [87.454004, 43.611176], [87.44849, 43.607587], [87.43819, 43.610166], [87.433362, 43.612605]]], [[[87.440074, 43.805713], [87.441947, 43.805117], [87.444261, 43.804759], [87.445363, 43.805037], [87.446355, 43.804878], [87.445749, 43.80456], [87.444647, 43.804362], [87.444977, 43.803964], [87.445749, 43.803845], [87.44685, 43.804043], [87.447952, 43.803407], [87.44944, 43.803407], [87.450376, 43.803169], [87.45561, 43.803288], [87.458296, 43.805777], [87.462705, 43.805389], [87.466568, 43.804809], [87.469379, 43.807472], [87.468939, 43.809981], [87.467791, 43.810325], [87.467458, 43.810647], [87.466975, 43.811734], [87.466874, 43.812362], [87.466552, 43.812644], [87.462062, 43.812667], [87.455699, 43.813232], [87.456932, 43.812233], [87.457538, 43.810762], [87.455444, 43.808894], [87.454563, 43.809013], [87.453406, 43.808695], [87.45247, 43.807701], [87.451698, 43.807622], [87.451092, 43.807781], [87.449274, 43.809093], [87.448558, 43.809132], [87.443765, 43.807622], [87.441121, 43.806111], [87.440074, 43.805713]]], [[[87.519929, 43.928832], [87.52189, 43.924401], [87.522224, 43.923535], [87.522471, 43.923042], [87.522922, 43.921822], [87.523709, 43.920091], [87.524267, 43.918956], [87.524584, 43.918036], [87.531166, 43.905762], [87.533419, 43.906388], [87.533591, 43.906087], [87.536241, 43.905924], [87.543504, 43.905669], [87.543563, 43.905259], [87.546074, 43.905479], [87.548792, 43.905329], [87.54919, 43.905646], [87.549319, 43.905886], [87.549029, 43.906381], [87.548869, 43.906898], [87.548621, 43.907438], [87.548621, 43.908004], [87.548654, 43.908444], [87.548729, 43.908909], [87.548794, 43.909781], [87.548899, 43.91143], [87.548877, 43.912451], [87.548952, 43.913827], [87.549005, 43.91519], [87.54907, 43.915701], [87.549016, 43.916265], [87.548888, 43.917369], [87.548823, 43.919464], [87.548807, 43.920791], [87.54926, 43.920962], [87.549475, 43.921226], [87.549733, 43.921721], [87.549862, 43.921783], [87.549471, 43.921839], [87.547798, 43.922392], [87.547018, 43.922631], [87.545429, 43.922975], [87.544708, 43.92316], [87.543266, 43.923453], [87.541237, 43.923922], [87.540715, 43.923966], [87.540678, 43.923963], [87.540094, 43.924076], [87.53934, 43.924089], [87.537919, 43.924086], [87.533644, 43.925555], [87.532785, 43.926304], [87.532689, 43.926172], [87.531224, 43.925148], [87.531449, 43.92545], [87.53146, 43.92583], [87.531287, 43.926757], [87.531287, 43.927414], [87.53104, 43.927839], [87.530609, 43.928132], [87.528715, 43.928747], [87.526841, 43.928866], [87.525054, 43.928954], [87.524365, 43.928913], [87.522744, 43.928897], [87.521537, 43.929048], [87.520763, 43.929046], [87.519929, 43.928832]]], [[[87.930807, 43.485611], [87.934663, 43.482493], [87.954936, 43.476177], [87.958572, 43.473059], [87.981048, 43.465623], [87.98259, 43.468421], [87.985235, 43.468341], [87.989532, 43.468741], [87.991074, 43.46994], [87.992286, 43.473219], [87.989972, 43.474338], [87.986998, 43.475298], [87.990303, 43.484252], [87.978844, 43.487689], [87.977081, 43.490167], [87.978183, 43.499279], [87.9762, 43.500478], [87.962428, 43.511905], [87.954936, 43.510707], [87.950088, 43.50775], [87.948325, 43.505592], [87.945681, 43.503275], [87.943918, 43.500318], [87.939731, 43.499519], [87.935103, 43.494643], [87.934002, 43.490966], [87.930807, 43.485611]]]]}, "properties": {"display_name": "沙依巴克区 سايباغ رايونى, 乌鲁木齐市 ئۈرۈمچى, 新疆维吾尔自治区 شىنجاڭ ئۇيغۇر ئاپتونوم رايونی, 830000, 中国", "type": "administrative", "osm_type": "relation", "osm_id": 5663100, "class": null, "keyword": "district"}}, {"type": "Feature", "geometry": {"type": "Polygon", "coordinates": [[[87.595501, 43.813794], [87.595609, 43.812431], [87.595893, 43.810805], [87.596322, 43.809722], [87.597052, 43.808111], [87.597602, 43.807147], [87.599985, 43.804809], [87.60188, 43.80285], [87.602649, 43.803021], [87.609587, 43.80457], [87.613794, 43.805413], [87.615898, 43.806594], [87.616832, 43.806987], [87.620182, 43.807381], [87.625169, 43.809236], [87.62883, 43.809798], [87.630105, 43.810155], [87.631245, 43.810473], [87.633115, 43.811092], [87.64114, 43.811879], [87.641433, 43.81194], [87.64301, 43.812272], [87.644568, 43.813228], [87.646905, 43.814802], [87.648229, 43.815196], [87.650492, 43.815547], [87.651222, 43.817421], [87.656146, 43.819937], [87.657659, 43.820897], [87.658721, 43.821787], [87.660052, 43.822205], [87.660711, 43.822259], [87.663297, 43.822089], [87.665647, 43.821911], [87.666666, 43.822123], [87.669643, 43.822035], [87.670458, 43.822336], [87.671424, 43.822662], [87.67549, 43.818419], [87.677121, 43.815005], [87.679009, 43.812358], [87.678691, 43.809574], [87.679704, 43.807325], [87.681166, 43.805962], [87.681799, 43.805614], [87.682925, 43.805599], [87.683719, 43.805746], [87.685822, 43.806342], [87.687024, 43.806295], [87.687678, 43.806156], [87.688376, 43.805529], [87.69178, 43.802658], [87.692077, 43.801278], [87.692481, 43.800521], [87.694105, 43.799272], [87.696065, 43.794504], [87.697313, 43.792705], [87.69756, 43.791636], [87.697066, 43.790877], [87.695757, 43.789352], [87.696294, 43.783969], [87.696221, 43.780275], [87.698008, 43.780204], [87.699586, 43.779409], [87.700495, 43.774293], [87.696626, 43.774138], [87.697334, 43.772062], [87.698792, 43.770374], [87.701315, 43.768475], [87.70183, 43.767638], [87.702023, 43.765949], [87.702925, 43.764761], [87.702925, 43.763727], [87.708104, 43.762533], [87.713392, 43.764602], [87.716146, 43.767307], [87.719782, 43.770967], [87.727825, 43.770967], [87.729478, 43.769853], [87.729588, 43.768819], [87.728817, 43.767228], [87.731131, 43.76675], [87.733224, 43.767387], [87.735538, 43.766909], [87.737521, 43.768342], [87.740606, 43.76874], [87.74325, 43.770729], [87.748649, 43.769933], [87.753938, 43.767864], [87.756252, 43.768023], [87.759337, 43.769774], [87.763303, 43.770251], [87.766388, 43.769376], [87.769363, 43.767387], [87.770354, 43.765955], [87.768812, 43.761737], [87.770905, 43.761499], [87.772448, 43.761817], [87.771897, 43.763806], [87.772999, 43.76492], [87.774211, 43.764522], [87.777957, 43.763249], [87.781042, 43.76309], [87.784017, 43.763647], [87.791729, 43.764045], [87.794814, 43.764761], [87.796797, 43.773274], [87.799882, 43.776536], [87.807044, 43.779718], [87.814646, 43.782025], [87.816409, 43.781866], [87.819164, 43.78115], [87.82324, 43.782184], [87.828639, 43.785764], [87.830402, 43.786082], [87.832936, 43.784889], [87.834919, 43.782025], [87.845937, 43.781946], [87.849242, 43.783537], [87.852878, 43.7864], [87.854751, 43.786559], [87.857065, 43.785446], [87.861803, 43.784809], [87.868083, 43.786002], [87.871939, 43.786957], [87.876016, 43.786957], [87.877779, 43.784173], [87.879101, 43.785525], [87.881084, 43.784014], [87.886042, 43.783537], [87.889347, 43.782343], [87.893204, 43.781627], [87.894085, 43.782741], [87.895738, 43.782741], [87.896619, 43.779798], [87.898823, 43.778525], [87.901577, 43.773513], [87.906205, 43.771604], [87.910171, 43.771524], [87.912926, 43.772956], [87.916782, 43.773115], [87.919646, 43.774866], [87.923613, 43.775263], [87.925045, 43.773513], [87.925706, 43.771922], [87.923613, 43.769058], [87.924605, 43.766432], [87.931986, 43.76134], [87.943555, 43.760146], [87.958429, 43.758714], [87.963498, 43.759987], [87.969998, 43.764284], [87.972973, 43.764682], [87.981457, 43.765159], [87.987627, 43.761578], [87.990932, 43.760544], [87.997653, 43.75569], [88.00195, 43.755849], [88.005255, 43.759668], [88.007018, 43.765318], [88.009222, 43.76866], [88.014346, 43.770302], [88.000919, 43.779421], [87.996157, 43.785254], [87.988419, 43.786236], [87.978385, 43.79305], [87.976855, 43.799494], [87.974644, 43.801336], [87.970307, 43.803668], [87.956021, 43.805018], [87.949899, 43.80827], [87.938079, 43.802502], [87.926514, 43.806245], [87.91529, 43.810295], [87.909933, 43.814284], [87.901089, 43.824346], [87.889014, 43.83551], [87.884677, 43.841828], [87.875154, 43.847838], [87.869167, 43.8561], [87.86479, 43.860633], [87.868309, 43.862567], [87.868137, 43.864331], [87.865713, 43.865893], [87.860992, 43.866404], [87.858147, 43.86893], [87.83741, 43.877232], [87.827625, 43.881439], [87.825664, 43.883335], [87.820759, 43.888058], [87.806983, 43.88945], [87.804349, 43.888686], [87.790589, 43.883666], [87.786083, 43.885862], [87.78162, 43.884563], [87.780762, 43.879289], [87.771277, 43.877247], [87.779238, 43.874386], [87.779131, 43.849075], [87.757041, 43.861144], [87.748103, 43.863248], [87.72726, 43.86146], [87.721925, 43.865336], [87.715702, 43.862257], [87.711132, 43.869637], [87.7086, 43.868245], [87.707956, 43.869219], [87.706904, 43.869498], [87.705231, 43.86956], [87.704216, 43.869062], [87.702515, 43.869062], [87.701347, 43.870441], [87.70141, 43.87225], [87.70192, 43.873353], [87.702184, 43.876242], [87.701621, 43.876853], [87.701347, 43.878593], [87.700939, 43.879057], [87.707494, 43.883573], [87.708846, 43.884779], [87.712435, 43.886968], [87.712848, 43.887064], [87.71302, 43.887176], [87.712998, 43.887374], [87.712451, 43.887741], [87.711808, 43.888251], [87.711529, 43.888313], [87.709512, 43.887053], [87.709276, 43.886774], [87.708836, 43.886782], [87.708288, 43.887323], [87.70757, 43.888893], [87.707076, 43.889164], [87.706143, 43.88897], [87.705778, 43.889179], [87.70507, 43.890045], [87.704769, 43.891359], [87.704458, 43.89204], [87.70175, 43.896344], [87.701014, 43.896864], [87.699941, 43.897135], [87.699587, 43.897289], [87.705198, 43.900273], [87.704222, 43.902253], [87.703451, 43.905167], [87.703418, 43.906272], [87.703632, 43.906937], [87.70405, 43.907528], [87.694523, 43.90713], [87.692066, 43.907076], [87.69182, 43.907447], [87.691846, 43.907706], [87.692174, 43.908185], [87.692319, 43.908726], [87.691568, 43.910017], [87.691165, 43.910446], [87.690806, 43.910504], [87.689256, 43.910616], [87.68844, 43.911907], [87.687641, 43.912092], [87.687126, 43.912371], [87.685447, 43.914226], [87.685168, 43.914724], [87.684712, 43.91513], [87.684749, 43.915369], [87.684985, 43.915675], [87.685543, 43.916231], [87.685865, 43.916749], [87.685715, 43.91695], [87.685575, 43.916966], [87.684551, 43.915876], [87.684057, 43.91547], [87.683468, 43.915153], [87.682818, 43.914291], [87.682523, 43.914048], [87.681997, 43.913978], [87.681381, 43.914214], [87.681112, 43.914175], [87.680764, 43.913801], [87.679819, 43.912626], [87.678773, 43.912301], [87.678119, 43.911845], [87.677368, 43.911505], [87.675753, 43.911408], [87.675185, 43.911177], [87.674654, 43.91067], [87.673817, 43.910863], [87.673677, 43.911065], [87.672197, 43.911613], [87.671563, 43.911661], [87.671027, 43.911575], [87.670448, 43.911003], [87.669182, 43.910137], [87.667057, 43.909735], [87.666682, 43.909948], [87.666215, 43.910547], [87.665936, 43.91055], [87.66476, 43.908904], [87.66459, 43.906821], [87.666291, 43.906638], [87.666071, 43.905569], [87.666103, 43.904541], [87.665706, 43.903551], [87.665866, 43.902533], [87.66476, 43.902043], [87.660423, 43.901307], [87.660168, 43.899714], [87.658213, 43.898918], [87.657617, 43.896467], [87.657107, 43.897141], [87.656937, 43.898244], [87.653874, 43.898242], [87.652428, 43.898365], [87.651153, 43.898794], [87.649707, 43.897568], [87.648942, 43.898304], [87.649112, 43.899407], [87.645966, 43.899774], [87.64486, 43.898242], [87.643245, 43.899161], [87.640864, 43.899161], [87.640694, 43.901796], [87.638422, 43.901812], [87.637547, 43.901245], [87.637037, 43.898304], [87.637462, 43.896833], [87.636952, 43.895424], [87.635592, 43.893279], [87.633976, 43.890154], [87.628364, 43.884638], [87.628874, 43.883474], [87.627938, 43.882738], [87.625898, 43.883167], [87.624036, 43.882482], [87.624199, 43.880773], [87.622668, 43.88065], [87.616546, 43.880528], [87.61595, 43.881202], [87.615185, 43.880712], [87.613478, 43.879227], [87.611868, 43.878415], [87.611396, 43.877912], [87.611471, 43.877456], [87.612609, 43.876868], [87.613006, 43.875847], [87.612652, 43.875306], [87.612505, 43.874201], [87.596693, 43.874503], [87.59597, 43.870446], [87.595768, 43.862637], [87.595638, 43.857619], [87.59597, 43.855101], [87.597716, 43.851265], [87.597966, 43.849406], [87.596968, 43.842331], [87.596874, 43.837217], [87.596837, 43.835216], [87.596239, 43.824684], [87.595863, 43.819089], [87.595501, 43.813794]]]}, "properties": {"display_name": "水磨沟区 بۇلاقتاغ رايونى, 乌鲁木齐市 ئۈرۈمچى, 新疆维吾尔自治区 شىنجاڭ ئۇيغۇر ئاپتونوم رايونی, 830000, 中国", "type": "administrative", "osm_type": "relation", "osm_id": 5663231, "class": null, "keyword": "district"}}, {"type": "Feature", "geometry": {"type": "MultiPolygon", "coordinates": [[[[87.433362, 43.612605], [87.43819, 43.610166], [87.44849, 43.607587], [87.454004, 43.611176], [87.488766, 43.638001], [87.483702, 43.642225], [87.487907, 43.648001], [87.503142, 43.655018], [87.522797, 43.66216], [87.522626, 43.667468], [87.504988, 43.662563], [87.49958, 43.667841], [87.473831, 43.660297], [87.469025, 43.657782], [87.463532, 43.663929], [87.454712, 43.658605], [87.453468, 43.659225], [87.449284, 43.655639], [87.44643, 43.65217], [87.443748, 43.654304], [87.436591, 43.648323], [87.436559, 43.639748], [87.446773, 43.623487], [87.433362, 43.612605]]], [[[87.545178, 43.648622], [87.545478, 43.647085], [87.54668, 43.645144], [87.547152, 43.643855], [87.546937, 43.642954], [87.545972, 43.642162], [87.54565, 43.641246], [87.545435, 43.63974], [87.545757, 43.636665], [87.545843, 43.631152], [87.549341, 43.62789], [87.550993, 43.623728], [87.553546, 43.620885], [87.556937, 43.619208], [87.558031, 43.617825], [87.557967, 43.616769], [87.557409, 43.615774], [87.557173, 43.614143], [87.557216, 43.612527], [87.558031, 43.611751], [87.56346, 43.612698], [87.566035, 43.616489], [87.566893, 43.618338], [87.568266, 43.618975], [87.56994, 43.620994], [87.573051, 43.622951], [87.575999, 43.626514], [87.577043, 43.627207], [87.585862, 43.625685], [87.5879, 43.62716], [87.598178, 43.623666], [87.598736, 43.623184], [87.600238, 43.623386], [87.605646, 43.623371], [87.605817, 43.622889], [87.604873, 43.620978], [87.605281, 43.620559], [87.607577, 43.620217], [87.608457, 43.620621], [87.609765, 43.620699], [87.610023, 43.623114], [87.610838, 43.624644], [87.611278, 43.625673], [87.612533, 43.626524], [87.612748, 43.627238], [87.61395, 43.628403], [87.613891, 43.629102], [87.614148, 43.629339], [87.615001, 43.629793], [87.615972, 43.631498], [87.6155, 43.63262], [87.615927, 43.632835], [87.616557, 43.632891], [87.618778, 43.632581], [87.624035, 43.63182], [87.630751, 43.63008], [87.634839, 43.629117], [87.635976, 43.628892], [87.634335, 43.637197], [87.643819, 43.637574], [87.64605, 43.637519], [87.662895, 43.636463], [87.665169, 43.636991], [87.683644, 43.635967], [87.688923, 43.635501], [87.692549, 43.635493], [87.695156, 43.636145], [87.695703, 43.636595], [87.6986, 43.639771], [87.699699, 43.64166], [87.698597, 43.645089], [87.696834, 43.6478], [87.697054, 43.649394], [87.696834, 43.650749], [87.695071, 43.652344], [87.695512, 43.656728], [87.698298, 43.660866], [87.693229, 43.665137], [87.690144, 43.665057], [87.688161, 43.663941], [87.686068, 43.662268], [87.683093, 43.663224], [87.680999, 43.664499], [87.679347, 43.667369], [87.676923, 43.668006], [87.675821, 43.669361], [87.677474, 43.672469], [87.676482, 43.675418], [87.676041, 43.67725], [87.676482, 43.679004], [87.678245, 43.681952], [87.677894, 43.68547], [87.678906, 43.687326], [87.680999, 43.687884], [87.68133, 43.688999], [87.678025, 43.689318], [87.675491, 43.688919], [87.670863, 43.68876], [87.66877, 43.690035], [87.666566, 43.690433], [87.66282, 43.692186], [87.660396, 43.692425], [87.657015, 43.691848], [87.652574, 43.693259], [87.639683, 43.694032], [87.637259, 43.695227], [87.632851, 43.695864], [87.626571, 43.697935], [87.62591, 43.69913], [87.627453, 43.700086], [87.634945, 43.700165], [87.636928, 43.699608], [87.638801, 43.698094], [87.641335, 43.696979], [87.646073, 43.697616], [87.649819, 43.696899], [87.656007, 43.697448], [87.658914, 43.698046], [87.659934, 43.698891], [87.661039, 43.70083], [87.65959, 43.702257], [87.659064, 43.703274], [87.657874, 43.704065], [87.655996, 43.704639], [87.655395, 43.705368], [87.655384, 43.706601], [87.655159, 43.707632], [87.653915, 43.709261], [87.653067, 43.710192], [87.652488, 43.711937], [87.652917, 43.71289], [87.661822, 43.724266], [87.666125, 43.728865], [87.671628, 43.734809], [87.671971, 43.735879], [87.671488, 43.736251], [87.669418, 43.736817], [87.668721, 43.737391], [87.668527, 43.738104], [87.668635, 43.738957], [87.673527, 43.743414], [87.676703, 43.745483], [87.677389, 43.745413], [87.677958, 43.744173], [87.678913, 43.743336], [87.680029, 43.743608], [87.68167, 43.744902], [87.686391, 43.749552], [87.692699, 43.755845], [87.695274, 43.759751], [87.698107, 43.762269], [87.701529, 43.766221], [87.702023, 43.765949], [87.70183, 43.767638], [87.701315, 43.768475], [87.698792, 43.770374], [87.697334, 43.772062], [87.696626, 43.774138], [87.700495, 43.774293], [87.699586, 43.779409], [87.698008, 43.780204], [87.696221, 43.780275], [87.696294, 43.783969], [87.695757, 43.789352], [87.697066, 43.790877], [87.69756, 43.791636], [87.697313, 43.792705], [87.696065, 43.794504], [87.694105, 43.799272], [87.692481, 43.800521], [87.692077, 43.801278], [87.69178, 43.802658], [87.688376, 43.805529], [87.687678, 43.806156], [87.687024, 43.806295], [87.685822, 43.806342], [87.683719, 43.805746], [87.682925, 43.805599], [87.681799, 43.805614], [87.681166, 43.805962], [87.679704, 43.807325], [87.678691, 43.809574], [87.679009, 43.812358], [87.677121, 43.815005], [87.67549, 43.818419], [87.671424, 43.822662], [87.670458, 43.822336], [87.669643, 43.822035], [87.666666, 43.822123], [87.665647, 43.821911], [87.663297, 43.822089], [87.660711, 43.822259], [87.660052, 43.822205], [87.658721, 43.821787], [87.657659, 43.820897], [87.656146, 43.819937], [87.651222, 43.817421], [87.650492, 43.815547], [87.648229, 43.815196], [87.646905, 43.814802], [87.644568, 43.813228], [87.64301, 43.812272], [87.641433, 43.81194], [87.64114, 43.811879], [87.633115, 43.811092], [87.631245, 43.810473], [87.630105, 43.810155], [87.62883, 43.809798], [87.625169, 43.809236], [87.620182, 43.807381], [87.616832, 43.806987], [87.615898, 43.806594], [87.613794, 43.805413], [87.609587, 43.80457], [87.602649, 43.803021], [87.60188, 43.80285], [87.602201, 43.802025], [87.602218, 43.801797], [87.60262, 43.80072], [87.603339, 43.799171], [87.603425, 43.798126], [87.602953, 43.793394], [87.603135, 43.791753], [87.603135, 43.791172], [87.603543, 43.789073], [87.604176, 43.787787], [87.605002, 43.786292], [87.605431, 43.78503], [87.605281, 43.783016], [87.603607, 43.777043], [87.601238, 43.769881], [87.59717, 43.757627], [87.595872, 43.756295], [87.595679, 43.755969], [87.595528, 43.755496], [87.595475, 43.754814], [87.595357, 43.75421], [87.59526, 43.753807], [87.594423, 43.750606], [87.592964, 43.748948], [87.591784, 43.745894], [87.590443, 43.743848], [87.585819, 43.732073], [87.582064, 43.723366], [87.579532, 43.712968], [87.579585, 43.711968], [87.580401, 43.708679], [87.580476, 43.707151], [87.580154, 43.706337], [87.579639, 43.702754], [87.57892, 43.698503], [87.579955, 43.696467], [87.580057, 43.694551], [87.580063, 43.69369], [87.577011, 43.693741], [87.568937, 43.693876], [87.567, 43.693616], [87.566003, 43.69319], [87.562687, 43.691243], [87.559319, 43.689287], [87.55537, 43.685936], [87.553525, 43.684043], [87.550135, 43.682336], [87.548642, 43.67426], [87.548531, 43.669], [87.547452, 43.665869], [87.545178, 43.648622]]]]}, "properties": {"display_name": "天山区 تەڭرىتاغ رايونى, 乌鲁木齐市 ئۈرۈمچى, 新疆维吾尔自治区 شىنجاڭ ئۇيغۇر ئاپتونوم رايونی, 830000, 中国", "type": "administrative", "osm_type": "relation", "osm_id": 5663207, "class": null, "keyword": "district"}}, {"type": "Feature", "geometry": {"type": "Polygon", "coordinates": [[[87.545178, 43.648622], [87.545478, 43.647085], [87.54668, 43.645144], [87.547152, 43.643855], [87.546937, 43.642954], [87.545972, 43.642162], [87.54565, 43.641246], [87.545435, 43.63974], [87.545757, 43.636665], [87.545843, 43.631152], [87.549341, 43.62789], [87.550993, 43.623728], [87.553546, 43.620885], [87.556937, 43.619208], [87.558031, 43.617825], [87.557967, 43.616769], [87.557409, 43.615774], [87.557173, 43.614143], [87.557216, 43.612527], [87.558031, 43.611751], [87.56346, 43.612698], [87.566035, 43.616489], [87.566893, 43.618338], [87.568266, 43.618975], [87.56994, 43.620994], [87.573051, 43.622951], [87.575999, 43.626514], [87.577043, 43.627207], [87.585862, 43.625685], [87.5879, 43.62716], [87.598178, 43.623666], [87.598736, 43.623184], [87.600238, 43.623386], [87.605646, 43.623371], [87.605817, 43.622889], [87.604873, 43.620978], [87.605281, 43.620559], [87.607577, 43.620217], [87.608457, 43.620621], [87.609765, 43.620699], [87.610023, 43.623114], [87.610838, 43.624644], [87.611278, 43.625673], [87.612533, 43.626524], [87.612748, 43.627238], [87.61395, 43.628403], [87.613891, 43.629102], [87.614148, 43.629339], [87.615001, 43.629793], [87.615972, 43.631498], [87.6155, 43.63262], [87.615927, 43.632835], [87.616557, 43.632891], [87.618778, 43.632581], [87.624035, 43.63182], [87.630751, 43.63008], [87.634839, 43.629117], [87.635976, 43.628892], [87.634335, 43.637197], [87.643819, 43.637574], [87.64605, 43.637519], [87.662895, 43.636463], [87.665169, 43.636991], [87.683644, 43.635967], [87.688923, 43.635501], [87.692549, 43.635493], [87.695156, 43.636145], [87.695703, 43.636595], [87.6986, 43.639771], [87.699699, 43.64166], [87.698597, 43.645089], [87.696834, 43.6478], [87.697054, 43.649394], [87.696834, 43.650749], [87.695071, 43.652344], [87.695512, 43.656728], [87.698298, 43.660866], [87.693229, 43.665137], [87.690144, 43.665057], [87.688161, 43.663941], [87.686068, 43.662268], [87.683093, 43.663224], [87.680999, 43.664499], [87.679347, 43.667369], [87.676923, 43.668006], [87.675821, 43.669361], [87.677474, 43.672469], [87.676482, 43.675418], [87.676041, 43.67725], [87.676482, 43.679004], [87.678245, 43.681952], [87.677894, 43.68547], [87.678906, 43.687326], [87.680999, 43.687884], [87.68133, 43.688999], [87.678025, 43.689318], [87.675491, 43.688919], [87.670863, 43.68876], [87.66877, 43.690035], [87.666566, 43.690433], [87.66282, 43.692186], [87.660396, 43.692425], [87.657015, 43.691848], [87.652574, 43.693259], [87.639683, 43.694032], [87.637259, 43.695227], [87.632851, 43.695864], [87.626571, 43.697935], [87.62591, 43.69913], [87.627453, 43.700086], [87.634945, 43.700165], [87.636928, 43.699608], [87.638801, 43.698094], [87.641335, 43.696979], [87.646073, 43.697616], [87.649819, 43.696899], [87.656007, 43.697448], [87.658914, 43.698046], [87.659934, 43.698891], [87.661039, 43.70083], [87.65959, 43.702257], [87.659064, 43.703274], [87.657874, 43.704065], [87.655996, 43.704639], [87.655395, 43.705368], [87.655384, 43.706601], [87.655159, 43.707632], [87.653915, 43.709261], [87.653067, 43.710192], [87.652488, 43.711937], [87.652917, 43.71289], [87.661822, 43.724266], [87.666125, 43.728865], [87.671628, 43.734809], [87.671971, 43.735879], [87.671488, 43.736251], [87.669418, 43.736817], [87.668721, 43.737391], [87.668527, 43.738104], [87.668635, 43.738957], [87.673527, 43.743414], [87.676703, 43.745483], [87.677389, 43.745413], [87.677958, 43.744173], [87.678913, 43.743336], [87.680029, 43.743608], [87.68167, 43.744902], [87.686391, 43.749552], [87.692699, 43.755845], [87.695274, 43.759751], [87.698107, 43.762269], [87.701529, 43.766221], [87.702023, 43.765949], [87.70183, 43.767638], [87.701315, 43.768475], [87.698792, 43.770374], [87.697334, 43.772062], [87.696626, 43.774138], [87.700495, 43.774293], [87.699586, 43.779409], [87.698008, 43.780204], [87.696221, 43.780275], [87.696294, 43.783969], [87.695757, 43.789352], [87.697066, 43.790877], [87.69756, 43.791636], [87.697313, 43.792705], [87.696065, 43.794504], [87.694105, 43.799272], [87.692481, 43.800521], [87.692077, 43.801278], [87.69178, 43.802658], [87.688376, 43.805529], [87.687678, 43.806156], [87.687024, 43.806295], [87.685822, 43.806342], [87.683719, 43.805746], [87.682925, 43.805599], [87.681799, 43.805614], [87.681166, 43.805962], [87.679704, 43.807325], [87.678691, 43.809574], [87.679009, 43.812358], [87.677121, 43.815005], [87.67549, 43.818419], [87.671424, 43.822662], [87.670458, 43.822336], [87.669643, 43.822035], [87.666666, 43.822123], [87.665647, 43.821911], [87.663297, 43.822089], [87.660711, 43.822259], [87.660052, 43.822205], [87.660352, 43.821733], [87.660845, 43.821605], [87.661039, 43.821423], [87.661387, 43.820955], [87.661398, 43.820289], [87.661859, 43.81977], [87.662047, 43.819685], [87.66275, 43.818764], [87.662498, 43.818106], [87.662557, 43.817692], [87.662809, 43.817487], [87.662863, 43.817088], [87.663144, 43.816683], [87.662622, 43.816461], [87.663199, 43.815754], [87.662401, 43.815354], [87.667401, 43.808448], [87.667937, 43.808045], [87.67135, 43.803907], [87.671965, 43.803338], [87.672618, 43.802908], [87.676578, 43.800882], [87.677232, 43.80066], [87.675399, 43.799799], [87.676809, 43.796276], [87.675579, 43.795831], [87.674598, 43.795304], [87.673983, 43.7935], [87.67331, 43.792362], [87.675252, 43.783245], [87.676021, 43.781107], [87.677078, 43.780136], [87.675271, 43.778859], [87.673714, 43.778345], [87.671888, 43.777457], [87.671023, 43.777332], [87.670254, 43.777651], [87.669965, 43.777596], [87.668312, 43.776846], [87.666294, 43.774931], [87.665698, 43.774764], [87.664371, 43.775028], [87.663199, 43.775444], [87.662238, 43.776222], [87.661642, 43.777096], [87.661161, 43.777651], [87.660584, 43.778581], [87.660565, 43.779886], [87.659892, 43.782329], [87.661372, 43.782662], [87.661584, 43.783092], [87.660275, 43.783727], [87.659794, 43.783449], [87.659179, 43.783837], [87.65892, 43.783876], [87.658718, 43.783907], [87.658334, 43.78381], [87.658315, 43.783785], [87.658065, 43.783449], [87.657988, 43.78141], [87.658103, 43.780771], [87.659237, 43.778371], [87.659276, 43.777858], [87.659122, 43.776595], [87.659333, 43.776082], [87.659794, 43.775568], [87.662216, 43.773487], [87.662965, 43.773182], [87.663657, 43.773001], [87.663849, 43.772876], [87.662293, 43.7716], [87.66114, 43.77067], [87.660871, 43.770282], [87.660813, 43.769907], [87.661101, 43.768366], [87.661178, 43.76752], [87.660986, 43.766951], [87.660869, 43.766778], [87.661639, 43.766424], [87.662389, 43.765286], [87.666368, 43.761538], [87.66656, 43.761246], [87.666503, 43.760705], [87.664427, 43.757539], [87.659659, 43.748916], [87.659717, 43.748638], [87.663042, 43.746277], [87.664715, 43.744388], [87.665099, 43.742944], [87.664926, 43.741], [87.662696, 43.740889], [87.656064, 43.738611], [87.653181, 43.738472], [87.652373, 43.738875], [87.650509, 43.742292], [87.650432, 43.742833], [87.650252, 43.747555], [87.649666, 43.747467], [87.649012, 43.747189], [87.648416, 43.746856], [87.647839, 43.746314], [87.644667, 43.741454], [87.643899, 43.740509], [87.64263, 43.739481], [87.642111, 43.739148], [87.641342, 43.738787], [87.637805, 43.737426], [87.637247, 43.738051], [87.637228, 43.738356], [87.63692, 43.738995], [87.636497, 43.739398], [87.635748, 43.740037], [87.635363, 43.740787], [87.633748, 43.741773], [87.63346, 43.742245], [87.633076, 43.742592], [87.632037, 43.743134], [87.631634, 43.743565], [87.63014, 43.740096], [87.629571, 43.739132], [87.62403, 43.733534], [87.624078, 43.732848], [87.624319, 43.732383], [87.625258, 43.732635], [87.626092, 43.73271], [87.627136, 43.732647], [87.628405, 43.732421], [87.630058, 43.731341], [87.631484, 43.729594], [87.631779, 43.728551], [87.633014, 43.727935], [87.633206, 43.727708], [87.633066, 43.727344], [87.631953, 43.725798], [87.631692, 43.725145], [87.630232, 43.723473], [87.628458, 43.722178], [87.628266, 43.720255], [87.633606, 43.716459], [87.640719, 43.713631], [87.642928, 43.712059], [87.640823, 43.70913], [87.636701, 43.707785], [87.63218, 43.706729], [87.619449, 43.705258], [87.612648, 43.70781], [87.607796, 43.708502], [87.605726, 43.708929], [87.601396, 43.710488], [87.5999, 43.709344], [87.595535, 43.705836], [87.594752, 43.705585], [87.594213, 43.70341], [87.588317, 43.702429], [87.587674, 43.702366], [87.586995, 43.702593], [87.5867, 43.702278], [87.584995, 43.700807], [87.5843, 43.700443], [87.583256, 43.699248], [87.582439, 43.698079], [87.581917, 43.697601], [87.581587, 43.697098], [87.581447, 43.695966], [87.581726, 43.695689], [87.583552, 43.696142], [87.585413, 43.695036], [87.588335, 43.693099], [87.590804, 43.692269], [87.596265, 43.691238], [87.596978, 43.689389], [87.594926, 43.687478], [87.592682, 43.68783], [87.588248, 43.689855], [87.586387, 43.690961], [87.584908, 43.69281], [87.583969, 43.69325], [87.581708, 43.693765], [87.579955, 43.696467], [87.580057, 43.694551], [87.580063, 43.69369], [87.577011, 43.693741], [87.568937, 43.693876], [87.567, 43.693616], [87.566003, 43.69319], [87.562687, 43.691243], [87.559319, 43.689287], [87.55537, 43.685936], [87.553525, 43.684043], [87.550135, 43.682336], [87.548642, 43.67426], [87.548531, 43.669], [87.547452, 43.665869], [87.545178, 43.648622]]]}, "properties": {"display_name": "红雁街道, 天山区 تەڭرىتاغ رايونى, 乌鲁木齐市 ئۈرۈمچى, 新疆维吾尔自治区 شىنجاڭ ئۇيغۇر ئاپتونوم رايونی, 830000, 中国", "type": "administrative", "osm_type": "relation", "osm_id": 9091347, "class": null, "keyword": "subdistrict"}}, {"type": "Feature", "geometry": {"type": "MultiPolygon", "coordinates": [[[[87.647338, 43.602988], [87.650765, 43.601846], [87.673044, 43.594426], [87.671713, 43.588375], [87.689856, 43.585303], [87.688054, 43.580041], [87.695457, 43.578735], [87.69271, 43.573326], [87.699995, 43.571709], [87.699416, 43.570053], [87.698557, 43.570201], [87.698225, 43.569307], [87.700896, 43.568841], [87.701787, 43.571351], [87.70507, 43.570605], [87.705789, 43.572929], [87.720302, 43.570417], [87.725036, 43.570317], [87.72716, 43.57579], [87.734263, 43.574795], [87.741322, 43.576474], [87.739584, 43.570131], [87.735829, 43.570706], [87.735743, 43.570364], [87.749712, 43.568281], [87.754004, 43.573535], [87.751611, 43.574344], [87.752287, 43.58008], [87.74673, 43.578448], [87.746494, 43.579676], [87.733254, 43.575603], [87.737288, 43.594534], [87.711625, 43.599165], [87.713361, 43.607206], [87.713841, 43.610881], [87.714918, 43.615876], [87.706704, 43.616577], [87.703199, 43.61737], [87.700596, 43.618182], [87.69978, 43.618151], [87.675512, 43.624504], [87.657294, 43.63095], [87.654977, 43.627921], [87.652432, 43.622521], [87.651771, 43.616141], [87.647338, 43.602988]]], [[[87.764334, 43.661321], [87.765033, 43.659624], [87.766357, 43.658858], [87.773431, 43.659651], [87.774736, 43.660185], [87.777043, 43.660363], [87.78529, 43.662634], [87.788259, 43.665548], [87.789337, 43.665781], [87.792382, 43.667354], [87.797016, 43.669762], [87.80059, 43.668914], [87.805432, 43.670898], [87.807796, 43.673141], [87.808515, 43.677272], [87.810312, 43.678517], [87.81313, 43.678777], [87.816156, 43.681581], [87.818539, 43.683359], [87.820033, 43.684357], [87.821357, 43.6863], [87.822776, 43.687312], [87.825499, 43.687695], [87.827826, 43.689773], [87.829206, 43.689746], [87.832516, 43.691743], [87.834464, 43.691538], [87.838247, 43.693302], [87.842143, 43.694765], [87.842465, 43.696843], [87.845604, 43.698936], [87.846247, 43.700098], [87.845283, 43.701233], [87.836299, 43.696283], [87.833046, 43.695244], [87.831079, 43.69363], [87.823286, 43.690252], [87.810198, 43.683359], [87.80269, 43.68009], [87.798264, 43.678052], [87.7959, 43.677176], [87.794519, 43.676451], [87.793687, 43.676219], [87.790529, 43.674523], [87.782509, 43.67009], [87.77485, 43.666095], [87.769497, 43.663058], [87.76562, 43.662169], [87.764334, 43.661321]]]]}, "properties": {"display_name": "乌拉泊街道, 达坂城区, 乌鲁木齐市 ئۈرۈمچى, 新疆维吾尔自治区 شىنجاڭ ئۇيغۇر ئاپتونوم رايونی, 830000, 中国", "type": "administrative", "osm_type": "relation", "osm_id": 9090257, "class": null, "keyword": "subdistrict"}}, {"type": "Feature", "geometry": {"type": "Polygon", "coordinates": [[[87.643687, 43.843133], [87.645417, 43.840919], [87.645832, 43.840717], [87.64678, 43.840254], [87.648411, 43.840091], [87.652402, 43.836825], [87.650664, 43.836229], [87.652616, 43.835185], [87.654319, 43.83441], [87.654709, 43.834233], [87.65487, 43.831934], [87.655642, 43.830402], [87.654741, 43.827453], [87.655159, 43.826493], [87.654859, 43.825851], [87.653893, 43.824945], [87.653539, 43.823792], [87.652649, 43.822762], [87.652262, 43.821678], [87.651104, 43.820866], [87.650878, 43.820502], [87.651404, 43.818822], [87.651222, 43.817421], [87.656146, 43.819937], [87.657659, 43.820897], [87.658721, 43.821787], [87.660052, 43.822205], [87.660711, 43.822259], [87.663297, 43.822089], [87.665647, 43.821911], [87.666666, 43.822123], [87.669643, 43.822035], [87.670458, 43.822336], [87.671424, 43.822662], [87.674986, 43.822429], [87.677529, 43.821826], [87.67843, 43.821895], [87.67872, 43.822305], [87.677196, 43.826044], [87.676821, 43.826965], [87.676681, 43.828018], [87.674707, 43.828088], [87.67402, 43.830974], [87.673205, 43.832267], [87.673044, 43.833776], [87.673656, 43.835456], [87.678366, 43.835889], [87.683644, 43.830115], [87.687013, 43.830518], [87.693987, 43.829109], [87.70654, 43.824202], [87.710574, 43.826431], [87.717024, 43.824897], [87.718128, 43.826158], [87.718243, 43.827121], [87.719209, 43.828034], [87.723511, 43.830655], [87.72565, 43.831817], [87.727904, 43.833426], [87.729951, 43.833343], [87.731469, 43.834704], [87.734413, 43.834986], [87.736184, 43.835699], [87.737956, 43.835417], [87.739888, 43.836396], [87.741107, 43.836197], [87.743039, 43.83701], [87.742671, 43.841672], [87.742694, 43.84368], [87.741774, 43.844741], [87.741429, 43.847794], [87.740877, 43.85078], [87.740325, 43.851775], [87.74025, 43.851804], [87.737933, 43.852704], [87.732205, 43.853102], [87.731193, 43.855573], [87.729905, 43.857762], [87.728249, 43.860565], [87.72726, 43.86146], [87.721925, 43.865336], [87.715702, 43.862257], [87.711132, 43.869637], [87.7086, 43.868245], [87.707956, 43.869219], [87.706904, 43.869498], [87.705231, 43.86956], [87.704216, 43.869062], [87.702515, 43.869062], [87.701347, 43.870441], [87.70141, 43.87225], [87.70192, 43.873353], [87.702184, 43.876242], [87.701621, 43.876853], [87.701347, 43.878593], [87.700939, 43.879057], [87.697527, 43.876389], [87.696624, 43.875962], [87.696347, 43.875599], [87.695648, 43.873418], [87.695144, 43.872855], [87.694705, 43.872046], [87.694379, 43.870792], [87.694168, 43.870534], [87.693355, 43.870569], [87.692932, 43.870194], [87.692688, 43.869373], [87.692655, 43.867286], [87.692037, 43.86616], [87.692102, 43.865738], [87.693696, 43.86521], [87.697193, 43.862877], [87.696543, 43.862736], [87.695925, 43.862337], [87.695274, 43.86161], [87.694444, 43.860989], [87.69259, 43.858678], [87.689972, 43.858643], [87.685629, 43.859405], [87.677822, 43.862114], [87.672129, 43.864823], [87.671332, 43.863557], [87.669934, 43.862161], [87.667169, 43.860555], [87.667429, 43.859781], [87.668031, 43.859476], [87.670243, 43.859417], [87.671609, 43.858573], [87.671804, 43.857705], [87.673187, 43.855477], [87.672162, 43.855136], [87.671267, 43.855007], [87.670243, 43.854656], [87.670161, 43.854339], [87.670129, 43.853776], [87.670487, 43.852943], [87.665412, 43.852767], [87.661834, 43.851677], [87.659199, 43.850375], [87.659004, 43.849037], [87.658581, 43.848885], [87.657231, 43.848169], [87.655702, 43.847994], [87.653311, 43.847278], [87.652612, 43.847172], [87.65175, 43.846903], [87.651099, 43.84702], [87.650546, 43.847442], [87.649766, 43.848205], [87.648985, 43.848439], [87.646675, 43.848521], [87.646431, 43.848568], [87.646171, 43.848732], [87.645862, 43.849073], [87.645651, 43.849307], [87.645423, 43.849401], [87.644154, 43.849389], [87.643748, 43.845941], [87.643687, 43.843133]]]}, "properties": {"display_name": "水磨沟街道, 水磨沟区 بۇلاقتاغ رايونى, 乌鲁木齐市 ئۈرۈمچى, 新疆维吾尔自治区 شىنجاڭ ئۇيغۇر ئاپتونوم رايونی, 830000, 中国", "type": "administrative", "osm_type": "relation", "osm_id": 9088413, "class": null, "keyword": "subdistrict"}}, {"type": "Feature", "geometry": {"type": "MultiPolygon", "coordinates": [[[[87.149074, 43.252085], [87.163728, 43.255375], [87.191603, 43.269255], [87.175958, 43.277358], [87.151168, 43.277117], [87.154914, 43.269817], [87.149515, 43.255295], [87.149074, 43.252085]]], [[[87.523313, 43.747468], [87.525381, 43.741891], [87.531424, 43.740821], [87.534719, 43.740985], [87.537911, 43.742093], [87.537838, 43.742328], [87.541292, 43.743755], [87.542941, 43.744415], [87.54507, 43.744577], [87.547735, 43.744383], [87.550575, 43.744194], [87.550748, 43.744191], [87.551576, 43.744204], [87.553384, 43.744681], [87.554167, 43.744943], [87.556705, 43.745599], [87.558329, 43.746075], [87.559926, 43.746615], [87.559963, 43.746628], [87.561313, 43.747495], [87.561437, 43.747592], [87.56246, 43.748261], [87.567654, 43.751941], [87.569399, 43.753164], [87.570297, 43.753757], [87.57102, 43.753182], [87.572288, 43.75302], [87.573212, 43.752432], [87.574341, 43.752727], [87.574856, 43.752984], [87.575511, 43.753233], [87.576392, 43.753552], [87.576717, 43.754565], [87.576765, 43.754578], [87.577254, 43.75444], [87.577629, 43.75447], [87.578144, 43.754668], [87.578773, 43.754839], [87.579106, 43.754906], [87.579337, 43.754817], [87.579702, 43.75477], [87.579729, 43.754735], [87.58017, 43.754782], [87.58159, 43.755355], [87.582717, 43.756092], [87.583201, 43.756491], [87.583435, 43.756665], [87.583574, 43.75706], [87.583875, 43.757184], [87.584959, 43.756083], [87.586288, 43.753555], [87.58656, 43.752951], [87.586215, 43.753028], [87.585872, 43.752955], [87.584122, 43.753671], [87.583847, 43.753796], [87.583209, 43.752938], [87.582762, 43.75302], [87.582371, 43.752632], [87.582194, 43.752729], [87.581829, 43.752341], [87.58077, 43.75309], [87.580398, 43.75286], [87.579609, 43.753321], [87.579571, 43.753337], [87.579164, 43.753584], [87.579008, 43.753452], [87.578787, 43.753304], [87.578841, 43.753203], [87.578712, 43.753056], [87.578814, 43.752746], [87.578841, 43.752645], [87.578922, 43.752549], [87.578336, 43.751784], [87.577532, 43.750803], [87.577929, 43.750144], [87.578776, 43.749479], [87.57943, 43.74889], [87.580209, 43.748445], [87.582674, 43.74732], [87.583376, 43.746996], [87.585662, 43.746066], [87.587845, 43.745629], [87.587788, 43.745397], [87.587826, 43.745223], [87.588094, 43.745048], [87.58826, 43.744657], [87.588389, 43.743843], [87.588398, 43.743228], [87.588296, 43.742779], [87.587909, 43.742213], [87.586878, 43.741042], [87.585891, 43.740017], [87.583966, 43.737963], [87.581984, 43.735941], [87.581002, 43.734918], [87.580303, 43.733979], [87.579508, 43.732738], [87.578944, 43.731695], [87.578537, 43.730725], [87.578172, 43.729728], [87.577811, 43.728621], [87.577522, 43.727635], [87.568487, 43.719336], [87.563886, 43.717964], [87.564359, 43.714024], [87.552833, 43.704666], [87.540481, 43.702839], [87.5323, 43.699281], [87.532386, 43.696705], [87.540352, 43.696972], [87.550079, 43.694635], [87.56019, 43.69366], [87.568231, 43.695564], [87.576407, 43.696408], [87.576966, 43.695698], [87.577597, 43.695033], [87.577011, 43.693741], [87.580063, 43.69369], [87.580057, 43.694551], [87.579955, 43.696467], [87.57892, 43.698503], [87.579639, 43.702754], [87.577262, 43.702868], [87.577075, 43.704867], [87.57789, 43.707785], [87.578931, 43.709812], [87.579585, 43.711968], [87.579532, 43.712968], [87.582064, 43.723366], [87.585819, 43.732073], [87.590443, 43.743848], [87.591784, 43.745894], [87.592964, 43.748948], [87.594423, 43.750606], [87.59526, 43.753807], [87.595357, 43.75421], [87.595475, 43.754814], [87.595528, 43.755496], [87.595679, 43.755969], [87.595872, 43.756295], [87.59717, 43.757627], [87.601238, 43.769881], [87.600437, 43.769854], [87.594299, 43.77052], [87.594363, 43.771047], [87.594685, 43.771543], [87.594706, 43.772411], [87.594834, 43.774581], [87.594984, 43.775976], [87.594534, 43.775976], [87.594598, 43.776054], [87.594748, 43.776503], [87.594534, 43.776503], [87.593761, 43.776689], [87.593418, 43.776704], [87.59374, 43.778704], [87.592061, 43.778939], [87.592391, 43.779943], [87.592764, 43.780942], [87.592669, 43.780954], [87.59254, 43.781027], [87.590431, 43.781395], [87.590152, 43.781492], [87.590002, 43.781589], [87.589943, 43.781779], [87.589594, 43.782158], [87.58966, 43.782349], [87.589863, 43.782938], [87.590152, 43.783778], [87.590667, 43.785317], [87.589449, 43.785534], [87.588724, 43.785673], [87.586359, 43.786096], [87.585983, 43.78617], [87.585838, 43.786189], [87.585634, 43.785607], [87.585095, 43.784117], [87.583995, 43.78388], [87.583637, 43.784738], [87.582735, 43.785409], [87.582182, 43.785628], [87.582188, 43.78591], [87.581898, 43.786255], [87.581785, 43.786483], [87.581457, 43.786724], [87.58156, 43.786045], [87.581876, 43.785614], [87.583428, 43.783745], [87.584373, 43.783109], [87.585597, 43.78194], [87.586671, 43.780995], [87.587251, 43.779499], [87.587777, 43.778205], [87.587766, 43.777686], [87.587775, 43.77758], [87.58808, 43.777595], [87.591219, 43.777025], [87.590495, 43.774908], [87.589603, 43.77516], [87.589416, 43.775187], [87.588412, 43.775373], [87.587753, 43.775451], [87.587797, 43.775109], [87.587336, 43.773954], [87.586562, 43.77256], [87.586315, 43.771947], [87.586262, 43.770497], [87.586207, 43.768539], [87.586163, 43.768028], [87.585993, 43.767275], [87.585178, 43.764965], [87.584812, 43.763615], [87.585144, 43.76201], [87.585498, 43.760886], [87.585295, 43.760531], [87.584662, 43.759898], [87.583749, 43.759293], [87.581977, 43.758561], [87.579933, 43.757727], [87.578259, 43.757112], [87.577792, 43.756941], [87.577652, 43.756845], [87.577461, 43.756854], [87.576031, 43.75627], [87.575987, 43.756341], [87.575579, 43.757008], [87.575515, 43.757666], [87.576449, 43.758171], [87.577469, 43.7588], [87.574967, 43.760542], [87.572968, 43.760555], [87.570657, 43.761389], [87.569734, 43.760861], [87.570056, 43.760265], [87.569616, 43.760078], [87.569873, 43.759521], [87.569723, 43.759341], [87.570316, 43.758228], [87.566049, 43.756358], [87.565651, 43.757304], [87.565285, 43.75814], [87.565038, 43.758574], [87.563178, 43.760476], [87.560877, 43.760984], [87.554467, 43.756076], [87.553522, 43.755315], [87.55294, 43.755179], [87.546767, 43.753736], [87.538631, 43.750353], [87.532215, 43.749545], [87.52373, 43.750562], [87.523313, 43.747468]]]]}, "properties": {"display_name": "炉院街街道, 沙依巴克区 سايباغ رايونى, 乌鲁木齐市 ئۈرۈمچى, 新疆维吾尔自治区 شىنجاڭ ئۇيغۇر ئاپتونوم رايونی, 830000, 中国", "type": "administrative", "osm_type": "relation", "osm_id": 9328338, "class": null, "keyword": "subdistrict"}}, {"type": "Feature", "geometry": {"type": "Polygon", "coordinates": [[[87.510267, 43.761741], [87.518733, 43.763208], [87.519896, 43.762979], [87.521769, 43.761857], [87.521662, 43.759236], [87.522157, 43.758136], [87.522221, 43.756928], [87.526011, 43.754255], [87.52582, 43.753375], [87.52373, 43.750562], [87.532215, 43.749545], [87.538631, 43.750353], [87.546767, 43.753736], [87.55294, 43.755179], [87.553522, 43.755315], [87.554467, 43.756076], [87.560877, 43.760984], [87.563178, 43.760476], [87.564145, 43.761594], [87.567217, 43.762357], [87.569453, 43.761909], [87.570657, 43.761389], [87.572968, 43.760555], [87.574967, 43.760542], [87.577469, 43.7588], [87.576449, 43.758171], [87.575515, 43.757666], [87.575579, 43.757008], [87.575987, 43.756341], [87.576031, 43.75627], [87.577461, 43.756854], [87.577652, 43.756845], [87.577792, 43.756941], [87.578259, 43.757112], [87.579933, 43.757727], [87.581977, 43.758561], [87.583749, 43.759293], [87.584662, 43.759898], [87.585295, 43.760531], [87.585498, 43.760886], [87.585144, 43.76201], [87.584812, 43.763615], [87.585178, 43.764965], [87.585993, 43.767275], [87.586163, 43.768028], [87.586207, 43.768539], [87.586262, 43.770497], [87.586315, 43.771947], [87.586562, 43.77256], [87.587336, 43.773954], [87.587797, 43.775109], [87.587753, 43.775451], [87.58769, 43.775946], [87.587809, 43.777182], [87.587775, 43.77758], [87.587766, 43.777686], [87.587777, 43.778205], [87.587251, 43.779499], [87.586671, 43.780995], [87.585597, 43.78194], [87.584373, 43.783109], [87.583428, 43.783745], [87.581876, 43.785614], [87.58156, 43.786045], [87.581457, 43.786724], [87.581447, 43.787096], [87.581925, 43.788965], [87.582501, 43.791099], [87.582556, 43.791447], [87.58334, 43.792243], [87.584806, 43.793804], [87.585096, 43.794227], [87.585285, 43.794355], [87.58545, 43.794878], [87.585708, 43.795406], [87.585879, 43.795808], [87.586008, 43.796273], [87.586051, 43.797358], [87.586222, 43.798132], [87.586394, 43.798846], [87.586437, 43.799496], [87.586609, 43.800055], [87.586823, 43.80055], [87.587081, 43.801015], [87.587382, 43.801449], [87.587854, 43.802069], [87.588283, 43.802565], [87.58867, 43.803092], [87.588884, 43.803464], [87.588841, 43.803743], [87.588755, 43.804425], [87.588598, 43.805103], [87.588006, 43.805223], [87.583983, 43.806089], [87.579731, 43.804537], [87.573543, 43.802486], [87.572382, 43.802422], [87.568385, 43.801859], [87.567089, 43.8022], [87.566622, 43.802322], [87.564103, 43.802332], [87.564134, 43.799554], [87.562982, 43.799195], [87.562725, 43.798595], [87.562897, 43.796364], [87.562037, 43.795742], [87.561865, 43.794502], [87.559285, 43.794746], [87.560317, 43.792268], [87.559112, 43.791646], [87.558424, 43.790405], [87.553778, 43.789653], [87.546481, 43.788579], [87.546255, 43.788445], [87.534157, 43.781054], [87.532778, 43.779315], [87.532427, 43.778559], [87.535421, 43.773003], [87.534258, 43.770396], [87.533504, 43.770115], [87.531696, 43.769924], [87.530446, 43.770432], [87.526485, 43.77436], [87.522781, 43.775155], [87.518817, 43.771935], [87.514596, 43.76952], [87.512981, 43.766773], [87.512507, 43.764833], [87.510956, 43.763061], [87.510267, 43.761741]], [[87.580839, 43.781675], [87.581719, 43.781831], [87.582375, 43.780832], [87.583738, 43.781298], [87.583812, 43.781275], [87.583835, 43.78122], [87.584329, 43.781344], [87.586547, 43.778103], [87.584031, 43.777312], [87.584321, 43.776677], [87.584332, 43.776553], [87.584257, 43.776437], [87.584127, 43.776335], [87.583194, 43.776095], [87.581164, 43.78093], [87.580839, 43.781675]]]}, "properties": {"display_name": "雅玛里克山街道, 沙依巴克区 سايباغ رايونى, 乌鲁木齐市 ئۈرۈمچى, 新疆维吾尔自治区 شىنجاڭ ئۇيغۇر ئاپتونوم رايونی, 830000, 中国", "type": "administrative", "osm_type": "relation", "osm_id": 9328376, "class": null, "keyword": "subdistrict"}}, {"type": "Feature", "geometry": {"type": "Polygon", "coordinates": [[[87.57892, 43.698503], [87.579955, 43.696467], [87.581708, 43.693765], [87.583969, 43.69325], [87.584908, 43.69281], [87.586387, 43.690961], [87.588248, 43.689855], [87.592682, 43.68783], [87.594926, 43.687478], [87.596978, 43.689389], [87.596265, 43.691238], [87.590804, 43.692269], [87.588335, 43.693099], [87.585413, 43.695036], [87.583552, 43.696142], [87.581726, 43.695689], [87.581447, 43.695966], [87.581587, 43.697098], [87.581917, 43.697601], [87.582439, 43.698079], [87.583256, 43.699248], [87.5843, 43.700443], [87.584995, 43.700807], [87.5867, 43.702278], [87.586995, 43.702593], [87.587674, 43.702366], [87.588317, 43.702429], [87.594213, 43.70341], [87.594752, 43.705585], [87.595535, 43.705836], [87.5999, 43.709344], [87.601396, 43.710488], [87.605726, 43.708929], [87.607796, 43.708502], [87.612648, 43.70781], [87.619449, 43.705258], [87.63218, 43.706729], [87.636701, 43.707785], [87.640823, 43.70913], [87.642928, 43.712059], [87.640719, 43.713631], [87.633606, 43.716459], [87.628266, 43.720255], [87.628458, 43.722178], [87.630232, 43.723473], [87.631692, 43.725145], [87.631953, 43.725798], [87.633066, 43.727344], [87.633206, 43.727708], [87.633014, 43.727935], [87.631779, 43.728551], [87.631484, 43.729594], [87.630058, 43.731341], [87.628405, 43.732421], [87.627136, 43.732647], [87.626092, 43.73271], [87.625258, 43.732635], [87.624319, 43.732383], [87.624078, 43.732848], [87.62403, 43.733534], [87.629571, 43.739132], [87.63014, 43.740096], [87.629453, 43.741053], [87.628986, 43.741344], [87.629024, 43.741743], [87.628283, 43.741751], [87.628294, 43.742189], [87.628954, 43.742953], [87.629174, 43.743654], [87.629024, 43.745313], [87.628745, 43.74539], [87.628503, 43.744945], [87.627216, 43.745196], [87.624368, 43.746235], [87.624099, 43.745437], [87.619744, 43.74402], [87.619762, 43.741959], [87.619449, 43.740866], [87.618892, 43.740099], [87.617744, 43.738931], [87.616509, 43.73834], [87.616889, 43.73674], [87.616557, 43.736244], [87.619754, 43.733755], [87.620226, 43.732538], [87.621358, 43.731902], [87.621438, 43.731724], [87.622565, 43.732065], [87.62367, 43.733275], [87.624121, 43.732224], [87.620927, 43.731391], [87.619257, 43.731253], [87.618526, 43.732561], [87.617598, 43.731961], [87.617029, 43.731577], [87.612701, 43.732673], [87.610631, 43.733464], [87.607274, 43.735462], [87.602961, 43.738277], [87.604213, 43.739521], [87.603744, 43.740011], [87.603274, 43.740263], [87.602474, 43.740552], [87.602318, 43.740803], [87.602666, 43.742348], [87.602439, 43.742487], [87.600265, 43.743266], [87.599622, 43.743467], [87.599204, 43.743844], [87.603953, 43.749485], [87.604353, 43.750201], [87.604613, 43.751332], [87.603848, 43.751382], [87.6035, 43.750163], [87.602074, 43.750276], [87.600492, 43.750716], [87.600787, 43.754975], [87.599187, 43.755075], [87.598265, 43.752462], [87.59526, 43.753807], [87.594423, 43.750606], [87.592964, 43.748948], [87.591784, 43.745894], [87.590443, 43.743848], [87.585819, 43.732073], [87.582064, 43.723366], [87.579532, 43.712968], [87.579585, 43.711968], [87.580401, 43.708679], [87.580476, 43.707151], [87.580154, 43.706337], [87.579639, 43.702754], [87.57892, 43.698503]]]}, "properties": {"display_name": "燕儿窝街道, 天山区 تەڭرىتاغ رايونى, 乌鲁木齐市 ئۈرۈمچى, 新疆维吾尔自治区 شىنجاڭ ئۇيغۇر ئاپتونوم رايونی, 830000, 中国", "type": "administrative", "osm_type": "relation", "osm_id": 9091358, "class": null, "keyword": "subdistrict"}}, {"type": "Feature", "geometry": {"type": "MultiPolygon", "coordinates": [[[[87.638422, 43.901812], [87.640694, 43.901796], [87.640864, 43.899161], [87.643245, 43.899161], [87.64486, 43.898242], [87.645966, 43.899774], [87.649112, 43.899407], [87.648942, 43.898304], [87.649707, 43.897568], [87.651153, 43.898794], [87.652428, 43.898365], [87.653874, 43.898242], [87.656937, 43.898244], [87.657107, 43.897141], [87.657617, 43.896467], [87.658213, 43.898918], [87.660168, 43.899714], [87.660423, 43.901307], [87.66476, 43.902043], [87.665866, 43.902533], [87.665706, 43.903551], [87.666103, 43.904541], [87.666071, 43.905569], [87.666291, 43.906638], [87.66459, 43.906821], [87.663826, 43.90701], [87.66325, 43.907356], [87.663211, 43.90809], [87.662481, 43.908782], [87.662289, 43.910028], [87.662097, 43.910277], [87.661981, 43.911316], [87.661405, 43.912299], [87.661578, 43.912866], [87.662789, 43.914071], [87.664864, 43.91558], [87.667324, 43.916424], [87.667535, 43.917297], [87.668285, 43.917698], [87.668266, 43.918792], [87.669246, 43.92073], [87.669515, 43.920605], [87.669515, 43.919525], [87.669726, 43.918792], [87.670303, 43.919359], [87.670918, 43.920038], [87.671456, 43.921131], [87.672225, 43.92581], [87.672109, 43.926751], [87.67061, 43.931125], [87.670553, 43.931803], [87.67061, 43.932675], [87.670918, 43.933395], [87.671667, 43.934128], [87.67284, 43.934737], [87.67407, 43.935097], [87.677183, 43.935692], [87.676454, 43.937956], [87.677242, 43.938218], [87.677126, 43.938647], [87.679567, 43.939519], [87.679413, 43.941014], [87.678395, 43.942356], [87.679086, 43.942591], [87.677357, 43.943781], [87.676357, 43.944653], [87.678568, 43.946051], [87.675262, 43.948583], [87.678568, 43.95099], [87.669055, 43.958738], [87.661098, 43.953813], [87.660156, 43.953246], [87.659253, 43.952817], [87.657946, 43.952332], [87.655102, 43.951364], [87.653949, 43.950866], [87.652949, 43.950257], [87.651835, 43.949538], [87.648875, 43.947199], [87.649663, 43.945414], [87.649778, 43.944833], [87.649625, 43.943408], [87.649163, 43.941484], [87.649086, 43.938191], [87.649355, 43.937776], [87.649298, 43.937236], [87.649163, 43.936793], [87.646761, 43.936821], [87.64703, 43.935921], [87.647703, 43.935797], [87.647933, 43.935423], [87.64801, 43.934565], [87.647991, 43.933513], [87.648241, 43.933236], [87.647741, 43.932669], [87.647145, 43.932392], [87.647261, 43.931631], [87.647107, 43.931368], [87.64678, 43.93087], [87.646204, 43.930828], [87.645704, 43.930828], [87.645589, 43.930454], [87.646088, 43.930067], [87.646165, 43.929721], [87.645762, 43.929319], [87.645089, 43.928876], [87.644282, 43.927852], [87.644224, 43.927478], [87.644513, 43.927215], [87.644474, 43.926662], [87.644589, 43.926468], [87.644301, 43.925817], [87.644782, 43.925582], [87.644935, 43.925319], [87.644839, 43.924918], [87.644897, 43.92471], [87.644301, 43.924392], [87.643897, 43.923686], [87.644224, 43.923423], [87.644301, 43.922675], [87.644013, 43.922315], [87.643456, 43.921942], [87.642956, 43.921775], [87.642764, 43.921069], [87.642917, 43.920903], [87.64261, 43.920516], [87.642648, 43.919976], [87.64261, 43.919588], [87.642264, 43.919505], [87.641822, 43.919699], [87.64138, 43.919657], [87.640726, 43.919201], [87.639535, 43.918896], [87.639016, 43.918702], [87.63892, 43.918356], [87.639035, 43.918079], [87.639497, 43.917955], [87.640015, 43.917775], [87.640361, 43.917678], [87.640842, 43.917082], [87.640784, 43.916833], [87.640822, 43.916169], [87.64113, 43.915836], [87.641169, 43.915532], [87.641207, 43.915144], [87.642187, 43.914535], [87.642475, 43.913981], [87.642552, 43.913386], [87.638843, 43.91358], [87.638843, 43.913331], [87.639093, 43.912943], [87.638824, 43.912112], [87.639727, 43.911738], [87.640188, 43.91142], [87.640208, 43.910852], [87.640323, 43.91034], [87.641399, 43.909053], [87.642149, 43.907751], [87.641591, 43.905397], [87.641514, 43.904082], [87.641015, 43.903569], [87.63867, 43.902018], [87.638422, 43.901812]]], [[[87.686451, 43.944438], [87.68943, 43.941532], [87.691755, 43.941947], [87.690143, 43.943975], [87.689157, 43.945313], [87.687911, 43.944853], [87.686451, 43.944438]]], [[[87.699587, 43.897289], [87.699941, 43.897135], [87.701014, 43.896864], [87.70175, 43.896344], [87.704458, 43.89204], [87.704769, 43.891359], [87.70507, 43.890045], [87.705778, 43.889179], [87.706143, 43.88897], [87.707076, 43.889164], [87.70757, 43.888893], [87.708288, 43.887323], [87.708836, 43.886782], [87.709276, 43.886774], [87.709512, 43.887053], [87.711529, 43.888313], [87.711808, 43.888251], [87.712451, 43.887741], [87.712998, 43.887374], [87.71302, 43.887176], [87.718429, 43.886544], [87.719429, 43.888705], [87.716085, 43.89304], [87.714182, 43.89333], [87.71251, 43.894632], [87.712933, 43.89556], [87.711991, 43.8961], [87.711549, 43.89761], [87.711895, 43.898565], [87.711491, 43.898898], [87.710415, 43.898745], [87.709723, 43.899064], [87.709243, 43.901196], [87.709877, 43.901875], [87.709743, 43.903038], [87.707917, 43.903384], [87.70759, 43.903717], [87.706552, 43.904146], [87.705745, 43.906251], [87.70405, 43.907528], [87.703632, 43.906937], [87.703418, 43.906272], [87.703451, 43.905167], [87.704222, 43.902253], [87.705198, 43.900273], [87.699587, 43.897289]]], [[[87.740228, 43.915603], [87.743079, 43.911592], [87.746431, 43.911093], [87.7467, 43.909483], [87.75038, 43.90933], [87.756987, 43.905486], [87.760204, 43.903931], [87.762901, 43.902821], [87.764808, 43.903002], [87.766407, 43.902877], [87.76791, 43.903404], [87.76947, 43.903002], [87.773631, 43.900559], [87.775789, 43.900212], [87.780604, 43.901558], [87.782512, 43.901211], [87.785016, 43.899851], [87.787482, 43.899615], [87.786133, 43.904917], [87.784014, 43.904889], [87.776887, 43.901266], [87.773785, 43.902613], [87.773458, 43.904195], [87.771435, 43.904848], [87.768969, 43.904861], [87.760956, 43.908886], [87.75874, 43.908983], [87.753308, 43.9123], [87.758413, 43.914465], [87.758586, 43.919683], [87.753924, 43.919988], [87.747876, 43.917712], [87.74593, 43.91688], [87.742116, 43.916894], [87.740228, 43.915603]]], [[[87.750922, 43.889116], [87.751076, 43.888804], [87.751924, 43.888165], [87.752627, 43.888596], [87.752145, 43.889429], [87.750922, 43.889116]]]]}, "properties": {"display_name": "地磅街道, 米东区 مىدوڭ, 乌鲁木齐市 ئۈرۈمچى, 新疆维吾尔自治区 شىنجاڭ ئۇيغۇر ئاپتونوم رايونی, 830000, 中国", "type": "administrative", "osm_type": "relation", "osm_id": 9088138, "class": null, "keyword": "subdistrict"}}, {"type": "Feature", "geometry": {"type": "Polygon", "coordinates": [[[87.66459, 43.906821], [87.666291, 43.906638], [87.666071, 43.905569], [87.666103, 43.904541], [87.665706, 43.903551], [87.666253, 43.902948], [87.666983, 43.902822], [87.667463, 43.902558], [87.670222, 43.903018], [87.672753, 43.900508], [87.672868, 43.899011], [87.673157, 43.895657], [87.674253, 43.891845], [87.674171, 43.890965], [87.673409, 43.890346], [87.672849, 43.890362], [87.672695, 43.888338], [87.672862, 43.886844], [87.673398, 43.885042], [87.67121, 43.885073], [87.670541, 43.885178], [87.669332, 43.885498], [87.669214, 43.883534], [87.671274, 43.880341], [87.670716, 43.879985], [87.669429, 43.879529], [87.671214, 43.877248], [87.670791, 43.876929], [87.669884, 43.876773], [87.669464, 43.876708], [87.668771, 43.876569], [87.667483, 43.876181], [87.664732, 43.875238], [87.66529, 43.87381], [87.66575, 43.871015], [87.667039, 43.868741], [87.669885, 43.866148], [87.672129, 43.864823], [87.677822, 43.862114], [87.685629, 43.859405], [87.689972, 43.858643], [87.69259, 43.858678], [87.694444, 43.860989], [87.695274, 43.86161], [87.695925, 43.862337], [87.696543, 43.862736], [87.697193, 43.862877], [87.693696, 43.86521], [87.692102, 43.865738], [87.692037, 43.86616], [87.692655, 43.867286], [87.692688, 43.869373], [87.692932, 43.870194], [87.693355, 43.870569], [87.694168, 43.870534], [87.694379, 43.870792], [87.694705, 43.872046], [87.695144, 43.872855], [87.695648, 43.873418], [87.696347, 43.875599], [87.696624, 43.875962], [87.697527, 43.876389], [87.700939, 43.879057], [87.707494, 43.883573], [87.708846, 43.884779], [87.712435, 43.886968], [87.712848, 43.887064], [87.71302, 43.887176], [87.712998, 43.887374], [87.712451, 43.887741], [87.711808, 43.888251], [87.711529, 43.888313], [87.709512, 43.887053], [87.709276, 43.886774], [87.708836, 43.886782], [87.708288, 43.887323], [87.70757, 43.888893], [87.707076, 43.889164], [87.706143, 43.88897], [87.705778, 43.889179], [87.70507, 43.890045], [87.704769, 43.891359], [87.704458, 43.89204], [87.70175, 43.896344], [87.701014, 43.896864], [87.699941, 43.897135], [87.699587, 43.897289], [87.705198, 43.900273], [87.704222, 43.902253], [87.703451, 43.905167], [87.703418, 43.906272], [87.703632, 43.906937], [87.70405, 43.907528], [87.694523, 43.90713], [87.692066, 43.907076], [87.69182, 43.907447], [87.691846, 43.907706], [87.692174, 43.908185], [87.692319, 43.908726], [87.691568, 43.910017], [87.691165, 43.910446], [87.690806, 43.910504], [87.689256, 43.910616], [87.68844, 43.911907], [87.687641, 43.912092], [87.687126, 43.912371], [87.685447, 43.914226], [87.685168, 43.914724], [87.684712, 43.91513], [87.684749, 43.915369], [87.684985, 43.915675], [87.685543, 43.916231], [87.685865, 43.916749], [87.685715, 43.91695], [87.685575, 43.916966], [87.684551, 43.915876], [87.684057, 43.91547], [87.683468, 43.915153], [87.682818, 43.914291], [87.682523, 43.914048], [87.681997, 43.913978], [87.681381, 43.914214], [87.681112, 43.914175], [87.680764, 43.913801], [87.679819, 43.912626], [87.678773, 43.912301], [87.678119, 43.911845], [87.677368, 43.911505], [87.675753, 43.911408], [87.675185, 43.911177], [87.674654, 43.91067], [87.673817, 43.910863], [87.673677, 43.911065], [87.672197, 43.911613], [87.671563, 43.911661], [87.671027, 43.911575], [87.670448, 43.911003], [87.669182, 43.910137], [87.667057, 43.909735], [87.666682, 43.909948], [87.666215, 43.910547], [87.665936, 43.91055], [87.66476, 43.908904], [87.66459, 43.906821]]]}, "properties": {"display_name": "八道湾街道, 水磨沟区 بۇلاقتاغ رايونى, 乌鲁木齐市 ئۈرۈمچى, 新疆维吾尔自治区 شىنجاڭ ئۇيغۇر ئاپتونوم رايونی, 830000, 中国", "type": "administrative", "osm_type": "relation", "osm_id": 9088408, "class": null, "keyword": "subdistrict"}}, {"type": "Feature", "geometry": {"type": "Polygon", "coordinates": [[[87.596693, 43.874503], [87.612505, 43.874201], [87.612652, 43.875306], [87.613006, 43.875847], [87.612609, 43.876868], [87.611471, 43.877456], [87.611396, 43.877912], [87.611868, 43.878415], [87.613478, 43.879227], [87.615185, 43.880712], [87.61595, 43.881202], [87.616546, 43.880528], [87.622668, 43.88065], [87.624199, 43.880773], [87.624036, 43.882482], [87.625898, 43.883167], [87.627938, 43.882738], [87.628874, 43.883474], [87.628364, 43.884638], [87.633976, 43.890154], [87.635592, 43.893279], [87.636952, 43.895424], [87.637462, 43.896833], [87.637037, 43.898304], [87.637547, 43.901245], [87.638422, 43.901812], [87.63867, 43.902018], [87.641015, 43.903569], [87.641514, 43.904082], [87.641591, 43.905397], [87.642149, 43.907751], [87.641399, 43.909053], [87.640323, 43.91034], [87.640208, 43.910852], [87.640188, 43.91142], [87.639727, 43.911738], [87.638824, 43.912112], [87.639093, 43.912943], [87.638843, 43.913331], [87.638843, 43.91358], [87.636428, 43.916267], [87.635602, 43.917042], [87.63099, 43.923243], [87.633969, 43.928447], [87.627262, 43.930509], [87.625994, 43.928737], [87.619829, 43.918082], [87.625752, 43.916011], [87.622876, 43.912023], [87.617683, 43.914017], [87.615623, 43.910624], [87.616943, 43.910083], [87.617764, 43.909144], [87.616251, 43.908317], [87.614154, 43.906574], [87.609122, 43.901309], [87.603017, 43.894862], [87.601858, 43.893462], [87.599751, 43.890252], [87.599573, 43.88948], [87.599222, 43.885623], [87.598787, 43.883869], [87.598284, 43.882124], [87.597821, 43.87836], [87.596693, 43.874503]]]}, "properties": {"display_name": "卡子湾街道, 米东区 مىدوڭ, 乌鲁木齐市 ئۈرۈمچى, 新疆维吾尔自治区 شىنجاڭ ئۇيغۇر ئاپتونوم رايونی, 830000, 中国", "type": "administrative", "osm_type": "relation", "osm_id": 9088142, "class": null, "keyword": "subdistrict"}}, {"type": "Feature", "geometry": {"type": "Polygon", "coordinates": [[[87.674519, 43.962134], [87.678611, 43.958408], [87.680849, 43.956715], [87.679692, 43.954312], [87.680849, 43.953179], [87.682746, 43.952633], [87.683334, 43.952318], [87.691129, 43.946433], [87.690522, 43.9459], [87.689157, 43.945313], [87.690143, 43.943975], [87.692097, 43.944262], [87.692855, 43.944985], [87.694164, 43.945368], [87.694468, 43.945859], [87.695226, 43.946201], [87.695093, 43.946433], [87.696364, 43.947061], [87.697009, 43.947225], [87.698128, 43.946092], [87.699115, 43.946419], [87.69589, 43.949232], [87.699759, 43.951731], [87.701163, 43.950885], [87.702263, 43.950584], [87.704255, 43.949437], [87.705601, 43.949123], [87.706038, 43.949109], [87.706057, 43.9487], [87.706834, 43.948591], [87.707599, 43.948399], [87.708086, 43.948276], [87.709262, 43.948195], [87.717263, 43.948787], [87.717896, 43.94893], [87.721217, 43.948895], [87.721909, 43.949185], [87.721903, 43.949899], [87.726257, 43.949942], [87.733389, 43.950243], [87.735115, 43.955213], [87.736139, 43.954653], [87.737106, 43.955459], [87.735443, 43.956503], [87.737353, 43.958408], [87.732895, 43.965139], [87.731795, 43.966327], [87.727376, 43.971187], [87.718272, 43.978789], [87.71647, 43.979417], [87.711254, 43.982324], [87.710305, 43.983171], [87.709679, 43.982775], [87.699209, 43.9626], [87.682518, 43.966955], [87.674519, 43.962134]]]}, "properties": {"display_name": "石化街道, 米东区 مىدوڭ, 乌鲁木齐市 ئۈرۈمچى, 新疆维吾尔自治区 شىنجاڭ ئۇيغۇر ئاپتونوم رايونی, 830000, 中国", "type": "administrative", "osm_type": "relation", "osm_id": 9088143, "class": null, "keyword": "subdistrict"}}, {"type": "Feature", "geometry": {"type": "Polygon", "coordinates": [[[87.604857, 43.850491], [87.605318, 43.850241], [87.605549, 43.849353], [87.605299, 43.848896], [87.605876, 43.847828], [87.606184, 43.847023], [87.606472, 43.84651], [87.608665, 43.845705], [87.609415, 43.845247], [87.609857, 43.844124], [87.6103, 43.843958], [87.61055, 43.844859], [87.61105, 43.844873], [87.610934, 43.843944], [87.612781, 43.843999], [87.612915, 43.843458], [87.613358, 43.843014], [87.613377, 43.842765], [87.612377, 43.842612], [87.612358, 43.842085], [87.613127, 43.84171], [87.615945, 43.842188], [87.623477, 43.844123], [87.627919, 43.845732], [87.631953, 43.84875], [87.637038, 43.84974], [87.639334, 43.849245], [87.644154, 43.849389], [87.645423, 43.849401], [87.645651, 43.849307], [87.645862, 43.849073], [87.646171, 43.848732], [87.646431, 43.848568], [87.646675, 43.848521], [87.648985, 43.848439], [87.649766, 43.848205], [87.650546, 43.847442], [87.651099, 43.84702], [87.65175, 43.846903], [87.652612, 43.847172], [87.653311, 43.847278], [87.655702, 43.847994], [87.657231, 43.848169], [87.658581, 43.848885], [87.659004, 43.849037], [87.659199, 43.850375], [87.661834, 43.851677], [87.665412, 43.852767], [87.670487, 43.852943], [87.670129, 43.853776], [87.670161, 43.854339], [87.670243, 43.854656], [87.671267, 43.855007], [87.672162, 43.855136], [87.673187, 43.855477], [87.671804, 43.857705], [87.671609, 43.858573], [87.670243, 43.859417], [87.668031, 43.859476], [87.667429, 43.859781], [87.667169, 43.860555], [87.669934, 43.862161], [87.671332, 43.863557], [87.672129, 43.864823], [87.669885, 43.866148], [87.667039, 43.868741], [87.66575, 43.871015], [87.665192, 43.870946], [87.663615, 43.865441], [87.662326, 43.864345], [87.660172, 43.863541], [87.658787, 43.864983], [87.657576, 43.865954], [87.657133, 43.866814], [87.656576, 43.866772], [87.656364, 43.865968], [87.655614, 43.865899], [87.65502, 43.867788], [87.654741, 43.867127], [87.65488, 43.86705], [87.654038, 43.865982], [87.652026, 43.865622], [87.64987, 43.865669], [87.649773, 43.866961], [87.648089, 43.867022], [87.648003, 43.867788], [87.647574, 43.86785], [87.647649, 43.868175], [87.647027, 43.868107], [87.646952, 43.867827], [87.647017, 43.867452], [87.647382, 43.866744], [87.647459, 43.866217], [87.648401, 43.866079], [87.648613, 43.865247], [87.648613, 43.864262], [87.647728, 43.864179], [87.646805, 43.864276], [87.646382, 43.864082], [87.644266, 43.863985], [87.644035, 43.86429], [87.643651, 43.864262], [87.643189, 43.865358], [87.643117, 43.865382], [87.636092, 43.865524], [87.635111, 43.865524], [87.633899, 43.865385], [87.63292, 43.86513], [87.632707, 43.86508], [87.631418, 43.864553], [87.629081, 43.862875], [87.628866, 43.862717], [87.621667, 43.857536], [87.62084, 43.857009], [87.619339, 43.856413], [87.617224, 43.855914], [87.614974, 43.855553], [87.613589, 43.855456], [87.612781, 43.855442], [87.611223, 43.855636], [87.610858, 43.854846], [87.610569, 43.854638], [87.609877, 43.854541], [87.609454, 43.854998], [87.609107, 43.855068], [87.607646, 43.854818], [87.607184, 43.854652], [87.607684, 43.853806], [87.607357, 43.853514], [87.606895, 43.853168], [87.605857, 43.85167], [87.606145, 43.851157], [87.604857, 43.850491]]]}, "properties": {"display_name": "苇湖梁街道, 水磨沟区 بۇلاقتاغ رايونى, 乌鲁木齐市 ئۈرۈمچى, 新疆维吾尔自治区 شىنجاڭ ئۇيغۇر ئاپتونوم رايونی, 830000, 中国", "type": "administrative", "osm_type": "relation", "osm_id": 9088414, "class": null, "keyword": "subdistrict"}}, {"type": "Feature", "geometry": {"type": "MultiPolygon", "coordinates": [[[[87.506665, 43.917654], [87.508405, 43.916387], [87.510166, 43.91509], [87.510792, 43.914597], [87.5114, 43.914229], [87.51148, 43.914534], [87.511502, 43.914685], [87.511523, 43.914762], [87.511594, 43.914747], [87.511902, 43.915533], [87.512036, 43.915842], [87.512139, 43.916164], [87.512139, 43.916214], [87.512709, 43.917246], [87.512235, 43.917894], [87.511029, 43.917705], [87.510852, 43.917718], [87.510943, 43.91764], [87.51077, 43.917672], [87.510555, 43.917611], [87.510312, 43.917594], [87.510005, 43.917771], [87.509456, 43.918094], [87.509141, 43.918343], [87.508729, 43.918669], [87.508464, 43.918904], [87.507619, 43.918302], [87.506665, 43.917654]]], [[[87.512164, 43.913682], [87.515215, 43.911394], [87.516653, 43.912179], [87.516813, 43.912287], [87.516022, 43.912881], [87.515371, 43.913355], [87.513489, 43.91476], [87.512164, 43.913682]]], [[[87.517094, 43.909581], [87.517772, 43.908599], [87.518666, 43.907379], [87.519992, 43.905549], [87.520292, 43.905142], [87.520972, 43.904222], [87.523429, 43.900856], [87.52401, 43.900076], [87.524415, 43.899394], [87.525018, 43.898545], [87.52645, 43.896482], [87.527, 43.895571], [87.527301, 43.895085], [87.527577, 43.894857], [87.528586, 43.893475], [87.531411, 43.889606], [87.534347, 43.885471], [87.541326, 43.88782], [87.552043, 43.891619], [87.557032, 43.893406], [87.549738, 43.904309], [87.548792, 43.905329], [87.546074, 43.905479], [87.543563, 43.905259], [87.543504, 43.905669], [87.536241, 43.905924], [87.533591, 43.906087], [87.533419, 43.906388], [87.531166, 43.905762], [87.524584, 43.918036], [87.524032, 43.917905], [87.523817, 43.917835], [87.524011, 43.917519], [87.522999, 43.917284], [87.523548, 43.91614], [87.524109, 43.915036], [87.524271, 43.91486], [87.523203, 43.914555], [87.524023, 43.913706], [87.524518, 43.913228], [87.525077, 43.913562], [87.525734, 43.912674], [87.523785, 43.911989], [87.524484, 43.910984], [87.523913, 43.910781], [87.525194, 43.909077], [87.525916, 43.908042], [87.526713, 43.906953], [87.52332, 43.905745], [87.522513, 43.906849], [87.521857, 43.907791], [87.521349, 43.908465], [87.519846, 43.910579], [87.518306, 43.910018], [87.517094, 43.909581]]], [[[87.523089, 43.94401], [87.523175, 43.943949], [87.525414, 43.94142], [87.529405, 43.936617], [87.529965, 43.935953], [87.530815, 43.934857], [87.531516, 43.934047], [87.532301, 43.93313], [87.53369, 43.931378], [87.534099, 43.930776], [87.534692, 43.929981], [87.535284, 43.929218], [87.535845, 43.928546], [87.53563, 43.928445], [87.534618, 43.928102], [87.533853, 43.927829], [87.533132, 43.927596], [87.532594, 43.927355], [87.532024, 43.927091], [87.532785, 43.926304], [87.533644, 43.925555], [87.537919, 43.924086], [87.538199, 43.92687], [87.538221, 43.927488], [87.538349, 43.92871], [87.538478, 43.929328], [87.540233, 43.930128], [87.54359, 43.931188], [87.54755, 43.932681], [87.547981, 43.932867], [87.547809, 43.933053], [87.53608, 43.949896], [87.530152, 43.948358], [87.527137, 43.947484], [87.524295, 43.945806], [87.523089, 43.94401]]]]}, "properties": {"display_name": "三工街道, 新市区, 乌鲁木齐市 ئۈرۈمچى, 新疆维吾尔自治区 شىنجاڭ ئۇيغۇر ئاپتونوم رايونی, 830000, 中国", "type": "administrative", "osm_type": "relation", "osm_id": 9330800, "class": null, "keyword": "subdistrict"}}, {"type": "Feature", "geometry": {"type": "Polygon", "coordinates": [[[87.610803, 43.863162], [87.611495, 43.860666], [87.612149, 43.858974], [87.612226, 43.858252], [87.612033, 43.857462], [87.611223, 43.855636], [87.612781, 43.855442], [87.613589, 43.855456], [87.614974, 43.855553], [87.617224, 43.855914], [87.619339, 43.856413], [87.62084, 43.857009], [87.621667, 43.857536], [87.628866, 43.862717], [87.629081, 43.862875], [87.631418, 43.864553], [87.632707, 43.86508], [87.63292, 43.86513], [87.633899, 43.865385], [87.635111, 43.865524], [87.636092, 43.865524], [87.643117, 43.865382], [87.643189, 43.865358], [87.643651, 43.864262], [87.644035, 43.86429], [87.644266, 43.863985], [87.646382, 43.864082], [87.646805, 43.864276], [87.647728, 43.864179], [87.648613, 43.864262], [87.648613, 43.865247], [87.648401, 43.866079], [87.647459, 43.866217], [87.647382, 43.866744], [87.647017, 43.867452], [87.646952, 43.867827], [87.647027, 43.868107], [87.647043, 43.868409], [87.646319, 43.868608], [87.646254, 43.869142], [87.6459, 43.869567], [87.646244, 43.870395], [87.645439, 43.870666], [87.645321, 43.870789], [87.6456, 43.871524], [87.645503, 43.871573], [87.645021, 43.871818], [87.644763, 43.872236], [87.645342, 43.872553], [87.645589, 43.872924], [87.645299, 43.873264], [87.645471, 43.873782], [87.645063, 43.874107], [87.644666, 43.874494], [87.644747, 43.875039], [87.645235, 43.875209], [87.645433, 43.875526], [87.64567, 43.875855], [87.645471, 43.876238], [87.645734, 43.87722], [87.645761, 43.87831], [87.645085, 43.878979], [87.644779, 43.87973], [87.643991, 43.879892], [87.64402, 43.880561], [87.644323, 43.880691], [87.644192, 43.881147], [87.643712, 43.881377], [87.644259, 43.882831], [87.643776, 43.88307], [87.643851, 43.883186], [87.644345, 43.883442], [87.644173, 43.88389], [87.643486, 43.883874], [87.643014, 43.884161], [87.642885, 43.884308], [87.643368, 43.885042], [87.642939, 43.885375], [87.642059, 43.885491], [87.64134, 43.886612], [87.640812, 43.887058], [87.640871, 43.887348], [87.641534, 43.887725], [87.641888, 43.888413], [87.640665, 43.889434], [87.641265, 43.89129], [87.641115, 43.89204], [87.640675, 43.892187], [87.640021, 43.892998], [87.640901, 43.89429], [87.640675, 43.89514], [87.639903, 43.895882], [87.639871, 43.896501], [87.639549, 43.896841], [87.639635, 43.899191], [87.638422, 43.901812], [87.637547, 43.901245], [87.637037, 43.898304], [87.637462, 43.896833], [87.636952, 43.895424], [87.635592, 43.893279], [87.633976, 43.890154], [87.628364, 43.884638], [87.628874, 43.883474], [87.627938, 43.882738], [87.625898, 43.883167], [87.624036, 43.882482], [87.624199, 43.880773], [87.622668, 43.88065], [87.616546, 43.880528], [87.61595, 43.881202], [87.615185, 43.880712], [87.613478, 43.879227], [87.611868, 43.878415], [87.611396, 43.877912], [87.611471, 43.877456], [87.612609, 43.876868], [87.613006, 43.875847], [87.612652, 43.875306], [87.612505, 43.874201], [87.613899, 43.874171], [87.613784, 43.871218], [87.612399, 43.870192], [87.612245, 43.868445], [87.611976, 43.867017], [87.610976, 43.867017], [87.610822, 43.864257], [87.610803, 43.863162]]]}, "properties": {"display_name": "七道湾街道, 水磨沟区 بۇلاقتاغ رايونى, 乌鲁木齐市 ئۈرۈمچى, 新疆维吾尔自治区 شىنجاڭ ئۇيغۇر ئاپتونوم رايونی, 830000, 中国", "type": "administrative", "osm_type": "relation", "osm_id": 9088412, "class": null, "keyword": "subdistrict"}}, {"type": "Feature", "geometry": {"type": "Polygon", "coordinates": [[[87.61287, 43.946233], [87.625439, 43.945655], [87.625771, 43.945621], [87.627292, 43.945463], [87.628553, 43.945229], [87.629947, 43.944885], [87.641752, 43.941378], [87.643968, 43.943152], [87.646904, 43.945571], [87.646541, 43.945805], [87.647954, 43.947084], [87.648585, 43.948363], [87.648604, 43.948899], [87.648852, 43.956449], [87.649234, 43.95891], [87.648871, 43.960601], [87.648929, 43.96265], [87.649234, 43.96782], [87.64954, 43.972219], [87.646833, 43.972207], [87.644522, 43.972262], [87.634245, 43.972674], [87.634704, 43.962968], [87.625611, 43.963202], [87.614303, 43.963504], [87.61287, 43.946233]]]}, "properties": {"display_name": "古牧地西路街道, 米东区 مىدوڭ, 乌鲁木齐市 ئۈرۈمچى, 新疆维吾尔自治区 شىنجاڭ ئۇيغۇر ئاپتونوم رايونی, 830000, 中国", "type": "administrative", "osm_type": "relation", "osm_id": 9088140, "class": null, "keyword": "subdistrict"}}, {"type": "Feature", "geometry": {"type": "MultiPolygon", "coordinates": [[[[87.47406, 43.939701], [87.476408, 43.935879], [87.475675, 43.935382], [87.475589, 43.93498], [87.475587, 43.934584], [87.479756, 43.928685], [87.485235, 43.920525], [87.487248, 43.921855], [87.488282, 43.920736], [87.488605, 43.920869], [87.489327, 43.920245], [87.491449, 43.918666], [87.494252, 43.916402], [87.494606, 43.916248], [87.495596, 43.916568], [87.496909, 43.916471], [87.497546, 43.916527], [87.497815, 43.916753], [87.498127, 43.916831], [87.499051, 43.917727], [87.498598, 43.918291], [87.496938, 43.919994], [87.49626, 43.920815], [87.494623, 43.922477], [87.494111, 43.922936], [87.493589, 43.92358], [87.492124, 43.924986], [87.493788, 43.924829], [87.496265, 43.921643], [87.498642, 43.920031], [87.501881, 43.921226], [87.499857, 43.923298], [87.494993, 43.929665], [87.491276, 43.934457], [87.489384, 43.936765], [87.488979, 43.937319], [87.488548, 43.938133], [87.487665, 43.939015], [87.4875, 43.939362], [87.487387, 43.94013], [87.487483, 43.940916], [87.48763, 43.941515], [87.487778, 43.941862], [87.488359, 43.942773], [87.48816, 43.942825], [87.484792, 43.942014], [87.48395, 43.941875], [87.478924, 43.940738], [87.477943, 43.94056], [87.47406, 43.939701]]], [[[87.482395, 43.883104], [87.489085, 43.883057], [87.489844, 43.883052], [87.490926, 43.882998], [87.492736, 43.882752], [87.494029, 43.882526], [87.497244, 43.881856], [87.497379, 43.881995], [87.499692, 43.883657], [87.501243, 43.885612], [87.501389, 43.886221], [87.501902, 43.887618], [87.502601, 43.888985], [87.502728, 43.890115], [87.503267, 43.891618], [87.504703, 43.894954], [87.501439, 43.895523], [87.499567, 43.895975], [87.501161, 43.896846], [87.501171, 43.89694], [87.497445, 43.900525], [87.496499, 43.901348], [87.494098, 43.903599], [87.494243, 43.903805], [87.494082, 43.903839], [87.490053, 43.906179], [87.488937, 43.905917], [87.487403, 43.904579], [87.484592, 43.902067], [87.488573, 43.899833], [87.488122, 43.89947], [87.488412, 43.897363], [87.485231, 43.896114], [87.483873, 43.895102], [87.489565, 43.891653], [87.48488, 43.887418], [87.484877, 43.887266], [87.484495, 43.88655], [87.484231, 43.886016], [87.484058, 43.885705], [87.483737, 43.88504], [87.483571, 43.884737], [87.483292, 43.884188], [87.48305, 43.883734], [87.482986, 43.883513], [87.482647, 43.883521], [87.482621, 43.883494], [87.482535, 43.883321], [87.482395, 43.883104]]], [[[87.512565, 43.899385], [87.512718, 43.899161], [87.514349, 43.89677], [87.515026, 43.895778], [87.517022, 43.896594], [87.518038, 43.896966], [87.521992, 43.898412], [87.524415, 43.899394], [87.52401, 43.900076], [87.523429, 43.900856], [87.520972, 43.904222], [87.520292, 43.905142], [87.513939, 43.902882], [87.515668, 43.900523], [87.512565, 43.899385]]]]}, "properties": {"display_name": "迎宾路街道, 新市区, 乌鲁木齐市 ئۈرۈمچى, 新疆维吾尔自治区 شىنجاڭ ئۇيغۇر ئاپتونوم رايونی, 830000, 中国", "type": "administrative", "osm_type": "relation", "osm_id": 9330886, "class": null, "keyword": "subdistrict"}}, {"type": "Feature", "geometry": {"type": "Polygon", "coordinates": [[[87.612079, 43.937019], [87.616405, 43.936985], [87.620421, 43.93639], [87.618557, 43.931132], [87.620902, 43.930883], [87.621094, 43.93127], [87.623707, 43.931201], [87.624226, 43.930772], [87.624745, 43.930121], [87.624784, 43.929512], [87.625994, 43.928737], [87.627262, 43.930509], [87.633969, 43.928447], [87.63099, 43.923243], [87.635602, 43.917042], [87.636428, 43.916267], [87.638843, 43.91358], [87.642552, 43.913386], [87.642475, 43.913981], [87.642187, 43.914535], [87.641207, 43.915144], [87.641169, 43.915532], [87.64113, 43.915836], [87.640822, 43.916169], [87.640784, 43.916833], [87.640842, 43.917082], [87.640361, 43.917678], [87.640015, 43.917775], [87.639497, 43.917955], [87.639035, 43.918079], [87.63892, 43.918356], [87.639016, 43.918702], [87.639535, 43.918896], [87.640726, 43.919201], [87.64138, 43.919657], [87.641822, 43.919699], [87.642264, 43.919505], [87.64261, 43.919588], [87.642648, 43.919976], [87.64261, 43.920516], [87.642917, 43.920903], [87.642764, 43.921069], [87.642956, 43.921775], [87.643456, 43.921942], [87.644013, 43.922315], [87.644301, 43.922675], [87.644224, 43.923423], [87.643897, 43.923686], [87.644301, 43.924392], [87.644897, 43.92471], [87.644839, 43.924918], [87.644935, 43.925319], [87.644782, 43.925582], [87.644301, 43.925817], [87.644589, 43.926468], [87.644474, 43.926662], [87.644513, 43.927215], [87.644224, 43.927478], [87.644282, 43.927852], [87.645089, 43.928876], [87.645762, 43.929319], [87.646165, 43.929721], [87.646088, 43.930067], [87.645589, 43.930454], [87.645704, 43.930828], [87.646204, 43.930828], [87.64678, 43.93087], [87.647107, 43.931368], [87.647261, 43.931631], [87.647145, 43.932392], [87.647741, 43.932669], [87.648241, 43.933236], [87.647991, 43.933513], [87.64801, 43.934565], [87.647933, 43.935423], [87.647703, 43.935797], [87.64703, 43.935921], [87.646761, 43.936821], [87.649163, 43.936793], [87.649298, 43.937236], [87.649355, 43.937776], [87.649086, 43.938191], [87.649163, 43.941484], [87.649625, 43.943408], [87.649778, 43.944833], [87.649663, 43.945414], [87.648875, 43.947199], [87.646904, 43.945571], [87.643968, 43.943152], [87.641752, 43.941378], [87.629947, 43.944885], [87.628553, 43.945229], [87.627292, 43.945463], [87.625771, 43.945621], [87.625439, 43.945655], [87.61287, 43.946233], [87.612437, 43.942844], [87.612079, 43.937019]]]}, "properties": {"display_name": "米东南路街道, 米东区 مىدوڭ, 乌鲁木齐市 ئۈرۈمچى, 新疆维吾尔自治区 شىنجاڭ ئۇيغۇر ئاپتونوم رايونی, 830000, 中国", "type": "administrative", "osm_type": "relation", "osm_id": 9088144, "class": null, "keyword": "subdistrict"}}, {"type": "Feature", "geometry": {"type": "Polygon", "coordinates": [[[87.571802, 43.899129], [87.571998, 43.898798], [87.573234, 43.896177], [87.573986, 43.894615], [87.574523, 43.89347], [87.575661, 43.891136], [87.576199, 43.889929], [87.576608, 43.889048], [87.577166, 43.886681], [87.577231, 43.886449], [87.577648, 43.886451], [87.578615, 43.886483], [87.580333, 43.886469], [87.582383, 43.88654], [87.588429, 43.886651], [87.589869, 43.886737], [87.590824, 43.886783], [87.592702, 43.886798], [87.593699, 43.886815], [87.593925, 43.886884], [87.5945, 43.887178], [87.594542, 43.88775], [87.59477, 43.887787], [87.595591, 43.887744], [87.595913, 43.887713], [87.595994, 43.888417], [87.596096, 43.889558], [87.596122, 43.889898], [87.596111, 43.890146], [87.596025, 43.890536], [87.595955, 43.890966], [87.595827, 43.891302], [87.595676, 43.891594], [87.595542, 43.891792], [87.596331, 43.892016], [87.596513, 43.892124], [87.597277, 43.891507], [87.597882, 43.891002], [87.598666, 43.890439], [87.598778, 43.890369], [87.599751, 43.890252], [87.601848, 43.89451], [87.602325, 43.895824], [87.604343, 43.910654], [87.601858, 43.911528], [87.599809, 43.911698], [87.589703, 43.910183], [87.591398, 43.909596], [87.593307, 43.908606], [87.594488, 43.907207], [87.590228, 43.905484], [87.588973, 43.909905], [87.588659, 43.913157], [87.587703, 43.912946], [87.587252, 43.91276], [87.583902, 43.911481], [87.583387, 43.912123], [87.583354, 43.912092], [87.582537, 43.911752], [87.577737, 43.909698], [87.576674, 43.909396], [87.574986, 43.908914], [87.574804, 43.908667], [87.575404, 43.90823], [87.575429, 43.908174], [87.577002, 43.907491], [87.577652, 43.907306], [87.57907, 43.906754], [87.579565, 43.906549], [87.579457, 43.906518], [87.578926, 43.906436], [87.578534, 43.906316], [87.577933, 43.906157], [87.577642, 43.90609], [87.577363, 43.905993], [87.577051, 43.905907], [87.576922, 43.905799], [87.577346, 43.905511], [87.577866, 43.905117], [87.578291, 43.904823], [87.578817, 43.904387], [87.578537, 43.904236], [87.578043, 43.904135], [87.578172, 43.903984], [87.578425, 43.903748], [87.578699, 43.903512], [87.577974, 43.903215], [87.577662, 43.903109], [87.57712, 43.903036], [87.577286, 43.902734], [87.577576, 43.902282], [87.577872, 43.902316], [87.578306, 43.901678], [87.578481, 43.901377], [87.577311, 43.900974], [87.576075, 43.900601], [87.575957, 43.900856], [87.575279, 43.900718], [87.574646, 43.900933], [87.573238, 43.901396], [87.573271, 43.901172], [87.573368, 43.900639], [87.573324, 43.90008], [87.573269, 43.899732], [87.57313, 43.899647], [87.571802, 43.899129]]]}, "properties": {"display_name": "喀什东路街道, 新市区, 乌鲁木齐市 ئۈرۈمچى, 新疆维吾尔自治区 شىنجاڭ ئۇيغۇر ئاپتونوم رايونی, 830000, 中国", "type": "administrative", "osm_type": "relation", "osm_id": 9330890, "class": null, "keyword": "subdistrict"}}, {"type": "Feature", "geometry": {"type": "Polygon", "coordinates": [[[87.633487, 43.761745], [87.635379, 43.759538], [87.63686, 43.757983], [87.638256, 43.756636], [87.63882, 43.756123], [87.640455, 43.754942], [87.642915, 43.75808], [87.644376, 43.757025], [87.644761, 43.757233], [87.645953, 43.756248], [87.646664, 43.756789], [87.646798, 43.758053], [87.647356, 43.758094], [87.647413, 43.757719], [87.648009, 43.756914], [87.649144, 43.755678], [87.649624, 43.754678], [87.649874, 43.753748], [87.650009, 43.752957], [87.650252, 43.747555], [87.650432, 43.742833], [87.650509, 43.742292], [87.652373, 43.738875], [87.653181, 43.738472], [87.656064, 43.738611], [87.662696, 43.740889], [87.664926, 43.741], [87.665099, 43.742944], [87.664715, 43.744388], [87.663042, 43.746277], [87.659717, 43.748638], [87.659659, 43.748916], [87.664427, 43.757539], [87.666503, 43.760705], [87.66656, 43.761246], [87.666368, 43.761538], [87.662389, 43.765286], [87.661639, 43.766424], [87.660869, 43.766778], [87.660582, 43.766354], [87.659129, 43.76464], [87.658517, 43.764121], [87.656988, 43.763094], [87.656404, 43.762947], [87.655792, 43.763052], [87.65351, 43.764037], [87.653223, 43.764086], [87.653014, 43.764039], [87.653035, 43.764303], [87.654623, 43.766221], [87.655138, 43.767646], [87.655288, 43.768204], [87.654625, 43.76888], [87.653165, 43.769005], [87.651367, 43.770571], [87.65068, 43.771175], [87.649022, 43.771799], [87.648545, 43.772068], [87.646624, 43.772824], [87.645201, 43.773074], [87.643712, 43.773162], [87.643374, 43.773457], [87.641292, 43.77379], [87.642126, 43.773227], [87.64251, 43.77286], [87.642585, 43.772519], [87.641013, 43.769955], [87.640718, 43.769719], [87.639291, 43.76753], [87.63866, 43.766781], [87.637392, 43.765532], [87.633487, 43.761745]]]}, "properties": {"display_name": "延安路街道, 天山区 تەڭرىتاغ رايونى, 乌鲁木齐市 ئۈرۈمچى, 新疆维吾尔自治区 شىنجاڭ ئۇيغۇر ئاپتونوم رايونی, 830000, 中国", "type": "administrative", "osm_type": "relation", "osm_id": 9091357, "class": null, "keyword": "subdistrict"}}, {"type": "Feature", "geometry": {"type": "Polygon", "coordinates": [[[87.646541, 43.945805], [87.646904, 43.945571], [87.648875, 43.947199], [87.651835, 43.949538], [87.652949, 43.950257], [87.653949, 43.950866], [87.655102, 43.951364], [87.657946, 43.952332], [87.659253, 43.952817], [87.660156, 43.953246], [87.661098, 43.953813], [87.669055, 43.958738], [87.674519, 43.962134], [87.682518, 43.966955], [87.683751, 43.967737], [87.679453, 43.971848], [87.678976, 43.972026], [87.654086, 43.972246], [87.654029, 43.973717], [87.653227, 43.973869], [87.652634, 43.973869], [87.65187, 43.973704], [87.651985, 43.972274], [87.64954, 43.972219], [87.649234, 43.96782], [87.648929, 43.96265], [87.648871, 43.960601], [87.649234, 43.95891], [87.648852, 43.956449], [87.648604, 43.948899], [87.648585, 43.948363], [87.647954, 43.947084], [87.646541, 43.945805]], [[87.652928, 43.966975], [87.65296, 43.967531], [87.65841, 43.967477], [87.65796, 43.966272], [87.652928, 43.966975]]]}, "properties": {"display_name": "古牧地东路街道, 米东区 مىدوڭ, 乌鲁木齐市 ئۈرۈمچى, 新疆维吾尔自治区 شىنجاڭ ئۇيغۇر ئاپتونوم رايونی, 830000, 中国", "type": "administrative", "osm_type": "relation", "osm_id": 9088139, "class": null, "keyword": "subdistrict"}}, {"type": "Feature", "geometry": {"type": "Polygon", "coordinates": [[[87.48642, 43.848658], [87.489303, 43.843898], [87.492017, 43.83995], [87.494516, 43.836096], [87.495856, 43.834687], [87.497497, 43.833771], [87.501, 43.828324], [87.511637, 43.828175], [87.520883, 43.82843], [87.521564, 43.828954], [87.521607, 43.832467], [87.5215, 43.837762], [87.521467, 43.840832], [87.518786, 43.842242], [87.512509, 43.84598], [87.510181, 43.846893], [87.508089, 43.847148], [87.506061, 43.846947], [87.501618, 43.846449], [87.499334, 43.846342], [87.498054, 43.846483], [87.496434, 43.84697], [87.494507, 43.847739], [87.491815, 43.848332], [87.489276, 43.848566], [87.487736, 43.848651], [87.48642, 43.848658]]]}, "properties": {"display_name": "乌鲁木齐经济开发区, 头屯河区 تۇدۇڭخابا, 乌鲁木齐市 ئۈرۈمچى, 新疆维吾尔自治区 شىنجاڭ ئۇيغۇر ئاپتونوم رايونی, 830000, 中国", "type": "suburb", "osm_type": "way", "osm_id": 221072866, "class": null, "keyword": "suburb"}}, {"type": "Feature", "geometry": {"type": "Polygon", "coordinates": [[[87.55714, 43.816807], [87.559265, 43.810461], [87.561462, 43.804484], [87.562967, 43.804393], [87.565246, 43.803622], [87.565547, 43.803343], [87.566063, 43.803127], [87.566622, 43.802322], [87.567089, 43.8022], [87.568385, 43.801859], [87.572382, 43.802422], [87.573543, 43.802486], [87.579731, 43.804537], [87.583983, 43.806089], [87.588006, 43.805223], [87.588598, 43.805103], [87.589156, 43.804978], [87.588994, 43.806668], [87.587934, 43.807738], [87.58555, 43.810904], [87.584696, 43.812928], [87.5839, 43.814877], [87.583728, 43.815312], [87.583492, 43.815838], [87.583582, 43.816595], [87.583936, 43.817014], [87.582478, 43.819448], [87.583423, 43.819751], [87.583713, 43.819201], [87.583627, 43.819155], [87.583702, 43.818938], [87.584819, 43.819155], [87.584422, 43.820061], [87.584228, 43.820014], [87.584196, 43.820185], [87.584411, 43.820247], [87.584529, 43.820224], [87.586107, 43.820558], [87.585968, 43.820883], [87.586536, 43.821007], [87.58623, 43.821819], [87.585092, 43.821601], [87.585006, 43.821787], [87.583611, 43.821554], [87.583611, 43.82143], [87.581506, 43.821025], [87.580184, 43.822603], [87.579839, 43.822536], [87.577714, 43.82189], [87.575007, 43.824861], [87.57376, 43.824302], [87.575007, 43.822786], [87.57548, 43.82291], [87.576795, 43.821302], [87.572104, 43.819431], [87.566945, 43.818186], [87.560581, 43.817309], [87.55714, 43.816807]]]}, "properties": {"display_name": "八一街道, 沙依巴克区 سايباغ رايونى, 乌鲁木齐市 ئۈرۈمچى, 新疆维吾尔自治区 شىنجاڭ ئۇيغۇر ئاپتونوم رايونی, 830000, 中国", "type": "administrative", "osm_type": "relation", "osm_id": 9328339, "class": null, "keyword": "subdistrict"}}, {"type": "Feature", "geometry": {"type": "Polygon", "coordinates": [[[87.595501, 43.813794], [87.595609, 43.812431], [87.595893, 43.810805], [87.599258, 43.812183], [87.601643, 43.813029], [87.603239, 43.813571], [87.604432, 43.81389], [87.606297, 43.814237], [87.610759, 43.815014], [87.615793, 43.816751], [87.617837, 43.817457], [87.618934, 43.817748], [87.621511, 43.818275], [87.621857, 43.818414], [87.624242, 43.822271], [87.623665, 43.822632], [87.6233, 43.823062], [87.623102, 43.822963], [87.623203, 43.822618], [87.623085, 43.82236], [87.621511, 43.8213], [87.620928, 43.823225], [87.619914, 43.826573], [87.610548, 43.825088], [87.610471, 43.826129], [87.610413, 43.82717], [87.610163, 43.828488], [87.608586, 43.835814], [87.60727, 43.83712], [87.602551, 43.836247], [87.596837, 43.835216], [87.596239, 43.824684], [87.595863, 43.819089], [87.595501, 43.813794]]]}, "properties": {"display_name": "南湖南路街道, 水磨沟区 بۇلاقتاغ رايونى, 乌鲁木齐市 ئۈرۈمچى, 新疆维吾尔自治区 شىنجاڭ ئۇيغۇر ئاپتونوم رايونی, 830000, 中国", "type": "administrative", "osm_type": "relation", "osm_id": 9088411, "class": null, "keyword": "subdistrict"}}, {"type": "Feature", "geometry": {"type": "Polygon", "coordinates": [[[87.626434, 43.789594], [87.626492, 43.788373], [87.627625, 43.787915], [87.634525, 43.785614], [87.637769, 43.784531], [87.63921, 43.783963], [87.641765, 43.782784], [87.639649, 43.780638], [87.64156, 43.779325], [87.64199, 43.779158], [87.642161, 43.779274], [87.643567, 43.778787], [87.643368, 43.778624], [87.646871, 43.776935], [87.648218, 43.776095], [87.648357, 43.776199], [87.648958, 43.775827], [87.648759, 43.775672], [87.649437, 43.775096], [87.650653, 43.773836], [87.651935, 43.772641], [87.653088, 43.772058], [87.653933, 43.771516], [87.652973, 43.771225], [87.65182, 43.771766], [87.65059, 43.77271], [87.650301, 43.772751], [87.649849, 43.772376], [87.648776, 43.772312], [87.648545, 43.772068], [87.649022, 43.771799], [87.65068, 43.771175], [87.651367, 43.770571], [87.653165, 43.769005], [87.654625, 43.76888], [87.655288, 43.768204], [87.655138, 43.767646], [87.654623, 43.766221], [87.653035, 43.764303], [87.653014, 43.764039], [87.653223, 43.764086], [87.65351, 43.764037], [87.655792, 43.763052], [87.656404, 43.762947], [87.656988, 43.763094], [87.658517, 43.764121], [87.659129, 43.76464], [87.660582, 43.766354], [87.660869, 43.766778], [87.660986, 43.766951], [87.661178, 43.76752], [87.661101, 43.768366], [87.660813, 43.769907], [87.660871, 43.770282], [87.66114, 43.77067], [87.662293, 43.7716], [87.663849, 43.772876], [87.663657, 43.773001], [87.662965, 43.773182], [87.662216, 43.773487], [87.659794, 43.775568], [87.659333, 43.776082], [87.659122, 43.776595], [87.659276, 43.777858], [87.659237, 43.778371], [87.658103, 43.780771], [87.657988, 43.78141], [87.658065, 43.783449], [87.658315, 43.783785], [87.658334, 43.78381], [87.658718, 43.783907], [87.65892, 43.783876], [87.659179, 43.783837], [87.659794, 43.783449], [87.660275, 43.783727], [87.659833, 43.783865], [87.65695, 43.786113], [87.65647, 43.786612], [87.656278, 43.786862], [87.656162, 43.787486], [87.653011, 43.787417], [87.646689, 43.788166], [87.646266, 43.788097], [87.645843, 43.787833], [87.645439, 43.788097], [87.643575, 43.789817], [87.640539, 43.790774], [87.639636, 43.79119], [87.638887, 43.791592], [87.638003, 43.792425], [87.637753, 43.792924], [87.637695, 43.793493], [87.629264, 43.794585], [87.626689, 43.790687], [87.626511, 43.79019], [87.626434, 43.789594]]]}, "properties": {"display_name": "幸福路街道, 天山区 تەڭرىتاغ رايونى, 乌鲁木齐市 ئۈرۈمچى, 新疆维吾尔自治区 شىنجاڭ ئۇيغۇر ئاپتونوم رايونی, 830000, 中国", "type": "administrative", "osm_type": "relation", "osm_id": 9091354, "class": null, "keyword": "subdistrict"}}, {"type": "Feature", "geometry": {"type": "Polygon", "coordinates": [[[87.608586, 43.835814], [87.610163, 43.828488], [87.610413, 43.82717], [87.610471, 43.826129], [87.610548, 43.825088], [87.619914, 43.826573], [87.620928, 43.823225], [87.621511, 43.8213], [87.623085, 43.82236], [87.623203, 43.822618], [87.623102, 43.822963], [87.6233, 43.823062], [87.623665, 43.822632], [87.624242, 43.822271], [87.624684, 43.822785], [87.625838, 43.823479], [87.62655, 43.823701], [87.62755, 43.823812], [87.632032, 43.823756], [87.631416, 43.819718], [87.631166, 43.819205], [87.630666, 43.818608], [87.629743, 43.817706], [87.629262, 43.816943], [87.629166, 43.81629], [87.6293, 43.815721], [87.629608, 43.815083], [87.630666, 43.813376], [87.63082, 43.812723], [87.630801, 43.811988], [87.630685, 43.81128], [87.630105, 43.810155], [87.631245, 43.810473], [87.633115, 43.811092], [87.64114, 43.811879], [87.641433, 43.81194], [87.64301, 43.812272], [87.644568, 43.813228], [87.646905, 43.814802], [87.648229, 43.815196], [87.647114, 43.815892], [87.64555, 43.81697], [87.643618, 43.819425], [87.643406, 43.819307], [87.644252, 43.818286], [87.644219, 43.817934], [87.644935, 43.817054], [87.643975, 43.816491], [87.643406, 43.816925], [87.642268, 43.816327], [87.641145, 43.817606], [87.641527, 43.817919], [87.641617, 43.817993], [87.641083, 43.818273], [87.640836, 43.818451], [87.64069, 43.818873], [87.640153, 43.819284], [87.6403, 43.821666], [87.64069, 43.822194], [87.641666, 43.822617], [87.641519, 43.823063], [87.642007, 43.823403], [87.642138, 43.824529], [87.643162, 43.824846], [87.643666, 43.825057], [87.644854, 43.825163], [87.644805, 43.825761], [87.642934, 43.825726], [87.642804, 43.825902], [87.639877, 43.825234], [87.639421, 43.824811], [87.63773, 43.825304], [87.637226, 43.824095], [87.634981, 43.824447], [87.6349, 43.824917], [87.634721, 43.825398], [87.634721, 43.825703], [87.635176, 43.825938], [87.635827, 43.82609], [87.636103, 43.826301], [87.635485, 43.82893], [87.635014, 43.829411], [87.634147, 43.829043], [87.632762, 43.828613], [87.633166, 43.832012], [87.633659, 43.834302], [87.633476, 43.835107], [87.632489, 43.836407], [87.629131, 43.835525], [87.627685, 43.834732], [87.6263, 43.833982], [87.625281, 43.833719], [87.624088, 43.833594], [87.613471, 43.833649], [87.612548, 43.833746], [87.611356, 43.834052], [87.610452, 43.834482], [87.609413, 43.83512], [87.608586, 43.835814]]]}, "properties": {"display_name": "六道湾街道, 水磨沟区 بۇلاقتاغ رايونى, 乌鲁木齐市 ئۈرۈمچى, 新疆维吾尔自治区 شىنجاڭ ئۇيغۇر ئاپتونوم رايونی, 830000, 中国", "type": "administrative", "osm_type": "relation", "osm_id": 9088409, "class": null, "keyword": "subdistrict"}}, {"type": "Feature", "geometry": {"type": "Polygon", "coordinates": [[[87.580018, 43.846991], [87.580095, 43.845441], [87.580651, 43.844126], [87.581112, 43.843364], [87.582282, 43.842216], [87.582417, 43.84151], [87.581879, 43.840818], [87.581438, 43.840347], [87.581342, 43.840098], [87.58211, 43.83989], [87.581726, 43.839212], [87.581592, 43.838561], [87.581611, 43.833635], [87.581612, 43.833549], [87.586531, 43.833613], [87.589016, 43.833621], [87.589633, 43.833691], [87.593495, 43.834627], [87.596837, 43.835216], [87.596874, 43.837217], [87.596968, 43.842331], [87.597966, 43.849406], [87.597716, 43.851265], [87.59597, 43.855101], [87.595638, 43.857619], [87.592567, 43.857949], [87.592698, 43.859759], [87.589752, 43.859854], [87.589606, 43.858354], [87.589241, 43.858432], [87.589311, 43.859734], [87.589198, 43.859812], [87.589214, 43.859761], [87.587645, 43.859817], [87.58757, 43.858811], [87.58743, 43.858541], [87.584778, 43.859078], [87.584124, 43.857119], [87.582465, 43.857407], [87.581927, 43.857438], [87.581933, 43.856451], [87.581841, 43.85607], [87.581835, 43.856038], [87.582167, 43.856097], [87.582417, 43.855792], [87.582417, 43.855142], [87.58211, 43.855073], [87.581994, 43.854588], [87.582225, 43.85391], [87.582129, 43.853564], [87.581688, 43.852942], [87.581188, 43.850935], [87.580287, 43.848596], [87.580421, 43.847433], [87.580018, 43.846991]]]}, "properties": {"display_name": "银川路街道, 新市区, 乌鲁木齐市 ئۈرۈمچى, 新疆维吾尔自治区 شىنجاڭ ئۇيغۇر ئاپتونوم رايونی, 830000, 中国", "type": "administrative", "osm_type": "relation", "osm_id": 9330892, "class": null, "keyword": "subdistrict"}}, {"type": "Feature", "geometry": {"type": "Polygon", "coordinates": [[[87.630613, 43.80501], [87.63071, 43.80469], [87.630972, 43.804136], [87.633586, 43.804794], [87.635457, 43.800835], [87.63596, 43.800494], [87.636919, 43.800233], [87.637438, 43.80021], [87.637752, 43.799984], [87.638082, 43.799064], [87.637971, 43.798756], [87.641373, 43.799272], [87.646201, 43.800186], [87.645782, 43.801611], [87.649097, 43.802788], [87.648904, 43.803717], [87.654161, 43.805606], [87.653904, 43.806303], [87.658024, 43.807821], [87.664847, 43.806241], [87.666178, 43.807139], [87.667937, 43.808045], [87.667401, 43.808448], [87.662401, 43.815354], [87.663199, 43.815754], [87.662622, 43.816461], [87.663144, 43.816683], [87.662863, 43.817088], [87.662809, 43.817487], [87.662557, 43.817692], [87.662498, 43.818106], [87.66275, 43.818764], [87.662047, 43.819685], [87.661859, 43.81977], [87.661398, 43.820289], [87.661387, 43.820955], [87.661039, 43.821423], [87.660845, 43.821605], [87.660352, 43.821733], [87.660052, 43.822205], [87.658721, 43.821787], [87.657659, 43.820897], [87.656146, 43.819937], [87.651222, 43.817421], [87.650492, 43.815547], [87.648229, 43.815196], [87.646905, 43.814802], [87.644568, 43.813228], [87.64301, 43.812272], [87.641433, 43.81194], [87.641456, 43.811322], [87.641071, 43.811072], [87.640629, 43.810351], [87.639629, 43.809338], [87.639322, 43.809435], [87.638957, 43.808977], [87.63838, 43.808603], [87.638015, 43.807396], [87.636457, 43.807202], [87.63515, 43.807105], [87.633266, 43.80691], [87.632132, 43.806869], [87.630883, 43.807007], [87.630767, 43.80648], [87.630613, 43.806369], [87.630633, 43.805995], [87.630825, 43.805939], [87.630825, 43.805823], [87.630825, 43.80562], [87.630613, 43.80501]]]}, "properties": {"display_name": "碱泉街道, 天山区 تەڭرىتاغ رايونى, 乌鲁木齐市 ئۈرۈمچى, 新疆维吾尔自治区 شىنجاڭ ئۇيغۇر ئاپتونوم رايونی, 830000, 中国", "type": "administrative", "osm_type": "relation", "osm_id": 9091348, "class": null, "keyword": "subdistrict"}}, {"type": "Feature", "geometry": {"type": "Polygon", "coordinates": [[[87.595893, 43.810805], [87.596322, 43.809722], [87.597052, 43.808111], [87.597602, 43.807147], [87.599985, 43.804809], [87.60188, 43.80285], [87.602649, 43.803021], [87.609587, 43.80457], [87.613794, 43.805413], [87.615898, 43.806594], [87.616832, 43.806987], [87.620182, 43.807381], [87.625169, 43.809236], [87.62883, 43.809798], [87.630105, 43.810155], [87.630685, 43.81128], [87.630801, 43.811988], [87.63082, 43.812723], [87.630666, 43.813376], [87.629608, 43.815083], [87.6293, 43.815721], [87.629166, 43.81629], [87.629262, 43.816943], [87.629743, 43.817706], [87.630666, 43.818608], [87.631166, 43.819205], [87.631416, 43.819718], [87.632032, 43.823756], [87.62755, 43.823812], [87.62655, 43.823701], [87.625838, 43.823479], [87.624684, 43.822785], [87.624242, 43.822271], [87.621857, 43.818414], [87.621511, 43.818275], [87.618934, 43.817748], [87.617837, 43.817457], [87.615793, 43.816751], [87.610759, 43.815014], [87.606297, 43.814237], [87.604432, 43.81389], [87.603239, 43.813571], [87.601643, 43.813029], [87.599258, 43.812183], [87.595893, 43.810805]]]}, "properties": {"display_name": "新民路街道, 水磨沟区 بۇلاقتاغ رايونى, 乌鲁木齐市 ئۈرۈمچى, 新疆维吾尔自治区 شىنجاڭ ئۇيغۇر ئاپتونوم رايونی, 830000, 中国", "type": "administrative", "osm_type": "relation", "osm_id": 9088415, "class": null, "keyword": "subdistrict"}}, {"type": "Feature", "geometry": {"type": "Polygon", "coordinates": [[[87.595638, 43.857619], [87.59597, 43.855101], [87.597716, 43.851265], [87.597966, 43.849406], [87.596968, 43.842331], [87.596874, 43.837217], [87.596837, 43.835216], [87.602551, 43.836247], [87.60727, 43.83712], [87.608586, 43.835814], [87.609146, 43.836036], [87.610992, 43.836258], [87.610934, 43.838589], [87.611646, 43.839255], [87.611896, 43.839657], [87.612146, 43.84024], [87.612935, 43.840767], [87.613127, 43.84171], [87.612358, 43.842085], [87.612377, 43.842612], [87.613377, 43.842765], [87.613358, 43.843014], [87.612915, 43.843458], [87.612781, 43.843999], [87.610934, 43.843944], [87.61105, 43.844873], [87.61055, 43.844859], [87.6103, 43.843958], [87.609857, 43.844124], [87.609415, 43.845247], [87.608665, 43.845705], [87.606472, 43.84651], [87.606184, 43.847023], [87.605876, 43.847828], [87.605299, 43.848896], [87.605549, 43.849353], [87.605318, 43.850241], [87.604857, 43.850491], [87.606145, 43.851157], [87.605857, 43.85167], [87.606895, 43.853168], [87.607357, 43.853514], [87.607684, 43.853806], [87.607184, 43.854652], [87.607646, 43.854818], [87.609107, 43.855068], [87.609454, 43.854998], [87.609877, 43.854541], [87.610569, 43.854638], [87.610858, 43.854846], [87.611223, 43.855636], [87.607604, 43.856719], [87.606504, 43.856927], [87.602277, 43.857237], [87.602014, 43.862791], [87.599986, 43.86288], [87.599868, 43.862486], [87.595768, 43.862637], [87.595638, 43.857619]]]}, "properties": {"display_name": "南湖北路街道, 水磨沟区 بۇلاقتاغ رايونى, 乌鲁木齐市 ئۈرۈمچى, 新疆维吾尔自治区 شىنجاڭ ئۇيغۇر ئاپتونوم رايونی, 830000, 中国", "type": "administrative", "osm_type": "relation", "osm_id": 9088410, "class": null, "keyword": "subdistrict"}}, {"type": "Feature", "geometry": {"type": "Polygon", "coordinates": [[[87.59526, 43.753807], [87.598265, 43.752462], [87.599187, 43.755075], [87.600787, 43.754975], [87.600492, 43.750716], [87.602074, 43.750276], [87.6035, 43.750163], [87.603848, 43.751382], [87.604613, 43.751332], [87.604879, 43.754273], [87.605014, 43.755064], [87.60536, 43.755924], [87.605686, 43.756562], [87.608298, 43.76094], [87.608359, 43.761033], [87.608372, 43.761055], [87.607296, 43.761303], [87.606618, 43.761542], [87.606183, 43.761894], [87.606027, 43.762346], [87.606009, 43.762861], [87.607783, 43.773637], [87.608574, 43.777948], [87.608791, 43.780361], [87.609156, 43.784536], [87.60956, 43.790097], [87.609253, 43.790141], [87.607671, 43.790367], [87.606293, 43.790612], [87.603135, 43.791172], [87.603543, 43.789073], [87.604176, 43.787787], [87.605002, 43.786292], [87.605431, 43.78503], [87.605281, 43.783016], [87.603607, 43.777043], [87.601238, 43.769881], [87.59717, 43.757627], [87.595872, 43.756295], [87.595679, 43.755969], [87.595528, 43.755496], [87.595475, 43.754814], [87.595357, 43.75421], [87.59526, 43.753807]]]}, "properties": {"display_name": "新华南路街道, 天山区 تەڭرىتاغ رايونى, 乌鲁木齐市 ئۈرۈمچى, 新疆维吾尔自治区 شىنجاڭ ئۇيغۇر ئاپتونوم رايونی, 830000, 中国", "type": "administrative", "osm_type": "relation", "osm_id": 9091356, "class": null, "keyword": "subdistrict"}}, {"type": "Feature", "geometry": {"type": "Polygon", "coordinates": [[[87.573373, 43.830467], [87.574385, 43.829492], [87.576101, 43.827934], [87.577101, 43.827114], [87.57782, 43.826022], [87.57911, 43.824173], [87.580184, 43.822603], [87.585449, 43.823637], [87.589122, 43.823826], [87.591132, 43.820365], [87.592319, 43.820448], [87.593951, 43.820356], [87.593908, 43.819891], [87.594037, 43.81986], [87.593951, 43.819241], [87.595863, 43.819089], [87.596239, 43.824684], [87.596837, 43.835216], [87.593495, 43.834627], [87.589633, 43.833691], [87.589016, 43.833621], [87.586531, 43.833613], [87.581612, 43.833549], [87.574967, 43.83366], [87.574376, 43.833722], [87.574158, 43.833675], [87.573963, 43.833633], [87.573674, 43.833494], [87.574269, 43.832344], [87.575133, 43.832321], [87.575905, 43.830665], [87.575707, 43.830622], [87.575165, 43.831029], [87.573373, 43.830467]]]}, "properties": {"display_name": "友好北路街道, 沙依巴克区 سايباغ رايونى, 乌鲁木齐市 ئۈرۈمچى, 新疆维吾尔自治区 شىنجاڭ ئۇيغۇر ئاپتونوم رايونی, 830000, 中国", "type": "administrative", "osm_type": "relation", "osm_id": 9328340, "class": null, "keyword": "subdistrict"}}, {"type": "Feature", "geometry": {"type": "Polygon", "coordinates": [[[87.606009, 43.762861], [87.606027, 43.762346], [87.606183, 43.761894], [87.606618, 43.761542], [87.607296, 43.761303], [87.608372, 43.761055], [87.609535, 43.760731], [87.610833, 43.760068], [87.611359, 43.760196], [87.61481, 43.760374], [87.614966, 43.75918], [87.616288, 43.759155], [87.616288, 43.75962], [87.617088, 43.759633], [87.617123, 43.757937], [87.619698, 43.757896], [87.62007, 43.757218], [87.620385, 43.757249], [87.621436, 43.758389], [87.621948, 43.759107], [87.622392, 43.759685], [87.622648, 43.760074], [87.62337, 43.7608], [87.623957, 43.761215], [87.623691, 43.761702], [87.623836, 43.761743], [87.624236, 43.761617], [87.624966, 43.762044], [87.624984, 43.762962], [87.62485, 43.763079], [87.625092, 43.763249], [87.625558, 43.762949], [87.62641, 43.761869], [87.628358, 43.762898], [87.62794, 43.763665], [87.62754, 43.764205], [87.626845, 43.765034], [87.625819, 43.765888], [87.62049, 43.769491], [87.613262, 43.774378], [87.612966, 43.77439], [87.612723, 43.773197], [87.612218, 43.772419], [87.612027, 43.771929], [87.610166, 43.77218], [87.609088, 43.772394], [87.609418, 43.773348], [87.608688, 43.773524], [87.607783, 43.773637], [87.606009, 43.762861]]]}, "properties": {"display_name": "胜利路街道, 天山区 تەڭرىتاغ رايونى, 乌鲁木齐市 ئۈرۈمچى, 新疆维吾尔自治区 شىنجاڭ ئۇيغۇر ئاپتونوم رايونی, 830000, 中国", "type": "administrative", "osm_type": "relation", "osm_id": 9091352, "class": null, "keyword": "subdistrict"}}, {"type": "Feature", "geometry": {"type": "Polygon", "coordinates": [[[87.553458, 43.854865], [87.555185, 43.853288], [87.555742, 43.852637], [87.559863, 43.847692], [87.56705, 43.83872], [87.569543, 43.834713], [87.57008, 43.833872], [87.571287, 43.832333], [87.571592, 43.832472], [87.573373, 43.830467], [87.575165, 43.831029], [87.575707, 43.830622], [87.575905, 43.830665], [87.575133, 43.832321], [87.574269, 43.832344], [87.573674, 43.833494], [87.573963, 43.833633], [87.574158, 43.833675], [87.568667, 43.846698], [87.566431, 43.852001], [87.563877, 43.858108], [87.55669, 43.856459], [87.556111, 43.856328], [87.555609, 43.856051], [87.554716, 43.855553], [87.553458, 43.854865]]]}, "properties": {"display_name": "北京路街道, 新市区, 乌鲁木齐市 ئۈرۈمچى, 新疆维吾尔自治区 شىنجاڭ ئۇيغۇر ئاپتونوم رايونی, 830000, 中国", "type": "administrative", "osm_type": "relation", "osm_id": 9088920, "class": null, "keyword": "subdistrict"}}, {"type": "Feature", "geometry": {"type": "Polygon", "coordinates": [[[87.60188, 43.80285], [87.602201, 43.802025], [87.602762, 43.802113], [87.603915, 43.802182], [87.604646, 43.802085], [87.617734, 43.800785], [87.618541, 43.801007], [87.619329, 43.801173], [87.623057, 43.802144], [87.630972, 43.804136], [87.63071, 43.80469], [87.630613, 43.80501], [87.630825, 43.80562], [87.630825, 43.805823], [87.630825, 43.805939], [87.630633, 43.805995], [87.630613, 43.806369], [87.630767, 43.80648], [87.630883, 43.807007], [87.632132, 43.806869], [87.633266, 43.80691], [87.63515, 43.807105], [87.636457, 43.807202], [87.638015, 43.807396], [87.63838, 43.808603], [87.638957, 43.808977], [87.639322, 43.809435], [87.639629, 43.809338], [87.640629, 43.810351], [87.641071, 43.811072], [87.641456, 43.811322], [87.641433, 43.81194], [87.64114, 43.811879], [87.633115, 43.811092], [87.631245, 43.810473], [87.630105, 43.810155], [87.62883, 43.809798], [87.625169, 43.809236], [87.620182, 43.807381], [87.616832, 43.806987], [87.615898, 43.806594], [87.613794, 43.805413], [87.609587, 43.80457], [87.602649, 43.803021], [87.60188, 43.80285]]]}, "properties": {"display_name": "青年路街道, 天山区 تەڭرىتاغ رايونى, 乌鲁木齐市 ئۈرۈمچى, 新疆维吾尔自治区 شىنجاڭ ئۇيغۇر ئاپتونوم رايونی, 830000, 中国", "type": "administrative", "osm_type": "relation", "osm_id": 9091351, "class": null, "keyword": "subdistrict"}}, {"type": "Feature", "geometry": {"type": "Polygon", "coordinates": [[[87.602201, 43.802025], [87.602218, 43.801797], [87.60262, 43.80072], [87.603339, 43.799171], [87.603425, 43.798126], [87.602953, 43.793394], [87.603135, 43.791753], [87.603135, 43.791172], [87.606293, 43.790612], [87.607671, 43.790367], [87.609253, 43.790141], [87.60956, 43.790097], [87.617738, 43.790161], [87.618168, 43.800143], [87.617734, 43.800785], [87.604646, 43.802085], [87.603915, 43.802182], [87.602762, 43.802113], [87.602201, 43.802025]]]}, "properties": {"display_name": "新华北路街道, 天山区 تەڭرىتاغ رايونى, 乌鲁木齐市 ئۈرۈمچى, 新疆维吾尔自治区 شىنجاڭ ئۇيغۇر ئاپتونوم رايونی, 830000, 中国", "type": "administrative", "osm_type": "relation", "osm_id": 9091355, "class": null, "keyword": "subdistrict"}}, {"type": "Feature", "geometry": {"type": "Polygon", "coordinates": [[[87.622173, 43.799245], [87.622183, 43.799233], [87.622203, 43.799202], [87.623095, 43.797844], [87.623211, 43.797484], [87.622961, 43.79557], [87.622634, 43.795292], [87.622596, 43.79489], [87.622461, 43.792907], [87.623691, 43.79231], [87.624998, 43.792948], [87.625574, 43.79317], [87.626708, 43.79335], [87.627093, 43.793489], [87.627573, 43.793766], [87.627765, 43.794086], [87.627784, 43.794446], [87.628169, 43.795237], [87.628803, 43.794793], [87.629264, 43.794585], [87.637695, 43.793493], [87.638004, 43.794151], [87.638019, 43.794593], [87.638035, 43.795195], [87.638444, 43.796398], [87.638413, 43.796829], [87.638098, 43.79743], [87.637988, 43.798157], [87.637878, 43.798497], [87.637971, 43.798756], [87.638082, 43.799064], [87.637752, 43.799984], [87.637438, 43.80021], [87.636919, 43.800233], [87.63596, 43.800494], [87.635457, 43.800835], [87.633586, 43.804794], [87.630972, 43.804136], [87.623057, 43.802144], [87.624537, 43.800092], [87.622173, 43.799245]]]}, "properties": {"display_name": "东门街道, 天山区 تەڭرىتاغ رايونى, 乌鲁木齐市 ئۈرۈمچى, 新疆维吾尔自治区 شىنجاڭ ئۇيغۇر ئاپتونوم رايونی, 830000, 中国", "type": "administrative", "osm_type": "relation", "osm_id": 9091345, "class": null, "keyword": "subdistrict"}}, {"type": "Feature", "geometry": {"type": "Polygon", "coordinates": [[[87.581447, 43.787096], [87.581457, 43.786724], [87.581785, 43.786483], [87.581898, 43.786255], [87.582188, 43.78591], [87.582182, 43.785628], [87.582735, 43.785409], [87.583637, 43.784738], [87.583995, 43.78388], [87.585095, 43.784117], [87.585634, 43.785607], [87.585838, 43.786189], [87.585983, 43.78617], [87.586359, 43.786096], [87.588724, 43.785673], [87.589449, 43.785534], [87.590667, 43.785317], [87.590152, 43.783778], [87.589863, 43.782938], [87.58966, 43.782349], [87.589594, 43.782158], [87.589943, 43.781779], [87.590002, 43.781589], [87.590152, 43.781492], [87.590431, 43.781395], [87.59254, 43.781027], [87.592669, 43.780954], [87.592764, 43.780942], [87.593458, 43.780851], [87.594126, 43.782628], [87.594775, 43.782527], [87.595343, 43.783763], [87.595406, 43.784075], [87.595254, 43.78439], [87.595205, 43.784506], [87.595162, 43.784929], [87.595551, 43.785386], [87.595636, 43.785723], [87.595797, 43.786178], [87.595717, 43.786259], [87.595706, 43.786549], [87.59574, 43.787106], [87.595842, 43.787776], [87.59545, 43.788539], [87.595197, 43.789116], [87.59465, 43.789991], [87.594795, 43.790635], [87.59442, 43.790712], [87.59444, 43.790817], [87.594493, 43.791003], [87.594182, 43.791692], [87.593946, 43.791932], [87.593775, 43.792215], [87.594054, 43.792394], [87.594123, 43.79263], [87.59386, 43.792688], [87.593865, 43.79281], [87.592076, 43.793162], [87.591601, 43.793244], [87.589186, 43.793703], [87.587469, 43.794019], [87.585451, 43.794401], [87.585285, 43.794355], [87.585096, 43.794227], [87.584806, 43.793804], [87.58334, 43.792243], [87.582556, 43.791447], [87.582501, 43.791099], [87.581925, 43.788965], [87.581447, 43.787096]]]}, "properties": {"display_name": "长江路街道, 沙依巴克区 سايباغ رايونى, 乌鲁木齐市 ئۈرۈمچى, 新疆维吾尔自治区 شىنجاڭ ئۇيغۇر ئاپتونوم رايونی, 830000, 中国", "type": "administrative", "osm_type": "relation", "osm_id": 9328344, "class": null, "keyword": "subdistrict"}}, {"type": "Feature", "geometry": {"type": "Polygon", "coordinates": [[[87.607783, 43.773637], [87.608688, 43.773524], [87.609418, 43.773348], [87.609088, 43.772394], [87.610166, 43.77218], [87.612027, 43.771929], [87.612218, 43.772419], [87.612723, 43.773197], [87.612966, 43.77439], [87.613262, 43.774378], [87.62049, 43.769491], [87.627363, 43.775007], [87.628132, 43.775701], [87.621312, 43.780029], [87.616758, 43.777796], [87.615971, 43.777574], [87.614799, 43.777532], [87.611475, 43.777726], [87.608574, 43.777948], [87.607783, 43.773637]]]}, "properties": {"display_name": "团结路街道, 天山区 تەڭرىتاغ رايونى, 乌鲁木齐市 ئۈرۈمچى, 新疆维吾尔自治区 شىنجاڭ ئۇيغۇر ئاپتونوم رايونی, 830000, 中国", "type": "administrative", "osm_type": "relation", "osm_id": 9091353, "class": null, "keyword": "subdistrict"}}, {"type": "Feature", "geometry": {"type": "Polygon", "coordinates": [[[87.622131, 43.786612], [87.624532, 43.785266], [87.625474, 43.784906], [87.62507, 43.783977], [87.626972, 43.783491], [87.630411, 43.782187], [87.632467, 43.781105], [87.633255, 43.780939], [87.634446, 43.780897], [87.63458, 43.780564], [87.636136, 43.780897], [87.637942, 43.780537], [87.639249, 43.780231], [87.639649, 43.780638], [87.641765, 43.782784], [87.63921, 43.783963], [87.637769, 43.784531], [87.634525, 43.785614], [87.627625, 43.787915], [87.626492, 43.788373], [87.626434, 43.789594], [87.626511, 43.79019], [87.623343, 43.790196], [87.622967, 43.789201], [87.623316, 43.789131], [87.623284, 43.788329], [87.622426, 43.788329], [87.622238, 43.787868], [87.62278, 43.787756], [87.622573, 43.787319], [87.622131, 43.786612]]]}, "properties": {"display_name": "和平路街道, 天山区 تەڭرىتاغ رايونى, 乌鲁木齐市 ئۈرۈمچى, 新疆维吾尔自治区 شىنجاڭ ئۇيغۇر ئاپتونوم رايونی, 830000, 中国", "type": "administrative", "osm_type": "relation", "osm_id": 9091346, "class": null, "keyword": "subdistrict"}}, {"type": "Feature", "geometry": {"type": "Polygon", "coordinates": [[[87.617734, 43.800785], [87.618168, 43.800143], [87.617738, 43.790161], [87.622086, 43.790194], [87.623343, 43.790196], [87.626511, 43.79019], [87.626689, 43.790687], [87.629264, 43.794585], [87.628803, 43.794793], [87.628169, 43.795237], [87.627784, 43.794446], [87.627765, 43.794086], [87.627573, 43.793766], [87.627093, 43.793489], [87.626708, 43.79335], [87.625574, 43.79317], [87.624998, 43.792948], [87.623691, 43.79231], [87.622461, 43.792907], [87.622596, 43.79489], [87.622634, 43.795292], [87.622961, 43.79557], [87.623211, 43.797484], [87.623095, 43.797844], [87.622203, 43.799202], [87.622183, 43.799233], [87.622173, 43.799245], [87.624537, 43.800092], [87.623057, 43.802144], [87.619329, 43.801173], [87.618541, 43.801007], [87.617734, 43.800785]]]}, "properties": {"display_name": "解放北路街道, 天山区 تەڭرىتاغ رايونى, 乌鲁木齐市 ئۈرۈمچى, 新疆维吾尔自治区 شىنجاڭ ئۇيغۇر ئاپتونوم رايونی, 830000, 中国", "type": "administrative", "osm_type": "relation", "osm_id": 9091349, "class": null, "keyword": "subdistrict"}}, {"type": "Feature", "geometry": {"type": "Polygon", "coordinates": [[[87.608791, 43.780361], [87.612345, 43.780458], [87.612345, 43.781027], [87.612537, 43.782192], [87.613095, 43.783454], [87.613632, 43.784203], [87.613748, 43.784799], [87.613652, 43.78534], [87.61346, 43.785964], [87.614305, 43.786075], [87.615419, 43.786103], [87.616937, 43.786034], [87.618724, 43.786117], [87.619165, 43.785992], [87.619761, 43.785618], [87.620645, 43.787005], [87.621567, 43.789196], [87.622086, 43.790194], [87.617738, 43.790161], [87.60956, 43.790097], [87.609156, 43.784536], [87.608791, 43.780361]]]}, "properties": {"display_name": "解放南路街道, 天山区 تەڭرىتاغ رايونى, 乌鲁木齐市 ئۈرۈمچى, 新疆维吾尔自治区 شىنجاڭ ئۇيغۇر ئاپتونوم رايونی, 830000, 中国", "type": "administrative", "osm_type": "relation", "osm_id": 9091350, "class": null, "keyword": "subdistrict"}}, {"type": "Feature", "geometry": {"type": "Polygon", "coordinates": [[[87.409927, 43.861655], [87.414052, 43.860528], [87.413442, 43.859492], [87.415646, 43.858958], [87.417917, 43.859555], [87.418348, 43.860439], [87.419923, 43.860628], [87.420497, 43.862539], [87.418092, 43.862875], [87.415614, 43.863884], [87.414349, 43.864271], [87.414158, 43.864329], [87.413874, 43.864416], [87.413519, 43.863917], [87.411573, 43.864371], [87.411023, 43.863425], [87.410957, 43.863307], [87.409927, 43.861655]]]}, "properties": {"display_name": "乌鲁木齐多式联运海关监管中心, 白鸟湖片区街道, 头屯河区 تۇدۇڭخابا, 乌鲁木齐市 ئۈرۈمچى, 新疆维吾尔自治区 شىنجاڭ ئۇيغۇر ئاپتونوم رايونی, 830000, 中国", "type": "industrial", "osm_type": "way", "osm_id": 37807833, "class": null, "keyword": "市中心"}}, {"type": "Feature", "geometry": {"type": "Polygon", "coordinates": [[[87.534257, 43.861688], [87.534289, 43.860353], [87.536148, 43.860369], [87.538586, 43.859537], [87.538967, 43.860389], [87.540244, 43.861035], [87.541522, 43.863043], [87.537936, 43.864283], [87.537235, 43.863064], [87.534988, 43.863246], [87.534257, 43.861688]]]}, "properties": {"display_name": "信中建材综合市场, 328号, 河南西路辅路, 河南西路社区, 南纬路街道, 新市区, 乌鲁木齐市 ئۈرۈمچى, 新疆维吾尔自治区 شىنجاڭ ئۇيغۇر ئاپتونوم رايونی, 830000, 中国", "type": "marketplace", "osm_type": "way", "osm_id": 37372221, "class": null, "keyword": "市中心"}}, {"type": "Feature", "geometry": {"type": "Polygon", "coordinates": [[[87.614172, 43.868634], [87.615741, 43.868657], [87.61618, 43.868664], [87.616305, 43.868649], [87.616511, 43.868624], [87.618192, 43.868612], [87.61842, 43.868633], [87.619658, 43.86875], [87.620475, 43.868967], [87.620514, 43.868982], [87.621748, 43.869427], [87.621923, 43.869665], [87.621924, 43.869693], [87.621962, 43.871235], [87.620765, 43.871244], [87.618763, 43.87126], [87.61765, 43.871268], [87.615605, 43.871283], [87.615071, 43.871287], [87.615053, 43.870524], [87.61421, 43.870533], [87.614172, 43.868634]]]}, "properties": {"display_name": "乌鲁木齐市文化中心, 凤起街, 会展社区, 七道湾街道, 水磨沟区 بۇلاقتاغ رايونى, 乌鲁木齐市 ئۈرۈمچى, 新疆维吾尔自治区 شىنجاڭ ئۇيغۇر ئاپتونوم رايونی, 830000, 中国", "type": "common", "osm_type": "way", "osm_id": 923019377, "class": null, "keyword": "市中心"}}, {"type": "Feature", "geometry": {"type": "Polygon", "coordinates": [[[87.614255, 43.773832], [87.616364, 43.77242], [87.617065, 43.772973], [87.616444, 43.773398], [87.616948, 43.773824], [87.61624, 43.774343], [87.615221, 43.775094], [87.614834, 43.774351], [87.614255, 43.773832]]]}, "properties": {"display_name": "新疆实验中学, 延安路يەنئەن يولى, 新东街社区, 团结路街道, 天山区 تەڭرىتاغ رايونى, 乌鲁木齐市 ئۈرۈمچى, 新疆维吾尔自治区 شىنجاڭ ئۇيغۇر ئاپتونوم رايونی, 830000, 中国", "type": "school", "osm_type": "way", "osm_id": 864532239, "class": null, "keyword": "市中心"}}, {"type": "Feature", "geometry": {"type": "Polygon", "coordinates": [[[87.485515, 43.89619], [87.485721, 43.895847], [87.488668, 43.895994], [87.488493, 43.897188], [87.488409, 43.89732], [87.485515, 43.89619]]]}, "properties": {"display_name": "新疆民航实业管理有限责任公司集中供热中心, 迎宾路街道, 新市区, 乌鲁木齐市 ئۈرۈمچى, 新疆维吾尔自治区 شىنجاڭ ئۇيغۇر ئاپتونوم رايونی, 830000, 中国", "type": "industrial", "osm_type": "way", "osm_id": 419629889, "class": null, "keyword": "市中心"}}, {"type": "Feature", "geometry": {"type": "Polygon", "coordinates": [[[87.669197, 43.888685], [87.669491, 43.888629], [87.669723, 43.888619], [87.670909, 43.888609], [87.670892, 43.889865], [87.669283, 43.88988], [87.669197, 43.888685]]]}, "properties": {"display_name": "乌鲁木齐新世纪高级中学, 二环路, 振安街街道, 水磨沟区 بۇلاقتاغ رايونى, 乌鲁木齐市 ئۈرۈمچى, 新疆维吾尔自治区 شىنجاڭ ئۇيغۇر ئاپتونوم رايونی, 830000, 中国", "type": "school", "osm_type": "way", "osm_id": 1414025206, "class": null, "keyword": "市中心"}}, {"type": "Feature", "geometry": {"type": "Polygon", "coordinates": [[[87.585979, 43.825441], [87.58643, 43.824246], [87.587751, 43.824485], [87.587558, 43.824813], [87.587893, 43.824897], [87.587309, 43.82572], [87.585979, 43.825441]]]}, "properties": {"display_name": "新疆师范大学附属中学（友好校区）, 滨河北路, 巴州北路社区, 友好北路街道, 沙依巴克区 سايباغ رايونى, 乌鲁木齐市 ئۈرۈمچى, 新疆维吾尔自治区 شىنجاڭ ئۇيغۇر ئاپتونوم رايونی, 830000, 中国", "type": "school", "osm_type": "way", "osm_id": 1413247090, "class": null, "keyword": "市中心"}}, {"type": "Feature", "geometry": {"type": "Polygon", "coordinates": [[[87.50487, 43.837975], [87.504875, 43.83775], [87.504998, 43.837561], [87.50517, 43.837487], [87.505336, 43.837464], [87.505529, 43.837464], [87.506184, 43.837665], [87.50686, 43.837967], [87.50693, 43.838032], [87.507166, 43.838067], [87.507364, 43.838044], [87.507439, 43.837889], [87.507375, 43.837804], [87.507375, 43.837634], [87.507541, 43.837646], [87.507536, 43.837584], [87.507665, 43.837584], [87.507885, 43.837657], [87.508019, 43.837812], [87.508061, 43.837978], [87.508024, 43.838079], [87.507927, 43.838164], [87.507734, 43.838272], [87.507536, 43.838307], [87.505449, 43.838307], [87.505176, 43.838249], [87.50502, 43.83818], [87.50487, 43.837975]]]}, "properties": {"display_name": "乌鲁木齐市经济技术开发区文体中心, 云台山街, 高铁片区街道, 头屯河区 تۇدۇڭخابا, 乌鲁木齐市 ئۈرۈمچى, 新疆维吾尔自治区 شىنجاڭ ئۇيغۇر ئاپتونوم رايونی, 830000, 中国", "type": "community_centre", "osm_type": "way", "osm_id": 782756266, "class": null, "keyword": "市中心"}}, {"type": "Feature", "geometry": {"type": "Polygon", "coordinates": [[[87.614203, 43.87243], [87.615477, 43.872427], [87.615463, 43.873049], [87.615111, 43.873055], [87.6151, 43.873492], [87.614222, 43.873502], [87.614203, 43.87243]]]}, "properties": {"display_name": "中央广播电视总台新疆总站, 会展北路, 会展社区, 七道湾街道, 水磨沟区 بۇلاقتاغ رايونى, 乌鲁木齐市 ئۈرۈمچى, 新疆维吾尔自治区 شىنجاڭ ئۇيغۇر ئاپتونوم رايونی, 830000, 中国", "type": "studio", "osm_type": "way", "osm_id": 1414102577, "class": null, "keyword": "市中心"}}, {"type": "Feature", "geometry": {"type": "Polygon", "coordinates": [[[87.59775, 43.778325], [87.598788, 43.778145], [87.599077, 43.778988], [87.599032, 43.779107], [87.598169, 43.779273], [87.598019, 43.779183], [87.59775, 43.778325]]]}, "properties": {"display_name": "友好时尚购物中心（钱塘江路店）, 外环路高架, 河滩南路西社区, 和田街街道, 沙依巴克区 سايباغ رايونى, 乌鲁木齐市 ئۈرۈمچى, 新疆维吾尔自治区 شىنجاڭ ئۇيغۇر ئاپتونوم رايونی, 830000, 中国", "type": "mall", "osm_type": "way", "osm_id": 654447554, "class": null, "keyword": "市中心"}}, {"type": "Feature", "geometry": {"type": "Polygon", "coordinates": [[[87.571877, 43.828892], [87.572302, 43.828418], [87.573671, 43.829007], [87.573264, 43.829462], [87.571877, 43.828892]]]}, "properties": {"display_name": "乌鲁木齐市血液中心, 北艺公园街北一巷, 友谊社区, 友好北路街道, 沙依巴克区 سايباغ رايونى, 乌鲁木齐市 ئۈرۈمچى, 新疆维吾尔自治区 شىنجاڭ ئۇيغۇر ئاپتونوم رايونی, 830000, 中国", "type": "blood_bank", "osm_type": "way", "osm_id": 1413247085, "class": null, "keyword": "市中心"}}, {"type": "Feature", "geometry": {"type": "Polygon", "coordinates": [[[87.6176, 43.738697], [87.618094, 43.738224], [87.61907, 43.738771], [87.618689, 43.739112], [87.618609, 43.739081], [87.61847, 43.739197], [87.6176, 43.738697]]]}, "properties": {"display_name": "工程测量中心, 十七户路ئون يەتتە تۈتۈن يولى, 榆园路北社区, 赛马场街道, 天山区 تەڭرىتاغ رايونى, 乌鲁木齐市 ئۈرۈمچى, 新疆维吾尔自治区 شىنجاڭ ئۇيغۇر ئاپتونوم رايونی, 830000, 中国", "type": "public_building", "osm_type": "way", "osm_id": 114537551, "class": null, "keyword": "中心城区"}}, {"type": "Feature", "geometry": {"type": "Polygon", "coordinates": [[[87.555875, 43.867874], [87.556089, 43.867438], [87.556703, 43.867595], [87.55649, 43.86803], [87.555875, 43.867874]]]}, "properties": {"display_name": "五一 商场世纪金马购物中心, 河南西路辅路, 南一路社区, 南纬路街道, 新市区, 乌鲁木齐市 ئۈرۈمچى, 新疆维吾尔自治区 شىنجاڭ ئۇيغۇر ئاپتونوم رايونی, 830000, 中国", "type": "mall", "osm_type": "way", "osm_id": 666508008, "class": null, "keyword": "市中心"}}, {"type": "Feature", "geometry": {"type": "Polygon", "coordinates": [[[87.637147, 43.963139], [87.637589, 43.963135], [87.637598, 43.96358], [87.637156, 43.963584], [87.637147, 43.963139]]]}, "properties": {"display_name": "中国石化, 龙河中路, 新园社区, 古牧地西路街道, 米东区 مىدوڭ, 乌鲁木齐市 ئۈرۈمچى, 新疆维吾尔自治区 شىنجاڭ ئۇيغۇر ئاپتونوم رايونی, 830000, 中国", "type": "fuel", "osm_type": "way", "osm_id": 1348410513, "class": null, "keyword": "中心商圈"}}, {"type": "Feature", "geometry": {"type": "Polygon", "coordinates": [[[87.559305, 43.915195], [87.559429, 43.91486], [87.560257, 43.915019], [87.560196, 43.915185], [87.559618, 43.915075], [87.559556, 43.915243], [87.559305, 43.915195]]]}, "properties": {"display_name": "中国石油化工股份有限公司新疆能源化工有限公司, 长春北路, 唐山路东社区, 二工乡, 新市区, 乌鲁木齐市 ئۈرۈمچى, 新疆维吾尔自治区 شىنجاڭ ئۇيغۇر ئاپتونوم رايونی, 830000, 中国", "type": "yes", "osm_type": "way", "osm_id": 666337599, "class": null, "keyword": "市中心"}}]}